station_id,lat,lon,species,value,timestamp
5548,12.9135218,77.5950804,pm25,35.13,2019-07-11T11:30:00+00:00
5548,12.9135218,77.5950804,pm25,29.28,2019-07-11T11:45:00+00:00
5548,12.9135218,77.5950804,pm25,28.47,2019-07-11T12:00:00+00:00
5548,12.9135218,77.5950804,pm25,28.47,2019-07-11T12:15:00+00:00
5548,12.9135218,77.5950804,pm25,28.47,2019-07-11T12:30:00+00:00
5548,12.9135218,77.5950804,pm25,36.15,2019-07-11T12:45:00+00:00
5548,12.9135218,77.5950804,pm25,37.23,2019-07-11T13:00:00+00:00
5548,12.9135218,77.5950804,pm25,37.23,2019-07-11T13:15:00+00:00
5548,12.9135218,77.5950804,pm25,37.23,2019-07-11T13:30:00+00:00
5548,12.9135218,77.5950804,pm25,37.66,2019-07-11T13:45:00+00:00
5548,12.9135218,77.5950804,pm25,37.72,2019-07-11T14:00:00+00:00
5548,12.9135218,77.5950804,pm25,37.72,2019-07-11T14:15:00+00:00
5548,12.9135218,77.5950804,pm25,37.72,2019-07-11T14:30:00+00:00
5548,12.9135218,77.5950804,pm25,30.28,2019-07-11T14:45:00+00:00
5548,12.9135218,77.5950804,pm25,29.25,2019-07-11T15:00:00+00:00
5548,12.9135218,77.5950804,pm25,29.25,2019-07-11T15:15:00+00:00
5548,12.9135218,77.5950804,pm25,29.25,2019-07-11T15:30:00+00:00
5548,12.9135218,77.5950804,pm25,30.46,2019-07-11T15:45:00+00:00
5548,12.9135218,77.5950804,pm25,30.63,2019-07-11T16:00:00+00:00
5548,12.9135218,77.5950804,pm25,30.63,2019-07-11T16:15:00+00:00
5548,12.9135218,77.5950804,pm25,30.63,2019-07-11T16:30:00+00:00
5548,12.9135218,77.5950804,pm25,33.96,2019-07-11T16:45:00+00:00
5548,12.9135218,77.5950804,pm25,34.42,2019-07-11T17:00:00+00:00
5548,12.9135218,77.5950804,pm25,34.42,2019-07-11T17:15:00+00:00
5548,12.9135218,77.5950804,pm25,34.42,2019-07-11T17:30:00+00:00
5548,12.9135218,77.5950804,pm25,32.42,2019-07-11T17:45:00+00:00
5548,12.9135218,77.5950804,pm25,32.14,2019-07-11T18:00:00+00:00
5548,12.9135218,77.5950804,pm25,32.14,2019-07-11T18:15:00+00:00
5548,12.9135218,77.5950804,pm25,32.14,2019-07-11T18:30:00+00:00
5548,12.9135218,77.5950804,co,0.83,2019-07-11T11:30:00+00:00
5548,12.9135218,77.5950804,co,1.01,2019-07-11T11:45:00+00:00
5548,12.9135218,77.5950804,co,0.71,2019-07-11T12:00:00+00:00
5548,12.9135218,77.5950804,co,0.76,2019-07-11T12:15:00+00:00
5548,12.9135218,77.5950804,co,0.8,2019-07-11T12:30:00+00:00
5548,12.9135218,77.5950804,co,0.81,2019-07-11T12:45:00+00:00
5548,12.9135218,77.5950804,co,0.83,2019-07-11T13:00:00+00:00
5548,12.9135218,77.5950804,co,1.08,2019-07-11T13:15:00+00:00
5548,12.9135218,77.5950804,co,1.08,2019-07-11T13:30:00+00:00
5548,12.9135218,77.5950804,co,0.98,2019-07-11T13:45:00+00:00
5548,12.9135218,77.5950804,co,0.94,2019-07-11T14:00:00+00:00
5548,12.9135218,77.5950804,co,1.32,2019-07-11T14:15:00+00:00
5548,12.9135218,77.5950804,co,1.26,2019-07-11T14:30:00+00:00
5548,12.9135218,77.5950804,co,1.3,2019-07-11T14:45:00+00:00
5548,12.9135218,77.5950804,co,1.26,2019-07-11T15:00:00+00:00
5548,12.9135218,77.5950804,co,1.68,2019-07-11T15:15:00+00:00
5548,12.9135218,77.5950804,co,1.3,2019-07-11T15:30:00+00:00
5548,12.9135218,77.5950804,co,1.18,2019-07-11T15:45:00+00:00
5548,12.9135218,77.5950804,co,1.06,2019-07-11T16:00:00+00:00
5548,12.9135218,77.5950804,co,1.15,2019-07-11T16:15:00+00:00
5548,12.9135218,77.5950804,co,1.2,2019-07-11T16:30:00+00:00
5548,12.9135218,77.5950804,co,1.03,2019-07-11T16:45:00+00:00
5548,12.9135218,77.5950804,co,0.78,2019-07-11T17:00:00+00:00
5548,12.9135218,77.5950804,co,0.88,2019-07-11T17:15:00+00:00
5548,12.9135218,77.5950804,co,0.88,2019-07-11T17:30:00+00:00
5548,12.9135218,77.5950804,co,1.05,2019-07-11T17:45:00+00:00
5548,12.9135218,77.5950804,co,0.57,2019-07-11T18:00:00+00:00
5548,12.9135218,77.5950804,co,0.57,2019-07-11T18:15:00+00:00
5548,12.9135218,77.5950804,co,0.61,2019-07-11T18:30:00+00:00
5548,12.9135218,77.5950804,no2,31.37,2019-07-11T11:30:00+00:00
5548,12.9135218,77.5950804,no2,32.72,2019-07-11T11:45:00+00:00
5548,12.9135218,77.5950804,no2,29.72,2019-07-11T12:00:00+00:00
5548,12.9135218,77.5950804,no2,34.05,2019-07-11T12:15:00+00:00
5548,12.9135218,77.5950804,no2,34.19,2019-07-11T12:30:00+00:00
5548,12.9135218,77.5950804,no2,25.38,2019-07-11T12:45:00+00:00
5548,12.9135218,77.5950804,no2,23.88,2019-07-11T13:00:00+00:00
5548,12.9135218,77.5950804,no2,28.03,2019-07-11T13:15:00+00:00
5548,12.9135218,77.5950804,no2,31.67,2019-07-11T13:30:00+00:00
5548,12.9135218,77.5950804,no2,29.35,2019-07-11T13:45:00+00:00
5548,12.9135218,77.5950804,no2,27.6,2019-07-11T14:00:00+00:00
5548,12.9135218,77.5950804,no2,31.83,2019-07-11T14:15:00+00:00
5548,12.9135218,77.5950804,no2,33.75,2019-07-11T14:30:00+00:00
5548,12.9135218,77.5950804,no2,38.93,2019-07-11T14:45:00+00:00
5548,12.9135218,77.5950804,no2,36.05,2019-07-11T15:00:00+00:00
5548,12.9135218,77.5950804,no2,31.52,2019-07-11T15:15:00+00:00
5548,12.9135218,77.5950804,no2,23.31,2019-07-11T15:30:00+00:00
5548,12.9135218,77.5950804,no2,26.04,2019-07-11T15:45:00+00:00
5548,12.9135218,77.5950804,no2,29.08,2019-07-11T16:00:00+00:00
5548,12.9135218,77.5950804,no2,33.4,2019-07-11T16:15:00+00:00
5548,12.9135218,77.5950804,no2,34.65,2019-07-11T16:30:00+00:00
5548,12.9135218,77.5950804,no2,30.64,2019-07-11T16:45:00+00:00
5548,12.9135218,77.5950804,no2,29.78,2019-07-11T17:00:00+00:00
5548,12.9135218,77.5950804,no2,30.97,2019-07-11T17:15:00+00:00
5548,12.9135218,77.5950804,no2,24.49,2019-07-11T17:30:00+00:00
5548,12.9135218,77.5950804,no2,21.74,2019-07-11T17:45:00+00:00
5548,12.9135218,77.5950804,no2,18.33,2019-07-11T18:00:00+00:00
5548,12.9135218,77.5950804,no2,17.6,2019-07-11T18:15:00+00:00
5548,12.9135218,77.5950804,no2,17.78,2019-07-11T18:30:00+00:00
5548,12.9135218,77.5950804,so2,5.82,2019-07-11T11:30:00+00:00
5548,12.9135218,77.5950804,so2,4.9,2019-07-11T11:45:00+00:00
5548,12.9135218,77.5950804,so2,3.53,2019-07-11T12:00:00+00:00
5548,12.9135218,77.5950804,so2,3.89,2019-07-11T12:15:00+00:00
5548,12.9135218,77.5950804,so2,6.19,2019-07-11T12:30:00+00:00
5548,12.9135218,77.5950804,so2,7.95,2019-07-11T12:45:00+00:00
5548,12.9135218,77.5950804,so2,4.99,2019-07-11T13:00:00+00:00
5548,12.9135218,77.5950804,so2,6.1,2019-07-11T13:15:00+00:00
5548,12.9135218,77.5950804,so2,4.76,2019-07-11T13:30:00+00:00
5548,12.9135218,77.5950804,so2,2.62,2019-07-11T13:45:00+00:00
5548,12.9135218,77.5950804,so2,3.78,2019-07-11T14:00:00+00:00
5548,12.9135218,77.5950804,so2,3.17,2019-07-11T14:15:00+00:00
5548,12.9135218,77.5950804,so2,3.46,2019-07-11T14:30:00+00:00
5548,12.9135218,77.5950804,so2,2.2,2019-07-11T14:45:00+00:00
5548,12.9135218,77.5950804,so2,2.28,2019-07-11T15:00:00+00:00
5548,12.9135218,77.5950804,so2,2.67,2019-07-11T15:15:00+00:00
5548,12.9135218,77.5950804,so2,6.25,2019-07-11T15:30:00+00:00
5548,12.9135218,77.5950804,so2,3.7,2019-07-11T15:45:00+00:00
5548,12.9135218,77.5950804,so2,5.19,2019-07-11T16:00:00+00:00
5548,12.9135218,77.5950804,so2,4.08,2019-07-11T16:15:00+00:00
5548,12.9135218,77.5950804,so2,4.24,2019-07-11T16:30:00+00:00
5548,12.9135218,77.5950804,so2,3.77,2019-07-11T16:45:00+00:00
5548,12.9135218,77.5950804,so2,3.23,2019-07-11T17:00:00+00:00
5548,12.9135218,77.5950804,so2,2.89,2019-07-11T17:15:00+00:00
5548,12.9135218,77.5950804,so2,2.9,2019-07-11T17:30:00+00:00
5548,12.9135218,77.5950804,so2,2.16,2019-07-11T17:45:00+00:00
5548,12.9135218,77.5950804,so2,2.22,2019-07-11T18:00:00+00:00
5548,12.9135218,77.5950804,so2,2.22,2019-07-11T18:15:00+00:00
5548,12.9135218,77.5950804,so2,12.11,2019-07-11T18:30:00+00:00
5548,12.9135218,77.5950804,pm25,28.64,2019-07-11T18:45:00+00:00
5548,12.9135218,77.5950804,pm25,28.15,2019-07-11T19:00:00+00:00
5548,12.9135218,77.5950804,pm25,28.15,2019-07-11T19:15:00+00:00
5548,12.9135218,77.5950804,pm25,28.15,2019-07-11T19:30:00+00:00
5548,12.9135218,77.5950804,pm25,19.49,2019-07-11T19:45:00+00:00
5548,12.9135218,77.5950804,pm25,18.76,2019-07-11T20:00:00+00:00
5548,12.9135218,77.5950804,pm25,18.76,2019-07-11T20:15:00+00:00
5548,12.9135218,77.5950804,pm25,18.76,2019-07-11T20:30:00+00:00
5548,12.9135218,77.5950804,pm25,25.12,2019-07-11T20:45:00+00:00
5548,12.9135218,77.5950804,pm25,25.57,2019-07-11T21:00:00+00:00
5548,12.9135218,77.5950804,pm25,25.57,2019-07-11T21:15:00+00:00
5548,12.9135218,77.5950804,pm25,25.57,2019-07-11T21:30:00+00:00
5548,12.9135218,77.5950804,pm25,22.27,2019-07-11T21:45:00+00:00
5548,12.9135218,77.5950804,pm25,22.03,2019-07-11T22:00:00+00:00
5548,12.9135218,77.5950804,pm25,22.03,2019-07-11T22:15:00+00:00
5548,12.9135218,77.5950804,pm25,22.03,2019-07-11T22:30:00+00:00
5548,12.9135218,77.5950804,pm25,16.81,2019-07-11T22:45:00+00:00
5548,12.9135218,77.5950804,pm25,16.38,2019-07-11T23:00:00+00:00
5548,12.9135218,77.5950804,pm25,16.38,2019-07-11T23:15:00+00:00
5548,12.9135218,77.5950804,pm25,16.38,2019-07-11T23:30:00+00:00
5548,12.9135218,77.5950804,pm25,13.64,2019-07-11T23:45:00+00:00
5548,12.9135218,77.5950804,pm25,13.41,2019-07-12T00:00:00+00:00
5548,12.9135218,77.5950804,pm25,13.41,2019-07-12T00:15:00+00:00
5548,12.9135218,77.5950804,pm25,13.41,2019-07-12T00:30:00+00:00
5548,12.9135218,77.5950804,pm25,16.16,2019-07-12T00:45:00+00:00
5548,12.9135218,77.5950804,pm25,16.36,2019-07-12T01:00:00+00:00
5548,12.9135218,77.5950804,pm25,16.36,2019-07-12T01:15:00+00:00
5548,12.9135218,77.5950804,pm25,16.36,2019-07-12T01:30:00+00:00
5548,12.9135218,77.5950804,pm25,20.98,2019-07-12T01:45:00+00:00
5548,12.9135218,77.5950804,pm25,21.31,2019-07-12T02:00:00+00:00
5548,12.9135218,77.5950804,pm25,21.31,2019-07-12T02:15:00+00:00
5548,12.9135218,77.5950804,pm25,21.31,2019-07-12T02:30:00+00:00
5548,12.9135218,77.5950804,pm25,21.91,2019-07-12T02:45:00+00:00
5548,12.9135218,77.5950804,pm25,21.96,2019-07-12T03:00:00+00:00
5548,12.9135218,77.5950804,pm25,21.96,2019-07-12T03:15:00+00:00
5548,12.9135218,77.5950804,pm25,21.96,2019-07-12T03:30:00+00:00
5548,12.9135218,77.5950804,pm25,26.67,2019-07-12T03:45:00+00:00
5548,12.9135218,77.5950804,pm25,27.01,2019-07-12T04:00:00+00:00
5548,12.9135218,77.5950804,pm25,27.01,2019-07-12T04:15:00+00:00
5548,12.9135218,77.5950804,pm25,27.01,2019-07-12T04:30:00+00:00
5548,12.9135218,77.5950804,pm25,17.06,2019-07-12T04:45:00+00:00
5548,12.9135218,77.5950804,pm25,16.35,2019-07-12T05:00:00+00:00
5548,12.9135218,77.5950804,pm25,16.35,2019-07-12T05:15:00+00:00
5548,12.9135218,77.5950804,pm25,16.35,2019-07-12T05:30:00+00:00
5548,12.9135218,77.5950804,pm25,39.45,2019-07-12T05:45:00+00:00
5548,12.9135218,77.5950804,pm25,41.1,2019-07-12T06:00:00+00:00
5548,12.9135218,77.5950804,pm25,41.1,2019-07-12T06:15:00+00:00
5548,12.9135218,77.5950804,pm25,41.1,2019-07-12T06:30:00+00:00
5548,12.9135218,77.5950804,pm25,30.95,2019-07-12T06:45:00+00:00
5548,12.9135218,77.5950804,pm25,30.22,2019-07-12T07:00:00+00:00
5548,12.9135218,77.5950804,pm25,30.22,2019-07-12T07:15:00+00:00
5548,12.9135218,77.5950804,pm25,30.22,2019-07-12T07:30:00+00:00
5548,12.9135218,77.5950804,pm25,31.1,2019-07-12T07:45:00+00:00
5548,12.9135218,77.5950804,pm25,31.23,2019-07-12T08:00:00+00:00
5548,12.9135218,77.5950804,pm25,31.23,2019-07-12T08:15:00+00:00
5548,12.9135218,77.5950804,pm25,31.23,2019-07-12T08:30:00+00:00
5548,12.9135218,77.5950804,pm25,21.03,2019-07-12T08:45:00+00:00
5548,12.9135218,77.5950804,pm25,19.47,2019-07-12T09:00:00+00:00
5548,12.9135218,77.5950804,pm25,19.47,2019-07-12T09:15:00+00:00
5548,12.9135218,77.5950804,pm25,19.47,2019-07-12T09:30:00+00:00
5548,12.9135218,77.5950804,pm25,13.41,2019-07-12T09:45:00+00:00
5548,12.9135218,77.5950804,pm25,12.57,2019-07-12T10:00:00+00:00
5548,12.9135218,77.5950804,pm25,12.57,2019-07-12T10:15:00+00:00
5548,12.9135218,77.5950804,pm25,12.57,2019-07-12T10:30:00+00:00
5548,12.9135218,77.5950804,pm25,15.94,2019-07-12T10:45:00+00:00
5548,12.9135218,77.5950804,pm25,16.41,2019-07-12T11:00:00+00:00
5548,12.9135218,77.5950804,pm25,16.41,2019-07-12T11:15:00+00:00
5548,12.9135218,77.5950804,pm25,16.41,2019-07-12T11:30:00+00:00
5548,12.9135218,77.5950804,pm25,14.03,2019-07-12T11:45:00+00:00
5548,12.9135218,77.5950804,pm25,13.66,2019-07-12T12:00:00+00:00
5548,12.9135218,77.5950804,pm25,13.66,2019-07-12T12:15:00+00:00
5548,12.9135218,77.5950804,pm25,13.66,2019-07-12T12:30:00+00:00
5548,12.9135218,77.5950804,pm25,24.88,2019-07-12T12:45:00+00:00
5548,12.9135218,77.5950804,pm25,26.44,2019-07-12T13:00:00+00:00
5548,12.9135218,77.5950804,pm25,26.44,2019-07-12T13:15:00+00:00
5548,12.9135218,77.5950804,pm25,26.44,2019-07-12T13:30:00+00:00
5548,12.9135218,77.5950804,pm25,33.38,2019-07-12T13:45:00+00:00
5548,12.9135218,77.5950804,pm25,34.35,2019-07-12T14:00:00+00:00
5548,12.9135218,77.5950804,pm25,34.35,2019-07-12T14:15:00+00:00
5548,12.9135218,77.5950804,pm25,34.35,2019-07-12T14:30:00+00:00
5548,12.9135218,77.5950804,pm25,34.09,2019-07-12T14:45:00+00:00
5548,12.9135218,77.5950804,pm25,34.06,2019-07-12T15:00:00+00:00
5548,12.9135218,77.5950804,pm25,34.06,2019-07-12T15:15:00+00:00
5548,12.9135218,77.5950804,pm25,34.06,2019-07-12T15:30:00+00:00
5548,12.9135218,77.5950804,pm25,39.18,2019-07-12T15:45:00+00:00
5548,12.9135218,77.5950804,pm25,39.9,2019-07-12T16:00:00+00:00
5548,12.9135218,77.5950804,pm25,39.9,2019-07-12T16:15:00+00:00
5548,12.9135218,77.5950804,pm25,39.9,2019-07-12T16:30:00+00:00
5548,12.9135218,77.5950804,pm25,47.52,2019-07-12T16:45:00+00:00
5548,12.9135218,77.5950804,pm25,48.58,2019-07-12T17:00:00+00:00
5548,12.9135218,77.5950804,pm25,48.58,2019-07-12T17:15:00+00:00
5548,12.9135218,77.5950804,pm25,48.58,2019-07-12T17:30:00+00:00
5548,12.9135218,77.5950804,pm25,38.27,2019-07-12T17:45:00+00:00
5548,12.9135218,77.5950804,pm25,36.84,2019-07-12T18:00:00+00:00
5548,12.9135218,77.5950804,pm25,36.84,2019-07-12T18:15:00+00:00
5548,12.9135218,77.5950804,pm25,36.84,2019-07-12T18:30:00+00:00
5548,12.9135218,77.5950804,co,0.54,2019-07-11T18:45:00+00:00
5548,12.9135218,77.5950804,co,0.66,2019-07-11T19:00:00+00:00
5548,12.9135218,77.5950804,co,0.7,2019-07-11T19:15:00+00:00
5548,12.9135218,77.5950804,co,0.92,2019-07-11T19:30:00+00:00
5548,12.9135218,77.5950804,co,0.5,2019-07-11T19:45:00+00:00
5548,12.9135218,77.5950804,co,0.76,2019-07-11T20:00:00+00:00
5548,12.9135218,77.5950804,co,0.52,2019-07-11T20:15:00+00:00
5548,12.9135218,77.5950804,co,0.69,2019-07-11T20:30:00+00:00
5548,12.9135218,77.5950804,co,0.6,2019-07-11T20:45:00+00:00
5548,12.9135218,77.5950804,co,0.55,2019-07-11T21:00:00+00:00
5548,12.9135218,77.5950804,co,0.45,2019-07-11T21:15:00+00:00
5548,12.9135218,77.5950804,co,0.57,2019-07-11T21:30:00+00:00
5548,12.9135218,77.5950804,co,0.34,2019-07-11T21:45:00+00:00
5548,12.9135218,77.5950804,co,0.63,2019-07-11T22:00:00+00:00
5548,12.9135218,77.5950804,co,0.55,2019-07-11T22:15:00+00:00
5548,12.9135218,77.5950804,co,0.68,2019-07-11T22:30:00+00:00
5548,12.9135218,77.5950804,co,0.55,2019-07-11T22:45:00+00:00
5548,12.9135218,77.5950804,co,0.67,2019-07-11T23:00:00+00:00
5548,12.9135218,77.5950804,co,0.63,2019-07-11T23:15:00+00:00
5548,12.9135218,77.5950804,co,0.68,2019-07-11T23:30:00+00:00
5548,12.9135218,77.5950804,co,0.74,2019-07-11T23:45:00+00:00
5548,12.9135218,77.5950804,co,0.38,2019-07-12T00:00:00+00:00
5548,12.9135218,77.5950804,co,0.34,2019-07-12T00:15:00+00:00
5548,12.9135218,77.5950804,co,0.44,2019-07-12T00:30:00+00:00
5548,12.9135218,77.5950804,co,0.51,2019-07-12T00:45:00+00:00
5548,12.9135218,77.5950804,co,0.61,2019-07-12T01:00:00+00:00
5548,12.9135218,77.5950804,co,0.59,2019-07-12T01:15:00+00:00
5548,12.9135218,77.5950804,co,0.76,2019-07-12T01:30:00+00:00
5548,12.9135218,77.5950804,co,0.59,2019-07-12T01:45:00+00:00
5548,12.9135218,77.5950804,co,0.46,2019-07-12T02:00:00+00:00
5548,12.9135218,77.5950804,co,0.38,2019-07-12T02:15:00+00:00
5548,12.9135218,77.5950804,co,0.65,2019-07-12T02:30:00+00:00
5548,12.9135218,77.5950804,co,0.69,2019-07-12T02:45:00+00:00
5548,12.9135218,77.5950804,co,0.57,2019-07-12T03:00:00+00:00
5548,12.9135218,77.5950804,co,0.75,2019-07-12T03:15:00+00:00
5548,12.9135218,77.5950804,co,0.77,2019-07-12T03:30:00+00:00
5548,12.9135218,77.5950804,co,0.58,2019-07-12T03:45:00+00:00
5548,12.9135218,77.5950804,co,0.74,2019-07-12T04:00:00+00:00
5548,12.9135218,77.5950804,co,1.01,2019-07-12T04:15:00+00:00
5548,12.9135218,77.5950804,co,0.95,2019-07-12T04:30:00+00:00
5548,12.9135218,77.5950804,co,0.78,2019-07-12T04:45:00+00:00
5548,12.9135218,77.5950804,co,0.78,2019-07-12T05:00:00+00:00
5548,12.9135218,77.5950804,co,0.95,2019-07-12T05:15:00+00:00
5548,12.9135218,77.5950804,co,0.89,2019-07-12T05:30:00+00:00
5548,12.9135218,77.5950804,co,0.95,2019-07-12T05:45:00+00:00
5548,12.9135218,77.5950804,co,1.02,2019-07-12T06:00:00+00:00
5548,12.9135218,77.5950804,co,0.48,2019-07-12T06:15:00+00:00
5548,12.9135218,77.5950804,co,0.02,2019-07-12T06:30:00+00:00
5548,12.9135218,77.5950804,co,0.1,2019-07-12T06:45:00+00:00
5548,12.9135218,77.5950804,co,0.59,2019-07-12T07:00:00+00:00
5548,12.9135218,77.5950804,co,0.77,2019-07-12T07:15:00+00:00
5548,12.9135218,77.5950804,co,0.52,2019-07-12T07:30:00+00:00
5548,12.9135218,77.5950804,co,0.49,2019-07-12T07:45:00+00:00
5548,12.9135218,77.5950804,co,0.69,2019-07-12T08:00:00+00:00
5548,12.9135218,77.5950804,co,0.43,2019-07-12T08:15:00+00:00
5548,12.9135218,77.5950804,co,0.98,2019-07-12T08:30:00+00:00
5548,12.9135218,77.5950804,co,1.87,2019-07-12T08:45:00+00:00
5548,12.9135218,77.5950804,co,0.04,2019-07-12T09:00:00+00:00
5548,12.9135218,77.5950804,co,0.37,2019-07-12T09:15:00+00:00
5548,12.9135218,77.5950804,co,1.33,2019-07-12T09:30:00+00:00
5548,12.9135218,77.5950804,co,1.17,2019-07-12T09:45:00+00:00
5548,12.9135218,77.5950804,co,0.25,2019-07-12T10:00:00+00:00
5548,12.9135218,77.5950804,co,0.26,2019-07-12T10:15:00+00:00
5548,12.9135218,77.5950804,co,0.24,2019-07-12T10:30:00+00:00
5548,12.9135218,77.5950804,co,0.16,2019-07-12T10:45:00+00:00
5548,12.9135218,77.5950804,co,0.3,2019-07-12T11:00:00+00:00
5548,12.9135218,77.5950804,co,0.39,2019-07-12T11:15:00+00:00
5548,12.9135218,77.5950804,co,0.2,2019-07-12T11:30:00+00:00
5548,12.9135218,77.5950804,co,0.2,2019-07-12T11:45:00+00:00
5548,12.9135218,77.5950804,co,0.64,2019-07-12T12:00:00+00:00
5548,12.9135218,77.5950804,co,0.94,2019-07-12T12:15:00+00:00
5548,12.9135218,77.5950804,co,0.91,2019-07-12T12:30:00+00:00
5548,12.9135218,77.5950804,co,0.59,2019-07-12T12:45:00+00:00
5548,12.9135218,77.5950804,co,1.42,2019-07-12T13:00:00+00:00
5548,12.9135218,77.5950804,co,1.53,2019-07-12T13:15:00+00:00
5548,12.9135218,77.5950804,co,1.42,2019-07-12T13:30:00+00:00
5548,12.9135218,77.5950804,co,1.15,2019-07-12T13:45:00+00:00
5548,12.9135218,77.5950804,co,1.3,2019-07-12T14:00:00+00:00
5548,12.9135218,77.5950804,co,1.1,2019-07-12T14:15:00+00:00
5548,12.9135218,77.5950804,co,1.24,2019-07-12T14:30:00+00:00
5548,12.9135218,77.5950804,co,1.22,2019-07-12T14:45:00+00:00
5548,12.9135218,77.5950804,co,0.66,2019-07-12T15:00:00+00:00
5548,12.9135218,77.5950804,co,1.04,2019-07-12T15:15:00+00:00
5548,12.9135218,77.5950804,co,0.87,2019-07-12T15:30:00+00:00
5548,12.9135218,77.5950804,co,0.88,2019-07-12T15:45:00+00:00
5548,12.9135218,77.5950804,co,0.59,2019-07-12T16:00:00+00:00
5548,12.9135218,77.5950804,co,0.33,2019-07-12T16:15:00+00:00
5548,12.9135218,77.5950804,co,0.68,2019-07-12T16:30:00+00:00
5548,12.9135218,77.5950804,co,0.53,2019-07-12T16:45:00+00:00
5548,12.9135218,77.5950804,co,0.64,2019-07-12T17:00:00+00:00
5548,12.9135218,77.5950804,co,0.52,2019-07-12T17:15:00+00:00
5548,12.9135218,77.5950804,co,0.59,2019-07-12T17:30:00+00:00
5548,12.9135218,77.5950804,co,0.43,2019-07-12T17:45:00+00:00
5548,12.9135218,77.5950804,co,0.54,2019-07-12T18:00:00+00:00
5548,12.9135218,77.5950804,co,0.67,2019-07-12T18:15:00+00:00
5548,12.9135218,77.5950804,co,0.59,2019-07-12T18:30:00+00:00
5548,12.9135218,77.5950804,no2,16.5,2019-07-11T18:45:00+00:00
5548,12.9135218,77.5950804,no2,15.69,2019-07-11T19:00:00+00:00
5548,12.9135218,77.5950804,no2,12.93,2019-07-11T19:15:00+00:00
5548,12.9135218,77.5950804,no2,11.77,2019-07-11T19:30:00+00:00
5548,12.9135218,77.5950804,no2,16.48,2019-07-11T19:45:00+00:00
5548,12.9135218,77.5950804,no2,21.6,2019-07-11T20:00:00+00:00
5548,12.9135218,77.5950804,no2,21.63,2019-07-11T20:15:00+00:00
5548,12.9135218,77.5950804,no2,17.48,2019-07-11T20:30:00+00:00
5548,12.9135218,77.5950804,no2,13.28,2019-07-11T20:45:00+00:00
5548,12.9135218,77.5950804,no2,15.18,2019-07-11T21:00:00+00:00
5548,12.9135218,77.5950804,no2,11.72,2019-07-11T21:15:00+00:00
5548,12.9135218,77.5950804,no2,12.16,2019-07-11T21:30:00+00:00
5548,12.9135218,77.5950804,no2,12.76,2019-07-11T21:45:00+00:00
5548,12.9135218,77.5950804,no2,13.17,2019-07-11T22:00:00+00:00
5548,12.9135218,77.5950804,no2,11.09,2019-07-11T22:15:00+00:00
5548,12.9135218,77.5950804,no2,10.21,2019-07-11T22:30:00+00:00
5548,12.9135218,77.5950804,no2,10.08,2019-07-11T22:45:00+00:00
5548,12.9135218,77.5950804,no2,16.56,2019-07-11T23:00:00+00:00
5548,12.9135218,77.5950804,no2,14.46,2019-07-11T23:15:00+00:00
5548,12.9135218,77.5950804,no2,10.57,2019-07-11T23:30:00+00:00
5548,12.9135218,77.5950804,no2,13.7,2019-07-11T23:45:00+00:00
5548,12.9135218,77.5950804,no2,12.97,2019-07-12T00:00:00+00:00
5548,12.9135218,77.5950804,no2,11.03,2019-07-12T00:15:00+00:00
5548,12.9135218,77.5950804,no2,10.83,2019-07-12T00:30:00+00:00
5548,12.9135218,77.5950804,no2,12.62,2019-07-12T00:45:00+00:00
5548,12.9135218,77.5950804,no2,12.94,2019-07-12T01:00:00+00:00
5548,12.9135218,77.5950804,no2,13.6,2019-07-12T01:15:00+00:00
5548,12.9135218,77.5950804,no2,13.93,2019-07-12T01:30:00+00:00
5548,12.9135218,77.5950804,no2,14.32,2019-07-12T01:45:00+00:00
5548,12.9135218,77.5950804,no2,16.07,2019-07-12T02:00:00+00:00
5548,12.9135218,77.5950804,no2,14.26,2019-07-12T02:15:00+00:00
5548,12.9135218,77.5950804,no2,12.86,2019-07-12T02:30:00+00:00
5548,12.9135218,77.5950804,no2,15.48,2019-07-12T02:45:00+00:00
5548,12.9135218,77.5950804,no2,16.17,2019-07-12T03:00:00+00:00
5548,12.9135218,77.5950804,no2,14.95,2019-07-12T03:15:00+00:00
5548,12.9135218,77.5950804,no2,18.46,2019-07-12T03:30:00+00:00
5548,12.9135218,77.5950804,no2,13.45,2019-07-12T03:45:00+00:00
5548,12.9135218,77.5950804,no2,13.76,2019-07-12T04:00:00+00:00
5548,12.9135218,77.5950804,no2,17.9,2019-07-12T04:15:00+00:00
5548,12.9135218,77.5950804,no2,15.94,2019-07-12T04:30:00+00:00
5548,12.9135218,77.5950804,no2,13.61,2019-07-12T04:45:00+00:00
5548,12.9135218,77.5950804,no2,20.61,2019-07-12T05:00:00+00:00
5548,12.9135218,77.5950804,no2,19.1,2019-07-12T05:15:00+00:00
5548,12.9135218,77.5950804,no2,17.98,2019-07-12T05:30:00+00:00
5548,12.9135218,77.5950804,no2,18.54,2019-07-12T05:45:00+00:00
5548,12.9135218,77.5950804,no2,14.73,2019-07-12T06:00:00+00:00
5548,12.9135218,77.5950804,no2,12.86,2019-07-12T06:15:00+00:00
5548,12.9135218,77.5950804,no2,13.34,2019-07-12T06:30:00+00:00
5548,12.9135218,77.5950804,no2,15.87,2019-07-12T06:45:00+00:00
5548,12.9135218,77.5950804,no2,15.67,2019-07-12T07:00:00+00:00
5548,12.9135218,77.5950804,no2,13.03,2019-07-12T07:15:00+00:00
5548,12.9135218,77.5950804,no2,18.94,2019-07-12T07:30:00+00:00
5548,12.9135218,77.5950804,no2,13.99,2019-07-12T07:45:00+00:00
5548,12.9135218,77.5950804,no2,13.82,2019-07-12T08:00:00+00:00
5548,12.9135218,77.5950804,no2,19.83,2019-07-12T08:15:00+00:00
5548,12.9135218,77.5950804,no2,12.82,2019-07-12T08:30:00+00:00
5548,12.9135218,77.5950804,no2,16.83,2019-07-12T08:45:00+00:00
5548,12.9135218,77.5950804,no2,12.6,2019-07-12T09:00:00+00:00
5548,12.9135218,77.5950804,no2,12.43,2019-07-12T09:15:00+00:00
5548,12.9135218,77.5950804,no2,10.1,2019-07-12T09:30:00+00:00
5548,12.9135218,77.5950804,no2,9.48,2019-07-12T09:45:00+00:00
5548,12.9135218,77.5950804,no2,8.57,2019-07-12T10:00:00+00:00
5548,12.9135218,77.5950804,no2,10.32,2019-07-12T10:15:00+00:00
5548,12.9135218,77.5950804,no2,15.86,2019-07-12T10:30:00+00:00
5548,12.9135218,77.5950804,no2,11.47,2019-07-12T10:45:00+00:00
5548,12.9135218,77.5950804,no2,9.84,2019-07-12T11:00:00+00:00
5548,12.9135218,77.5950804,no2,12.03,2019-07-12T11:15:00+00:00
5548,12.9135218,77.5950804,no2,19.83,2019-07-12T11:30:00+00:00
5548,12.9135218,77.5950804,no2,17.97,2019-07-12T11:45:00+00:00
5548,12.9135218,77.5950804,no2,25.07,2019-07-12T12:00:00+00:00
5548,12.9135218,77.5950804,no2,20.24,2019-07-12T12:15:00+00:00
5548,12.9135218,77.5950804,no2,25.58,2019-07-12T12:30:00+00:00
5548,12.9135218,77.5950804,no2,24.97,2019-07-12T12:45:00+00:00
5548,12.9135218,77.5950804,no2,23.15,2019-07-12T13:00:00+00:00
5548,12.9135218,77.5950804,no2,28.09,2019-07-12T13:15:00+00:00
5548,12.9135218,77.5950804,no2,34.61,2019-07-12T13:30:00+00:00
5548,12.9135218,77.5950804,no2,34.8,2019-07-12T13:45:00+00:00
5548,12.9135218,77.5950804,no2,39.16,2019-07-12T14:00:00+00:00
5548,12.9135218,77.5950804,no2,34.92,2019-07-12T14:15:00+00:00
5548,12.9135218,77.5950804,no2,30.37,2019-07-12T14:30:00+00:00
5548,12.9135218,77.5950804,no2,30.41,2019-07-12T14:45:00+00:00
5548,12.9135218,77.5950804,no2,26.91,2019-07-12T15:00:00+00:00
5548,12.9135218,77.5950804,no2,28.69,2019-07-12T15:15:00+00:00
5548,12.9135218,77.5950804,no2,28.24,2019-07-12T15:30:00+00:00
5548,12.9135218,77.5950804,no2,23.41,2019-07-12T15:45:00+00:00
5548,12.9135218,77.5950804,no2,22.46,2019-07-12T16:00:00+00:00
5548,12.9135218,77.5950804,no2,19.48,2019-07-12T16:15:00+00:00
5548,12.9135218,77.5950804,no2,16.85,2019-07-12T16:30:00+00:00
5548,12.9135218,77.5950804,no2,15.96,2019-07-12T16:45:00+00:00
5548,12.9135218,77.5950804,no2,13.33,2019-07-12T17:00:00+00:00
5548,12.9135218,77.5950804,no2,13.38,2019-07-12T17:15:00+00:00
5548,12.9135218,77.5950804,no2,13.78,2019-07-12T17:30:00+00:00
5548,12.9135218,77.5950804,no2,15.45,2019-07-12T17:45:00+00:00
5548,12.9135218,77.5950804,no2,13.04,2019-07-12T18:00:00+00:00
5548,12.9135218,77.5950804,no2,11.9,2019-07-12T18:15:00+00:00
5548,12.9135218,77.5950804,no2,11.83,2019-07-12T18:30:00+00:00
5548,12.9135218,77.5950804,so2,15.99,2019-07-11T18:45:00+00:00
5548,12.9135218,77.5950804,so2,13.56,2019-07-11T19:00:00+00:00
5548,12.9135218,77.5950804,so2,17.57,2019-07-11T19:15:00+00:00
5548,12.9135218,77.5950804,so2,6.86,2019-07-11T19:30:00+00:00
5548,12.9135218,77.5950804,so2,4.78,2019-07-11T19:45:00+00:00
5548,12.9135218,77.5950804,so2,10.23,2019-07-11T20:00:00+00:00
5548,12.9135218,77.5950804,so2,6.68,2019-07-11T20:15:00+00:00
5548,12.9135218,77.5950804,so2,4.21,2019-07-11T20:30:00+00:00
5548,12.9135218,77.5950804,so2,7.79,2019-07-11T20:45:00+00:00
5548,12.9135218,77.5950804,so2,6.2,2019-07-11T21:00:00+00:00
5548,12.9135218,77.5950804,so2,8.38,2019-07-11T21:15:00+00:00
5548,12.9135218,77.5950804,so2,7.93,2019-07-11T21:30:00+00:00
5548,12.9135218,77.5950804,so2,9.03,2019-07-11T21:45:00+00:00
5548,12.9135218,77.5950804,so2,9.75,2019-07-11T22:00:00+00:00
5548,12.9135218,77.5950804,so2,6.84,2019-07-11T22:15:00+00:00
5548,12.9135218,77.5950804,so2,4.88,2019-07-11T22:30:00+00:00
5548,12.9135218,77.5950804,so2,3.6,2019-07-11T22:45:00+00:00
5548,12.9135218,77.5950804,so2,3.45,2019-07-11T23:00:00+00:00
5548,12.9135218,77.5950804,so2,3.53,2019-07-11T23:15:00+00:00
5548,12.9135218,77.5950804,so2,7.99,2019-07-11T23:30:00+00:00
5548,12.9135218,77.5950804,so2,9.51,2019-07-11T23:45:00+00:00
5548,12.9135218,77.5950804,so2,9.1,2019-07-12T00:00:00+00:00
5548,12.9135218,77.5950804,so2,11.48,2019-07-12T00:15:00+00:00
5548,12.9135218,77.5950804,so2,5.34,2019-07-12T00:30:00+00:00
5548,12.9135218,77.5950804,so2,6.91,2019-07-12T00:45:00+00:00
5548,12.9135218,77.5950804,so2,5.3,2019-07-12T01:00:00+00:00
5548,12.9135218,77.5950804,so2,5.22,2019-07-12T01:15:00+00:00
5548,12.9135218,77.5950804,so2,3.34,2019-07-12T01:30:00+00:00
5548,12.9135218,77.5950804,so2,2.15,2019-07-12T01:45:00+00:00
5548,12.9135218,77.5950804,so2,2.27,2019-07-12T02:00:00+00:00
5548,12.9135218,77.5950804,so2,2.63,2019-07-12T02:15:00+00:00
5548,12.9135218,77.5950804,so2,7.45,2019-07-12T02:30:00+00:00
5548,12.9135218,77.5950804,so2,5.8,2019-07-12T02:45:00+00:00
5548,12.9135218,77.5950804,so2,7.78,2019-07-12T03:00:00+00:00
5548,12.9135218,77.5950804,so2,7.42,2019-07-12T03:15:00+00:00
5548,12.9135218,77.5950804,so2,3.57,2019-07-12T03:30:00+00:00
5548,12.9135218,77.5950804,so2,3.42,2019-07-12T03:45:00+00:00
5548,12.9135218,77.5950804,so2,3.51,2019-07-12T04:00:00+00:00
5548,12.9135218,77.5950804,so2,4.77,2019-07-12T04:15:00+00:00
5548,12.9135218,77.5950804,so2,5.11,2019-07-12T04:30:00+00:00
5548,12.9135218,77.5950804,so2,3.15,2019-07-12T04:45:00+00:00
5548,12.9135218,77.5950804,so2,3.52,2019-07-12T05:00:00+00:00
5548,12.9135218,77.5950804,so2,3.98,2019-07-12T05:15:00+00:00
5548,12.9135218,77.5950804,so2,4.54,2019-07-12T05:30:00+00:00
5548,12.9135218,77.5950804,so2,2.42,2019-07-12T05:45:00+00:00
5548,12.9135218,77.5950804,so2,3.29,2019-07-12T06:00:00+00:00
5548,12.9135218,77.5950804,so2,3.12,2019-07-12T06:15:00+00:00
5548,12.9135218,77.5950804,so2,4.68,2019-07-12T06:30:00+00:00
5548,12.9135218,77.5950804,so2,2.62,2019-07-12T06:45:00+00:00
5548,12.9135218,77.5950804,so2,3.11,2019-07-12T07:00:00+00:00
5548,12.9135218,77.5950804,so2,2.51,2019-07-12T07:15:00+00:00
5548,12.9135218,77.5950804,so2,2.57,2019-07-12T07:30:00+00:00
5548,12.9135218,77.5950804,so2,6.69,2019-07-12T07:45:00+00:00
5548,12.9135218,77.5950804,so2,3.84,2019-07-12T08:00:00+00:00
5548,12.9135218,77.5950804,so2,5.5,2019-07-12T08:15:00+00:00
5548,12.9135218,77.5950804,so2,4.12,2019-07-12T08:30:00+00:00
5548,12.9135218,77.5950804,so2,2.49,2019-07-12T08:45:00+00:00
5548,12.9135218,77.5950804,so2,2.61,2019-07-12T09:00:00+00:00
5548,12.9135218,77.5950804,so2,2.93,2019-07-12T09:15:00+00:00
5548,12.9135218,77.5950804,so2,4.31,2019-07-12T09:30:00+00:00
5548,12.9135218,77.5950804,so2,5.35,2019-07-12T09:45:00+00:00
5548,12.9135218,77.5950804,so2,4.51,2019-07-12T10:00:00+00:00
5548,12.9135218,77.5950804,so2,3.74,2019-07-12T10:15:00+00:00
5548,12.9135218,77.5950804,so2,7.52,2019-07-12T10:30:00+00:00
5548,12.9135218,77.5950804,so2,9.54,2019-07-12T10:45:00+00:00
5548,12.9135218,77.5950804,so2,8.86,2019-07-12T11:00:00+00:00
5548,12.9135218,77.5950804,so2,6.34,2019-07-12T11:15:00+00:00
5548,12.9135218,77.5950804,so2,4.32,2019-07-12T11:30:00+00:00
5548,12.9135218,77.5950804,so2,7.06,2019-07-12T11:45:00+00:00
5548,12.9135218,77.5950804,so2,4.01,2019-07-12T12:00:00+00:00
5548,12.9135218,77.5950804,so2,4.22,2019-07-12T12:15:00+00:00
5548,12.9135218,77.5950804,so2,5.7,2019-07-12T12:30:00+00:00
5548,12.9135218,77.5950804,so2,7.02,2019-07-12T12:45:00+00:00
5548,12.9135218,77.5950804,so2,6.11,2019-07-12T13:00:00+00:00
5548,12.9135218,77.5950804,so2,8.45,2019-07-12T13:15:00+00:00
5548,12.9135218,77.5950804,so2,4.64,2019-07-12T13:30:00+00:00
5548,12.9135218,77.5950804,so2,2.09,2019-07-12T13:45:00+00:00
5548,12.9135218,77.5950804,so2,2.15,2019-07-12T14:00:00+00:00
5548,12.9135218,77.5950804,so2,2.0,2019-07-12T14:15:00+00:00
5548,12.9135218,77.5950804,so2,2.35,2019-07-12T14:30:00+00:00
5548,12.9135218,77.5950804,so2,2.32,2019-07-12T14:45:00+00:00
5548,12.9135218,77.5950804,so2,2.41,2019-07-12T15:00:00+00:00
5548,12.9135218,77.5950804,so2,2.19,2019-07-12T15:15:00+00:00
5548,12.9135218,77.5950804,so2,2.22,2019-07-12T15:30:00+00:00
5548,12.9135218,77.5950804,so2,2.58,2019-07-12T15:45:00+00:00
5548,12.9135218,77.5950804,so2,3.89,2019-07-12T16:00:00+00:00
5548,12.9135218,77.5950804,so2,3.41,2019-07-12T16:15:00+00:00
5548,12.9135218,77.5950804,so2,3.45,2019-07-12T16:30:00+00:00
5548,12.9135218,77.5950804,so2,2.67,2019-07-12T16:45:00+00:00
5548,12.9135218,77.5950804,so2,2.93,2019-07-12T17:00:00+00:00
5548,12.9135218,77.5950804,so2,2.2,2019-07-12T17:15:00+00:00
5548,12.9135218,77.5950804,so2,5.89,2019-07-12T17:30:00+00:00
5548,12.9135218,77.5950804,so2,5.76,2019-07-12T17:45:00+00:00
5548,12.9135218,77.5950804,so2,5.6,2019-07-12T18:00:00+00:00
5548,12.9135218,77.5950804,so2,5.21,2019-07-12T18:15:00+00:00
5548,12.9135218,77.5950804,so2,4.72,2019-07-12T18:30:00+00:00
5548,12.9135218,77.5950804,pm25,25.1,2019-07-12T18:45:00+00:00
5548,12.9135218,77.5950804,pm25,23.47,2019-07-12T19:00:00+00:00
5548,12.9135218,77.5950804,pm25,23.47,2019-07-12T19:15:00+00:00
5548,12.9135218,77.5950804,pm25,23.47,2019-07-12T19:30:00+00:00
5548,12.9135218,77.5950804,pm25,23.67,2019-07-12T19:45:00+00:00
5548,12.9135218,77.5950804,pm25,23.68,2019-07-12T20:00:00+00:00
5548,12.9135218,77.5950804,pm25,23.68,2019-07-12T20:15:00+00:00
5548,12.9135218,77.5950804,pm25,23.68,2019-07-12T20:30:00+00:00
5548,12.9135218,77.5950804,pm25,23.06,2019-07-12T20:45:00+00:00
5548,12.9135218,77.5950804,pm25,23.02,2019-07-12T21:00:00+00:00
5548,12.9135218,77.5950804,pm25,23.02,2019-07-12T21:15:00+00:00
5548,12.9135218,77.5950804,pm25,23.02,2019-07-12T21:30:00+00:00
5548,12.9135218,77.5950804,pm25,18.02,2019-07-12T21:45:00+00:00
5548,12.9135218,77.5950804,pm25,17.59,2019-07-12T22:00:00+00:00
5548,12.9135218,77.5950804,pm25,17.59,2019-07-12T22:15:00+00:00
5548,12.9135218,77.5950804,pm25,17.59,2019-07-12T22:30:00+00:00
5548,12.9135218,77.5950804,pm25,13.98,2019-07-12T22:45:00+00:00
5548,12.9135218,77.5950804,pm25,13.68,2019-07-12T23:00:00+00:00
5548,12.9135218,77.5950804,pm25,13.68,2019-07-12T23:15:00+00:00
5548,12.9135218,77.5950804,pm25,13.68,2019-07-12T23:30:00+00:00
5548,12.9135218,77.5950804,pm25,17.92,2019-07-12T23:45:00+00:00
5548,12.9135218,77.5950804,pm25,18.22,2019-07-13T00:00:00+00:00
5548,12.9135218,77.5950804,pm25,18.22,2019-07-13T00:15:00+00:00
5548,12.9135218,77.5950804,pm25,18.22,2019-07-13T00:30:00+00:00
5548,12.9135218,77.5950804,pm25,19.55,2019-07-13T00:45:00+00:00
5548,12.9135218,77.5950804,pm25,19.65,2019-07-13T01:00:00+00:00
5548,12.9135218,77.5950804,pm25,19.65,2019-07-13T01:15:00+00:00
5548,12.9135218,77.5950804,pm25,19.65,2019-07-13T01:30:00+00:00
5548,12.9135218,77.5950804,pm25,32.36,2019-07-13T01:45:00+00:00
5548,12.9135218,77.5950804,pm25,33.28,2019-07-13T02:00:00+00:00
5548,12.9135218,77.5950804,pm25,33.28,2019-07-13T02:15:00+00:00
5548,12.9135218,77.5950804,pm25,33.28,2019-07-13T02:30:00+00:00
5548,12.9135218,77.5950804,pm25,21.51,2019-07-13T02:45:00+00:00
5548,12.9135218,77.5950804,pm25,20.52,2019-07-13T03:00:00+00:00
5548,12.9135218,77.5950804,pm25,20.52,2019-07-13T03:15:00+00:00
5548,12.9135218,77.5950804,pm25,20.52,2019-07-13T03:30:00+00:00
5548,12.9135218,77.5950804,pm25,28.12,2019-07-13T03:45:00+00:00
5548,12.9135218,77.5950804,pm25,28.66,2019-07-13T04:00:00+00:00
5548,12.9135218,77.5950804,pm25,28.66,2019-07-13T04:15:00+00:00
5548,12.9135218,77.5950804,pm25,28.66,2019-07-13T04:30:00+00:00
5548,12.9135218,77.5950804,pm25,19.98,2019-07-13T04:45:00+00:00
5548,12.9135218,77.5950804,pm25,19.14,2019-07-13T05:00:00+00:00
5548,12.9135218,77.5950804,pm25,19.14,2019-07-13T05:15:00+00:00
5548,12.9135218,77.5950804,pm25,19.14,2019-07-13T05:30:00+00:00
5548,12.9135218,77.5950804,pm25,25.6,2019-07-13T05:45:00+00:00
5548,12.9135218,77.5950804,pm25,26.14,2019-07-13T06:00:00+00:00
5548,12.9135218,77.5950804,pm25,26.14,2019-07-13T06:15:00+00:00
5548,12.9135218,77.5950804,pm25,26.14,2019-07-13T06:30:00+00:00
5548,12.9135218,77.5950804,pm25,22.67,2019-07-13T06:45:00+00:00
5548,12.9135218,77.5950804,pm25,22.42,2019-07-13T07:00:00+00:00
5548,12.9135218,77.5950804,pm25,22.42,2019-07-13T07:15:00+00:00
5548,12.9135218,77.5950804,pm25,22.42,2019-07-13T07:30:00+00:00
5548,12.9135218,77.5950804,pm25,46.04,2019-07-13T07:45:00+00:00
5548,12.9135218,77.5950804,pm25,47.73,2019-07-13T08:00:00+00:00
5548,12.9135218,77.5950804,pm25,47.73,2019-07-13T08:15:00+00:00
5548,12.9135218,77.5950804,pm25,47.73,2019-07-13T08:30:00+00:00
5548,12.9135218,77.5950804,pm25,29.63,2019-07-13T08:45:00+00:00
5548,12.9135218,77.5950804,pm25,28.11,2019-07-13T09:00:00+00:00
5548,12.9135218,77.5950804,pm25,28.11,2019-07-13T09:15:00+00:00
5548,12.9135218,77.5950804,pm25,28.11,2019-07-13T09:30:00+00:00
5548,12.9135218,77.5950804,pm25,20.51,2019-07-13T09:45:00+00:00
5548,12.9135218,77.5950804,pm25,19.87,2019-07-13T10:00:00+00:00
5548,12.9135218,77.5950804,pm25,19.87,2019-07-13T10:15:00+00:00
5548,12.9135218,77.5950804,pm25,19.87,2019-07-13T10:30:00+00:00
5548,12.9135218,77.5950804,pm25,18.87,2019-07-13T10:45:00+00:00
5548,12.9135218,77.5950804,pm25,18.79,2019-07-13T11:00:00+00:00
5548,12.9135218,77.5950804,pm25,18.79,2019-07-13T11:15:00+00:00
5548,12.9135218,77.5950804,pm25,18.79,2019-07-13T11:30:00+00:00
5548,12.9135218,77.5950804,pm25,14.39,2019-07-13T11:45:00+00:00
5548,12.9135218,77.5950804,pm25,14.02,2019-07-13T12:00:00+00:00
5548,12.9135218,77.5950804,pm25,14.02,2019-07-13T12:15:00+00:00
5548,12.9135218,77.5950804,pm25,14.02,2019-07-13T12:30:00+00:00
5548,12.9135218,77.5950804,pm25,11.1,2019-07-13T12:45:00+00:00
5548,12.9135218,77.5950804,pm25,10.86,2019-07-13T13:00:00+00:00
5548,12.9135218,77.5950804,pm25,10.86,2019-07-13T13:15:00+00:00
5548,12.9135218,77.5950804,pm25,10.86,2019-07-13T13:30:00+00:00
5548,12.9135218,77.5950804,pm25,22.88,2019-07-13T13:45:00+00:00
5548,12.9135218,77.5950804,pm25,23.89,2019-07-13T14:00:00+00:00
5548,12.9135218,77.5950804,pm25,23.89,2019-07-13T14:15:00+00:00
5548,12.9135218,77.5950804,pm25,23.89,2019-07-13T14:30:00+00:00
5548,12.9135218,77.5950804,pm25,56.7,2019-07-13T14:45:00+00:00
5548,12.9135218,77.5950804,pm25,59.91,2019-07-13T15:00:00+00:00
5548,12.9135218,77.5950804,pm25,59.91,2019-07-13T15:15:00+00:00
5548,12.9135218,77.5950804,pm25,59.91,2019-07-13T15:30:00+00:00
5548,12.9135218,77.5950804,pm25,42.43,2019-07-13T15:45:00+00:00
5548,12.9135218,77.5950804,pm25,40.96,2019-07-13T16:00:00+00:00
5548,12.9135218,77.5950804,pm25,40.96,2019-07-13T16:15:00+00:00
5548,12.9135218,77.5950804,pm25,40.96,2019-07-13T16:30:00+00:00
5548,12.9135218,77.5950804,pm25,45.43,2019-07-13T16:45:00+00:00
5548,12.9135218,77.5950804,pm25,45.81,2019-07-13T17:00:00+00:00
5548,12.9135218,77.5950804,pm25,45.81,2019-07-13T17:15:00+00:00
5548,12.9135218,77.5950804,pm25,45.81,2019-07-13T17:30:00+00:00
5548,12.9135218,77.5950804,pm25,28.93,2019-07-13T17:45:00+00:00
5548,12.9135218,77.5950804,pm25,27.51,2019-07-13T18:00:00+00:00
5548,12.9135218,77.5950804,pm25,27.51,2019-07-13T18:15:00+00:00
5548,12.9135218,77.5950804,pm25,27.51,2019-07-13T18:30:00+00:00
5548,12.9135218,77.5950804,co,0.77,2019-07-12T18:45:00+00:00
5548,12.9135218,77.5950804,co,0.73,2019-07-12T19:00:00+00:00
5548,12.9135218,77.5950804,co,0.74,2019-07-12T19:15:00+00:00
5548,12.9135218,77.5950804,co,0.73,2019-07-12T19:30:00+00:00
5548,12.9135218,77.5950804,co,0.75,2019-07-12T19:45:00+00:00
5548,12.9135218,77.5950804,co,0.6,2019-07-12T20:00:00+00:00
5548,12.9135218,77.5950804,co,0.68,2019-07-12T20:15:00+00:00
5548,12.9135218,77.5950804,co,0.5,2019-07-12T20:30:00+00:00
5548,12.9135218,77.5950804,co,0.37,2019-07-12T20:45:00+00:00
5548,12.9135218,77.5950804,co,0.08,2019-07-12T21:00:00+00:00
5548,12.9135218,77.5950804,co,0.12,2019-07-12T21:15:00+00:00
5548,12.9135218,77.5950804,co,0.12,2019-07-12T21:30:00+00:00
5548,12.9135218,77.5950804,co,0.23,2019-07-12T21:45:00+00:00
5548,12.9135218,77.5950804,co,0.41,2019-07-12T22:00:00+00:00
5548,12.9135218,77.5950804,co,0.4,2019-07-12T22:15:00+00:00
5548,12.9135218,77.5950804,co,0.42,2019-07-12T22:30:00+00:00
5548,12.9135218,77.5950804,co,0.4,2019-07-12T22:45:00+00:00
5548,12.9135218,77.5950804,co,0.55,2019-07-12T23:00:00+00:00
5548,12.9135218,77.5950804,co,0.68,2019-07-12T23:15:00+00:00
5548,12.9135218,77.5950804,co,0.47,2019-07-12T23:30:00+00:00
5548,12.9135218,77.5950804,co,0.64,2019-07-12T23:45:00+00:00
5548,12.9135218,77.5950804,co,0.72,2019-07-13T00:00:00+00:00
5548,12.9135218,77.5950804,co,0.64,2019-07-13T00:15:00+00:00
5548,12.9135218,77.5950804,co,0.75,2019-07-13T00:30:00+00:00
5548,12.9135218,77.5950804,co,0.68,2019-07-13T00:45:00+00:00
5548,12.9135218,77.5950804,co,0.6,2019-07-13T01:00:00+00:00
5548,12.9135218,77.5950804,co,0.46,2019-07-13T01:15:00+00:00
5548,12.9135218,77.5950804,co,1.38,2019-07-13T01:30:00+00:00
5548,12.9135218,77.5950804,co,1.18,2019-07-13T01:45:00+00:00
5548,12.9135218,77.5950804,co,0.31,2019-07-13T02:00:00+00:00
5548,12.9135218,77.5950804,co,0.26,2019-07-13T02:15:00+00:00
5548,12.9135218,77.5950804,co,0.28,2019-07-13T02:30:00+00:00
5548,12.9135218,77.5950804,co,0.45,2019-07-13T02:45:00+00:00
5548,12.9135218,77.5950804,co,0.59,2019-07-13T03:00:00+00:00
5548,12.9135218,77.5950804,co,0.66,2019-07-13T03:15:00+00:00
5548,12.9135218,77.5950804,co,0.57,2019-07-13T03:30:00+00:00
5548,12.9135218,77.5950804,co,0.44,2019-07-13T03:45:00+00:00
5548,12.9135218,77.5950804,co,0.97,2019-07-13T04:00:00+00:00
5548,12.9135218,77.5950804,co,1.18,2019-07-13T04:15:00+00:00
5548,12.9135218,77.5950804,co,1.02,2019-07-13T04:30:00+00:00
5548,12.9135218,77.5950804,co,1.06,2019-07-13T04:45:00+00:00
5548,12.9135218,77.5950804,co,0.73,2019-07-13T05:00:00+00:00
5548,12.9135218,77.5950804,co,0.72,2019-07-13T05:15:00+00:00
5548,12.9135218,77.5950804,co,0.83,2019-07-13T05:30:00+00:00
5548,12.9135218,77.5950804,co,0.86,2019-07-13T05:45:00+00:00
5548,12.9135218,77.5950804,co,0.85,2019-07-13T06:00:00+00:00
5548,12.9135218,77.5950804,co,0.99,2019-07-13T06:15:00+00:00
5548,12.9135218,77.5950804,co,0.84,2019-07-13T06:30:00+00:00
5548,12.9135218,77.5950804,co,0.39,2019-07-13T06:45:00+00:00
5548,12.9135218,77.5950804,co,0.83,2019-07-13T07:00:00+00:00
5548,12.9135218,77.5950804,co,1.32,2019-07-13T07:15:00+00:00
5548,12.9135218,77.5950804,co,1.23,2019-07-13T07:30:00+00:00
5548,12.9135218,77.5950804,co,1.29,2019-07-13T07:45:00+00:00
5548,12.9135218,77.5950804,co,0.42,2019-07-13T08:00:00+00:00
5548,12.9135218,77.5950804,co,0.35,2019-07-13T08:15:00+00:00
5548,12.9135218,77.5950804,co,0.37,2019-07-13T08:30:00+00:00
5548,12.9135218,77.5950804,co,0.36,2019-07-13T08:45:00+00:00
5548,12.9135218,77.5950804,co,0.7,2019-07-13T09:00:00+00:00
5548,12.9135218,77.5950804,co,0.77,2019-07-13T09:15:00+00:00
5548,12.9135218,77.5950804,co,0.89,2019-07-13T09:30:00+00:00
5548,12.9135218,77.5950804,co,0.76,2019-07-13T09:45:00+00:00
5548,12.9135218,77.5950804,co,0.5,2019-07-13T10:00:00+00:00
5548,12.9135218,77.5950804,co,0.5,2019-07-13T10:15:00+00:00
5548,12.9135218,77.5950804,co,0.48,2019-07-13T10:30:00+00:00
5548,12.9135218,77.5950804,co,0.47,2019-07-13T10:45:00+00:00
5548,12.9135218,77.5950804,co,0.52,2019-07-13T11:00:00+00:00
5548,12.9135218,77.5950804,co,0.67,2019-07-13T11:15:00+00:00
5548,12.9135218,77.5950804,co,0.78,2019-07-13T11:30:00+00:00
5548,12.9135218,77.5950804,co,0.67,2019-07-13T11:45:00+00:00
5548,12.9135218,77.5950804,co,0.87,2019-07-13T12:00:00+00:00
5548,12.9135218,77.5950804,co,0.79,2019-07-13T12:15:00+00:00
5548,12.9135218,77.5950804,co,0.9,2019-07-13T12:30:00+00:00
5548,12.9135218,77.5950804,co,0.91,2019-07-13T12:45:00+00:00
5548,12.9135218,77.5950804,co,0.92,2019-07-13T13:00:00+00:00
5548,12.9135218,77.5950804,co,1.04,2019-07-13T13:15:00+00:00
5548,12.9135218,77.5950804,co,1.07,2019-07-13T13:30:00+00:00
5548,12.9135218,77.5950804,co,1.23,2019-07-13T13:45:00+00:00
5548,12.9135218,77.5950804,co,1.26,2019-07-13T14:00:00+00:00
5548,12.9135218,77.5950804,co,1.26,2019-07-13T14:15:00+00:00
5548,12.9135218,77.5950804,co,1.03,2019-07-13T14:30:00+00:00
5548,12.9135218,77.5950804,co,0.83,2019-07-13T14:45:00+00:00
5548,12.9135218,77.5950804,co,0.84,2019-07-13T15:00:00+00:00
5548,12.9135218,77.5950804,co,0.93,2019-07-13T15:15:00+00:00
5548,12.9135218,77.5950804,co,0.96,2019-07-13T15:30:00+00:00
5548,12.9135218,77.5950804,co,0.95,2019-07-13T15:45:00+00:00
5548,12.9135218,77.5950804,co,0.55,2019-07-13T16:00:00+00:00
5548,12.9135218,77.5950804,co,0.59,2019-07-13T16:15:00+00:00
5548,12.9135218,77.5950804,co,0.69,2019-07-13T16:30:00+00:00
5548,12.9135218,77.5950804,co,0.51,2019-07-13T16:45:00+00:00
5548,12.9135218,77.5950804,co,0.94,2019-07-13T17:00:00+00:00
5548,12.9135218,77.5950804,co,0.77,2019-07-13T17:15:00+00:00
5548,12.9135218,77.5950804,co,0.77,2019-07-13T17:30:00+00:00
5548,12.9135218,77.5950804,co,0.83,2019-07-13T17:45:00+00:00
5548,12.9135218,77.5950804,co,0.81,2019-07-13T18:00:00+00:00
5548,12.9135218,77.5950804,co,0.74,2019-07-13T18:15:00+00:00
5548,12.9135218,77.5950804,co,1.0,2019-07-13T18:30:00+00:00
5548,12.9135218,77.5950804,no2,15.57,2019-07-12T18:45:00+00:00
5548,12.9135218,77.5950804,no2,18.32,2019-07-12T19:00:00+00:00
5548,12.9135218,77.5950804,no2,15.12,2019-07-12T19:15:00+00:00
5548,12.9135218,77.5950804,no2,12.38,2019-07-12T19:30:00+00:00
5548,12.9135218,77.5950804,no2,10.62,2019-07-12T19:45:00+00:00
5548,12.9135218,77.5950804,no2,10.36,2019-07-12T20:00:00+00:00
5548,12.9135218,77.5950804,no2,9.05,2019-07-12T20:15:00+00:00
5548,12.9135218,77.5950804,no2,9.98,2019-07-12T20:30:00+00:00
5548,12.9135218,77.5950804,no2,8.14,2019-07-12T20:45:00+00:00
5548,12.9135218,77.5950804,no2,8.27,2019-07-12T21:00:00+00:00
5548,12.9135218,77.5950804,no2,7.55,2019-07-12T21:15:00+00:00
5548,12.9135218,77.5950804,no2,7.03,2019-07-12T21:30:00+00:00
5548,12.9135218,77.5950804,no2,7.17,2019-07-12T21:45:00+00:00
5548,12.9135218,77.5950804,no2,8.79,2019-07-12T22:00:00+00:00
5548,12.9135218,77.5950804,no2,8.23,2019-07-12T22:15:00+00:00
5548,12.9135218,77.5950804,no2,8.15,2019-07-12T22:30:00+00:00
5548,12.9135218,77.5950804,no2,8.21,2019-07-12T22:45:00+00:00
5548,12.9135218,77.5950804,no2,8.5,2019-07-12T23:00:00+00:00
5548,12.9135218,77.5950804,no2,7.93,2019-07-12T23:15:00+00:00
5548,12.9135218,77.5950804,no2,8.59,2019-07-12T23:30:00+00:00
5548,12.9135218,77.5950804,no2,8.62,2019-07-12T23:45:00+00:00
5548,12.9135218,77.5950804,no2,8.66,2019-07-13T00:00:00+00:00
5548,12.9135218,77.5950804,no2,9.36,2019-07-13T00:15:00+00:00
5548,12.9135218,77.5950804,no2,9.61,2019-07-13T00:30:00+00:00
5548,12.9135218,77.5950804,no2,10.03,2019-07-13T00:45:00+00:00
5548,12.9135218,77.5950804,no2,9.39,2019-07-13T01:00:00+00:00
5548,12.9135218,77.5950804,no2,10.49,2019-07-13T01:15:00+00:00
5548,12.9135218,77.5950804,no2,14.04,2019-07-13T01:30:00+00:00
5548,12.9135218,77.5950804,no2,14.8,2019-07-13T01:45:00+00:00
5548,12.9135218,77.5950804,no2,15.28,2019-07-13T02:00:00+00:00
5548,12.9135218,77.5950804,no2,13.97,2019-07-13T02:15:00+00:00
5548,12.9135218,77.5950804,no2,13.27,2019-07-13T02:30:00+00:00
5548,12.9135218,77.5950804,no2,17.28,2019-07-13T02:45:00+00:00
5548,12.9135218,77.5950804,no2,13.78,2019-07-13T03:00:00+00:00
5548,12.9135218,77.5950804,no2,13.3,2019-07-13T03:15:00+00:00
5548,12.9135218,77.5950804,no2,10.59,2019-07-13T03:30:00+00:00
5548,12.9135218,77.5950804,no2,10.27,2019-07-13T03:45:00+00:00
5548,12.9135218,77.5950804,no2,12.07,2019-07-13T04:00:00+00:00
5548,12.9135218,77.5950804,no2,11.81,2019-07-13T04:15:00+00:00
5548,12.9135218,77.5950804,no2,9.9,2019-07-13T04:30:00+00:00
5548,12.9135218,77.5950804,no2,11.23,2019-07-13T04:45:00+00:00
5548,12.9135218,77.5950804,no2,13.88,2019-07-13T05:00:00+00:00
5548,12.9135218,77.5950804,no2,10.35,2019-07-13T05:15:00+00:00
5548,12.9135218,77.5950804,no2,9.44,2019-07-13T05:30:00+00:00
5548,12.9135218,77.5950804,no2,15.41,2019-07-13T05:45:00+00:00
5548,12.9135218,77.5950804,no2,14.56,2019-07-13T06:00:00+00:00
5548,12.9135218,77.5950804,no2,14.87,2019-07-13T06:15:00+00:00
5548,12.9135218,77.5950804,no2,15.36,2019-07-13T06:30:00+00:00
5548,12.9135218,77.5950804,no2,19.7,2019-07-13T06:45:00+00:00
5548,12.9135218,77.5950804,no2,16.8,2019-07-13T07:00:00+00:00
5548,12.9135218,77.5950804,no2,24.34,2019-07-13T07:15:00+00:00
5548,12.9135218,77.5950804,no2,18.94,2019-07-13T07:30:00+00:00
5548,12.9135218,77.5950804,no2,13.82,2019-07-13T07:45:00+00:00
5548,12.9135218,77.5950804,no2,14.21,2019-07-13T08:00:00+00:00
5548,12.9135218,77.5950804,no2,10.03,2019-07-13T08:15:00+00:00
5548,12.9135218,77.5950804,no2,8.87,2019-07-13T08:30:00+00:00
5548,12.9135218,77.5950804,no2,9.82,2019-07-13T08:45:00+00:00
5548,12.9135218,77.5950804,no2,8.45,2019-07-13T09:00:00+00:00
5548,12.9135218,77.5950804,no2,10.0,2019-07-13T09:15:00+00:00
5548,12.9135218,77.5950804,no2,9.82,2019-07-13T09:30:00+00:00
5548,12.9135218,77.5950804,no2,11.94,2019-07-13T09:45:00+00:00
5548,12.9135218,77.5950804,no2,21.1,2019-07-13T10:00:00+00:00
5548,12.9135218,77.5950804,no2,12.57,2019-07-13T10:15:00+00:00
5548,12.9135218,77.5950804,no2,12.56,2019-07-13T10:30:00+00:00
5548,12.9135218,77.5950804,no2,16.57,2019-07-13T10:45:00+00:00
5548,12.9135218,77.5950804,no2,8.94,2019-07-13T11:00:00+00:00
5548,12.9135218,77.5950804,no2,9.18,2019-07-13T11:15:00+00:00
5548,12.9135218,77.5950804,no2,13.95,2019-07-13T11:30:00+00:00
5548,12.9135218,77.5950804,no2,12.2,2019-07-13T11:45:00+00:00
5548,12.9135218,77.5950804,no2,12.68,2019-07-13T12:00:00+00:00
5548,12.9135218,77.5950804,no2,11.73,2019-07-13T12:15:00+00:00
5548,12.9135218,77.5950804,no2,13.97,2019-07-13T12:30:00+00:00
5548,12.9135218,77.5950804,no2,15.86,2019-07-13T12:45:00+00:00
5548,12.9135218,77.5950804,no2,20.57,2019-07-13T13:00:00+00:00
5548,12.9135218,77.5950804,no2,16.38,2019-07-13T13:15:00+00:00
5548,12.9135218,77.5950804,no2,17.72,2019-07-13T13:30:00+00:00
5548,12.9135218,77.5950804,no2,22.65,2019-07-13T13:45:00+00:00
5548,12.9135218,77.5950804,no2,23.73,2019-07-13T14:00:00+00:00
5548,12.9135218,77.5950804,no2,23.3,2019-07-13T14:15:00+00:00
5548,12.9135218,77.5950804,no2,24.05,2019-07-13T14:30:00+00:00
5548,12.9135218,77.5950804,no2,18.84,2019-07-13T14:45:00+00:00
5548,12.9135218,77.5950804,no2,21.71,2019-07-13T15:00:00+00:00
5548,12.9135218,77.5950804,no2,15.58,2019-07-13T15:15:00+00:00
5548,12.9135218,77.5950804,no2,13.01,2019-07-13T15:30:00+00:00
5548,12.9135218,77.5950804,no2,14.53,2019-07-13T15:45:00+00:00
5548,12.9135218,77.5950804,no2,14.29,2019-07-13T16:00:00+00:00
5548,12.9135218,77.5950804,no2,15.76,2019-07-13T16:15:00+00:00
5548,12.9135218,77.5950804,no2,18.67,2019-07-13T16:30:00+00:00
5548,12.9135218,77.5950804,no2,14.46,2019-07-13T16:45:00+00:00
5548,12.9135218,77.5950804,no2,15.33,2019-07-13T17:00:00+00:00
5548,12.9135218,77.5950804,no2,15.55,2019-07-13T17:15:00+00:00
5548,12.9135218,77.5950804,no2,12.95,2019-07-13T17:30:00+00:00
5548,12.9135218,77.5950804,no2,12.29,2019-07-13T17:45:00+00:00
5548,12.9135218,77.5950804,no2,13.06,2019-07-13T18:00:00+00:00
5548,12.9135218,77.5950804,no2,12.78,2019-07-13T18:15:00+00:00
5548,12.9135218,77.5950804,no2,12.69,2019-07-13T18:30:00+00:00
5548,12.9135218,77.5950804,so2,2.8,2019-07-12T18:45:00+00:00
5548,12.9135218,77.5950804,so2,2.54,2019-07-12T19:00:00+00:00
5548,12.9135218,77.5950804,so2,2.47,2019-07-12T19:15:00+00:00
5548,12.9135218,77.5950804,so2,4.56,2019-07-12T19:30:00+00:00
5548,12.9135218,77.5950804,so2,6.59,2019-07-12T19:45:00+00:00
5548,12.9135218,77.5950804,so2,7.57,2019-07-12T20:00:00+00:00
5548,12.9135218,77.5950804,so2,6.03,2019-07-12T20:15:00+00:00
5548,12.9135218,77.5950804,so2,7.41,2019-07-12T20:30:00+00:00
5548,12.9135218,77.5950804,so2,6.07,2019-07-12T20:45:00+00:00
5548,12.9135218,77.5950804,so2,6.78,2019-07-12T21:00:00+00:00
5548,12.9135218,77.5950804,so2,8.53,2019-07-12T21:15:00+00:00
5548,12.9135218,77.5950804,so2,7.99,2019-07-12T21:30:00+00:00
5548,12.9135218,77.5950804,so2,10.92,2019-07-12T21:45:00+00:00
5548,12.9135218,77.5950804,so2,8.52,2019-07-12T22:00:00+00:00
5548,12.9135218,77.5950804,so2,6.66,2019-07-12T22:15:00+00:00
5548,12.9135218,77.5950804,so2,6.6,2019-07-12T22:30:00+00:00
5548,12.9135218,77.5950804,so2,8.75,2019-07-12T22:45:00+00:00
5548,12.9135218,77.5950804,so2,5.86,2019-07-12T23:00:00+00:00
5548,12.9135218,77.5950804,so2,6.63,2019-07-12T23:15:00+00:00
5548,12.9135218,77.5950804,so2,6.43,2019-07-12T23:30:00+00:00
5548,12.9135218,77.5950804,so2,4.68,2019-07-12T23:45:00+00:00
5548,12.9135218,77.5950804,so2,4.2,2019-07-13T00:00:00+00:00
5548,12.9135218,77.5950804,so2,5.31,2019-07-13T00:15:00+00:00
5548,12.9135218,77.5950804,so2,3.84,2019-07-13T00:30:00+00:00
5548,12.9135218,77.5950804,so2,4.18,2019-07-13T00:45:00+00:00
5548,12.9135218,77.5950804,so2,4.67,2019-07-13T01:00:00+00:00
5548,12.9135218,77.5950804,so2,4.33,2019-07-13T01:15:00+00:00
5548,12.9135218,77.5950804,so2,6.07,2019-07-13T01:30:00+00:00
5548,12.9135218,77.5950804,so2,3.92,2019-07-13T01:45:00+00:00
5548,12.9135218,77.5950804,so2,3.49,2019-07-13T02:00:00+00:00
5548,12.9135218,77.5950804,so2,4.69,2019-07-13T02:15:00+00:00
5548,12.9135218,77.5950804,so2,4.81,2019-07-13T02:30:00+00:00
5548,12.9135218,77.5950804,so2,3.58,2019-07-13T02:45:00+00:00
5548,12.9135218,77.5950804,so2,2.62,2019-07-13T03:00:00+00:00
5548,12.9135218,77.5950804,so2,3.0,2019-07-13T03:15:00+00:00
5548,12.9135218,77.5950804,so2,4.94,2019-07-13T03:30:00+00:00
5548,12.9135218,77.5950804,so2,4.26,2019-07-13T03:45:00+00:00
5548,12.9135218,77.5950804,so2,4.07,2019-07-13T04:00:00+00:00
5548,12.9135218,77.5950804,so2,2.48,2019-07-13T04:15:00+00:00
5548,12.9135218,77.5950804,so2,3.24,2019-07-13T04:30:00+00:00
5548,12.9135218,77.5950804,so2,2.37,2019-07-13T04:45:00+00:00
5548,12.9135218,77.5950804,so2,2.38,2019-07-13T05:00:00+00:00
5548,12.9135218,77.5950804,so2,3.0,2019-07-13T05:15:00+00:00
5548,12.9135218,77.5950804,so2,2.33,2019-07-13T05:30:00+00:00
5548,12.9135218,77.5950804,so2,2.58,2019-07-13T05:45:00+00:00
5548,12.9135218,77.5950804,so2,2.88,2019-07-13T06:00:00+00:00
5548,12.9135218,77.5950804,so2,2.25,2019-07-13T06:15:00+00:00
5548,12.9135218,77.5950804,so2,2.74,2019-07-13T06:30:00+00:00
5548,12.9135218,77.5950804,so2,2.01,2019-07-13T06:45:00+00:00
5548,12.9135218,77.5950804,so2,2.1,2019-07-13T07:00:00+00:00
5548,12.9135218,77.5950804,so2,2.11,2019-07-13T07:15:00+00:00
5548,12.9135218,77.5950804,so2,5.57,2019-07-13T07:30:00+00:00
5548,12.9135218,77.5950804,so2,4.06,2019-07-13T07:45:00+00:00
5548,12.9135218,77.5950804,so2,3.86,2019-07-13T08:00:00+00:00
5548,12.9135218,77.5950804,so2,2.58,2019-07-13T08:15:00+00:00
5548,12.9135218,77.5950804,so2,5.84,2019-07-13T08:30:00+00:00
5548,12.9135218,77.5950804,so2,5.94,2019-07-13T08:45:00+00:00
5548,12.9135218,77.5950804,so2,3.4,2019-07-13T09:00:00+00:00
5548,12.9135218,77.5950804,so2,4.12,2019-07-13T09:15:00+00:00
5548,12.9135218,77.5950804,so2,2.35,2019-07-13T09:30:00+00:00
5548,12.9135218,77.5950804,so2,3.24,2019-07-13T09:45:00+00:00
5548,12.9135218,77.5950804,so2,3.03,2019-07-13T10:00:00+00:00
5548,12.9135218,77.5950804,so2,3.45,2019-07-13T10:15:00+00:00
5548,12.9135218,77.5950804,so2,4.99,2019-07-13T10:30:00+00:00
5548,12.9135218,77.5950804,so2,2.36,2019-07-13T10:45:00+00:00
5548,12.9135218,77.5950804,so2,2.39,2019-07-13T11:00:00+00:00
5548,12.9135218,77.5950804,so2,4.48,2019-07-13T11:15:00+00:00
5548,12.9135218,77.5950804,so2,4.71,2019-07-13T11:30:00+00:00
5548,12.9135218,77.5950804,so2,3.68,2019-07-13T11:45:00+00:00
5548,12.9135218,77.5950804,so2,3.79,2019-07-13T12:00:00+00:00
5548,12.9135218,77.5950804,so2,4.84,2019-07-13T12:15:00+00:00
5548,12.9135218,77.5950804,so2,5.68,2019-07-13T12:30:00+00:00
5548,12.9135218,77.5950804,so2,5.19,2019-07-13T12:45:00+00:00
5548,12.9135218,77.5950804,so2,5.96,2019-07-13T13:00:00+00:00
5548,12.9135218,77.5950804,so2,6.24,2019-07-13T13:15:00+00:00
5548,12.9135218,77.5950804,so2,3.22,2019-07-13T13:30:00+00:00
5548,12.9135218,77.5950804,so2,2.41,2019-07-13T13:45:00+00:00
5548,12.9135218,77.5950804,so2,3.01,2019-07-13T14:00:00+00:00
5548,12.9135218,77.5950804,so2,2.1,2019-07-13T14:15:00+00:00
5548,12.9135218,77.5950804,so2,4.53,2019-07-13T14:30:00+00:00
5548,12.9135218,77.5950804,so2,3.44,2019-07-13T14:45:00+00:00
5548,12.9135218,77.5950804,so2,3.57,2019-07-13T15:00:00+00:00
5548,12.9135218,77.5950804,so2,4.89,2019-07-13T15:15:00+00:00
5548,12.9135218,77.5950804,so2,3.66,2019-07-13T15:30:00+00:00
5548,12.9135218,77.5950804,so2,3.46,2019-07-13T15:45:00+00:00
5548,12.9135218,77.5950804,so2,3.75,2019-07-13T16:00:00+00:00
5548,12.9135218,77.5950804,so2,2.73,2019-07-13T16:15:00+00:00
5548,12.9135218,77.5950804,so2,7.4,2019-07-13T16:30:00+00:00
5548,12.9135218,77.5950804,so2,6.75,2019-07-13T16:45:00+00:00
5548,12.9135218,77.5950804,so2,4.9,2019-07-13T17:00:00+00:00
5548,12.9135218,77.5950804,so2,5.43,2019-07-13T17:15:00+00:00
5548,12.9135218,77.5950804,so2,5.0,2019-07-13T17:30:00+00:00
5548,12.9135218,77.5950804,so2,3.63,2019-07-13T17:45:00+00:00
5548,12.9135218,77.5950804,so2,5.61,2019-07-13T18:00:00+00:00
5548,12.9135218,77.5950804,so2,4.18,2019-07-13T18:15:00+00:00
5548,12.9135218,77.5950804,so2,3.87,2019-07-13T18:30:00+00:00
5548,12.9135218,77.5950804,pm25,17.43,2019-07-13T18:45:00+00:00
5548,12.9135218,77.5950804,pm25,16.59,2019-07-13T19:00:00+00:00
5548,12.9135218,77.5950804,pm25,16.59,2019-07-13T19:15:00+00:00
5548,12.9135218,77.5950804,pm25,16.59,2019-07-13T19:30:00+00:00
5548,12.9135218,77.5950804,pm25,11.49,2019-07-13T19:45:00+00:00
5548,12.9135218,77.5950804,pm25,11.13,2019-07-13T20:00:00+00:00
5548,12.9135218,77.5950804,pm25,11.13,2019-07-13T20:15:00+00:00
5548,12.9135218,77.5950804,pm25,11.13,2019-07-13T20:30:00+00:00
5548,12.9135218,77.5950804,pm25,8.61,2019-07-13T20:45:00+00:00
5548,12.9135218,77.5950804,pm25,8.4,2019-07-13T21:15:00+00:00
5548,12.9135218,77.5950804,pm25,8.4,2019-07-13T21:30:00+00:00
5548,12.9135218,77.5950804,pm25,7.15,2019-07-13T21:45:00+00:00
5548,12.9135218,77.5950804,pm25,7.03,2019-07-13T22:00:00+00:00
5548,12.9135218,77.5950804,pm25,7.03,2019-07-13T22:15:00+00:00
5548,12.9135218,77.5950804,pm25,7.03,2019-07-13T22:30:00+00:00
5548,12.9135218,77.5950804,pm25,6.4,2019-07-13T22:45:00+00:00
5548,12.9135218,77.5950804,pm25,6.36,2019-07-13T23:00:00+00:00
5548,12.9135218,77.5950804,pm25,6.36,2019-07-13T23:15:00+00:00
5548,12.9135218,77.5950804,pm25,6.36,2019-07-13T23:30:00+00:00
5548,12.9135218,77.5950804,pm25,35.76,2019-07-13T23:45:00+00:00
5548,12.9135218,77.5950804,pm25,37.86,2019-07-14T00:00:00+00:00
5548,12.9135218,77.5950804,pm25,37.86,2019-07-14T00:15:00+00:00
5548,12.9135218,77.5950804,pm25,37.86,2019-07-14T00:30:00+00:00
5548,12.9135218,77.5950804,pm25,31.75,2019-07-14T00:45:00+00:00
5548,12.9135218,77.5950804,pm25,31.32,2019-07-14T01:00:00+00:00
5548,12.9135218,77.5950804,pm25,31.32,2019-07-14T01:15:00+00:00
5548,12.9135218,77.5950804,pm25,31.32,2019-07-14T01:30:00+00:00
5548,12.9135218,77.5950804,pm25,29.79,2019-07-14T01:45:00+00:00
5548,12.9135218,77.5950804,pm25,29.68,2019-07-14T02:00:00+00:00
5548,12.9135218,77.5950804,pm25,29.68,2019-07-14T02:15:00+00:00
5548,12.9135218,77.5950804,pm25,29.68,2019-07-14T02:30:00+00:00
5548,12.9135218,77.5950804,pm25,20.37,2019-07-14T02:45:00+00:00
5548,12.9135218,77.5950804,pm25,19.71,2019-07-14T03:00:00+00:00
5548,12.9135218,77.5950804,pm25,19.71,2019-07-14T03:15:00+00:00
5548,12.9135218,77.5950804,pm25,19.71,2019-07-14T03:30:00+00:00
5548,12.9135218,77.5950804,pm25,33.52,2019-07-14T03:45:00+00:00
5548,12.9135218,77.5950804,pm25,34.51,2019-07-14T04:00:00+00:00
5548,12.9135218,77.5950804,pm25,24.11,2019-07-14T04:45:00+00:00
5548,12.9135218,77.5950804,pm25,23.23,2019-07-14T05:00:00+00:00
5548,12.9135218,77.5950804,pm25,23.23,2019-07-14T05:15:00+00:00
5548,12.9135218,77.5950804,pm25,23.23,2019-07-14T05:30:00+00:00
5548,12.9135218,77.5950804,pm25,42.26,2019-07-14T05:45:00+00:00
5548,12.9135218,77.5950804,pm25,43.87,2019-07-14T06:00:00+00:00
5548,12.9135218,77.5950804,pm25,43.87,2019-07-14T06:15:00+00:00
5548,12.9135218,77.5950804,pm25,43.87,2019-07-14T06:30:00+00:00
5548,12.9135218,77.5950804,pm25,29.08,2019-07-14T06:45:00+00:00
5548,12.9135218,77.5950804,pm25,27.84,2019-07-14T07:00:00+00:00
5548,12.9135218,77.5950804,pm25,27.84,2019-07-14T07:15:00+00:00
5548,12.9135218,77.5950804,pm25,27.84,2019-07-14T07:30:00+00:00
5548,12.9135218,77.5950804,pm25,19.79,2019-07-14T07:45:00+00:00
5548,12.9135218,77.5950804,pm25,19.21,2019-07-14T08:00:00+00:00
5548,12.9135218,77.5950804,pm25,19.21,2019-07-14T08:15:00+00:00
5548,12.9135218,77.5950804,pm25,19.21,2019-07-14T08:30:00+00:00
5548,12.9135218,77.5950804,pm25,23.54,2019-07-14T08:45:00+00:00
5548,12.9135218,77.5950804,pm25,23.91,2019-07-14T09:00:00+00:00
5548,12.9135218,77.5950804,pm25,23.91,2019-07-14T09:15:00+00:00
5548,12.9135218,77.5950804,pm25,23.91,2019-07-14T09:30:00+00:00
5548,12.9135218,77.5950804,pm25,16.48,2019-07-14T09:45:00+00:00
5548,12.9135218,77.5950804,pm25,15.85,2019-07-14T10:00:00+00:00
5548,12.9135218,77.5950804,pm25,15.85,2019-07-14T10:15:00+00:00
5548,12.9135218,77.5950804,pm25,15.85,2019-07-14T10:30:00+00:00
5548,12.9135218,77.5950804,pm25,25.85,2019-07-14T10:45:00+00:00
5548,12.9135218,77.5950804,pm25,26.7,2019-07-14T11:00:00+00:00
5548,12.9135218,77.5950804,pm25,26.7,2019-07-14T11:15:00+00:00
5548,12.9135218,77.5950804,pm25,26.7,2019-07-14T11:30:00+00:00
5548,12.9135218,77.5950804,pm25,18.42,2019-07-14T11:45:00+00:00
5548,12.9135218,77.5950804,pm25,17.73,2019-07-14T12:00:00+00:00
5548,12.9135218,77.5950804,pm25,17.73,2019-07-14T12:15:00+00:00
5548,12.9135218,77.5950804,pm25,17.73,2019-07-14T12:30:00+00:00
5548,12.9135218,77.5950804,pm25,29.57,2019-07-14T12:45:00+00:00
5548,12.9135218,77.5950804,pm25,30.57,2019-07-14T13:00:00+00:00
5548,12.9135218,77.5950804,pm25,30.57,2019-07-14T13:15:00+00:00
5548,12.9135218,77.5950804,pm25,30.57,2019-07-14T13:30:00+00:00
5548,12.9135218,77.5950804,pm25,39.69,2019-07-14T13:45:00+00:00
5548,12.9135218,77.5950804,pm25,40.47,2019-07-14T14:00:00+00:00
5548,12.9135218,77.5950804,pm25,40.47,2019-07-14T14:15:00+00:00
5548,12.9135218,77.5950804,pm25,40.47,2019-07-14T14:30:00+00:00
5548,12.9135218,77.5950804,pm25,39.12,2019-07-14T14:45:00+00:00
5548,12.9135218,77.5950804,pm25,39.01,2019-07-14T15:00:00+00:00
5548,12.9135218,77.5950804,pm25,39.01,2019-07-14T15:15:00+00:00
5548,12.9135218,77.5950804,pm25,39.01,2019-07-14T15:30:00+00:00
5548,12.9135218,77.5950804,pm25,26.21,2019-07-14T15:45:00+00:00
5548,12.9135218,77.5950804,pm25,25.12,2019-07-14T16:00:00+00:00
5548,12.9135218,77.5950804,pm25,25.12,2019-07-14T16:15:00+00:00
5548,12.9135218,77.5950804,pm25,25.12,2019-07-14T16:30:00+00:00
5548,12.9135218,77.5950804,pm25,18.16,2019-07-14T16:45:00+00:00
5548,12.9135218,77.5950804,pm25,17.58,2019-07-14T17:00:00+00:00
5548,12.9135218,77.5950804,pm25,17.58,2019-07-14T17:15:00+00:00
5548,12.9135218,77.5950804,pm25,17.58,2019-07-14T17:30:00+00:00
5548,12.9135218,77.5950804,pm25,13.41,2019-07-14T17:45:00+00:00
5548,12.9135218,77.5950804,pm25,13.06,2019-07-14T18:00:00+00:00
5548,12.9135218,77.5950804,pm25,13.06,2019-07-14T18:15:00+00:00
5548,12.9135218,77.5950804,pm25,13.06,2019-07-14T18:30:00+00:00
5548,12.9135218,77.5950804,co,1.04,2019-07-13T18:45:00+00:00
5548,12.9135218,77.5950804,co,0.64,2019-07-13T19:00:00+00:00
5548,12.9135218,77.5950804,co,0.44,2019-07-13T19:15:00+00:00
5548,12.9135218,77.5950804,co,0.53,2019-07-13T19:30:00+00:00
5548,12.9135218,77.5950804,co,0.51,2019-07-13T19:45:00+00:00
5548,12.9135218,77.5950804,co,0.74,2019-07-13T20:00:00+00:00
5548,12.9135218,77.5950804,co,0.76,2019-07-13T20:15:00+00:00
5548,12.9135218,77.5950804,co,0.85,2019-07-13T20:30:00+00:00
5548,12.9135218,77.5950804,co,0.68,2019-07-13T20:45:00+00:00
5548,12.9135218,77.5950804,co,0.49,2019-07-13T21:15:00+00:00
5548,12.9135218,77.5950804,co,0.53,2019-07-13T21:30:00+00:00
5548,12.9135218,77.5950804,co,0.41,2019-07-13T21:45:00+00:00
5548,12.9135218,77.5950804,co,0.44,2019-07-13T22:00:00+00:00
5548,12.9135218,77.5950804,co,0.58,2019-07-13T22:15:00+00:00
5548,12.9135218,77.5950804,co,0.63,2019-07-13T22:30:00+00:00
5548,12.9135218,77.5950804,co,0.57,2019-07-13T22:45:00+00:00
5548,12.9135218,77.5950804,co,0.57,2019-07-13T23:00:00+00:00
5548,12.9135218,77.5950804,co,0.86,2019-07-13T23:15:00+00:00
5548,12.9135218,77.5950804,co,0.78,2019-07-13T23:30:00+00:00
5548,12.9135218,77.5950804,co,0.98,2019-07-13T23:45:00+00:00
5548,12.9135218,77.5950804,co,0.65,2019-07-14T00:00:00+00:00
5548,12.9135218,77.5950804,co,0.78,2019-07-14T00:15:00+00:00
5548,12.9135218,77.5950804,co,0.79,2019-07-14T00:30:00+00:00
5548,12.9135218,77.5950804,co,0.87,2019-07-14T00:45:00+00:00
5548,12.9135218,77.5950804,co,0.51,2019-07-14T01:00:00+00:00
5548,12.9135218,77.5950804,co,0.56,2019-07-14T01:15:00+00:00
5548,12.9135218,77.5950804,co,0.67,2019-07-14T01:30:00+00:00
5548,12.9135218,77.5950804,co,0.58,2019-07-14T01:45:00+00:00
5548,12.9135218,77.5950804,co,0.45,2019-07-14T02:00:00+00:00
5548,12.9135218,77.5950804,co,0.38,2019-07-14T02:15:00+00:00
5548,12.9135218,77.5950804,co,0.51,2019-07-14T02:30:00+00:00
5548,12.9135218,77.5950804,co,0.57,2019-07-14T02:45:00+00:00
5548,12.9135218,77.5950804,co,1.23,2019-07-14T03:00:00+00:00
5548,12.9135218,77.5950804,co,0.99,2019-07-14T03:15:00+00:00
5548,12.9135218,77.5950804,co,0.95,2019-07-14T03:30:00+00:00
5548,12.9135218,77.5950804,co,1.09,2019-07-14T03:45:00+00:00
5548,12.9135218,77.5950804,co,0.8,2019-07-14T04:00:00+00:00
5548,12.9135218,77.5950804,co,1.0,2019-07-14T04:45:00+00:00
5548,12.9135218,77.5950804,co,1.0,2019-07-14T05:00:00+00:00
5548,12.9135218,77.5950804,co,1.06,2019-07-14T05:15:00+00:00
5548,12.9135218,77.5950804,co,1.1,2019-07-14T05:30:00+00:00
5548,12.9135218,77.5950804,co,1.06,2019-07-14T05:45:00+00:00
5548,12.9135218,77.5950804,co,0.6,2019-07-14T06:00:00+00:00
5548,12.9135218,77.5950804,co,0.63,2019-07-14T06:15:00+00:00
5548,12.9135218,77.5950804,co,0.73,2019-07-14T06:30:00+00:00
5548,12.9135218,77.5950804,co,0.91,2019-07-14T06:45:00+00:00
5548,12.9135218,77.5950804,co,0.54,2019-07-14T07:00:00+00:00
5548,12.9135218,77.5950804,co,0.62,2019-07-14T07:15:00+00:00
5548,12.9135218,77.5950804,co,0.46,2019-07-14T07:30:00+00:00
5548,12.9135218,77.5950804,co,0.53,2019-07-14T07:45:00+00:00
5548,12.9135218,77.5950804,co,0.79,2019-07-14T08:00:00+00:00
5548,12.9135218,77.5950804,co,0.78,2019-07-14T08:15:00+00:00
5548,12.9135218,77.5950804,co,0.97,2019-07-14T08:30:00+00:00
5548,12.9135218,77.5950804,co,0.71,2019-07-14T08:45:00+00:00
5548,12.9135218,77.5950804,co,0.47,2019-07-14T09:00:00+00:00
5548,12.9135218,77.5950804,co,0.49,2019-07-14T09:15:00+00:00
5548,12.9135218,77.5950804,co,0.48,2019-07-14T09:30:00+00:00
5548,12.9135218,77.5950804,co,0.42,2019-07-14T09:45:00+00:00
5548,12.9135218,77.5950804,co,0.84,2019-07-14T10:00:00+00:00
5548,12.9135218,77.5950804,co,0.87,2019-07-14T10:15:00+00:00
5548,12.9135218,77.5950804,co,0.61,2019-07-14T10:30:00+00:00
5548,12.9135218,77.5950804,co,0.79,2019-07-14T10:45:00+00:00
5548,12.9135218,77.5950804,co,0.41,2019-07-14T11:00:00+00:00
5548,12.9135218,77.5950804,co,0.49,2019-07-14T11:15:00+00:00
5548,12.9135218,77.5950804,co,0.64,2019-07-14T11:30:00+00:00
5548,12.9135218,77.5950804,co,0.72,2019-07-14T11:45:00+00:00
5548,12.9135218,77.5950804,co,0.72,2019-07-14T12:00:00+00:00
5548,12.9135218,77.5950804,co,0.67,2019-07-14T12:15:00+00:00
5548,12.9135218,77.5950804,co,0.91,2019-07-14T12:30:00+00:00
5548,12.9135218,77.5950804,co,0.69,2019-07-14T12:45:00+00:00
5548,12.9135218,77.5950804,co,1.03,2019-07-14T13:00:00+00:00
5548,12.9135218,77.5950804,co,1.22,2019-07-14T13:15:00+00:00
5548,12.9135218,77.5950804,co,1.22,2019-07-14T13:30:00+00:00
5548,12.9135218,77.5950804,co,1.26,2019-07-14T13:45:00+00:00
5548,12.9135218,77.5950804,co,0.74,2019-07-14T14:00:00+00:00
5548,12.9135218,77.5950804,co,0.61,2019-07-14T14:15:00+00:00
5548,12.9135218,77.5950804,co,0.46,2019-07-14T14:30:00+00:00
5548,12.9135218,77.5950804,co,0.55,2019-07-14T14:45:00+00:00
5548,12.9135218,77.5950804,co,0.68,2019-07-14T15:00:00+00:00
5548,12.9135218,77.5950804,co,0.67,2019-07-14T15:15:00+00:00
5548,12.9135218,77.5950804,co,0.71,2019-07-14T15:30:00+00:00
5548,12.9135218,77.5950804,co,0.74,2019-07-14T15:45:00+00:00
5548,12.9135218,77.5950804,co,0.62,2019-07-14T16:00:00+00:00
5548,12.9135218,77.5950804,co,0.56,2019-07-14T16:15:00+00:00
5548,12.9135218,77.5950804,co,0.54,2019-07-14T16:30:00+00:00
5548,12.9135218,77.5950804,co,0.29,2019-07-14T16:45:00+00:00
5548,12.9135218,77.5950804,co,1.09,2019-07-14T17:00:00+00:00
5548,12.9135218,77.5950804,co,1.14,2019-07-14T17:15:00+00:00
5548,12.9135218,77.5950804,co,0.84,2019-07-14T17:30:00+00:00
5548,12.9135218,77.5950804,co,1.06,2019-07-14T17:45:00+00:00
5548,12.9135218,77.5950804,co,0.69,2019-07-14T18:00:00+00:00
5548,12.9135218,77.5950804,co,0.64,2019-07-14T18:15:00+00:00
5548,12.9135218,77.5950804,co,0.63,2019-07-14T18:30:00+00:00
5548,12.9135218,77.5950804,no2,11.44,2019-07-13T18:45:00+00:00
5548,12.9135218,77.5950804,no2,10.24,2019-07-13T19:00:00+00:00
5548,12.9135218,77.5950804,no2,8.82,2019-07-13T19:15:00+00:00
5548,12.9135218,77.5950804,no2,8.94,2019-07-13T19:30:00+00:00
5548,12.9135218,77.5950804,no2,8.5,2019-07-13T19:45:00+00:00
5548,12.9135218,77.5950804,no2,8.64,2019-07-13T20:00:00+00:00
5548,12.9135218,77.5950804,no2,9.36,2019-07-13T20:15:00+00:00
5548,12.9135218,77.5950804,no2,9.48,2019-07-13T20:30:00+00:00
5548,12.9135218,77.5950804,no2,6.96,2019-07-13T20:45:00+00:00
5548,12.9135218,77.5950804,no2,8.93,2019-07-13T21:15:00+00:00
5548,12.9135218,77.5950804,no2,8.48,2019-07-13T21:30:00+00:00
5548,12.9135218,77.5950804,no2,7.77,2019-07-13T21:45:00+00:00
5548,12.9135218,77.5950804,no2,7.36,2019-07-13T22:00:00+00:00
5548,12.9135218,77.5950804,no2,7.88,2019-07-13T22:15:00+00:00
5548,12.9135218,77.5950804,no2,7.74,2019-07-13T22:30:00+00:00
5548,12.9135218,77.5950804,no2,8.28,2019-07-13T22:45:00+00:00
5548,12.9135218,77.5950804,no2,7.59,2019-07-13T23:00:00+00:00
5548,12.9135218,77.5950804,no2,7.57,2019-07-13T23:15:00+00:00
5548,12.9135218,77.5950804,no2,8.09,2019-07-13T23:30:00+00:00
5548,12.9135218,77.5950804,no2,8.04,2019-07-13T23:45:00+00:00
5548,12.9135218,77.5950804,no2,8.75,2019-07-14T00:00:00+00:00
5548,12.9135218,77.5950804,no2,8.99,2019-07-14T00:15:00+00:00
5548,12.9135218,77.5950804,no2,9.39,2019-07-14T00:30:00+00:00
5548,12.9135218,77.5950804,no2,10.53,2019-07-14T00:45:00+00:00
5548,12.9135218,77.5950804,no2,10.31,2019-07-14T01:00:00+00:00
5548,12.9135218,77.5950804,no2,10.41,2019-07-14T01:15:00+00:00
5548,12.9135218,77.5950804,no2,9.22,2019-07-14T01:30:00+00:00
5548,12.9135218,77.5950804,no2,9.78,2019-07-14T01:45:00+00:00
5548,12.9135218,77.5950804,no2,9.72,2019-07-14T02:00:00+00:00
5548,12.9135218,77.5950804,no2,9.38,2019-07-14T02:15:00+00:00
5548,12.9135218,77.5950804,no2,9.66,2019-07-14T02:30:00+00:00
5548,12.9135218,77.5950804,no2,9.49,2019-07-14T02:45:00+00:00
5548,12.9135218,77.5950804,no2,10.7,2019-07-14T03:00:00+00:00
5548,12.9135218,77.5950804,no2,11.68,2019-07-14T03:15:00+00:00
5548,12.9135218,77.5950804,no2,10.23,2019-07-14T03:30:00+00:00
5548,12.9135218,77.5950804,no2,14.44,2019-07-14T03:45:00+00:00
5548,12.9135218,77.5950804,no2,17.97,2019-07-14T04:00:00+00:00
5548,12.9135218,77.5950804,no2,14.2,2019-07-14T04:45:00+00:00
5548,12.9135218,77.5950804,no2,12.78,2019-07-14T05:00:00+00:00
5548,12.9135218,77.5950804,no2,16.39,2019-07-14T05:15:00+00:00
5548,12.9135218,77.5950804,no2,16.09,2019-07-14T05:30:00+00:00
5548,12.9135218,77.5950804,no2,16.72,2019-07-14T05:45:00+00:00
5548,12.9135218,77.5950804,no2,14.74,2019-07-14T06:00:00+00:00
5548,12.9135218,77.5950804,no2,14.8,2019-07-14T06:15:00+00:00
5548,12.9135218,77.5950804,no2,17.51,2019-07-14T06:30:00+00:00
5548,12.9135218,77.5950804,no2,16.62,2019-07-14T06:45:00+00:00
5548,12.9135218,77.5950804,no2,17.26,2019-07-14T07:00:00+00:00
5548,12.9135218,77.5950804,no2,15.04,2019-07-14T07:15:00+00:00
5548,12.9135218,77.5950804,no2,17.28,2019-07-14T07:30:00+00:00
5548,12.9135218,77.5950804,no2,18.22,2019-07-14T07:45:00+00:00
5548,12.9135218,77.5950804,no2,14.1,2019-07-14T08:00:00+00:00
5548,12.9135218,77.5950804,no2,12.75,2019-07-14T08:15:00+00:00
5548,12.9135218,77.5950804,no2,23.42,2019-07-14T08:30:00+00:00
5548,12.9135218,77.5950804,no2,14.02,2019-07-14T08:45:00+00:00
5548,12.9135218,77.5950804,no2,14.48,2019-07-14T09:00:00+00:00
5548,12.9135218,77.5950804,no2,17.49,2019-07-14T09:15:00+00:00
5548,12.9135218,77.5950804,no2,17.85,2019-07-14T09:30:00+00:00
5548,12.9135218,77.5950804,no2,16.72,2019-07-14T09:45:00+00:00
5548,12.9135218,77.5950804,no2,12.05,2019-07-14T10:00:00+00:00
5548,12.9135218,77.5950804,no2,18.62,2019-07-14T10:15:00+00:00
5548,12.9135218,77.5950804,no2,13.29,2019-07-14T10:30:00+00:00
5548,12.9135218,77.5950804,no2,17.73,2019-07-14T10:45:00+00:00
5548,12.9135218,77.5950804,no2,15.04,2019-07-14T11:00:00+00:00
5548,12.9135218,77.5950804,no2,15.85,2019-07-14T11:15:00+00:00
5548,12.9135218,77.5950804,no2,18.69,2019-07-14T11:30:00+00:00
5548,12.9135218,77.5950804,no2,21.99,2019-07-14T11:45:00+00:00
5548,12.9135218,77.5950804,no2,21.12,2019-07-14T12:00:00+00:00
5548,12.9135218,77.5950804,no2,19.94,2019-07-14T12:15:00+00:00
5548,12.9135218,77.5950804,no2,25.65,2019-07-14T12:30:00+00:00
5548,12.9135218,77.5950804,no2,26.63,2019-07-14T12:45:00+00:00
5548,12.9135218,77.5950804,no2,29.61,2019-07-14T13:00:00+00:00
5548,12.9135218,77.5950804,no2,31.52,2019-07-14T13:15:00+00:00
5548,12.9135218,77.5950804,no2,32.27,2019-07-14T13:30:00+00:00
5548,12.9135218,77.5950804,no2,24.93,2019-07-14T13:45:00+00:00
5548,12.9135218,77.5950804,no2,18.27,2019-07-14T14:00:00+00:00
5548,12.9135218,77.5950804,no2,15.86,2019-07-14T14:15:00+00:00
5548,12.9135218,77.5950804,no2,13.5,2019-07-14T14:30:00+00:00
5548,12.9135218,77.5950804,no2,13.38,2019-07-14T14:45:00+00:00
5548,12.9135218,77.5950804,no2,15.22,2019-07-14T15:00:00+00:00
5548,12.9135218,77.5950804,no2,21.62,2019-07-14T15:15:00+00:00
5548,12.9135218,77.5950804,no2,22.2,2019-07-14T15:30:00+00:00
5548,12.9135218,77.5950804,no2,18.61,2019-07-14T15:45:00+00:00
5548,12.9135218,77.5950804,no2,26.09,2019-07-14T16:00:00+00:00
5548,12.9135218,77.5950804,no2,22.47,2019-07-14T16:15:00+00:00
5548,12.9135218,77.5950804,no2,18.47,2019-07-14T16:30:00+00:00
5548,12.9135218,77.5950804,no2,16.75,2019-07-14T16:45:00+00:00
5548,12.9135218,77.5950804,no2,18.6,2019-07-14T17:00:00+00:00
5548,12.9135218,77.5950804,no2,22.51,2019-07-14T17:15:00+00:00
5548,12.9135218,77.5950804,no2,18.78,2019-07-14T17:30:00+00:00
5548,12.9135218,77.5950804,no2,17.55,2019-07-14T17:45:00+00:00
5548,12.9135218,77.5950804,no2,15.66,2019-07-14T18:00:00+00:00
5548,12.9135218,77.5950804,no2,12.47,2019-07-14T18:15:00+00:00
5548,12.9135218,77.5950804,no2,12.61,2019-07-14T18:30:00+00:00
5548,12.9135218,77.5950804,so2,3.0,2019-07-13T18:45:00+00:00
5548,12.9135218,77.5950804,so2,2.79,2019-07-13T19:00:00+00:00
5548,12.9135218,77.5950804,so2,2.76,2019-07-13T19:15:00+00:00
5548,12.9135218,77.5950804,so2,8.79,2019-07-13T19:30:00+00:00
5548,12.9135218,77.5950804,so2,8.57,2019-07-13T19:45:00+00:00
5548,12.9135218,77.5950804,so2,8.81,2019-07-13T20:00:00+00:00
5548,12.9135218,77.5950804,so2,8.02,2019-07-13T20:15:00+00:00
5548,12.9135218,77.5950804,so2,3.83,2019-07-13T20:30:00+00:00
5548,12.9135218,77.5950804,so2,2.0,2019-07-13T20:45:00+00:00
5548,12.9135218,77.5950804,so2,2.0,2019-07-13T21:15:00+00:00
5548,12.9135218,77.5950804,so2,2.13,2019-07-13T21:30:00+00:00
5548,12.9135218,77.5950804,so2,2.24,2019-07-13T21:45:00+00:00
5548,12.9135218,77.5950804,so2,2.0,2019-07-13T22:00:00+00:00
5548,12.9135218,77.5950804,so2,2.5,2019-07-13T22:15:00+00:00
5548,12.9135218,77.5950804,so2,6.0,2019-07-13T22:30:00+00:00
5548,12.9135218,77.5950804,so2,3.09,2019-07-13T22:45:00+00:00
5548,12.9135218,77.5950804,so2,3.48,2019-07-13T23:00:00+00:00
5548,12.9135218,77.5950804,so2,3.09,2019-07-13T23:15:00+00:00
5548,12.9135218,77.5950804,so2,7.91,2019-07-13T23:30:00+00:00
5548,12.9135218,77.5950804,so2,5.61,2019-07-13T23:45:00+00:00
5548,12.9135218,77.5950804,so2,7.15,2019-07-14T00:00:00+00:00
5548,12.9135218,77.5950804,so2,7.88,2019-07-14T00:15:00+00:00
5548,12.9135218,77.5950804,so2,5.82,2019-07-14T00:30:00+00:00
5548,12.9135218,77.5950804,so2,4.61,2019-07-14T00:45:00+00:00
5548,12.9135218,77.5950804,so2,6.89,2019-07-14T01:00:00+00:00
5548,12.9135218,77.5950804,so2,5.65,2019-07-14T01:15:00+00:00
5548,12.9135218,77.5950804,so2,4.85,2019-07-14T01:30:00+00:00
5548,12.9135218,77.5950804,so2,8.06,2019-07-14T01:45:00+00:00
5548,12.9135218,77.5950804,so2,7.24,2019-07-14T02:00:00+00:00
5548,12.9135218,77.5950804,so2,5.89,2019-07-14T02:15:00+00:00
5548,12.9135218,77.5950804,so2,6.76,2019-07-14T02:30:00+00:00
5548,12.9135218,77.5950804,so2,3.02,2019-07-14T02:45:00+00:00
5548,12.9135218,77.5950804,so2,2.84,2019-07-14T03:00:00+00:00
5548,12.9135218,77.5950804,so2,3.36,2019-07-14T03:15:00+00:00
5548,12.9135218,77.5950804,so2,4.38,2019-07-14T03:30:00+00:00
5548,12.9135218,77.5950804,so2,3.57,2019-07-14T03:45:00+00:00
5548,12.9135218,77.5950804,so2,3.99,2019-07-14T04:00:00+00:00
5548,12.9135218,77.5950804,so2,2.44,2019-07-14T04:45:00+00:00
5548,12.9135218,77.5950804,so2,2.91,2019-07-14T05:00:00+00:00
5548,12.9135218,77.5950804,so2,2.84,2019-07-14T05:15:00+00:00
5548,12.9135218,77.5950804,so2,2.66,2019-07-14T05:30:00+00:00
5548,12.9135218,77.5950804,so2,2.67,2019-07-14T05:45:00+00:00
5548,12.9135218,77.5950804,so2,3.43,2019-07-14T06:00:00+00:00
5548,12.9135218,77.5950804,so2,2.67,2019-07-14T06:15:00+00:00
5548,12.9135218,77.5950804,so2,6.55,2019-07-14T06:30:00+00:00
5548,12.9135218,77.5950804,so2,2.45,2019-07-14T06:45:00+00:00
5548,12.9135218,77.5950804,so2,4.02,2019-07-14T07:00:00+00:00
5548,12.9135218,77.5950804,so2,5.88,2019-07-14T07:15:00+00:00
5548,12.9135218,77.5950804,so2,4.95,2019-07-14T07:30:00+00:00
5548,12.9135218,77.5950804,so2,2.76,2019-07-14T07:45:00+00:00
5548,12.9135218,77.5950804,so2,2.4,2019-07-14T08:00:00+00:00
5548,12.9135218,77.5950804,so2,2.01,2019-07-14T08:15:00+00:00
5548,12.9135218,77.5950804,so2,2.56,2019-07-14T08:30:00+00:00
5548,12.9135218,77.5950804,so2,2.48,2019-07-14T08:45:00+00:00
5548,12.9135218,77.5950804,so2,3.07,2019-07-14T09:00:00+00:00
5548,12.9135218,77.5950804,so2,2.88,2019-07-14T09:15:00+00:00
5548,12.9135218,77.5950804,so2,4.99,2019-07-14T09:30:00+00:00
5548,12.9135218,77.5950804,so2,5.47,2019-07-14T09:45:00+00:00
5548,12.9135218,77.5950804,so2,8.18,2019-07-14T10:00:00+00:00
5548,12.9135218,77.5950804,so2,6.93,2019-07-14T10:15:00+00:00
5548,12.9135218,77.5950804,so2,5.74,2019-07-14T10:30:00+00:00
5548,12.9135218,77.5950804,so2,4.19,2019-07-14T10:45:00+00:00
5548,12.9135218,77.5950804,so2,3.46,2019-07-14T11:00:00+00:00
5548,12.9135218,77.5950804,so2,2.65,2019-07-14T11:15:00+00:00
5548,12.9135218,77.5950804,so2,5.97,2019-07-14T11:30:00+00:00
5548,12.9135218,77.5950804,so2,5.31,2019-07-14T11:45:00+00:00
5548,12.9135218,77.5950804,so2,5.47,2019-07-14T12:00:00+00:00
5548,12.9135218,77.5950804,so2,5.73,2019-07-14T12:15:00+00:00
5548,12.9135218,77.5950804,so2,6.61,2019-07-14T12:30:00+00:00
5548,12.9135218,77.5950804,so2,3.27,2019-07-14T12:45:00+00:00
5548,12.9135218,77.5950804,so2,7.42,2019-07-14T13:00:00+00:00
5548,12.9135218,77.5950804,so2,6.09,2019-07-14T13:15:00+00:00
5548,12.9135218,77.5950804,so2,4.38,2019-07-14T13:30:00+00:00
5548,12.9135218,77.5950804,so2,2.6,2019-07-14T13:45:00+00:00
5548,12.9135218,77.5950804,so2,2.33,2019-07-14T14:00:00+00:00
5548,12.9135218,77.5950804,so2,2.56,2019-07-14T14:15:00+00:00
5548,12.9135218,77.5950804,so2,7.31,2019-07-14T14:30:00+00:00
5548,12.9135218,77.5950804,so2,5.05,2019-07-14T14:45:00+00:00
5548,12.9135218,77.5950804,so2,9.66,2019-07-14T15:00:00+00:00
5548,12.9135218,77.5950804,so2,6.52,2019-07-14T15:15:00+00:00
5548,12.9135218,77.5950804,so2,3.6,2019-07-14T15:30:00+00:00
5548,12.9135218,77.5950804,so2,2.28,2019-07-14T15:45:00+00:00
5548,12.9135218,77.5950804,so2,2.33,2019-07-14T16:00:00+00:00
5548,12.9135218,77.5950804,so2,2.06,2019-07-14T16:15:00+00:00
5548,12.9135218,77.5950804,so2,5.07,2019-07-14T16:30:00+00:00
5548,12.9135218,77.5950804,so2,4.97,2019-07-14T16:45:00+00:00
5548,12.9135218,77.5950804,so2,6.28,2019-07-14T17:00:00+00:00
5548,12.9135218,77.5950804,so2,6.34,2019-07-14T17:15:00+00:00
5548,12.9135218,77.5950804,so2,8.51,2019-07-14T17:30:00+00:00
5548,12.9135218,77.5950804,so2,9.01,2019-07-14T17:45:00+00:00
5548,12.9135218,77.5950804,so2,8.45,2019-07-14T18:00:00+00:00
5548,12.9135218,77.5950804,so2,8.96,2019-07-14T18:15:00+00:00
5548,12.9135218,77.5950804,so2,4.57,2019-07-14T18:30:00+00:00
5548,12.9135218,77.5950804,pm25,11.14,2019-07-14T18:45:00+00:00
5548,12.9135218,77.5950804,pm25,10.98,2019-07-14T19:00:00+00:00
5548,12.9135218,77.5950804,pm25,10.98,2019-07-14T19:15:00+00:00
5548,12.9135218,77.5950804,pm25,10.98,2019-07-14T19:30:00+00:00
5548,12.9135218,77.5950804,pm25,29.47,2019-07-14T19:45:00+00:00
5548,12.9135218,77.5950804,pm25,30.79,2019-07-14T20:00:00+00:00
5548,12.9135218,77.5950804,pm25,30.79,2019-07-14T20:15:00+00:00
5548,12.9135218,77.5950804,pm25,30.79,2019-07-14T20:30:00+00:00
5548,12.9135218,77.5950804,pm25,20.94,2019-07-14T20:45:00+00:00
5548,12.9135218,77.5950804,pm25,20.1,2019-07-14T21:00:00+00:00
5548,12.9135218,77.5950804,pm25,20.1,2019-07-14T21:15:00+00:00
5548,12.9135218,77.5950804,pm25,20.1,2019-07-14T21:30:00+00:00
5548,12.9135218,77.5950804,pm25,15.53,2019-07-14T21:45:00+00:00
5548,12.9135218,77.5950804,pm25,15.15,2019-07-14T22:00:00+00:00
5548,12.9135218,77.5950804,pm25,15.15,2019-07-14T22:15:00+00:00
5548,12.9135218,77.5950804,pm25,15.15,2019-07-14T22:30:00+00:00
5548,12.9135218,77.5950804,pm25,13.18,2019-07-14T22:45:00+00:00
5548,12.9135218,77.5950804,pm25,13.02,2019-07-14T23:00:00+00:00
5548,12.9135218,77.5950804,pm25,13.02,2019-07-14T23:15:00+00:00
5548,12.9135218,77.5950804,pm25,13.02,2019-07-14T23:30:00+00:00
5548,12.9135218,77.5950804,pm25,11.88,2019-07-14T23:45:00+00:00
5548,12.9135218,77.5950804,pm25,11.79,2019-07-15T00:00:00+00:00
5548,12.9135218,77.5950804,pm25,11.79,2019-07-15T00:15:00+00:00
5548,12.9135218,77.5950804,pm25,9.01,2019-07-15T00:45:00+00:00
5548,12.9135218,77.5950804,pm25,8.85,2019-07-15T01:00:00+00:00
5548,12.9135218,77.5950804,pm25,8.85,2019-07-15T01:15:00+00:00
5548,12.9135218,77.5950804,pm25,8.85,2019-07-15T01:30:00+00:00
5548,12.9135218,77.5950804,pm25,22.59,2019-07-15T01:45:00+00:00
5548,12.9135218,77.5950804,pm25,23.58,2019-07-15T02:00:00+00:00
5548,12.9135218,77.5950804,pm25,23.58,2019-07-15T02:15:00+00:00
5548,12.9135218,77.5950804,pm25,23.58,2019-07-15T02:30:00+00:00
5548,12.9135218,77.5950804,pm25,19.66,2019-07-15T02:45:00+00:00
5548,12.9135218,77.5950804,pm25,19.38,2019-07-15T03:00:00+00:00
5548,12.9135218,77.5950804,pm25,19.38,2019-07-15T03:15:00+00:00
5548,12.9135218,77.5950804,pm25,19.38,2019-07-15T03:30:00+00:00
5548,12.9135218,77.5950804,pm25,16.14,2019-07-15T03:45:00+00:00
5548,12.9135218,77.5950804,pm25,15.91,2019-07-15T04:00:00+00:00
5548,12.9135218,77.5950804,pm25,15.91,2019-07-15T04:15:00+00:00
5548,12.9135218,77.5950804,pm25,15.91,2019-07-15T04:30:00+00:00
5548,12.9135218,77.5950804,pm25,29.29,2019-07-15T04:45:00+00:00
5548,12.9135218,77.5950804,pm25,30.25,2019-07-15T05:00:00+00:00
5548,12.9135218,77.5950804,pm25,30.25,2019-07-15T05:15:00+00:00
5548,12.9135218,77.5950804,pm25,30.25,2019-07-15T05:30:00+00:00
5548,12.9135218,77.5950804,pm25,25.52,2019-07-15T05:45:00+00:00
5548,12.9135218,77.5950804,pm25,25.18,2019-07-15T06:00:00+00:00
5548,12.9135218,77.5950804,pm25,25.18,2019-07-15T06:15:00+00:00
5548,12.9135218,77.5950804,pm25,25.18,2019-07-15T06:30:00+00:00
5548,12.9135218,77.5950804,pm25,30.74,2019-07-15T06:45:00+00:00
5548,12.9135218,77.5950804,pm25,31.14,2019-07-15T07:15:00+00:00
5548,12.9135218,77.5950804,pm25,31.14,2019-07-15T07:30:00+00:00
5548,12.9135218,77.5950804,pm25,30.53,2019-07-15T07:45:00+00:00
5548,12.9135218,77.5950804,pm25,30.49,2019-07-15T08:00:00+00:00
5548,12.9135218,77.5950804,pm25,30.49,2019-07-15T08:15:00+00:00
5548,12.9135218,77.5950804,pm25,30.49,2019-07-15T08:30:00+00:00
5548,12.9135218,77.5950804,pm25,22.69,2019-07-15T08:45:00+00:00
5548,12.9135218,77.5950804,pm25,21.82,2019-07-15T09:00:00+00:00
5548,12.9135218,77.5950804,pm25,21.82,2019-07-15T09:15:00+00:00
5548,12.9135218,77.5950804,pm25,21.82,2019-07-15T09:30:00+00:00
5548,12.9135218,77.5950804,pm25,15.75,2019-07-15T09:45:00+00:00
5548,12.9135218,77.5950804,pm25,14.91,2019-07-15T10:00:00+00:00
5548,12.9135218,77.5950804,pm25,14.91,2019-07-15T10:15:00+00:00
5548,12.9135218,77.5950804,pm25,14.91,2019-07-15T10:30:00+00:00
5548,12.9135218,77.5950804,pm25,20.09,2019-07-15T10:45:00+00:00
5548,12.9135218,77.5950804,pm25,20.67,2019-07-15T11:00:00+00:00
5548,12.9135218,77.5950804,pm25,20.67,2019-07-15T11:15:00+00:00
5548,12.9135218,77.5950804,pm25,20.67,2019-07-15T11:30:00+00:00
5548,12.9135218,77.5950804,pm25,25.86,2019-07-15T11:45:00+00:00
5548,12.9135218,77.5950804,pm25,26.23,2019-07-15T12:00:00+00:00
5548,12.9135218,77.5950804,pm25,26.23,2019-07-15T12:15:00+00:00
5548,12.9135218,77.5950804,pm25,26.23,2019-07-15T12:30:00+00:00
5548,12.9135218,77.5950804,pm25,27.15,2019-07-15T12:45:00+00:00
5548,12.9135218,77.5950804,pm25,27.25,2019-07-15T13:00:00+00:00
5548,12.9135218,77.5950804,pm25,27.25,2019-07-15T13:15:00+00:00
5548,12.9135218,77.5950804,pm25,27.25,2019-07-15T13:30:00+00:00
5548,12.9135218,77.5950804,pm25,19.75,2019-07-15T13:45:00+00:00
5548,12.9135218,77.5950804,pm25,18.7,2019-07-15T14:00:00+00:00
5548,12.9135218,77.5950804,pm25,18.7,2019-07-15T14:15:00+00:00
5548,12.9135218,77.5950804,pm25,18.7,2019-07-15T14:30:00+00:00
5548,12.9135218,77.5950804,pm25,15.55,2019-07-15T14:45:00+00:00
5548,12.9135218,77.5950804,pm25,15.1,2019-07-15T15:00:00+00:00
5548,12.9135218,77.5950804,pm25,15.1,2019-07-15T15:15:00+00:00
5548,12.9135218,77.5950804,pm25,15.1,2019-07-15T15:30:00+00:00
5548,12.9135218,77.5950804,pm25,33.64,2019-07-15T15:45:00+00:00
5548,12.9135218,77.5950804,pm25,34.96,2019-07-15T16:00:00+00:00
5548,12.9135218,77.5950804,pm25,34.96,2019-07-15T16:15:00+00:00
5548,12.9135218,77.5950804,pm25,34.96,2019-07-15T16:30:00+00:00
5548,12.9135218,77.5950804,pm25,24.81,2019-07-15T16:45:00+00:00
5548,12.9135218,77.5950804,pm25,23.25,2019-07-15T17:00:00+00:00
5548,12.9135218,77.5950804,pm25,23.25,2019-07-15T17:15:00+00:00
5548,12.9135218,77.5950804,pm25,23.25,2019-07-15T17:30:00+00:00
5548,12.9135218,77.5950804,pm25,39.7,2019-07-15T17:45:00+00:00
5548,12.9135218,77.5950804,pm25,41.53,2019-07-15T18:00:00+00:00
5548,12.9135218,77.5950804,pm25,41.53,2019-07-15T18:15:00+00:00
5548,12.9135218,77.5950804,pm25,41.53,2019-07-15T18:30:00+00:00
5548,12.9135218,77.5950804,co,0.71,2019-07-14T18:45:00+00:00
5548,12.9135218,77.5950804,co,0.89,2019-07-14T19:00:00+00:00
5548,12.9135218,77.5950804,co,0.68,2019-07-14T19:15:00+00:00
5548,12.9135218,77.5950804,co,0.86,2019-07-14T19:30:00+00:00
5548,12.9135218,77.5950804,co,0.6,2019-07-14T19:45:00+00:00
5548,12.9135218,77.5950804,co,0.73,2019-07-14T20:00:00+00:00
5548,12.9135218,77.5950804,co,0.82,2019-07-14T20:15:00+00:00
5548,12.9135218,77.5950804,co,0.8,2019-07-14T20:30:00+00:00
5548,12.9135218,77.5950804,co,0.76,2019-07-14T20:45:00+00:00
5548,12.9135218,77.5950804,co,0.66,2019-07-14T21:00:00+00:00
5548,12.9135218,77.5950804,co,0.74,2019-07-14T21:15:00+00:00
5548,12.9135218,77.5950804,co,0.67,2019-07-14T21:30:00+00:00
5548,12.9135218,77.5950804,co,0.71,2019-07-14T21:45:00+00:00
5548,12.9135218,77.5950804,co,0.53,2019-07-14T22:00:00+00:00
5548,12.9135218,77.5950804,co,0.59,2019-07-14T22:15:00+00:00
5548,12.9135218,77.5950804,co,0.69,2019-07-14T22:30:00+00:00
5548,12.9135218,77.5950804,co,0.63,2019-07-14T22:45:00+00:00
5548,12.9135218,77.5950804,co,0.53,2019-07-14T23:00:00+00:00
5548,12.9135218,77.5950804,co,0.54,2019-07-14T23:15:00+00:00
5548,12.9135218,77.5950804,co,0.56,2019-07-14T23:30:00+00:00
5548,12.9135218,77.5950804,co,0.74,2019-07-14T23:45:00+00:00
5548,12.9135218,77.5950804,co,0.64,2019-07-15T00:00:00+00:00
5548,12.9135218,77.5950804,co,0.91,2019-07-15T00:15:00+00:00
5548,12.9135218,77.5950804,co,1.61,2019-07-15T00:45:00+00:00
5548,12.9135218,77.5950804,co,0.22,2019-07-15T01:00:00+00:00
5548,12.9135218,77.5950804,co,0.39,2019-07-15T01:15:00+00:00
5548,12.9135218,77.5950804,co,0.23,2019-07-15T01:30:00+00:00
5548,12.9135218,77.5950804,co,0.0,2019-07-15T01:45:00+00:00
5548,12.9135218,77.5950804,co,0.55,2019-07-15T02:00:00+00:00
5548,12.9135218,77.5950804,co,0.4,2019-07-15T02:15:00+00:00
5548,12.9135218,77.5950804,co,0.5,2019-07-15T02:30:00+00:00
5548,12.9135218,77.5950804,co,0.53,2019-07-15T02:45:00+00:00
5548,12.9135218,77.5950804,co,0.75,2019-07-15T03:00:00+00:00
5548,12.9135218,77.5950804,co,1.33,2019-07-15T03:15:00+00:00
5548,12.9135218,77.5950804,co,0.98,2019-07-15T03:30:00+00:00
5548,12.9135218,77.5950804,co,0.69,2019-07-15T03:45:00+00:00
5548,12.9135218,77.5950804,co,0.81,2019-07-15T04:00:00+00:00
5548,12.9135218,77.5950804,co,1.08,2019-07-15T04:15:00+00:00
5548,12.9135218,77.5950804,co,1.07,2019-07-15T04:30:00+00:00
5548,12.9135218,77.5950804,co,1.02,2019-07-15T04:45:00+00:00
5548,12.9135218,77.5950804,co,0.41,2019-07-15T05:00:00+00:00
5548,12.9135218,77.5950804,co,0.66,2019-07-15T05:15:00+00:00
5548,12.9135218,77.5950804,co,0.71,2019-07-15T05:30:00+00:00
5548,12.9135218,77.5950804,co,0.79,2019-07-15T05:45:00+00:00
5548,12.9135218,77.5950804,co,0.49,2019-07-15T06:00:00+00:00
5548,12.9135218,77.5950804,co,0.76,2019-07-15T06:15:00+00:00
5548,12.9135218,77.5950804,co,0.66,2019-07-15T06:30:00+00:00
5548,12.9135218,77.5950804,co,0.6,2019-07-15T06:45:00+00:00
5548,12.9135218,77.5950804,co,0.8,2019-07-15T07:15:00+00:00
5548,12.9135218,77.5950804,co,0.55,2019-07-15T07:30:00+00:00
5548,12.9135218,77.5950804,co,0.75,2019-07-15T07:45:00+00:00
5548,12.9135218,77.5950804,co,0.61,2019-07-15T08:00:00+00:00
5548,12.9135218,77.5950804,co,0.48,2019-07-15T08:15:00+00:00
5548,12.9135218,77.5950804,co,0.41,2019-07-15T08:30:00+00:00
5548,12.9135218,77.5950804,co,0.27,2019-07-15T08:45:00+00:00
5548,12.9135218,77.5950804,co,1.57,2019-07-15T09:00:00+00:00
5548,12.9135218,77.5950804,co,1.47,2019-07-15T09:15:00+00:00
5548,12.9135218,77.5950804,co,1.35,2019-07-15T09:30:00+00:00
5548,12.9135218,77.5950804,co,1.38,2019-07-15T09:45:00+00:00
5548,12.9135218,77.5950804,co,0.55,2019-07-15T10:00:00+00:00
5548,12.9135218,77.5950804,co,0.92,2019-07-15T10:15:00+00:00
5548,12.9135218,77.5950804,co,0.55,2019-07-15T10:30:00+00:00
5548,12.9135218,77.5950804,co,0.53,2019-07-15T10:45:00+00:00
5548,12.9135218,77.5950804,co,0.5,2019-07-15T11:00:00+00:00
5548,12.9135218,77.5950804,co,0.74,2019-07-15T11:15:00+00:00
5548,12.9135218,77.5950804,co,0.7,2019-07-15T11:30:00+00:00
5548,12.9135218,77.5950804,co,0.43,2019-07-15T11:45:00+00:00
5548,12.9135218,77.5950804,co,0.91,2019-07-15T12:00:00+00:00
5548,12.9135218,77.5950804,co,0.81,2019-07-15T12:15:00+00:00
5548,12.9135218,77.5950804,co,0.58,2019-07-15T12:30:00+00:00
5548,12.9135218,77.5950804,co,0.66,2019-07-15T12:45:00+00:00
5548,12.9135218,77.5950804,co,1.21,2019-07-15T13:00:00+00:00
5548,12.9135218,77.5950804,co,1.24,2019-07-15T13:15:00+00:00
5548,12.9135218,77.5950804,co,1.33,2019-07-15T13:30:00+00:00
5548,12.9135218,77.5950804,co,0.99,2019-07-15T13:45:00+00:00
5548,12.9135218,77.5950804,co,1.18,2019-07-15T14:00:00+00:00
5548,12.9135218,77.5950804,co,0.9,2019-07-15T14:15:00+00:00
5548,12.9135218,77.5950804,co,0.24,2019-07-15T14:30:00+00:00
5548,12.9135218,77.5950804,co,0.09,2019-07-15T14:45:00+00:00
5548,12.9135218,77.5950804,co,0.94,2019-07-15T15:00:00+00:00
5548,12.9135218,77.5950804,co,0.98,2019-07-15T15:15:00+00:00
5548,12.9135218,77.5950804,co,1.27,2019-07-15T15:30:00+00:00
5548,12.9135218,77.5950804,co,2.19,2019-07-15T15:45:00+00:00
5548,12.9135218,77.5950804,co,0.3,2019-07-15T16:00:00+00:00
5548,12.9135218,77.5950804,co,0.49,2019-07-15T16:15:00+00:00
5548,12.9135218,77.5950804,co,0.44,2019-07-15T16:30:00+00:00
5548,12.9135218,77.5950804,co,0.77,2019-07-15T16:45:00+00:00
5548,12.9135218,77.5950804,co,0.43,2019-07-15T17:00:00+00:00
5548,12.9135218,77.5950804,co,0.51,2019-07-15T17:15:00+00:00
5548,12.9135218,77.5950804,co,0.8,2019-07-15T17:30:00+00:00
5548,12.9135218,77.5950804,co,0.68,2019-07-15T17:45:00+00:00
5548,12.9135218,77.5950804,co,0.55,2019-07-15T18:00:00+00:00
5548,12.9135218,77.5950804,co,0.46,2019-07-15T18:15:00+00:00
5548,12.9135218,77.5950804,co,0.34,2019-07-15T18:30:00+00:00
5548,12.9135218,77.5950804,no2,10.52,2019-07-14T18:45:00+00:00
5548,12.9135218,77.5950804,no2,11.74,2019-07-14T19:00:00+00:00
5548,12.9135218,77.5950804,no2,10.15,2019-07-14T19:15:00+00:00
5548,12.9135218,77.5950804,no2,10.84,2019-07-14T19:30:00+00:00
5548,12.9135218,77.5950804,no2,10.45,2019-07-14T19:45:00+00:00
5548,12.9135218,77.5950804,no2,9.77,2019-07-14T20:00:00+00:00
5548,12.9135218,77.5950804,no2,10.13,2019-07-14T20:15:00+00:00
5548,12.9135218,77.5950804,no2,9.77,2019-07-14T20:30:00+00:00
5548,12.9135218,77.5950804,no2,9.78,2019-07-14T20:45:00+00:00
5548,12.9135218,77.5950804,no2,9.53,2019-07-14T21:00:00+00:00
5548,12.9135218,77.5950804,no2,9.59,2019-07-14T21:15:00+00:00
5548,12.9135218,77.5950804,no2,9.21,2019-07-14T21:30:00+00:00
5548,12.9135218,77.5950804,no2,8.99,2019-07-14T21:45:00+00:00
5548,12.9135218,77.5950804,no2,8.03,2019-07-14T22:00:00+00:00
5548,12.9135218,77.5950804,no2,7.82,2019-07-14T22:15:00+00:00
5548,12.9135218,77.5950804,no2,8.3,2019-07-14T22:30:00+00:00
5548,12.9135218,77.5950804,no2,7.88,2019-07-14T22:45:00+00:00
5548,12.9135218,77.5950804,no2,7.78,2019-07-14T23:00:00+00:00
5548,12.9135218,77.5950804,no2,8.74,2019-07-14T23:15:00+00:00
5548,12.9135218,77.5950804,no2,8.34,2019-07-14T23:30:00+00:00
5548,12.9135218,77.5950804,no2,8.45,2019-07-14T23:45:00+00:00
5548,12.9135218,77.5950804,no2,8.53,2019-07-15T00:00:00+00:00
5548,12.9135218,77.5950804,no2,8.72,2019-07-15T00:15:00+00:00
5548,12.9135218,77.5950804,no2,8.95,2019-07-15T00:45:00+00:00
5548,12.9135218,77.5950804,no2,10.67,2019-07-15T01:00:00+00:00
5548,12.9135218,77.5950804,no2,12.77,2019-07-15T01:15:00+00:00
5548,12.9135218,77.5950804,no2,14.56,2019-07-15T01:30:00+00:00
5548,12.9135218,77.5950804,no2,15.53,2019-07-15T01:45:00+00:00
5548,12.9135218,77.5950804,no2,15.51,2019-07-15T02:00:00+00:00
5548,12.9135218,77.5950804,no2,14.5,2019-07-15T02:15:00+00:00
5548,12.9135218,77.5950804,no2,14.11,2019-07-15T02:30:00+00:00
5548,12.9135218,77.5950804,no2,13.88,2019-07-15T02:45:00+00:00
5548,12.9135218,77.5950804,no2,14.13,2019-07-15T03:00:00+00:00
5548,12.9135218,77.5950804,no2,19.96,2019-07-15T03:15:00+00:00
5548,12.9135218,77.5950804,no2,17.89,2019-07-15T03:30:00+00:00
5548,12.9135218,77.5950804,no2,13.3,2019-07-15T03:45:00+00:00
5548,12.9135218,77.5950804,no2,16.8,2019-07-15T04:00:00+00:00
5548,12.9135218,77.5950804,no2,13.66,2019-07-15T04:15:00+00:00
5548,12.9135218,77.5950804,no2,14.91,2019-07-15T04:30:00+00:00
5548,12.9135218,77.5950804,no2,13.85,2019-07-15T04:45:00+00:00
5548,12.9135218,77.5950804,no2,11.34,2019-07-15T05:00:00+00:00
5548,12.9135218,77.5950804,no2,12.44,2019-07-15T05:15:00+00:00
5548,12.9135218,77.5950804,no2,16.06,2019-07-15T05:30:00+00:00
5548,12.9135218,77.5950804,no2,15.98,2019-07-15T05:45:00+00:00
5548,12.9135218,77.5950804,no2,16.02,2019-07-15T06:00:00+00:00
5548,12.9135218,77.5950804,no2,15.21,2019-07-15T06:15:00+00:00
5548,12.9135218,77.5950804,no2,14.5,2019-07-15T06:30:00+00:00
5548,12.9135218,77.5950804,no2,16.5,2019-07-15T06:45:00+00:00
5548,12.9135218,77.5950804,no2,15.49,2019-07-15T07:15:00+00:00
5548,12.9135218,77.5950804,no2,10.65,2019-07-15T07:30:00+00:00
5548,12.9135218,77.5950804,no2,13.11,2019-07-15T07:45:00+00:00
5548,12.9135218,77.5950804,no2,20.74,2019-07-15T08:00:00+00:00
5548,12.9135218,77.5950804,no2,16.4,2019-07-15T08:15:00+00:00
5548,12.9135218,77.5950804,no2,20.96,2019-07-15T08:30:00+00:00
5548,12.9135218,77.5950804,no2,16.71,2019-07-15T08:45:00+00:00
5548,12.9135218,77.5950804,no2,18.11,2019-07-15T09:00:00+00:00
5548,12.9135218,77.5950804,no2,18.98,2019-07-15T09:15:00+00:00
5548,12.9135218,77.5950804,no2,19.94,2019-07-15T09:30:00+00:00
5548,12.9135218,77.5950804,no2,19.92,2019-07-15T09:45:00+00:00
5548,12.9135218,77.5950804,no2,14.78,2019-07-15T10:00:00+00:00
5548,12.9135218,77.5950804,no2,15.47,2019-07-15T10:15:00+00:00
5548,12.9135218,77.5950804,no2,12.21,2019-07-15T10:30:00+00:00
5548,12.9135218,77.5950804,no2,13.96,2019-07-15T10:45:00+00:00
5548,12.9135218,77.5950804,no2,21.81,2019-07-15T11:00:00+00:00
5548,12.9135218,77.5950804,no2,23.59,2019-07-15T11:15:00+00:00
5548,12.9135218,77.5950804,no2,36.35,2019-07-15T11:30:00+00:00
5548,12.9135218,77.5950804,no2,19.72,2019-07-15T11:45:00+00:00
5548,12.9135218,77.5950804,no2,18.95,2019-07-15T12:00:00+00:00
5548,12.9135218,77.5950804,no2,24.68,2019-07-15T12:15:00+00:00
5548,12.9135218,77.5950804,no2,17.84,2019-07-15T12:30:00+00:00
5548,12.9135218,77.5950804,no2,27.06,2019-07-15T12:45:00+00:00
5548,12.9135218,77.5950804,no2,28.15,2019-07-15T13:00:00+00:00
5548,12.9135218,77.5950804,no2,31.62,2019-07-15T13:15:00+00:00
5548,12.9135218,77.5950804,no2,34.16,2019-07-15T13:30:00+00:00
5548,12.9135218,77.5950804,no2,41.47,2019-07-15T13:45:00+00:00
5548,12.9135218,77.5950804,no2,41.46,2019-07-15T14:00:00+00:00
5548,12.9135218,77.5950804,no2,37.59,2019-07-15T14:15:00+00:00
5548,12.9135218,77.5950804,no2,27.57,2019-07-15T14:30:00+00:00
5548,12.9135218,77.5950804,no2,21.53,2019-07-15T14:45:00+00:00
5548,12.9135218,77.5950804,no2,18.07,2019-07-15T15:00:00+00:00
5548,12.9135218,77.5950804,no2,22.25,2019-07-15T15:15:00+00:00
5548,12.9135218,77.5950804,no2,22.39,2019-07-15T15:30:00+00:00
5548,12.9135218,77.5950804,no2,24.98,2019-07-15T15:45:00+00:00
5548,12.9135218,77.5950804,no2,25.01,2019-07-15T16:00:00+00:00
5548,12.9135218,77.5950804,no2,25.55,2019-07-15T16:15:00+00:00
5548,12.9135218,77.5950804,no2,27.16,2019-07-15T16:30:00+00:00
5548,12.9135218,77.5950804,no2,24.26,2019-07-15T16:45:00+00:00
5548,12.9135218,77.5950804,no2,26.2,2019-07-15T17:00:00+00:00
5548,12.9135218,77.5950804,no2,26.21,2019-07-15T17:15:00+00:00
5548,12.9135218,77.5950804,no2,22.46,2019-07-15T17:30:00+00:00
5548,12.9135218,77.5950804,no2,18.57,2019-07-15T17:45:00+00:00
5548,12.9135218,77.5950804,no2,15.91,2019-07-15T18:00:00+00:00
5548,12.9135218,77.5950804,no2,18.96,2019-07-15T18:15:00+00:00
5548,12.9135218,77.5950804,no2,13.83,2019-07-15T18:30:00+00:00
5548,12.9135218,77.5950804,so2,3.78,2019-07-14T18:45:00+00:00
5548,12.9135218,77.5950804,so2,5.14,2019-07-14T19:00:00+00:00
5548,12.9135218,77.5950804,so2,2.31,2019-07-14T19:15:00+00:00
5548,12.9135218,77.5950804,so2,3.36,2019-07-14T19:30:00+00:00
5548,12.9135218,77.5950804,so2,3.5,2019-07-14T19:45:00+00:00
5548,12.9135218,77.5950804,so2,2.82,2019-07-14T20:00:00+00:00
5548,12.9135218,77.5950804,so2,2.79,2019-07-14T20:15:00+00:00
5548,12.9135218,77.5950804,so2,3.78,2019-07-14T20:30:00+00:00
5548,12.9135218,77.5950804,so2,3.47,2019-07-14T20:45:00+00:00
5548,12.9135218,77.5950804,so2,2.89,2019-07-14T21:00:00+00:00
5548,12.9135218,77.5950804,so2,3.99,2019-07-14T21:15:00+00:00
5548,12.9135218,77.5950804,so2,6.35,2019-07-14T21:30:00+00:00
5548,12.9135218,77.5950804,so2,10.33,2019-07-14T21:45:00+00:00
5548,12.9135218,77.5950804,so2,6.79,2019-07-14T22:00:00+00:00
5548,12.9135218,77.5950804,so2,8.48,2019-07-14T22:15:00+00:00
5548,12.9135218,77.5950804,so2,7.71,2019-07-14T22:30:00+00:00
5548,12.9135218,77.5950804,so2,7.87,2019-07-14T22:45:00+00:00
5548,12.9135218,77.5950804,so2,3.85,2019-07-14T23:00:00+00:00
5548,12.9135218,77.5950804,so2,7.02,2019-07-14T23:15:00+00:00
5548,12.9135218,77.5950804,so2,7.77,2019-07-14T23:30:00+00:00
5548,12.9135218,77.5950804,so2,5.75,2019-07-14T23:45:00+00:00
5548,12.9135218,77.5950804,so2,5.45,2019-07-15T00:00:00+00:00
5548,12.9135218,77.5950804,so2,6.63,2019-07-15T00:15:00+00:00
5548,12.9135218,77.5950804,so2,4.15,2019-07-15T01:00:00+00:00
5548,12.9135218,77.5950804,so2,2.17,2019-07-15T01:15:00+00:00
5548,12.9135218,77.5950804,so2,4.78,2019-07-15T01:30:00+00:00
5548,12.9135218,77.5950804,so2,3.19,2019-07-15T01:45:00+00:00
5548,12.9135218,77.5950804,so2,4.76,2019-07-15T02:00:00+00:00
5548,12.9135218,77.5950804,so2,4.24,2019-07-15T02:15:00+00:00
5548,12.9135218,77.5950804,so2,9.15,2019-07-15T02:30:00+00:00
5548,12.9135218,77.5950804,so2,7.99,2019-07-15T02:45:00+00:00
5548,12.9135218,77.5950804,so2,7.28,2019-07-15T03:00:00+00:00
5548,12.9135218,77.5950804,so2,7.44,2019-07-15T03:15:00+00:00
5548,12.9135218,77.5950804,so2,8.83,2019-07-15T03:30:00+00:00
5548,12.9135218,77.5950804,so2,8.07,2019-07-15T03:45:00+00:00
5548,12.9135218,77.5950804,so2,10.58,2019-07-15T04:00:00+00:00
5548,12.9135218,77.5950804,so2,11.35,2019-07-15T04:15:00+00:00
5548,12.9135218,77.5950804,so2,4.13,2019-07-15T04:30:00+00:00
5548,12.9135218,77.5950804,so2,2.19,2019-07-15T04:45:00+00:00
5548,12.9135218,77.5950804,so2,2.74,2019-07-15T05:00:00+00:00
5548,12.9135218,77.5950804,so2,2.87,2019-07-15T05:15:00+00:00
5548,12.9135218,77.5950804,so2,3.01,2019-07-15T05:30:00+00:00
5548,12.9135218,77.5950804,so2,3.42,2019-07-15T05:45:00+00:00
5548,12.9135218,77.5950804,so2,3.64,2019-07-15T06:00:00+00:00
5548,12.9135218,77.5950804,so2,3.76,2019-07-15T06:15:00+00:00
5548,12.9135218,77.5950804,so2,4.43,2019-07-15T06:30:00+00:00
5548,12.9135218,77.5950804,so2,4.68,2019-07-15T06:45:00+00:00
5548,12.9135218,77.5950804,so2,5.72,2019-07-15T07:15:00+00:00
5548,12.9135218,77.5950804,so2,4.08,2019-07-15T07:30:00+00:00
5548,12.9135218,77.5950804,so2,2.56,2019-07-15T07:45:00+00:00
5548,12.9135218,77.5950804,so2,2.41,2019-07-15T08:00:00+00:00
5548,12.9135218,77.5950804,so2,2.31,2019-07-15T08:15:00+00:00
5548,12.9135218,77.5950804,so2,2.92,2019-07-15T08:30:00+00:00
5548,12.9135218,77.5950804,so2,2.11,2019-07-15T08:45:00+00:00
5548,12.9135218,77.5950804,so2,2.58,2019-07-15T09:00:00+00:00
5548,12.9135218,77.5950804,so2,2.27,2019-07-15T09:15:00+00:00
5548,12.9135218,77.5950804,so2,2.23,2019-07-15T09:30:00+00:00
5548,12.9135218,77.5950804,so2,2.0,2019-07-15T09:45:00+00:00
5548,12.9135218,77.5950804,so2,2.0,2019-07-15T10:00:00+00:00
5548,12.9135218,77.5950804,so2,2.05,2019-07-15T10:15:00+00:00
5548,12.9135218,77.5950804,so2,2.14,2019-07-15T10:30:00+00:00
5548,12.9135218,77.5950804,so2,3.65,2019-07-15T10:45:00+00:00
5548,12.9135218,77.5950804,so2,2.25,2019-07-15T11:00:00+00:00
5548,12.9135218,77.5950804,so2,2.79,2019-07-15T11:15:00+00:00
5548,12.9135218,77.5950804,so2,9.26,2019-07-15T11:30:00+00:00
5548,12.9135218,77.5950804,so2,8.6,2019-07-15T11:45:00+00:00
5548,12.9135218,77.5950804,so2,7.75,2019-07-15T12:00:00+00:00
5548,12.9135218,77.5950804,so2,9.72,2019-07-15T12:15:00+00:00
5548,12.9135218,77.5950804,so2,4.11,2019-07-15T12:30:00+00:00
5548,12.9135218,77.5950804,so2,2.56,2019-07-15T12:45:00+00:00
5548,12.9135218,77.5950804,so2,2.0,2019-07-15T13:00:00+00:00
5548,12.9135218,77.5950804,so2,2.5,2019-07-15T13:15:00+00:00
5548,12.9135218,77.5950804,so2,4.16,2019-07-15T13:30:00+00:00
5548,12.9135218,77.5950804,so2,5.76,2019-07-15T13:45:00+00:00
5548,12.9135218,77.5950804,so2,4.98,2019-07-15T14:00:00+00:00
5548,12.9135218,77.5950804,so2,3.94,2019-07-15T14:15:00+00:00
5548,12.9135218,77.5950804,so2,4.82,2019-07-15T14:30:00+00:00
5548,12.9135218,77.5950804,so2,3.54,2019-07-15T14:45:00+00:00
5548,12.9135218,77.5950804,so2,2.38,2019-07-15T15:00:00+00:00
5548,12.9135218,77.5950804,so2,2.44,2019-07-15T15:15:00+00:00
5548,12.9135218,77.5950804,so2,5.63,2019-07-15T15:30:00+00:00
5548,12.9135218,77.5950804,so2,4.04,2019-07-15T15:45:00+00:00
5548,12.9135218,77.5950804,so2,2.55,2019-07-15T16:00:00+00:00
5548,12.9135218,77.5950804,so2,2.94,2019-07-15T16:15:00+00:00
5548,12.9135218,77.5950804,so2,3.41,2019-07-15T16:30:00+00:00
5548,12.9135218,77.5950804,so2,3.35,2019-07-15T16:45:00+00:00
5548,12.9135218,77.5950804,so2,3.07,2019-07-15T17:00:00+00:00
5548,12.9135218,77.5950804,so2,2.96,2019-07-15T17:15:00+00:00
5548,12.9135218,77.5950804,so2,5.01,2019-07-15T17:30:00+00:00
5548,12.9135218,77.5950804,so2,5.49,2019-07-15T17:45:00+00:00
5548,12.9135218,77.5950804,so2,5.5,2019-07-15T18:00:00+00:00
5548,12.9135218,77.5950804,so2,7.57,2019-07-15T18:15:00+00:00
5548,12.9135218,77.5950804,so2,6.28,2019-07-15T18:30:00+00:00
5548,12.9135218,77.5950804,pm25,30.86,2019-07-15T18:45:00+00:00
5548,12.9135218,77.5950804,pm25,29.53,2019-07-15T19:00:00+00:00
5548,12.9135218,77.5950804,pm25,29.53,2019-07-15T19:15:00+00:00
5548,12.9135218,77.5950804,pm25,29.53,2019-07-15T19:30:00+00:00
5548,12.9135218,77.5950804,pm25,19.06,2019-07-15T19:45:00+00:00
5548,12.9135218,77.5950804,pm25,17.61,2019-07-15T20:00:00+00:00
5548,12.9135218,77.5950804,pm25,17.61,2019-07-15T20:15:00+00:00
5548,12.9135218,77.5950804,pm25,17.61,2019-07-15T20:30:00+00:00
5548,12.9135218,77.5950804,pm25,12.23,2019-07-15T20:45:00+00:00
5548,12.9135218,77.5950804,pm25,11.64,2019-07-15T21:15:00+00:00
5548,12.9135218,77.5950804,pm25,11.64,2019-07-15T21:30:00+00:00
5548,12.9135218,77.5950804,pm25,41.29,2019-07-15T21:45:00+00:00
5548,12.9135218,77.5950804,pm25,44.19,2019-07-15T22:00:00+00:00
5548,12.9135218,77.5950804,pm25,44.19,2019-07-15T22:15:00+00:00
5548,12.9135218,77.5950804,pm25,44.19,2019-07-15T22:30:00+00:00
5548,12.9135218,77.5950804,pm25,29.15,2019-07-15T22:45:00+00:00
5548,12.9135218,77.5950804,pm25,27.46,2019-07-15T23:00:00+00:00
5548,12.9135218,77.5950804,pm25,27.46,2019-07-15T23:15:00+00:00
5548,12.9135218,77.5950804,pm25,27.46,2019-07-15T23:30:00+00:00
5548,12.9135218,77.5950804,pm25,20.32,2019-07-15T23:45:00+00:00
5548,12.9135218,77.5950804,pm25,19.62,2019-07-16T00:00:00+00:00
5548,12.9135218,77.5950804,pm25,19.62,2019-07-16T00:15:00+00:00
5548,12.9135218,77.5950804,pm25,19.62,2019-07-16T00:30:00+00:00
5548,12.9135218,77.5950804,pm25,22.13,2019-07-16T00:45:00+00:00
5548,12.9135218,77.5950804,pm25,22.38,2019-07-16T01:00:00+00:00
5548,12.9135218,77.5950804,pm25,22.38,2019-07-16T01:15:00+00:00
5548,12.9135218,77.5950804,pm25,22.38,2019-07-16T01:30:00+00:00
5548,12.9135218,77.5950804,pm25,17.3,2019-07-16T01:45:00+00:00
5548,12.9135218,77.5950804,pm25,16.87,2019-07-16T02:00:00+00:00
5548,12.9135218,77.5950804,pm25,16.87,2019-07-16T02:15:00+00:00
5548,12.9135218,77.5950804,pm25,16.87,2019-07-16T02:30:00+00:00
5548,12.9135218,77.5950804,pm25,19.1,2019-07-16T02:45:00+00:00
5548,12.9135218,77.5950804,pm25,19.32,2019-07-16T03:00:00+00:00
5548,12.9135218,77.5950804,pm25,19.32,2019-07-16T03:15:00+00:00
5548,12.9135218,77.5950804,pm25,19.32,2019-07-16T03:30:00+00:00
5548,12.9135218,77.5950804,pm25,43.59,2019-07-16T03:45:00+00:00
5548,12.9135218,77.5950804,pm25,45.96,2019-07-16T04:00:00+00:00
5548,12.9135218,77.5950804,pm25,45.96,2019-07-16T04:15:00+00:00
5548,12.9135218,77.5950804,pm25,45.96,2019-07-16T04:30:00+00:00
5548,12.9135218,77.5950804,pm25,30.21,2019-07-16T04:45:00+00:00
5548,12.9135218,77.5950804,pm25,28.47,2019-07-16T05:00:00+00:00
5548,12.9135218,77.5950804,pm25,28.47,2019-07-16T05:15:00+00:00
5548,12.9135218,77.5950804,pm25,28.47,2019-07-16T05:30:00+00:00
5548,12.9135218,77.5950804,pm25,24.99,2019-07-16T05:45:00+00:00
5548,12.9135218,77.5950804,pm25,24.66,2019-07-16T06:00:00+00:00
5548,12.9135218,77.5950804,pm25,24.66,2019-07-16T06:15:00+00:00
5548,12.9135218,77.5950804,pm25,24.66,2019-07-16T06:30:00+00:00
5548,12.9135218,77.5950804,pm25,37.53,2019-07-16T06:45:00+00:00
5548,12.9135218,77.5950804,pm25,38.79,2019-07-16T07:00:00+00:00
5548,12.9135218,77.5950804,pm25,38.79,2019-07-16T07:15:00+00:00
5548,12.9135218,77.5950804,pm25,38.79,2019-07-16T07:30:00+00:00
5548,12.9135218,77.5950804,pm25,55.47,2019-07-16T07:45:00+00:00
5548,12.9135218,77.5950804,pm25,57.1,2019-07-16T08:00:00+00:00
5548,12.9135218,77.5950804,pm25,57.1,2019-07-16T08:15:00+00:00
5548,12.9135218,77.5950804,pm25,57.1,2019-07-16T08:30:00+00:00
5548,12.9135218,77.5950804,pm25,35.57,2019-07-16T08:45:00+00:00
5548,12.9135218,77.5950804,pm25,33.12,2019-07-16T09:00:00+00:00
5548,12.9135218,77.5950804,pm25,33.12,2019-07-16T09:15:00+00:00
5548,12.9135218,77.5950804,pm25,33.12,2019-07-16T09:30:00+00:00
5548,12.9135218,77.5950804,pm25,33.21,2019-07-16T09:45:00+00:00
5548,12.9135218,77.5950804,pm25,33.22,2019-07-16T10:00:00+00:00
5548,12.9135218,77.5950804,pm25,33.22,2019-07-16T10:15:00+00:00
5548,12.9135218,77.5950804,pm25,33.22,2019-07-16T10:30:00+00:00
5548,12.9135218,77.5950804,pm25,21.69,2019-07-16T10:45:00+00:00
5548,12.9135218,77.5950804,pm25,20.41,2019-07-16T11:00:00+00:00
5548,12.9135218,77.5950804,pm25,20.41,2019-07-16T11:15:00+00:00
5548,12.9135218,77.5950804,pm25,20.41,2019-07-16T11:30:00+00:00
5548,12.9135218,77.5950804,pm25,18.21,2019-07-16T11:45:00+00:00
5548,12.9135218,77.5950804,pm25,18.0,2019-07-16T12:00:00+00:00
5548,12.9135218,77.5950804,pm25,18.0,2019-07-16T12:15:00+00:00
5548,12.9135218,77.5950804,pm25,18.0,2019-07-16T12:30:00+00:00
5548,12.9135218,77.5950804,pm25,16.15,2019-07-16T12:45:00+00:00
5548,12.9135218,77.5950804,pm25,15.97,2019-07-16T13:00:00+00:00
5548,12.9135218,77.5950804,pm25,15.97,2019-07-16T13:15:00+00:00
5548,12.9135218,77.5950804,pm25,15.97,2019-07-16T13:30:00+00:00
5548,12.9135218,77.5950804,pm25,39.87,2019-07-16T13:45:00+00:00
5548,12.9135218,77.5950804,pm25,42.21,2019-07-16T14:00:00+00:00
5548,12.9135218,77.5950804,pm25,42.21,2019-07-16T14:15:00+00:00
5548,12.9135218,77.5950804,pm25,42.21,2019-07-16T14:30:00+00:00
5548,12.9135218,77.5950804,pm25,26.53,2019-07-16T14:45:00+00:00
5548,12.9135218,77.5950804,pm25,24.79,2019-07-16T15:00:00+00:00
5548,12.9135218,77.5950804,pm25,24.79,2019-07-16T15:15:00+00:00
5548,12.9135218,77.5950804,pm25,24.79,2019-07-16T15:30:00+00:00
5548,12.9135218,77.5950804,pm25,19.15,2019-07-16T15:45:00+00:00
5548,12.9135218,77.5950804,pm25,18.45,2019-07-16T16:00:00+00:00
5548,12.9135218,77.5950804,pm25,18.45,2019-07-16T16:15:00+00:00
5548,12.9135218,77.5950804,pm25,18.45,2019-07-16T16:30:00+00:00
5548,12.9135218,77.5950804,pm25,15.83,2019-07-16T16:45:00+00:00
5548,12.9135218,77.5950804,pm25,15.54,2019-07-16T17:00:00+00:00
5548,12.9135218,77.5950804,pm25,15.54,2019-07-16T17:15:00+00:00
5548,12.9135218,77.5950804,pm25,15.54,2019-07-16T17:30:00+00:00
5548,12.9135218,77.5950804,pm25,11.09,2019-07-16T17:45:00+00:00
5548,12.9135218,77.5950804,pm25,10.6,2019-07-16T18:00:00+00:00
5548,12.9135218,77.5950804,pm25,10.6,2019-07-16T18:15:00+00:00
5548,12.9135218,77.5950804,pm25,10.6,2019-07-16T18:30:00+00:00
5548,12.9135218,77.5950804,co,0.4,2019-07-15T18:45:00+00:00
5548,12.9135218,77.5950804,co,0.21,2019-07-15T19:00:00+00:00
5548,12.9135218,77.5950804,co,0.27,2019-07-15T19:15:00+00:00
5548,12.9135218,77.5950804,co,0.31,2019-07-15T19:30:00+00:00
5548,12.9135218,77.5950804,co,0.29,2019-07-15T19:45:00+00:00
5548,12.9135218,77.5950804,co,0.47,2019-07-15T20:00:00+00:00
5548,12.9135218,77.5950804,co,0.57,2019-07-15T20:15:00+00:00
5548,12.9135218,77.5950804,co,0.7,2019-07-15T20:30:00+00:00
5548,12.9135218,77.5950804,co,0.64,2019-07-15T20:45:00+00:00
5548,12.9135218,77.5950804,co,0.83,2019-07-15T21:15:00+00:00
5548,12.9135218,77.5950804,co,0.47,2019-07-15T21:30:00+00:00
5548,12.9135218,77.5950804,co,0.54,2019-07-15T21:45:00+00:00
5548,12.9135218,77.5950804,co,0.66,2019-07-15T22:00:00+00:00
5548,12.9135218,77.5950804,co,0.51,2019-07-15T22:15:00+00:00
5548,12.9135218,77.5950804,co,0.67,2019-07-15T22:30:00+00:00
5548,12.9135218,77.5950804,co,0.69,2019-07-15T22:45:00+00:00
5548,12.9135218,77.5950804,co,0.5,2019-07-15T23:00:00+00:00
5548,12.9135218,77.5950804,co,0.4,2019-07-15T23:15:00+00:00
5548,12.9135218,77.5950804,co,0.59,2019-07-15T23:30:00+00:00
5548,12.9135218,77.5950804,co,0.6,2019-07-15T23:45:00+00:00
5548,12.9135218,77.5950804,co,0.41,2019-07-16T00:00:00+00:00
5548,12.9135218,77.5950804,co,0.47,2019-07-16T00:15:00+00:00
5548,12.9135218,77.5950804,co,0.45,2019-07-16T00:30:00+00:00
5548,12.9135218,77.5950804,co,0.46,2019-07-16T00:45:00+00:00
5548,12.9135218,77.5950804,co,0.67,2019-07-16T01:00:00+00:00
5548,12.9135218,77.5950804,co,0.76,2019-07-16T01:15:00+00:00
5548,12.9135218,77.5950804,co,0.65,2019-07-16T01:30:00+00:00
5548,12.9135218,77.5950804,co,0.71,2019-07-16T01:45:00+00:00
5548,12.9135218,77.5950804,co,0.59,2019-07-16T02:00:00+00:00
5548,12.9135218,77.5950804,co,0.64,2019-07-16T02:15:00+00:00
5548,12.9135218,77.5950804,co,0.61,2019-07-16T02:30:00+00:00
5548,12.9135218,77.5950804,co,0.85,2019-07-16T02:45:00+00:00
5548,12.9135218,77.5950804,co,0.49,2019-07-16T03:00:00+00:00
5548,12.9135218,77.5950804,co,0.58,2019-07-16T03:15:00+00:00
5548,12.9135218,77.5950804,co,0.8,2019-07-16T03:30:00+00:00
5548,12.9135218,77.5950804,co,0.77,2019-07-16T03:45:00+00:00
5548,12.9135218,77.5950804,co,0.61,2019-07-16T04:00:00+00:00
5548,12.9135218,77.5950804,co,0.75,2019-07-16T04:15:00+00:00
5548,12.9135218,77.5950804,co,0.96,2019-07-16T04:30:00+00:00
5548,12.9135218,77.5950804,co,0.47,2019-07-16T04:45:00+00:00
5548,12.9135218,77.5950804,co,1.14,2019-07-16T05:00:00+00:00
5548,12.9135218,77.5950804,co,1.49,2019-07-16T05:15:00+00:00
5548,12.9135218,77.5950804,co,1.24,2019-07-16T05:30:00+00:00
5548,12.9135218,77.5950804,co,0.93,2019-07-16T05:45:00+00:00
5548,12.9135218,77.5950804,co,0.64,2019-07-16T06:00:00+00:00
5548,12.9135218,77.5950804,co,0.62,2019-07-16T06:15:00+00:00
5548,12.9135218,77.5950804,co,0.39,2019-07-16T06:30:00+00:00
5548,12.9135218,77.5950804,co,0.49,2019-07-16T06:45:00+00:00
5548,12.9135218,77.5950804,co,0.5,2019-07-16T07:00:00+00:00
5548,12.9135218,77.5950804,co,1.25,2019-07-16T07:15:00+00:00
5548,12.9135218,77.5950804,co,1.65,2019-07-16T07:30:00+00:00
5548,12.9135218,77.5950804,co,1.37,2019-07-16T07:45:00+00:00
5548,12.9135218,77.5950804,co,1.01,2019-07-16T08:00:00+00:00
5548,12.9135218,77.5950804,co,0.97,2019-07-16T08:15:00+00:00
5548,12.9135218,77.5950804,co,1.0,2019-07-16T08:30:00+00:00
5548,12.9135218,77.5950804,co,0.91,2019-07-16T08:45:00+00:00
5548,12.9135218,77.5950804,co,0.78,2019-07-16T09:00:00+00:00
5548,12.9135218,77.5950804,co,0.77,2019-07-16T09:15:00+00:00
5548,12.9135218,77.5950804,co,0.9,2019-07-16T09:30:00+00:00
5548,12.9135218,77.5950804,co,0.81,2019-07-16T09:45:00+00:00
5548,12.9135218,77.5950804,co,0.7,2019-07-16T10:00:00+00:00
5548,12.9135218,77.5950804,co,0.71,2019-07-16T10:15:00+00:00
5548,12.9135218,77.5950804,co,0.77,2019-07-16T10:30:00+00:00
5548,12.9135218,77.5950804,co,0.54,2019-07-16T10:45:00+00:00
5548,12.9135218,77.5950804,co,0.52,2019-07-16T11:00:00+00:00
5548,12.9135218,77.5950804,co,0.58,2019-07-16T11:15:00+00:00
5548,12.9135218,77.5950804,co,0.61,2019-07-16T11:30:00+00:00
5548,12.9135218,77.5950804,co,0.52,2019-07-16T11:45:00+00:00
5548,12.9135218,77.5950804,co,0.61,2019-07-16T12:00:00+00:00
5548,12.9135218,77.5950804,co,0.79,2019-07-16T12:15:00+00:00
5548,12.9135218,77.5950804,co,0.88,2019-07-16T12:30:00+00:00
5548,12.9135218,77.5950804,co,0.63,2019-07-16T12:45:00+00:00
5548,12.9135218,77.5950804,co,0.84,2019-07-16T13:00:00+00:00
5548,12.9135218,77.5950804,co,0.89,2019-07-16T13:15:00+00:00
5548,12.9135218,77.5950804,co,0.95,2019-07-16T13:30:00+00:00
5548,12.9135218,77.5950804,co,1.03,2019-07-16T13:45:00+00:00
5548,12.9135218,77.5950804,co,0.73,2019-07-16T14:00:00+00:00
5548,12.9135218,77.5950804,co,0.84,2019-07-16T14:15:00+00:00
5548,12.9135218,77.5950804,co,0.85,2019-07-16T14:30:00+00:00
5548,12.9135218,77.5950804,co,0.89,2019-07-16T14:45:00+00:00
5548,12.9135218,77.5950804,co,0.66,2019-07-16T15:00:00+00:00
5548,12.9135218,77.5950804,co,0.5,2019-07-16T15:15:00+00:00
5548,12.9135218,77.5950804,co,0.75,2019-07-16T15:30:00+00:00
5548,12.9135218,77.5950804,co,0.69,2019-07-16T15:45:00+00:00
5548,12.9135218,77.5950804,co,0.66,2019-07-16T16:00:00+00:00
5548,12.9135218,77.5950804,co,0.78,2019-07-16T16:15:00+00:00
5548,12.9135218,77.5950804,co,0.79,2019-07-16T16:30:00+00:00
5548,12.9135218,77.5950804,co,0.74,2019-07-16T16:45:00+00:00
5548,12.9135218,77.5950804,co,0.69,2019-07-16T17:00:00+00:00
5548,12.9135218,77.5950804,co,0.66,2019-07-16T17:15:00+00:00
5548,12.9135218,77.5950804,co,0.58,2019-07-16T17:30:00+00:00
5548,12.9135218,77.5950804,co,0.46,2019-07-16T17:45:00+00:00
5548,12.9135218,77.5950804,co,0.62,2019-07-16T18:00:00+00:00
5548,12.9135218,77.5950804,co,0.55,2019-07-16T18:15:00+00:00
5548,12.9135218,77.5950804,co,0.53,2019-07-16T18:30:00+00:00
5548,12.9135218,77.5950804,no2,12.64,2019-07-15T18:45:00+00:00
5548,12.9135218,77.5950804,no2,12.34,2019-07-15T19:00:00+00:00
5548,12.9135218,77.5950804,no2,9.96,2019-07-15T19:15:00+00:00
5548,12.9135218,77.5950804,no2,8.7,2019-07-15T19:30:00+00:00
5548,12.9135218,77.5950804,no2,9.34,2019-07-15T19:45:00+00:00
5548,12.9135218,77.5950804,no2,8.95,2019-07-15T20:00:00+00:00
5548,12.9135218,77.5950804,no2,9.48,2019-07-15T20:15:00+00:00
5548,12.9135218,77.5950804,no2,10.72,2019-07-15T20:30:00+00:00
5548,12.9135218,77.5950804,no2,9.91,2019-07-15T20:45:00+00:00
5548,12.9135218,77.5950804,no2,8.9,2019-07-15T21:15:00+00:00
5548,12.9135218,77.5950804,no2,9.51,2019-07-15T21:30:00+00:00
5548,12.9135218,77.5950804,no2,9.78,2019-07-15T21:45:00+00:00
5548,12.9135218,77.5950804,no2,8.93,2019-07-15T22:00:00+00:00
5548,12.9135218,77.5950804,no2,10.67,2019-07-15T22:15:00+00:00
5548,12.9135218,77.5950804,no2,9.37,2019-07-15T22:30:00+00:00
5548,12.9135218,77.5950804,no2,8.81,2019-07-15T22:45:00+00:00
5548,12.9135218,77.5950804,no2,10.27,2019-07-15T23:00:00+00:00
5548,12.9135218,77.5950804,no2,10.29,2019-07-15T23:15:00+00:00
5548,12.9135218,77.5950804,no2,10.99,2019-07-15T23:30:00+00:00
5548,12.9135218,77.5950804,no2,10.18,2019-07-15T23:45:00+00:00
5548,12.9135218,77.5950804,no2,11.9,2019-07-16T00:00:00+00:00
5548,12.9135218,77.5950804,no2,10.92,2019-07-16T00:15:00+00:00
5548,12.9135218,77.5950804,no2,12.62,2019-07-16T00:30:00+00:00
5548,12.9135218,77.5950804,no2,12.04,2019-07-16T00:45:00+00:00
5548,12.9135218,77.5950804,no2,12.84,2019-07-16T01:00:00+00:00
5548,12.9135218,77.5950804,no2,14.23,2019-07-16T01:15:00+00:00
5548,12.9135218,77.5950804,no2,13.89,2019-07-16T01:30:00+00:00
5548,12.9135218,77.5950804,no2,13.34,2019-07-16T01:45:00+00:00
5548,12.9135218,77.5950804,no2,14.2,2019-07-16T02:00:00+00:00
5548,12.9135218,77.5950804,no2,13.0,2019-07-16T02:15:00+00:00
5548,12.9135218,77.5950804,no2,13.62,2019-07-16T02:30:00+00:00
5548,12.9135218,77.5950804,no2,15.26,2019-07-16T02:45:00+00:00
5548,12.9135218,77.5950804,no2,13.5,2019-07-16T03:00:00+00:00
5548,12.9135218,77.5950804,no2,14.56,2019-07-16T03:15:00+00:00
5548,12.9135218,77.5950804,no2,16.55,2019-07-16T03:30:00+00:00
5548,12.9135218,77.5950804,no2,17.0,2019-07-16T03:45:00+00:00
5548,12.9135218,77.5950804,no2,17.89,2019-07-16T04:00:00+00:00
5548,12.9135218,77.5950804,no2,20.62,2019-07-16T04:15:00+00:00
5548,12.9135218,77.5950804,no2,20.04,2019-07-16T04:30:00+00:00
5548,12.9135218,77.5950804,no2,19.93,2019-07-16T04:45:00+00:00
5548,12.9135218,77.5950804,no2,25.15,2019-07-16T05:00:00+00:00
5548,12.9135218,77.5950804,no2,26.32,2019-07-16T05:15:00+00:00
5548,12.9135218,77.5950804,no2,25.33,2019-07-16T05:30:00+00:00
5548,12.9135218,77.5950804,no2,18.5,2019-07-16T05:45:00+00:00
5548,12.9135218,77.5950804,no2,17.03,2019-07-16T06:00:00+00:00
5548,12.9135218,77.5950804,no2,15.46,2019-07-16T06:15:00+00:00
5548,12.9135218,77.5950804,no2,17.97,2019-07-16T06:30:00+00:00
5548,12.9135218,77.5950804,no2,17.75,2019-07-16T06:45:00+00:00
5548,12.9135218,77.5950804,no2,16.15,2019-07-16T07:00:00+00:00
5548,12.9135218,77.5950804,no2,23.16,2019-07-16T07:15:00+00:00
5548,12.9135218,77.5950804,no2,21.05,2019-07-16T07:30:00+00:00
5548,12.9135218,77.5950804,no2,15.23,2019-07-16T07:45:00+00:00
5548,12.9135218,77.5950804,no2,22.32,2019-07-16T08:00:00+00:00
5548,12.9135218,77.5950804,no2,18.85,2019-07-16T08:15:00+00:00
5548,12.9135218,77.5950804,no2,19.34,2019-07-16T08:30:00+00:00
5548,12.9135218,77.5950804,no2,14.51,2019-07-16T08:45:00+00:00
5548,12.9135218,77.5950804,no2,16.13,2019-07-16T09:00:00+00:00
5548,12.9135218,77.5950804,no2,20.82,2019-07-16T09:15:00+00:00
5548,12.9135218,77.5950804,no2,28.57,2019-07-16T09:30:00+00:00
5548,12.9135218,77.5950804,no2,24.83,2019-07-16T09:45:00+00:00
5548,12.9135218,77.5950804,no2,23.19,2019-07-16T10:00:00+00:00
5548,12.9135218,77.5950804,no2,23.55,2019-07-16T10:15:00+00:00
5548,12.9135218,77.5950804,no2,25.56,2019-07-16T10:30:00+00:00
5548,12.9135218,77.5950804,no2,28.17,2019-07-16T10:45:00+00:00
5548,12.9135218,77.5950804,no2,21.38,2019-07-16T11:00:00+00:00
5548,12.9135218,77.5950804,no2,22.27,2019-07-16T11:15:00+00:00
5548,12.9135218,77.5950804,no2,15.08,2019-07-16T11:30:00+00:00
5548,12.9135218,77.5950804,no2,14.16,2019-07-16T11:45:00+00:00
5548,12.9135218,77.5950804,no2,14.32,2019-07-16T12:00:00+00:00
5548,12.9135218,77.5950804,no2,17.87,2019-07-16T12:15:00+00:00
5548,12.9135218,77.5950804,no2,21.43,2019-07-16T12:30:00+00:00
5548,12.9135218,77.5950804,no2,28.05,2019-07-16T12:45:00+00:00
5548,12.9135218,77.5950804,no2,29.57,2019-07-16T13:00:00+00:00
5548,12.9135218,77.5950804,no2,24.11,2019-07-16T13:15:00+00:00
5548,12.9135218,77.5950804,no2,25.42,2019-07-16T13:30:00+00:00
5548,12.9135218,77.5950804,no2,27.5,2019-07-16T13:45:00+00:00
5548,12.9135218,77.5950804,no2,23.58,2019-07-16T14:00:00+00:00
5548,12.9135218,77.5950804,no2,28.58,2019-07-16T14:15:00+00:00
5548,12.9135218,77.5950804,no2,24.55,2019-07-16T14:30:00+00:00
5548,12.9135218,77.5950804,no2,29.17,2019-07-16T14:45:00+00:00
5548,12.9135218,77.5950804,no2,27.03,2019-07-16T15:00:00+00:00
5548,12.9135218,77.5950804,no2,23.19,2019-07-16T15:15:00+00:00
5548,12.9135218,77.5950804,no2,26.79,2019-07-16T15:30:00+00:00
5548,12.9135218,77.5950804,no2,27.9,2019-07-16T15:45:00+00:00
5548,12.9135218,77.5950804,no2,25.89,2019-07-16T16:00:00+00:00
5548,12.9135218,77.5950804,no2,25.89,2019-07-16T16:15:00+00:00
5548,12.9135218,77.5950804,no2,27.54,2019-07-16T16:30:00+00:00
5548,12.9135218,77.5950804,no2,27.75,2019-07-16T16:45:00+00:00
5548,12.9135218,77.5950804,no2,26.38,2019-07-16T17:00:00+00:00
5548,12.9135218,77.5950804,no2,24.11,2019-07-16T17:15:00+00:00
5548,12.9135218,77.5950804,no2,21.77,2019-07-16T17:30:00+00:00
5548,12.9135218,77.5950804,no2,21.3,2019-07-16T17:45:00+00:00
5548,12.9135218,77.5950804,no2,19.67,2019-07-16T18:00:00+00:00
5548,12.9135218,77.5950804,no2,17.92,2019-07-16T18:15:00+00:00
5548,12.9135218,77.5950804,no2,13.52,2019-07-16T18:30:00+00:00
5548,12.9135218,77.5950804,so2,8.1,2019-07-15T18:45:00+00:00
5548,12.9135218,77.5950804,so2,5.56,2019-07-15T19:00:00+00:00
5548,12.9135218,77.5950804,so2,4.9,2019-07-15T19:15:00+00:00
5548,12.9135218,77.5950804,so2,5.84,2019-07-15T19:30:00+00:00
5548,12.9135218,77.5950804,so2,7.58,2019-07-15T19:45:00+00:00
5548,12.9135218,77.5950804,so2,6.45,2019-07-15T20:00:00+00:00
5548,12.9135218,77.5950804,so2,7.96,2019-07-15T20:15:00+00:00
5548,12.9135218,77.5950804,so2,4.49,2019-07-15T20:30:00+00:00
5548,12.9135218,77.5950804,so2,3.34,2019-07-15T20:45:00+00:00
5548,12.9135218,77.5950804,so2,6.82,2019-07-15T21:30:00+00:00
5548,12.9135218,77.5950804,so2,4.48,2019-07-15T21:45:00+00:00
5548,12.9135218,77.5950804,so2,2.44,2019-07-15T22:00:00+00:00
5548,12.9135218,77.5950804,so2,2.74,2019-07-15T22:15:00+00:00
5548,12.9135218,77.5950804,so2,3.06,2019-07-15T22:30:00+00:00
5548,12.9135218,77.5950804,so2,3.14,2019-07-15T22:45:00+00:00
5548,12.9135218,77.5950804,so2,2.57,2019-07-15T23:00:00+00:00
5548,12.9135218,77.5950804,so2,2.33,2019-07-15T23:15:00+00:00
5548,12.9135218,77.5950804,so2,3.44,2019-07-15T23:30:00+00:00
5548,12.9135218,77.5950804,so2,4.08,2019-07-15T23:45:00+00:00
5548,12.9135218,77.5950804,so2,4.4,2019-07-16T00:00:00+00:00
5548,12.9135218,77.5950804,so2,5.33,2019-07-16T00:15:00+00:00
5548,12.9135218,77.5950804,so2,3.8,2019-07-16T00:30:00+00:00
5548,12.9135218,77.5950804,so2,3.09,2019-07-16T00:45:00+00:00
5548,12.9135218,77.5950804,so2,2.89,2019-07-16T01:00:00+00:00
5548,12.9135218,77.5950804,so2,3.01,2019-07-16T01:15:00+00:00
5548,12.9135218,77.5950804,so2,3.79,2019-07-16T01:30:00+00:00
5548,12.9135218,77.5950804,so2,3.71,2019-07-16T01:45:00+00:00
5548,12.9135218,77.5950804,so2,4.79,2019-07-16T02:00:00+00:00
5548,12.9135218,77.5950804,so2,6.83,2019-07-16T02:15:00+00:00
5548,12.9135218,77.5950804,so2,4.41,2019-07-16T02:30:00+00:00
5548,12.9135218,77.5950804,so2,3.0,2019-07-16T02:45:00+00:00
5548,12.9135218,77.5950804,so2,3.89,2019-07-16T03:00:00+00:00
5548,12.9135218,77.5950804,so2,3.64,2019-07-16T03:15:00+00:00
5548,12.9135218,77.5950804,so2,2.67,2019-07-16T03:30:00+00:00
5548,12.9135218,77.5950804,so2,2.42,2019-07-16T03:45:00+00:00
5548,12.9135218,77.5950804,so2,2.42,2019-07-16T04:00:00+00:00
5548,12.9135218,77.5950804,so2,2.0,2019-07-16T04:15:00+00:00
5548,12.9135218,77.5950804,so2,3.04,2019-07-16T04:30:00+00:00
5548,12.9135218,77.5950804,so2,4.09,2019-07-16T04:45:00+00:00
5548,12.9135218,77.5950804,so2,4.68,2019-07-16T05:00:00+00:00
5548,12.9135218,77.5950804,so2,3.92,2019-07-16T05:15:00+00:00
5548,12.9135218,77.5950804,so2,4.46,2019-07-16T05:30:00+00:00
5548,12.9135218,77.5950804,so2,3.22,2019-07-16T05:45:00+00:00
5548,12.9135218,77.5950804,so2,3.08,2019-07-16T06:00:00+00:00
5548,12.9135218,77.5950804,so2,3.56,2019-07-16T06:15:00+00:00
5548,12.9135218,77.5950804,so2,4.34,2019-07-16T06:30:00+00:00
5548,12.9135218,77.5950804,so2,5.22,2019-07-16T06:45:00+00:00
5548,12.9135218,77.5950804,so2,9.08,2019-07-16T07:00:00+00:00
5548,12.9135218,77.5950804,so2,8.6,2019-07-16T07:15:00+00:00
5548,12.9135218,77.5950804,so2,3.57,2019-07-16T07:30:00+00:00
5548,12.9135218,77.5950804,so2,3.41,2019-07-16T07:45:00+00:00
5548,12.9135218,77.5950804,so2,3.86,2019-07-16T08:00:00+00:00
5548,12.9135218,77.5950804,so2,2.11,2019-07-16T08:15:00+00:00
5548,12.9135218,77.5950804,so2,5.34,2019-07-16T08:30:00+00:00
5548,12.9135218,77.5950804,so2,3.32,2019-07-16T08:45:00+00:00
5548,12.9135218,77.5950804,so2,3.09,2019-07-16T09:00:00+00:00
5548,12.9135218,77.5950804,so2,4.23,2019-07-16T09:15:00+00:00
5548,12.9135218,77.5950804,so2,3.89,2019-07-16T09:30:00+00:00
5548,12.9135218,77.5950804,so2,2.77,2019-07-16T09:45:00+00:00
5548,12.9135218,77.5950804,so2,2.78,2019-07-16T10:00:00+00:00
5548,12.9135218,77.5950804,so2,2.58,2019-07-16T10:15:00+00:00
5548,12.9135218,77.5950804,so2,4.71,2019-07-16T10:30:00+00:00
5548,12.9135218,77.5950804,so2,2.15,2019-07-16T10:45:00+00:00
5548,12.9135218,77.5950804,so2,4.07,2019-07-16T11:00:00+00:00
5548,12.9135218,77.5950804,so2,5.46,2019-07-16T11:15:00+00:00
5548,12.9135218,77.5950804,so2,3.75,2019-07-16T11:30:00+00:00
5548,12.9135218,77.5950804,so2,2.77,2019-07-16T11:45:00+00:00
5548,12.9135218,77.5950804,so2,4.73,2019-07-16T12:00:00+00:00
5548,12.9135218,77.5950804,so2,3.25,2019-07-16T12:15:00+00:00
5548,12.9135218,77.5950804,so2,4.03,2019-07-16T12:30:00+00:00
5548,12.9135218,77.5950804,so2,4.26,2019-07-16T12:45:00+00:00
5548,12.9135218,77.5950804,so2,6.72,2019-07-16T13:00:00+00:00
5548,12.9135218,77.5950804,so2,4.57,2019-07-16T13:15:00+00:00
5548,12.9135218,77.5950804,so2,7.28,2019-07-16T13:30:00+00:00
5548,12.9135218,77.5950804,so2,6.46,2019-07-16T13:45:00+00:00
5548,12.9135218,77.5950804,so2,8.07,2019-07-16T14:00:00+00:00
5548,12.9135218,77.5950804,so2,5.08,2019-07-16T14:15:00+00:00
5548,12.9135218,77.5950804,so2,6.31,2019-07-16T14:30:00+00:00
5548,12.9135218,77.5950804,so2,3.6,2019-07-16T14:45:00+00:00
5548,12.9135218,77.5950804,so2,2.46,2019-07-16T15:00:00+00:00
5548,12.9135218,77.5950804,so2,2.0,2019-07-16T15:15:00+00:00
5548,12.9135218,77.5950804,so2,3.2,2019-07-16T15:30:00+00:00
5548,12.9135218,77.5950804,so2,7.18,2019-07-16T15:45:00+00:00
5548,12.9135218,77.5950804,so2,5.64,2019-07-16T16:00:00+00:00
5548,12.9135218,77.5950804,so2,6.87,2019-07-16T16:15:00+00:00
5548,12.9135218,77.5950804,so2,5.6,2019-07-16T16:30:00+00:00
5548,12.9135218,77.5950804,so2,5.78,2019-07-16T16:45:00+00:00
5548,12.9135218,77.5950804,so2,5.68,2019-07-16T17:00:00+00:00
5548,12.9135218,77.5950804,so2,3.81,2019-07-16T17:15:00+00:00
5548,12.9135218,77.5950804,so2,4.35,2019-07-16T17:30:00+00:00
5548,12.9135218,77.5950804,so2,2.77,2019-07-16T17:45:00+00:00
5548,12.9135218,77.5950804,so2,2.72,2019-07-16T18:00:00+00:00
5548,12.9135218,77.5950804,so2,2.02,2019-07-16T18:15:00+00:00
5548,12.9135218,77.5950804,so2,8.89,2019-07-16T18:30:00+00:00
6973,12.920984,77.584908,pm10,24.0,2019-07-09T18:45:00+00:00
6973,12.920984,77.584908,pm10,24.0,2019-07-09T19:00:00+00:00
6973,12.920984,77.584908,pm10,20.0,2019-07-09T19:15:00+00:00
6973,12.920984,77.584908,pm10,20.0,2019-07-09T19:30:00+00:00
6973,12.920984,77.584908,pm10,20.0,2019-07-09T20:00:00+00:00
6973,12.920984,77.584908,pm10,7.0,2019-07-09T20:15:00+00:00
6973,12.920984,77.584908,pm10,7.0,2019-07-09T20:30:00+00:00
6973,12.920984,77.584908,pm10,7.0,2019-07-09T20:45:00+00:00
6973,12.920984,77.584908,pm10,7.0,2019-07-09T21:00:00+00:00
6973,12.920984,77.584908,pm10,21.0,2019-07-09T21:15:00+00:00
6973,12.920984,77.584908,pm10,21.0,2019-07-09T21:30:00+00:00
6973,12.920984,77.584908,pm10,21.0,2019-07-09T22:00:00+00:00
6973,12.920984,77.584908,pm10,21.0,2019-07-09T22:15:00+00:00
6973,12.920984,77.584908,pm10,21.0,2019-07-09T22:30:00+00:00
6973,12.920984,77.584908,pm10,21.0,2019-07-09T22:45:00+00:00
6973,12.920984,77.584908,pm10,21.0,2019-07-09T23:00:00+00:00
6973,12.920984,77.584908,pm10,22.0,2019-07-09T23:15:00+00:00
6973,12.920984,77.584908,pm10,22.0,2019-07-09T23:30:00+00:00
6973,12.920984,77.584908,pm10,22.0,2019-07-09T23:45:00+00:00
6973,12.920984,77.584908,pm10,22.0,2019-07-10T00:00:00+00:00
6973,12.920984,77.584908,pm10,19.0,2019-07-10T00:15:00+00:00
6973,12.920984,77.584908,pm10,19.0,2019-07-10T00:30:00+00:00
6973,12.920984,77.584908,pm10,19.0,2019-07-10T00:45:00+00:00
6973,12.920984,77.584908,pm10,19.0,2019-07-10T01:00:00+00:00
6973,12.920984,77.584908,pm10,27.0,2019-07-10T01:15:00+00:00
6973,12.920984,77.584908,pm10,27.0,2019-07-10T01:30:00+00:00
6973,12.920984,77.584908,pm10,27.0,2019-07-10T02:00:00+00:00
6973,12.920984,77.584908,pm10,39.0,2019-07-10T02:15:00+00:00
6973,12.920984,77.584908,pm10,39.0,2019-07-10T02:30:00+00:00
6973,12.920984,77.584908,pm10,39.0,2019-07-10T02:45:00+00:00
6973,12.920984,77.584908,pm10,39.0,2019-07-10T03:00:00+00:00
6973,12.920984,77.584908,pm10,28.0,2019-07-10T03:15:00+00:00
6973,12.920984,77.584908,pm10,28.0,2019-07-10T03:30:00+00:00
6973,12.920984,77.584908,pm10,28.0,2019-07-10T03:45:00+00:00
6973,12.920984,77.584908,pm10,28.0,2019-07-10T04:00:00+00:00
6973,12.920984,77.584908,pm10,28.0,2019-07-10T04:15:00+00:00
6973,12.920984,77.584908,pm10,28.0,2019-07-10T04:30:00+00:00
6973,12.920984,77.584908,pm10,28.0,2019-07-10T04:45:00+00:00
6973,12.920984,77.584908,pm10,28.0,2019-07-10T05:00:00+00:00
6973,12.920984,77.584908,pm10,45.0,2019-07-10T05:15:00+00:00
6973,12.920984,77.584908,pm10,45.0,2019-07-10T05:30:00+00:00
6973,12.920984,77.584908,pm10,45.0,2019-07-10T05:45:00+00:00
6973,12.920984,77.584908,pm10,45.0,2019-07-10T06:00:00+00:00
6973,12.920984,77.584908,pm10,36.0,2019-07-10T06:15:00+00:00
6973,12.920984,77.584908,pm10,36.0,2019-07-10T06:30:00+00:00
6973,12.920984,77.584908,pm10,36.0,2019-07-10T06:45:00+00:00
6973,12.920984,77.584908,pm10,36.0,2019-07-10T07:00:00+00:00
6973,12.920984,77.584908,pm10,52.0,2019-07-10T07:15:00+00:00
6973,12.920984,77.584908,pm10,52.0,2019-07-10T07:30:00+00:00
6973,12.920984,77.584908,pm10,52.0,2019-07-10T07:45:00+00:00
6973,12.920984,77.584908,pm10,52.0,2019-07-10T08:00:00+00:00
6973,12.920984,77.584908,pm10,63.0,2019-07-10T08:15:00+00:00
6973,12.920984,77.584908,pm10,63.0,2019-07-10T08:30:00+00:00
6973,12.920984,77.584908,pm10,63.0,2019-07-10T08:45:00+00:00
6973,12.920984,77.584908,pm10,63.0,2019-07-10T09:00:00+00:00
6973,12.920984,77.584908,pm10,119.0,2019-07-10T09:15:00+00:00
6973,12.920984,77.584908,pm10,119.0,2019-07-10T09:30:00+00:00
6973,12.920984,77.584908,pm10,119.0,2019-07-10T09:45:00+00:00
6973,12.920984,77.584908,pm10,119.0,2019-07-10T10:00:00+00:00
6973,12.920984,77.584908,pm10,45.0,2019-07-10T10:15:00+00:00
6973,12.920984,77.584908,pm10,45.0,2019-07-10T10:30:00+00:00
6973,12.920984,77.584908,pm10,45.0,2019-07-10T10:45:00+00:00
6973,12.920984,77.584908,pm10,45.0,2019-07-10T11:00:00+00:00
6973,12.920984,77.584908,pm10,59.0,2019-07-10T11:15:00+00:00
6973,12.920984,77.584908,pm10,59.0,2019-07-10T11:30:00+00:00
6973,12.920984,77.584908,pm10,59.0,2019-07-10T11:45:00+00:00
6973,12.920984,77.584908,pm10,59.0,2019-07-10T12:00:00+00:00
6973,12.920984,77.584908,pm10,56.0,2019-07-10T12:15:00+00:00
6973,12.920984,77.584908,pm10,56.0,2019-07-10T12:30:00+00:00
6973,12.920984,77.584908,pm10,56.0,2019-07-10T12:45:00+00:00
6973,12.920984,77.584908,pm10,56.0,2019-07-10T13:00:00+00:00
6973,12.920984,77.584908,pm10,48.0,2019-07-10T13:15:00+00:00
6973,12.920984,77.584908,pm10,48.0,2019-07-10T13:30:00+00:00
6973,12.920984,77.584908,pm10,48.0,2019-07-10T13:45:00+00:00
6973,12.920984,77.584908,pm10,48.0,2019-07-10T14:00:00+00:00
6973,12.920984,77.584908,pm10,33.0,2019-07-10T14:15:00+00:00
6973,12.920984,77.584908,pm10,33.0,2019-07-10T14:30:00+00:00
6973,12.920984,77.584908,pm10,33.0,2019-07-10T14:45:00+00:00
6973,12.920984,77.584908,pm10,33.0,2019-07-10T15:00:00+00:00
6973,12.920984,77.584908,pm10,27.0,2019-07-10T15:15:00+00:00
6973,12.920984,77.584908,pm10,27.0,2019-07-10T15:30:00+00:00
6973,12.920984,77.584908,pm10,27.0,2019-07-10T15:45:00+00:00
6973,12.920984,77.584908,pm10,27.0,2019-07-10T16:00:00+00:00
6973,12.920984,77.584908,pm10,28.0,2019-07-10T16:15:00+00:00
6973,12.920984,77.584908,pm10,28.0,2019-07-10T16:30:00+00:00
6973,12.920984,77.584908,pm10,28.0,2019-07-10T16:45:00+00:00
6973,12.920984,77.584908,pm10,28.0,2019-07-10T17:00:00+00:00
6973,12.920984,77.584908,pm10,24.0,2019-07-10T17:15:00+00:00
6973,12.920984,77.584908,pm10,24.0,2019-07-10T17:30:00+00:00
6973,12.920984,77.584908,pm10,24.0,2019-07-10T17:45:00+00:00
6973,12.920984,77.584908,pm10,24.0,2019-07-10T18:00:00+00:00
6973,12.920984,77.584908,pm10,22.0,2019-07-10T18:15:00+00:00
6973,12.920984,77.584908,pm10,22.0,2019-07-10T18:30:00+00:00
6973,12.920984,77.584908,pm25,8.0,2019-07-09T18:45:00+00:00
6973,12.920984,77.584908,pm25,8.0,2019-07-09T19:00:00+00:00
6973,12.920984,77.584908,pm25,6.0,2019-07-09T19:15:00+00:00
6973,12.920984,77.584908,pm25,6.0,2019-07-09T19:30:00+00:00
6973,12.920984,77.584908,pm25,6.0,2019-07-09T20:00:00+00:00
6973,12.920984,77.584908,pm25,3.0,2019-07-09T22:15:00+00:00
6973,12.920984,77.584908,pm25,3.0,2019-07-09T22:30:00+00:00
6973,12.920984,77.584908,pm25,3.0,2019-07-09T22:45:00+00:00
6973,12.920984,77.584908,pm25,3.0,2019-07-09T23:00:00+00:00
6973,12.920984,77.584908,pm25,13.0,2019-07-10T01:15:00+00:00
6973,12.920984,77.584908,pm25,13.0,2019-07-10T01:30:00+00:00
6973,12.920984,77.584908,pm25,13.0,2019-07-10T02:00:00+00:00
6973,12.920984,77.584908,pm25,10.0,2019-07-10T02:15:00+00:00
6973,12.920984,77.584908,pm25,10.0,2019-07-10T02:30:00+00:00
6973,12.920984,77.584908,pm25,10.0,2019-07-10T02:45:00+00:00
6973,12.920984,77.584908,pm25,10.0,2019-07-10T03:00:00+00:00
6973,12.920984,77.584908,pm25,11.0,2019-07-10T03:15:00+00:00
6973,12.920984,77.584908,pm25,11.0,2019-07-10T03:30:00+00:00
6973,12.920984,77.584908,pm25,11.0,2019-07-10T03:45:00+00:00
6973,12.920984,77.584908,pm25,11.0,2019-07-10T04:00:00+00:00
6973,12.920984,77.584908,pm25,11.0,2019-07-10T04:15:00+00:00
6973,12.920984,77.584908,pm25,11.0,2019-07-10T04:30:00+00:00
6973,12.920984,77.584908,pm25,11.0,2019-07-10T04:45:00+00:00
6973,12.920984,77.584908,pm25,11.0,2019-07-10T05:00:00+00:00
6973,12.920984,77.584908,pm25,9.0,2019-07-10T05:15:00+00:00
6973,12.920984,77.584908,pm25,9.0,2019-07-10T05:30:00+00:00
6973,12.920984,77.584908,pm25,9.0,2019-07-10T05:45:00+00:00
6973,12.920984,77.584908,pm25,9.0,2019-07-10T06:00:00+00:00
6973,12.920984,77.584908,pm25,10.0,2019-07-10T06:15:00+00:00
6973,12.920984,77.584908,pm25,10.0,2019-07-10T06:30:00+00:00
6973,12.920984,77.584908,pm25,10.0,2019-07-10T06:45:00+00:00
6973,12.920984,77.584908,pm25,10.0,2019-07-10T07:00:00+00:00
6973,12.920984,77.584908,pm25,7.0,2019-07-10T07:15:00+00:00
6973,12.920984,77.584908,pm25,7.0,2019-07-10T07:30:00+00:00
6973,12.920984,77.584908,pm25,7.0,2019-07-10T07:45:00+00:00
6973,12.920984,77.584908,pm25,7.0,2019-07-10T08:00:00+00:00
6973,12.920984,77.584908,pm25,3.0,2019-07-10T08:15:00+00:00
6973,12.920984,77.584908,pm25,3.0,2019-07-10T08:30:00+00:00
6973,12.920984,77.584908,pm25,3.0,2019-07-10T08:45:00+00:00
6973,12.920984,77.584908,pm25,3.0,2019-07-10T09:00:00+00:00
6973,12.920984,77.584908,pm25,7.0,2019-07-10T09:15:00+00:00
6973,12.920984,77.584908,pm25,7.0,2019-07-10T09:30:00+00:00
6973,12.920984,77.584908,pm25,7.0,2019-07-10T09:45:00+00:00
6973,12.920984,77.584908,pm25,7.0,2019-07-10T10:00:00+00:00
6973,12.920984,77.584908,pm25,6.0,2019-07-10T10:15:00+00:00
6973,12.920984,77.584908,pm25,6.0,2019-07-10T10:30:00+00:00
6973,12.920984,77.584908,pm25,6.0,2019-07-10T10:45:00+00:00
6973,12.920984,77.584908,pm25,6.0,2019-07-10T11:00:00+00:00
6973,12.920984,77.584908,pm25,11.0,2019-07-10T11:15:00+00:00
6973,12.920984,77.584908,pm25,11.0,2019-07-10T11:30:00+00:00
6973,12.920984,77.584908,pm25,11.0,2019-07-10T11:45:00+00:00
6973,12.920984,77.584908,pm25,11.0,2019-07-10T12:00:00+00:00
6973,12.920984,77.584908,pm25,9.0,2019-07-10T12:15:00+00:00
6973,12.920984,77.584908,pm25,9.0,2019-07-10T12:30:00+00:00
6973,12.920984,77.584908,pm25,9.0,2019-07-10T12:45:00+00:00
6973,12.920984,77.584908,pm25,9.0,2019-07-10T13:00:00+00:00
6973,12.920984,77.584908,pm25,8.0,2019-07-10T13:15:00+00:00
6973,12.920984,77.584908,pm25,8.0,2019-07-10T13:30:00+00:00
6973,12.920984,77.584908,pm25,8.0,2019-07-10T13:45:00+00:00
6973,12.920984,77.584908,pm25,8.0,2019-07-10T14:00:00+00:00
6973,12.920984,77.584908,pm25,8.0,2019-07-10T14:15:00+00:00
6973,12.920984,77.584908,pm25,8.0,2019-07-10T14:30:00+00:00
6973,12.920984,77.584908,pm25,8.0,2019-07-10T14:45:00+00:00
6973,12.920984,77.584908,pm25,8.0,2019-07-10T15:00:00+00:00
6973,12.920984,77.584908,pm25,7.0,2019-07-10T15:15:00+00:00
6973,12.920984,77.584908,pm25,7.0,2019-07-10T15:30:00+00:00
6973,12.920984,77.584908,pm25,7.0,2019-07-10T15:45:00+00:00
6973,12.920984,77.584908,pm25,7.0,2019-07-10T16:00:00+00:00
6973,12.920984,77.584908,pm25,5.0,2019-07-10T16:15:00+00:00
6973,12.920984,77.584908,pm25,5.0,2019-07-10T16:30:00+00:00
6973,12.920984,77.584908,pm25,5.0,2019-07-10T16:45:00+00:00
6973,12.920984,77.584908,pm25,5.0,2019-07-10T17:00:00+00:00
6973,12.920984,77.584908,pm25,7.0,2019-07-10T17:15:00+00:00
6973,12.920984,77.584908,pm25,7.0,2019-07-10T17:30:00+00:00
6973,12.920984,77.584908,pm25,7.0,2019-07-10T17:45:00+00:00
6973,12.920984,77.584908,pm25,7.0,2019-07-10T18:00:00+00:00
6973,12.920984,77.584908,pm25,8.0,2019-07-10T18:15:00+00:00
6973,12.920984,77.584908,pm25,8.0,2019-07-10T18:30:00+00:00
6973,12.920984,77.584908,co,0.69,2019-07-09T18:45:00+00:00
6973,12.920984,77.584908,co,0.69,2019-07-09T19:00:00+00:00
6973,12.920984,77.584908,co,0.69,2019-07-09T19:15:00+00:00
6973,12.920984,77.584908,co,0.57,2019-07-09T19:30:00+00:00
6973,12.920984,77.584908,co,0.57,2019-07-09T20:00:00+00:00
6973,12.920984,77.584908,co,0.57,2019-07-09T20:15:00+00:00
6973,12.920984,77.584908,co,0.57,2019-07-09T20:30:00+00:00
6973,12.920984,77.584908,co,0.46,2019-07-09T20:45:00+00:00
6973,12.920984,77.584908,co,0.57,2019-07-09T21:00:00+00:00
6973,12.920984,77.584908,co,0.57,2019-07-09T21:15:00+00:00
6973,12.920984,77.584908,co,0.57,2019-07-09T21:30:00+00:00
6973,12.920984,77.584908,co,0.57,2019-07-09T22:00:00+00:00
6973,12.920984,77.584908,co,0.57,2019-07-09T23:00:00+00:00
6973,12.920984,77.584908,co,0.57,2019-07-09T23:15:00+00:00
6973,12.920984,77.584908,co,0.57,2019-07-09T23:30:00+00:00
6973,12.920984,77.584908,co,0.69,2019-07-09T23:45:00+00:00
6973,12.920984,77.584908,co,0.8,2019-07-10T00:00:00+00:00
6973,12.920984,77.584908,co,0.8,2019-07-10T00:15:00+00:00
6973,12.920984,77.584908,co,0.8,2019-07-10T00:30:00+00:00
6973,12.920984,77.584908,co,0.8,2019-07-10T00:45:00+00:00
6973,12.920984,77.584908,co,0.8,2019-07-10T01:00:00+00:00
6973,12.920984,77.584908,co,0.8,2019-07-10T01:15:00+00:00
6973,12.920984,77.584908,co,0.8,2019-07-10T01:30:00+00:00
6973,12.920984,77.584908,co,0.92,2019-07-10T02:00:00+00:00
6973,12.920984,77.584908,co,0.92,2019-07-10T02:15:00+00:00
6973,12.920984,77.584908,co,0.92,2019-07-10T02:30:00+00:00
6973,12.920984,77.584908,co,1.03,2019-07-10T02:45:00+00:00
6973,12.920984,77.584908,co,1.03,2019-07-10T03:00:00+00:00
6973,12.920984,77.584908,co,0.92,2019-07-10T03:15:00+00:00
6973,12.920984,77.584908,co,0.92,2019-07-10T03:30:00+00:00
6973,12.920984,77.584908,co,0.8,2019-07-10T03:45:00+00:00
6973,12.920984,77.584908,co,0.92,2019-07-10T04:00:00+00:00
6973,12.920984,77.584908,co,0.92,2019-07-10T04:15:00+00:00
6973,12.920984,77.584908,co,0.92,2019-07-10T04:30:00+00:00
6973,12.920984,77.584908,co,0.8,2019-07-10T04:45:00+00:00
6973,12.920984,77.584908,co,0.8,2019-07-10T05:00:00+00:00
6973,12.920984,77.584908,co,0.8,2019-07-10T05:15:00+00:00
6973,12.920984,77.584908,co,0.8,2019-07-10T05:30:00+00:00
6973,12.920984,77.584908,co,0.92,2019-07-10T05:45:00+00:00
6973,12.920984,77.584908,co,0.8,2019-07-10T06:00:00+00:00
6973,12.920984,77.584908,co,0.8,2019-07-10T06:15:00+00:00
6973,12.920984,77.584908,co,0.8,2019-07-10T06:30:00+00:00
6973,12.920984,77.584908,co,0.8,2019-07-10T06:45:00+00:00
6973,12.920984,77.584908,co,0.8,2019-07-10T07:00:00+00:00
6973,12.920984,77.584908,co,0.92,2019-07-10T07:15:00+00:00
6973,12.920984,77.584908,co,0.8,2019-07-10T07:30:00+00:00
6973,12.920984,77.584908,co,0.8,2019-07-10T07:45:00+00:00
6973,12.920984,77.584908,co,0.92,2019-07-10T08:00:00+00:00
6973,12.920984,77.584908,co,0.92,2019-07-10T08:15:00+00:00
6973,12.920984,77.584908,co,0.92,2019-07-10T08:30:00+00:00
6973,12.920984,77.584908,co,0.92,2019-07-10T08:45:00+00:00
6973,12.920984,77.584908,co,0.92,2019-07-10T09:00:00+00:00
6973,12.920984,77.584908,co,0.92,2019-07-10T09:15:00+00:00
6973,12.920984,77.584908,co,0.92,2019-07-10T09:30:00+00:00
6973,12.920984,77.584908,co,0.92,2019-07-10T09:45:00+00:00
6973,12.920984,77.584908,co,0.8,2019-07-10T10:00:00+00:00
6973,12.920984,77.584908,co,0.92,2019-07-10T10:15:00+00:00
6973,12.920984,77.584908,co,0.92,2019-07-10T10:30:00+00:00
6973,12.920984,77.584908,co,1.03,2019-07-10T10:45:00+00:00
6973,12.920984,77.584908,co,0.92,2019-07-10T11:00:00+00:00
6973,12.920984,77.584908,co,0.8,2019-07-10T11:15:00+00:00
6973,12.920984,77.584908,co,0.8,2019-07-10T11:30:00+00:00
6973,12.920984,77.584908,co,0.92,2019-07-10T11:45:00+00:00
6973,12.920984,77.584908,co,0.92,2019-07-10T12:00:00+00:00
6973,12.920984,77.584908,co,0.8,2019-07-10T12:15:00+00:00
6973,12.920984,77.584908,co,0.8,2019-07-10T12:30:00+00:00
6973,12.920984,77.584908,co,0.69,2019-07-10T12:45:00+00:00
6973,12.920984,77.584908,co,0.8,2019-07-10T13:00:00+00:00
6973,12.920984,77.584908,co,0.8,2019-07-10T13:15:00+00:00
6973,12.920984,77.584908,co,0.8,2019-07-10T13:30:00+00:00
6973,12.920984,77.584908,co,0.8,2019-07-10T13:45:00+00:00
6973,12.920984,77.584908,co,0.8,2019-07-10T14:00:00+00:00
6973,12.920984,77.584908,co,0.8,2019-07-10T14:15:00+00:00
6973,12.920984,77.584908,co,0.92,2019-07-10T14:30:00+00:00
6973,12.920984,77.584908,co,0.92,2019-07-10T14:45:00+00:00
6973,12.920984,77.584908,co,0.92,2019-07-10T15:00:00+00:00
6973,12.920984,77.584908,co,0.92,2019-07-10T15:15:00+00:00
6973,12.920984,77.584908,co,0.8,2019-07-10T15:30:00+00:00
6973,12.920984,77.584908,co,0.92,2019-07-10T15:45:00+00:00
6973,12.920984,77.584908,co,1.15,2019-07-10T16:00:00+00:00
6973,12.920984,77.584908,co,1.03,2019-07-10T16:15:00+00:00
6973,12.920984,77.584908,co,1.03,2019-07-10T16:30:00+00:00
6973,12.920984,77.584908,co,0.92,2019-07-10T16:45:00+00:00
6973,12.920984,77.584908,co,0.92,2019-07-10T17:00:00+00:00
6973,12.920984,77.584908,co,0.8,2019-07-10T17:15:00+00:00
6973,12.920984,77.584908,co,0.8,2019-07-10T17:30:00+00:00
6973,12.920984,77.584908,co,0.8,2019-07-10T17:45:00+00:00
6973,12.920984,77.584908,co,0.69,2019-07-10T18:00:00+00:00
6973,12.920984,77.584908,co,0.8,2019-07-10T18:30:00+00:00
6973,12.920984,77.584908,no2,15.7,2019-07-09T18:45:00+00:00
6973,12.920984,77.584908,no2,15.4,2019-07-09T19:00:00+00:00
6973,12.920984,77.584908,no2,14.8,2019-07-09T19:15:00+00:00
6973,12.920984,77.584908,no2,13.9,2019-07-09T19:30:00+00:00
6973,12.920984,77.584908,no2,12.1,2019-07-09T20:00:00+00:00
6973,12.920984,77.584908,no2,11.8,2019-07-09T20:15:00+00:00
6973,12.920984,77.584908,no2,11.6,2019-07-09T20:30:00+00:00
6973,12.920984,77.584908,no2,11.4,2019-07-09T20:45:00+00:00
6973,12.920984,77.584908,no2,11.7,2019-07-09T21:00:00+00:00
6973,12.920984,77.584908,no2,12.1,2019-07-09T21:15:00+00:00
6973,12.920984,77.584908,no2,12.3,2019-07-09T21:30:00+00:00
6973,12.920984,77.584908,no2,12.2,2019-07-09T22:00:00+00:00
6973,12.920984,77.584908,no2,12.0,2019-07-09T22:15:00+00:00
6973,12.920984,77.584908,no2,12.0,2019-07-09T22:30:00+00:00
6973,12.920984,77.584908,no2,11.9,2019-07-09T22:45:00+00:00
6973,12.920984,77.584908,no2,12.3,2019-07-09T23:00:00+00:00
6973,12.920984,77.584908,no2,16.0,2019-07-10T00:00:00+00:00
6973,12.920984,77.584908,no2,16.5,2019-07-10T00:15:00+00:00
6973,12.920984,77.584908,no2,17.9,2019-07-10T00:30:00+00:00
6973,12.920984,77.584908,no2,19.5,2019-07-10T00:45:00+00:00
6973,12.920984,77.584908,no2,21.4,2019-07-10T01:00:00+00:00
6973,12.920984,77.584908,no2,23.2,2019-07-10T01:15:00+00:00
6973,12.920984,77.584908,no2,23.5,2019-07-10T01:30:00+00:00
6973,12.920984,77.584908,no2,22.9,2019-07-10T02:00:00+00:00
6973,12.920984,77.584908,no2,23.1,2019-07-10T02:15:00+00:00
6973,12.920984,77.584908,no2,23.0,2019-07-10T02:30:00+00:00
6973,12.920984,77.584908,no2,22.5,2019-07-10T02:45:00+00:00
6973,12.920984,77.584908,no2,22.9,2019-07-10T03:00:00+00:00
6973,12.920984,77.584908,no2,22.5,2019-07-10T03:15:00+00:00
6973,12.920984,77.584908,no2,21.4,2019-07-10T03:30:00+00:00
6973,12.920984,77.584908,no2,21.5,2019-07-10T03:45:00+00:00
6973,12.920984,77.584908,no2,21.3,2019-07-10T04:00:00+00:00
6973,12.920984,77.584908,no2,21.8,2019-07-10T04:15:00+00:00
6973,12.920984,77.584908,no2,22.0,2019-07-10T04:30:00+00:00
6973,12.920984,77.584908,no2,22.1,2019-07-10T04:45:00+00:00
6973,12.920984,77.584908,no2,21.8,2019-07-10T05:00:00+00:00
6973,12.920984,77.584908,no2,21.4,2019-07-10T05:15:00+00:00
6973,12.920984,77.584908,no2,21.8,2019-07-10T05:30:00+00:00
6973,12.920984,77.584908,no2,22.5,2019-07-10T05:45:00+00:00
6973,12.920984,77.584908,no2,23.2,2019-07-10T06:00:00+00:00
6973,12.920984,77.584908,no2,22.6,2019-07-10T06:15:00+00:00
6973,12.920984,77.584908,no2,21.8,2019-07-10T06:30:00+00:00
6973,12.920984,77.584908,no2,22.0,2019-07-10T06:45:00+00:00
6973,12.920984,77.584908,no2,22.0,2019-07-10T07:00:00+00:00
6973,12.920984,77.584908,no2,22.1,2019-07-10T07:15:00+00:00
6973,12.920984,77.584908,no2,22.0,2019-07-10T07:30:00+00:00
6973,12.920984,77.584908,no2,21.7,2019-07-10T07:45:00+00:00
6973,12.920984,77.584908,no2,20.7,2019-07-10T08:00:00+00:00
6973,12.920984,77.584908,no2,19.9,2019-07-10T08:15:00+00:00
6973,12.920984,77.584908,no2,19.5,2019-07-10T08:30:00+00:00
6973,12.920984,77.584908,no2,19.5,2019-07-10T08:45:00+00:00
6973,12.920984,77.584908,no2,19.3,2019-07-10T09:00:00+00:00
6973,12.920984,77.584908,no2,19.4,2019-07-10T09:15:00+00:00
6973,12.920984,77.584908,no2,19.7,2019-07-10T09:30:00+00:00
6973,12.920984,77.584908,no2,21.1,2019-07-10T09:45:00+00:00
6973,12.920984,77.584908,no2,21.9,2019-07-10T10:00:00+00:00
6973,12.920984,77.584908,no2,21.9,2019-07-10T10:15:00+00:00
6973,12.920984,77.584908,no2,21.6,2019-07-10T10:30:00+00:00
6973,12.920984,77.584908,no2,21.5,2019-07-10T10:45:00+00:00
6973,12.920984,77.584908,no2,22.8,2019-07-10T11:00:00+00:00
6973,12.920984,77.584908,no2,23.0,2019-07-10T11:15:00+00:00
6973,12.920984,77.584908,no2,22.6,2019-07-10T11:30:00+00:00
6973,12.920984,77.584908,no2,23.3,2019-07-10T11:45:00+00:00
6973,12.920984,77.584908,no2,24.4,2019-07-10T12:00:00+00:00
6973,12.920984,77.584908,no2,25.0,2019-07-10T12:15:00+00:00
6973,12.920984,77.584908,no2,24.9,2019-07-10T12:30:00+00:00
6973,12.920984,77.584908,no2,24.6,2019-07-10T12:45:00+00:00
6973,12.920984,77.584908,no2,24.9,2019-07-10T13:00:00+00:00
6973,12.920984,77.584908,no2,26.2,2019-07-10T13:15:00+00:00
6973,12.920984,77.584908,no2,28.2,2019-07-10T13:30:00+00:00
6973,12.920984,77.584908,no2,28.6,2019-07-10T13:45:00+00:00
6973,12.920984,77.584908,no2,26.8,2019-07-10T14:00:00+00:00
6973,12.920984,77.584908,no2,25.7,2019-07-10T14:15:00+00:00
6973,12.920984,77.584908,no2,25.4,2019-07-10T14:30:00+00:00
6973,12.920984,77.584908,no2,25.8,2019-07-10T14:45:00+00:00
6973,12.920984,77.584908,no2,26.3,2019-07-10T15:00:00+00:00
6973,12.920984,77.584908,no2,28.1,2019-07-10T15:15:00+00:00
6973,12.920984,77.584908,no2,29.0,2019-07-10T15:30:00+00:00
6973,12.920984,77.584908,no2,28.4,2019-07-10T15:45:00+00:00
6973,12.920984,77.584908,no2,27.4,2019-07-10T16:00:00+00:00
6973,12.920984,77.584908,no2,27.6,2019-07-10T16:15:00+00:00
6973,12.920984,77.584908,no2,26.8,2019-07-10T16:30:00+00:00
6973,12.920984,77.584908,no2,25.0,2019-07-10T16:45:00+00:00
6973,12.920984,77.584908,no2,23.2,2019-07-10T17:00:00+00:00
6973,12.920984,77.584908,no2,21.9,2019-07-10T17:15:00+00:00
6973,12.920984,77.584908,no2,20.3,2019-07-10T17:30:00+00:00
6973,12.920984,77.584908,no2,19.1,2019-07-10T17:45:00+00:00
6973,12.920984,77.584908,no2,18.2,2019-07-10T18:00:00+00:00
6973,12.920984,77.584908,no2,17.1,2019-07-10T18:15:00+00:00
6973,12.920984,77.584908,no2,16.7,2019-07-10T18:30:00+00:00
6973,12.920984,77.584908,so2,3.2,2019-07-09T18:45:00+00:00
6973,12.920984,77.584908,so2,3.2,2019-07-09T19:00:00+00:00
6973,12.920984,77.584908,so2,3.2,2019-07-09T19:15:00+00:00
6973,12.920984,77.584908,so2,3.1,2019-07-09T19:30:00+00:00
6973,12.920984,77.584908,so2,3.0,2019-07-09T20:00:00+00:00
6973,12.920984,77.584908,so2,3.0,2019-07-09T20:15:00+00:00
6973,12.920984,77.584908,so2,3.0,2019-07-09T20:30:00+00:00
6973,12.920984,77.584908,so2,2.9,2019-07-09T20:45:00+00:00
6973,12.920984,77.584908,so2,2.9,2019-07-09T21:00:00+00:00
6973,12.920984,77.584908,so2,3.0,2019-07-09T21:15:00+00:00
6973,12.920984,77.584908,so2,3.0,2019-07-09T21:30:00+00:00
6973,12.920984,77.584908,so2,3.0,2019-07-09T22:00:00+00:00
6973,12.920984,77.584908,so2,3.0,2019-07-09T22:15:00+00:00
6973,12.920984,77.584908,so2,3.1,2019-07-09T22:30:00+00:00
6973,12.920984,77.584908,so2,3.1,2019-07-09T22:45:00+00:00
6973,12.920984,77.584908,so2,3.1,2019-07-09T23:00:00+00:00
6973,12.920984,77.584908,so2,3.0,2019-07-09T23:15:00+00:00
6973,12.920984,77.584908,so2,3.0,2019-07-09T23:30:00+00:00
6973,12.920984,77.584908,so2,3.1,2019-07-09T23:45:00+00:00
6973,12.920984,77.584908,so2,3.0,2019-07-10T00:00:00+00:00
6973,12.920984,77.584908,so2,3.2,2019-07-10T01:00:00+00:00
6973,12.920984,77.584908,so2,3.0,2019-07-10T01:15:00+00:00
6973,12.920984,77.584908,so2,3.1,2019-07-10T01:30:00+00:00
6973,12.920984,77.584908,so2,3.4,2019-07-10T02:00:00+00:00
6973,12.920984,77.584908,so2,3.4,2019-07-10T02:15:00+00:00
6973,12.920984,77.584908,so2,3.4,2019-07-10T02:30:00+00:00
6973,12.920984,77.584908,so2,3.3,2019-07-10T02:45:00+00:00
6973,12.920984,77.584908,so2,3.2,2019-07-10T03:00:00+00:00
6973,12.920984,77.584908,so2,3.4,2019-07-10T03:15:00+00:00
6973,12.920984,77.584908,so2,3.3,2019-07-10T03:30:00+00:00
6973,12.920984,77.584908,so2,3.2,2019-07-10T03:45:00+00:00
6973,12.920984,77.584908,so2,3.3,2019-07-10T04:00:00+00:00
6973,12.920984,77.584908,so2,3.1,2019-07-10T04:15:00+00:00
6973,12.920984,77.584908,so2,2.9,2019-07-10T04:30:00+00:00
6973,12.920984,77.584908,so2,3.0,2019-07-10T04:45:00+00:00
6973,12.920984,77.584908,so2,3.0,2019-07-10T05:00:00+00:00
6973,12.920984,77.584908,so2,3.3,2019-07-10T05:15:00+00:00
6973,12.920984,77.584908,so2,3.4,2019-07-10T05:30:00+00:00
6973,12.920984,77.584908,so2,3.3,2019-07-10T05:45:00+00:00
6973,12.920984,77.584908,so2,3.3,2019-07-10T06:00:00+00:00
6973,12.920984,77.584908,so2,3.3,2019-07-10T06:15:00+00:00
6973,12.920984,77.584908,so2,3.4,2019-07-10T06:30:00+00:00
6973,12.920984,77.584908,so2,3.4,2019-07-10T06:45:00+00:00
6973,12.920984,77.584908,so2,3.3,2019-07-10T07:00:00+00:00
6973,12.920984,77.584908,so2,3.4,2019-07-10T07:15:00+00:00
6973,12.920984,77.584908,so2,3.4,2019-07-10T07:30:00+00:00
6973,12.920984,77.584908,so2,3.3,2019-07-10T07:45:00+00:00
6973,12.920984,77.584908,so2,3.2,2019-07-10T08:00:00+00:00
6973,12.920984,77.584908,so2,3.2,2019-07-10T08:15:00+00:00
6973,12.920984,77.584908,so2,3.2,2019-07-10T08:30:00+00:00
6973,12.920984,77.584908,so2,3.2,2019-07-10T08:45:00+00:00
6973,12.920984,77.584908,so2,3.2,2019-07-10T09:00:00+00:00
6973,12.920984,77.584908,so2,3.2,2019-07-10T09:15:00+00:00
6973,12.920984,77.584908,so2,3.2,2019-07-10T09:30:00+00:00
6973,12.920984,77.584908,so2,3.3,2019-07-10T09:45:00+00:00
6973,12.920984,77.584908,so2,3.3,2019-07-10T10:00:00+00:00
6973,12.920984,77.584908,so2,3.2,2019-07-10T10:15:00+00:00
6973,12.920984,77.584908,so2,3.0,2019-07-10T10:30:00+00:00
6973,12.920984,77.584908,so2,3.1,2019-07-10T10:45:00+00:00
6973,12.920984,77.584908,so2,3.1,2019-07-10T11:00:00+00:00
6973,12.920984,77.584908,so2,3.1,2019-07-10T11:15:00+00:00
6973,12.920984,77.584908,so2,3.2,2019-07-10T11:30:00+00:00
6973,12.920984,77.584908,so2,3.3,2019-07-10T11:45:00+00:00
6973,12.920984,77.584908,so2,3.4,2019-07-10T12:00:00+00:00
6973,12.920984,77.584908,so2,3.3,2019-07-10T12:15:00+00:00
6973,12.920984,77.584908,so2,3.1,2019-07-10T12:30:00+00:00
6973,12.920984,77.584908,so2,3.0,2019-07-10T12:45:00+00:00
6973,12.920984,77.584908,so2,3.0,2019-07-10T13:00:00+00:00
6973,12.920984,77.584908,so2,3.0,2019-07-10T13:15:00+00:00
6973,12.920984,77.584908,so2,3.1,2019-07-10T13:30:00+00:00
6973,12.920984,77.584908,so2,3.1,2019-07-10T13:45:00+00:00
6973,12.920984,77.584908,so2,3.2,2019-07-10T14:00:00+00:00
6973,12.920984,77.584908,so2,3.0,2019-07-10T14:15:00+00:00
6973,12.920984,77.584908,so2,3.0,2019-07-10T14:30:00+00:00
6973,12.920984,77.584908,so2,2.9,2019-07-10T14:45:00+00:00
6973,12.920984,77.584908,so2,3.0,2019-07-10T15:00:00+00:00
6973,12.920984,77.584908,so2,3.1,2019-07-10T15:15:00+00:00
6973,12.920984,77.584908,so2,3.1,2019-07-10T15:30:00+00:00
6973,12.920984,77.584908,so2,3.1,2019-07-10T15:45:00+00:00
6973,12.920984,77.584908,so2,3.1,2019-07-10T16:00:00+00:00
6973,12.920984,77.584908,so2,3.3,2019-07-10T16:15:00+00:00
6973,12.920984,77.584908,so2,3.2,2019-07-10T16:30:00+00:00
6973,12.920984,77.584908,so2,3.1,2019-07-10T16:45:00+00:00
6973,12.920984,77.584908,so2,3.1,2019-07-10T17:00:00+00:00
6973,12.920984,77.584908,so2,3.2,2019-07-10T17:15:00+00:00
6973,12.920984,77.584908,so2,3.2,2019-07-10T17:30:00+00:00
6973,12.920984,77.584908,so2,3.1,2019-07-10T17:45:00+00:00
6973,12.920984,77.584908,so2,3.1,2019-07-10T18:00:00+00:00
6973,12.920984,77.584908,so2,3.2,2019-07-10T18:30:00+00:00
6973,12.920984,77.584908,pm10,22.0,2019-07-10T18:45:00+00:00
6973,12.920984,77.584908,pm10,22.0,2019-07-10T19:00:00+00:00
6973,12.920984,77.584908,pm10,26.0,2019-07-10T19:15:00+00:00
6973,12.920984,77.584908,pm10,26.0,2019-07-10T19:30:00+00:00
6973,12.920984,77.584908,pm10,26.0,2019-07-10T19:45:00+00:00
6973,12.920984,77.584908,pm10,26.0,2019-07-10T20:00:00+00:00
6973,12.920984,77.584908,pm10,13.0,2019-07-10T20:15:00+00:00
6973,12.920984,77.584908,pm10,13.0,2019-07-10T20:30:00+00:00
6973,12.920984,77.584908,pm10,13.0,2019-07-10T20:45:00+00:00
6973,12.920984,77.584908,pm10,13.0,2019-07-10T21:00:00+00:00
6973,12.920984,77.584908,pm10,14.0,2019-07-10T21:15:00+00:00
6973,12.920984,77.584908,pm10,14.0,2019-07-10T21:30:00+00:00
6973,12.920984,77.584908,pm10,14.0,2019-07-10T21:45:00+00:00
6973,12.920984,77.584908,pm10,17.0,2019-07-10T22:45:00+00:00
6973,12.920984,77.584908,pm10,16.0,2019-07-11T00:30:00+00:00
6973,12.920984,77.584908,pm10,16.0,2019-07-11T00:45:00+00:00
6973,12.920984,77.584908,pm10,16.0,2019-07-11T01:00:00+00:00
6973,12.920984,77.584908,pm10,24.0,2019-07-11T01:15:00+00:00
6973,12.920984,77.584908,pm10,24.0,2019-07-11T01:30:00+00:00
6973,12.920984,77.584908,pm10,24.0,2019-07-11T01:45:00+00:00
6973,12.920984,77.584908,pm10,24.0,2019-07-11T02:00:00+00:00
6973,12.920984,77.584908,pm10,44.0,2019-07-11T02:15:00+00:00
6973,12.920984,77.584908,pm10,44.0,2019-07-11T02:30:00+00:00
6973,12.920984,77.584908,pm10,44.0,2019-07-11T02:45:00+00:00
6973,12.920984,77.584908,pm10,44.0,2019-07-11T03:00:00+00:00
6973,12.920984,77.584908,pm10,52.0,2019-07-11T03:15:00+00:00
6973,12.920984,77.584908,pm10,52.0,2019-07-11T03:30:00+00:00
6973,12.920984,77.584908,pm10,52.0,2019-07-11T03:45:00+00:00
6973,12.920984,77.584908,pm10,52.0,2019-07-11T04:00:00+00:00
6973,12.920984,77.584908,pm10,46.0,2019-07-11T04:15:00+00:00
6973,12.920984,77.584908,pm10,46.0,2019-07-11T04:30:00+00:00
6973,12.920984,77.584908,pm10,46.0,2019-07-11T04:45:00+00:00
6973,12.920984,77.584908,pm10,46.0,2019-07-11T05:00:00+00:00
6973,12.920984,77.584908,pm10,43.0,2019-07-11T05:15:00+00:00
6973,12.920984,77.584908,pm10,43.0,2019-07-11T05:30:00+00:00
6973,12.920984,77.584908,pm10,43.0,2019-07-11T05:45:00+00:00
6973,12.920984,77.584908,pm10,43.0,2019-07-11T06:00:00+00:00
6973,12.920984,77.584908,pm10,45.0,2019-07-11T06:15:00+00:00
6973,12.920984,77.584908,pm10,45.0,2019-07-11T06:30:00+00:00
6973,12.920984,77.584908,pm10,45.0,2019-07-11T06:45:00+00:00
6973,12.920984,77.584908,pm10,45.0,2019-07-11T07:00:00+00:00
6973,12.920984,77.584908,pm10,63.0,2019-07-11T07:15:00+00:00
6973,12.920984,77.584908,pm10,63.0,2019-07-11T07:30:00+00:00
6973,12.920984,77.584908,pm10,63.0,2019-07-11T07:45:00+00:00
6973,12.920984,77.584908,pm10,63.0,2019-07-11T08:00:00+00:00
6973,12.920984,77.584908,pm10,54.0,2019-07-11T08:15:00+00:00
6973,12.920984,77.584908,pm10,54.0,2019-07-11T08:30:00+00:00
6973,12.920984,77.584908,pm10,54.0,2019-07-11T08:45:00+00:00
6973,12.920984,77.584908,pm10,54.0,2019-07-11T09:00:00+00:00
6973,12.920984,77.584908,pm10,48.0,2019-07-11T09:15:00+00:00
6973,12.920984,77.584908,pm10,48.0,2019-07-11T09:30:00+00:00
6973,12.920984,77.584908,pm10,48.0,2019-07-11T09:45:00+00:00
6973,12.920984,77.584908,pm10,48.0,2019-07-11T10:00:00+00:00
6973,12.920984,77.584908,pm10,30.0,2019-07-11T10:15:00+00:00
6973,12.920984,77.584908,pm10,30.0,2019-07-11T10:30:00+00:00
6973,12.920984,77.584908,pm10,30.0,2019-07-11T10:45:00+00:00
6973,12.920984,77.584908,pm10,30.0,2019-07-11T11:00:00+00:00
6973,12.920984,77.584908,pm10,35.0,2019-07-11T11:15:00+00:00
6973,12.920984,77.584908,pm10,35.0,2019-07-11T11:30:00+00:00
6973,12.920984,77.584908,pm10,35.0,2019-07-11T11:45:00+00:00
6973,12.920984,77.584908,pm10,35.0,2019-07-11T12:00:00+00:00
6973,12.920984,77.584908,pm10,77.0,2019-07-11T12:30:00+00:00
6973,12.920984,77.584908,pm10,108.0,2019-07-11T13:15:00+00:00
6973,12.920984,77.584908,pm10,108.0,2019-07-11T13:30:00+00:00
6973,12.920984,77.584908,pm10,108.0,2019-07-11T14:00:00+00:00
6973,12.920984,77.584908,pm10,52.0,2019-07-11T14:15:00+00:00
6973,12.920984,77.584908,pm10,52.0,2019-07-11T14:30:00+00:00
6973,12.920984,77.584908,pm10,52.0,2019-07-11T14:45:00+00:00
6973,12.920984,77.584908,pm10,52.0,2019-07-11T15:00:00+00:00
6973,12.920984,77.584908,pm10,43.0,2019-07-11T15:15:00+00:00
6973,12.920984,77.584908,pm10,43.0,2019-07-11T15:30:00+00:00
6973,12.920984,77.584908,pm10,43.0,2019-07-11T15:45:00+00:00
6973,12.920984,77.584908,pm10,43.0,2019-07-11T16:00:00+00:00
6973,12.920984,77.584908,pm10,32.0,2019-07-11T16:15:00+00:00
6973,12.920984,77.584908,pm10,32.0,2019-07-11T16:30:00+00:00
6973,12.920984,77.584908,pm10,32.0,2019-07-11T16:45:00+00:00
6973,12.920984,77.584908,pm10,32.0,2019-07-11T17:00:00+00:00
6973,12.920984,77.584908,pm10,30.0,2019-07-11T17:15:00+00:00
6973,12.920984,77.584908,pm10,30.0,2019-07-11T17:30:00+00:00
6973,12.920984,77.584908,pm10,30.0,2019-07-11T17:45:00+00:00
6973,12.920984,77.584908,pm10,30.0,2019-07-11T18:00:00+00:00
6973,12.920984,77.584908,pm10,21.0,2019-07-11T18:15:00+00:00
6973,12.920984,77.584908,pm25,8.0,2019-07-10T18:45:00+00:00
6973,12.920984,77.584908,pm25,8.0,2019-07-10T19:00:00+00:00
6973,12.920984,77.584908,pm25,5.0,2019-07-10T19:15:00+00:00
6973,12.920984,77.584908,pm25,5.0,2019-07-10T19:30:00+00:00
6973,12.920984,77.584908,pm25,5.0,2019-07-10T19:45:00+00:00
6973,12.920984,77.584908,pm25,5.0,2019-07-10T20:00:00+00:00
6973,12.920984,77.584908,pm25,6.0,2019-07-10T20:15:00+00:00
6973,12.920984,77.584908,pm25,6.0,2019-07-10T20:30:00+00:00
6973,12.920984,77.584908,pm25,6.0,2019-07-10T20:45:00+00:00
6973,12.920984,77.584908,pm25,6.0,2019-07-10T21:00:00+00:00
6973,12.920984,77.584908,pm25,11.0,2019-07-10T21:15:00+00:00
6973,12.920984,77.584908,pm25,11.0,2019-07-10T21:30:00+00:00
6973,12.920984,77.584908,pm25,11.0,2019-07-10T21:45:00+00:00
6973,12.920984,77.584908,pm25,6.0,2019-07-10T22:45:00+00:00
6973,12.920984,77.584908,pm25,7.0,2019-07-11T00:30:00+00:00
6973,12.920984,77.584908,pm25,7.0,2019-07-11T00:45:00+00:00
6973,12.920984,77.584908,pm25,7.0,2019-07-11T01:00:00+00:00
6973,12.920984,77.584908,pm25,10.0,2019-07-11T01:15:00+00:00
6973,12.920984,77.584908,pm25,10.0,2019-07-11T01:30:00+00:00
6973,12.920984,77.584908,pm25,10.0,2019-07-11T01:45:00+00:00
6973,12.920984,77.584908,pm25,10.0,2019-07-11T02:00:00+00:00
6973,12.920984,77.584908,pm25,17.0,2019-07-11T02:15:00+00:00
6973,12.920984,77.584908,pm25,17.0,2019-07-11T02:30:00+00:00
6973,12.920984,77.584908,pm25,17.0,2019-07-11T02:45:00+00:00
6973,12.920984,77.584908,pm25,17.0,2019-07-11T03:00:00+00:00
6973,12.920984,77.584908,pm25,12.0,2019-07-11T03:15:00+00:00
6973,12.920984,77.584908,pm25,12.0,2019-07-11T03:30:00+00:00
6973,12.920984,77.584908,pm25,12.0,2019-07-11T03:45:00+00:00
6973,12.920984,77.584908,pm25,12.0,2019-07-11T04:00:00+00:00
6973,12.920984,77.584908,pm25,10.0,2019-07-11T04:15:00+00:00
6973,12.920984,77.584908,pm25,10.0,2019-07-11T04:30:00+00:00
6973,12.920984,77.584908,pm25,10.0,2019-07-11T04:45:00+00:00
6973,12.920984,77.584908,pm25,10.0,2019-07-11T05:00:00+00:00
6973,12.920984,77.584908,pm25,11.0,2019-07-11T05:15:00+00:00
6973,12.920984,77.584908,pm25,11.0,2019-07-11T05:30:00+00:00
6973,12.920984,77.584908,pm25,11.0,2019-07-11T05:45:00+00:00
6973,12.920984,77.584908,pm25,11.0,2019-07-11T06:00:00+00:00
6973,12.920984,77.584908,pm25,8.0,2019-07-11T06:15:00+00:00
6973,12.920984,77.584908,pm25,8.0,2019-07-11T06:30:00+00:00
6973,12.920984,77.584908,pm25,8.0,2019-07-11T06:45:00+00:00
6973,12.920984,77.584908,pm25,8.0,2019-07-11T07:00:00+00:00
6973,12.920984,77.584908,pm25,6.0,2019-07-11T07:15:00+00:00
6973,12.920984,77.584908,pm25,6.0,2019-07-11T07:30:00+00:00
6973,12.920984,77.584908,pm25,6.0,2019-07-11T07:45:00+00:00
6973,12.920984,77.584908,pm25,6.0,2019-07-11T08:00:00+00:00
6973,12.920984,77.584908,pm25,8.0,2019-07-11T08:15:00+00:00
6973,12.920984,77.584908,pm25,8.0,2019-07-11T08:30:00+00:00
6973,12.920984,77.584908,pm25,8.0,2019-07-11T08:45:00+00:00
6973,12.920984,77.584908,pm25,8.0,2019-07-11T09:00:00+00:00
6973,12.920984,77.584908,pm25,6.0,2019-07-11T09:15:00+00:00
6973,12.920984,77.584908,pm25,6.0,2019-07-11T09:30:00+00:00
6973,12.920984,77.584908,pm25,6.0,2019-07-11T09:45:00+00:00
6973,12.920984,77.584908,pm25,6.0,2019-07-11T10:00:00+00:00
6973,12.920984,77.584908,pm25,6.0,2019-07-11T10:15:00+00:00
6973,12.920984,77.584908,pm25,6.0,2019-07-11T10:30:00+00:00
6973,12.920984,77.584908,pm25,6.0,2019-07-11T10:45:00+00:00
6973,12.920984,77.584908,pm25,6.0,2019-07-11T11:00:00+00:00
6973,12.920984,77.584908,pm25,6.0,2019-07-11T11:15:00+00:00
6973,12.920984,77.584908,pm25,6.0,2019-07-11T11:30:00+00:00
6973,12.920984,77.584908,pm25,6.0,2019-07-11T11:45:00+00:00
6973,12.920984,77.584908,pm25,6.0,2019-07-11T12:00:00+00:00
6973,12.920984,77.584908,pm25,13.0,2019-07-11T12:30:00+00:00
6973,12.920984,77.584908,pm25,22.0,2019-07-11T13:15:00+00:00
6973,12.920984,77.584908,pm25,22.0,2019-07-11T13:30:00+00:00
6973,12.920984,77.584908,pm25,22.0,2019-07-11T14:00:00+00:00
6973,12.920984,77.584908,pm25,16.0,2019-07-11T14:15:00+00:00
6973,12.920984,77.584908,pm25,16.0,2019-07-11T14:30:00+00:00
6973,12.920984,77.584908,pm25,16.0,2019-07-11T14:45:00+00:00
6973,12.920984,77.584908,pm25,16.0,2019-07-11T15:00:00+00:00
6973,12.920984,77.584908,pm25,9.0,2019-07-11T15:15:00+00:00
6973,12.920984,77.584908,pm25,9.0,2019-07-11T15:30:00+00:00
6973,12.920984,77.584908,pm25,9.0,2019-07-11T15:45:00+00:00
6973,12.920984,77.584908,pm25,9.0,2019-07-11T16:00:00+00:00
6973,12.920984,77.584908,pm25,7.0,2019-07-11T16:15:00+00:00
6973,12.920984,77.584908,pm25,7.0,2019-07-11T16:30:00+00:00
6973,12.920984,77.584908,pm25,7.0,2019-07-11T16:45:00+00:00
6973,12.920984,77.584908,pm25,7.0,2019-07-11T17:00:00+00:00
6973,12.920984,77.584908,pm25,6.0,2019-07-11T17:15:00+00:00
6973,12.920984,77.584908,pm25,6.0,2019-07-11T17:30:00+00:00
6973,12.920984,77.584908,pm25,6.0,2019-07-11T17:45:00+00:00
6973,12.920984,77.584908,pm25,6.0,2019-07-11T18:00:00+00:00
6973,12.920984,77.584908,pm25,3.0,2019-07-11T18:15:00+00:00
6973,12.920984,77.584908,pm25,3.0,2019-07-11T18:30:00+00:00
6973,12.920984,77.584908,co,0.8,2019-07-10T18:45:00+00:00
6973,12.920984,77.584908,co,0.8,2019-07-10T19:00:00+00:00
6973,12.920984,77.584908,co,0.69,2019-07-10T19:15:00+00:00
6973,12.920984,77.584908,co,0.8,2019-07-10T19:30:00+00:00
6973,12.920984,77.584908,co,0.69,2019-07-10T19:45:00+00:00
6973,12.920984,77.584908,co,0.8,2019-07-10T20:00:00+00:00
6973,12.920984,77.584908,co,0.69,2019-07-10T20:15:00+00:00
6973,12.920984,77.584908,co,0.69,2019-07-10T20:30:00+00:00
6973,12.920984,77.584908,co,0.69,2019-07-10T20:45:00+00:00
6973,12.920984,77.584908,co,0.57,2019-07-10T21:00:00+00:00
6973,12.920984,77.584908,co,0.8,2019-07-10T21:15:00+00:00
6973,12.920984,77.584908,co,0.57,2019-07-10T21:30:00+00:00
6973,12.920984,77.584908,co,0.69,2019-07-10T21:45:00+00:00
6973,12.920984,77.584908,co,0.92,2019-07-11T00:30:00+00:00
6973,12.920984,77.584908,co,0.92,2019-07-11T00:45:00+00:00
6973,12.920984,77.584908,co,0.92,2019-07-11T01:00:00+00:00
6973,12.920984,77.584908,co,1.03,2019-07-11T01:15:00+00:00
6973,12.920984,77.584908,co,1.15,2019-07-11T01:30:00+00:00
6973,12.920984,77.584908,co,1.15,2019-07-11T01:45:00+00:00
6973,12.920984,77.584908,co,1.26,2019-07-11T02:00:00+00:00
6973,12.920984,77.584908,co,1.37,2019-07-11T02:15:00+00:00
6973,12.920984,77.584908,co,1.37,2019-07-11T02:30:00+00:00
6973,12.920984,77.584908,co,1.26,2019-07-11T02:45:00+00:00
6973,12.920984,77.584908,co,1.37,2019-07-11T03:00:00+00:00
6973,12.920984,77.584908,co,1.37,2019-07-11T03:15:00+00:00
6973,12.920984,77.584908,co,1.37,2019-07-11T03:30:00+00:00
6973,12.920984,77.584908,co,1.37,2019-07-11T03:45:00+00:00
6973,12.920984,77.584908,co,1.37,2019-07-11T04:00:00+00:00
6973,12.920984,77.584908,co,1.37,2019-07-11T04:15:00+00:00
6973,12.920984,77.584908,co,1.26,2019-07-11T04:30:00+00:00
6973,12.920984,77.584908,co,1.15,2019-07-11T04:45:00+00:00
6973,12.920984,77.584908,co,1.03,2019-07-11T05:00:00+00:00
6973,12.920984,77.584908,co,1.15,2019-07-11T05:15:00+00:00
6973,12.920984,77.584908,co,1.03,2019-07-11T05:30:00+00:00
6973,12.920984,77.584908,co,1.03,2019-07-11T05:45:00+00:00
6973,12.920984,77.584908,co,0.8,2019-07-11T06:00:00+00:00
6973,12.920984,77.584908,co,0.46,2019-07-11T06:30:00+00:00
6973,12.920984,77.584908,co,0.46,2019-07-11T06:45:00+00:00
6973,12.920984,77.584908,co,0.46,2019-07-11T07:00:00+00:00
6973,12.920984,77.584908,co,0.46,2019-07-11T07:15:00+00:00
6973,12.920984,77.584908,co,0.46,2019-07-11T07:30:00+00:00
6973,12.920984,77.584908,co,0.46,2019-07-11T07:45:00+00:00
6973,12.920984,77.584908,co,0.57,2019-07-11T08:00:00+00:00
6973,12.920984,77.584908,co,0.8,2019-07-11T08:15:00+00:00
6973,12.920984,77.584908,co,0.69,2019-07-11T08:30:00+00:00
6973,12.920984,77.584908,co,0.8,2019-07-11T08:45:00+00:00
6973,12.920984,77.584908,co,1.15,2019-07-11T09:00:00+00:00
6973,12.920984,77.584908,co,0.69,2019-07-11T09:15:00+00:00
6973,12.920984,77.584908,co,0.69,2019-07-11T09:30:00+00:00
6973,12.920984,77.584908,co,0.69,2019-07-11T09:45:00+00:00
6973,12.920984,77.584908,co,0.8,2019-07-11T10:00:00+00:00
6973,12.920984,77.584908,co,0.8,2019-07-11T10:15:00+00:00
6973,12.920984,77.584908,co,0.92,2019-07-11T10:30:00+00:00
6973,12.920984,77.584908,co,1.03,2019-07-11T10:45:00+00:00
6973,12.920984,77.584908,co,0.92,2019-07-11T11:00:00+00:00
6973,12.920984,77.584908,co,0.92,2019-07-11T11:15:00+00:00
6973,12.920984,77.584908,co,1.03,2019-07-11T11:30:00+00:00
6973,12.920984,77.584908,co,1.15,2019-07-11T11:45:00+00:00
6973,12.920984,77.584908,co,1.03,2019-07-11T12:00:00+00:00
6973,12.920984,77.584908,co,0.8,2019-07-11T12:30:00+00:00
6973,12.920984,77.584908,co,1.03,2019-07-11T13:15:00+00:00
6973,12.920984,77.584908,co,1.03,2019-07-11T13:30:00+00:00
6973,12.920984,77.584908,co,1.26,2019-07-11T14:00:00+00:00
6973,12.920984,77.584908,co,1.37,2019-07-11T14:15:00+00:00
6973,12.920984,77.584908,co,1.26,2019-07-11T14:30:00+00:00
6973,12.920984,77.584908,co,1.15,2019-07-11T14:45:00+00:00
6973,12.920984,77.584908,co,0.69,2019-07-11T15:00:00+00:00
6973,12.920984,77.584908,co,0.57,2019-07-11T15:15:00+00:00
6973,12.920984,77.584908,co,0.69,2019-07-11T15:30:00+00:00
6973,12.920984,77.584908,co,0.8,2019-07-11T15:45:00+00:00
6973,12.920984,77.584908,co,0.92,2019-07-11T16:00:00+00:00
6973,12.920984,77.584908,co,1.15,2019-07-11T16:15:00+00:00
6973,12.920984,77.584908,co,1.03,2019-07-11T16:30:00+00:00
6973,12.920984,77.584908,co,0.8,2019-07-11T16:45:00+00:00
6973,12.920984,77.584908,co,0.57,2019-07-11T17:00:00+00:00
6973,12.920984,77.584908,co,0.57,2019-07-11T17:15:00+00:00
6973,12.920984,77.584908,co,0.46,2019-07-11T17:30:00+00:00
6973,12.920984,77.584908,co,0.46,2019-07-11T17:45:00+00:00
6973,12.920984,77.584908,co,0.46,2019-07-11T18:00:00+00:00
6973,12.920984,77.584908,co,0.34,2019-07-11T18:30:00+00:00
6973,12.920984,77.584908,no2,16.2,2019-07-10T18:45:00+00:00
6973,12.920984,77.584908,no2,15.6,2019-07-10T19:00:00+00:00
6973,12.920984,77.584908,no2,14.6,2019-07-10T19:15:00+00:00
6973,12.920984,77.584908,no2,13.5,2019-07-10T19:30:00+00:00
6973,12.920984,77.584908,no2,13.7,2019-07-10T19:45:00+00:00
6973,12.920984,77.584908,no2,14.2,2019-07-10T20:00:00+00:00
6973,12.920984,77.584908,no2,13.9,2019-07-10T20:15:00+00:00
6973,12.920984,77.584908,no2,13.8,2019-07-10T20:30:00+00:00
6973,12.920984,77.584908,no2,13.2,2019-07-10T20:45:00+00:00
6973,12.920984,77.584908,no2,12.9,2019-07-10T21:00:00+00:00
6973,12.920984,77.584908,no2,12.6,2019-07-10T21:15:00+00:00
6973,12.920984,77.584908,no2,12.6,2019-07-10T21:30:00+00:00
6973,12.920984,77.584908,no2,12.2,2019-07-10T21:45:00+00:00
6973,12.920984,77.584908,no2,11.1,2019-07-10T22:45:00+00:00
6973,12.920984,77.584908,no2,15.4,2019-07-11T00:30:00+00:00
6973,12.920984,77.584908,no2,16.4,2019-07-11T00:45:00+00:00
6973,12.920984,77.584908,no2,19.0,2019-07-11T01:00:00+00:00
6973,12.920984,77.584908,no2,22.0,2019-07-11T01:15:00+00:00
6973,12.920984,77.584908,no2,24.9,2019-07-11T01:30:00+00:00
6973,12.920984,77.584908,no2,27.1,2019-07-11T01:45:00+00:00
6973,12.920984,77.584908,no2,28.8,2019-07-11T02:00:00+00:00
6973,12.920984,77.584908,no2,29.2,2019-07-11T02:15:00+00:00
6973,12.920984,77.584908,no2,30.3,2019-07-11T02:30:00+00:00
6973,12.920984,77.584908,no2,30.9,2019-07-11T02:45:00+00:00
6973,12.920984,77.584908,no2,29.9,2019-07-11T03:00:00+00:00
6973,12.920984,77.584908,no2,29.0,2019-07-11T03:15:00+00:00
6973,12.920984,77.584908,no2,28.1,2019-07-11T03:30:00+00:00
6973,12.920984,77.584908,no2,27.2,2019-07-11T03:45:00+00:00
6973,12.920984,77.584908,no2,26.8,2019-07-11T04:00:00+00:00
6973,12.920984,77.584908,no2,26.6,2019-07-11T04:15:00+00:00
6973,12.920984,77.584908,no2,26.4,2019-07-11T04:30:00+00:00
6973,12.920984,77.584908,no2,24.7,2019-07-11T04:45:00+00:00
6973,12.920984,77.584908,no2,23.6,2019-07-11T05:00:00+00:00
6973,12.920984,77.584908,no2,22.8,2019-07-11T05:15:00+00:00
6973,12.920984,77.584908,no2,22.0,2019-07-11T05:30:00+00:00
6973,12.920984,77.584908,no2,21.5,2019-07-11T05:45:00+00:00
6973,12.920984,77.584908,no2,21.0,2019-07-11T06:00:00+00:00
6973,12.920984,77.584908,no2,18.7,2019-07-11T06:30:00+00:00
6973,12.920984,77.584908,no2,18.2,2019-07-11T06:45:00+00:00
6973,12.920984,77.584908,no2,18.1,2019-07-11T07:00:00+00:00
6973,12.920984,77.584908,no2,17.6,2019-07-11T07:15:00+00:00
6973,12.920984,77.584908,no2,17.7,2019-07-11T07:30:00+00:00
6973,12.920984,77.584908,no2,18.7,2019-07-11T07:45:00+00:00
6973,12.920984,77.584908,no2,19.4,2019-07-11T08:00:00+00:00
6973,12.920984,77.584908,no2,19.4,2019-07-11T08:15:00+00:00
6973,12.920984,77.584908,no2,19.3,2019-07-11T08:30:00+00:00
6973,12.920984,77.584908,no2,20.1,2019-07-11T08:45:00+00:00
6973,12.920984,77.584908,no2,22.9,2019-07-11T09:00:00+00:00
6973,12.920984,77.584908,no2,26.4,2019-07-11T09:15:00+00:00
6973,12.920984,77.584908,no2,26.7,2019-07-11T09:30:00+00:00
6973,12.920984,77.584908,no2,24.9,2019-07-11T09:45:00+00:00
6973,12.920984,77.584908,no2,23.6,2019-07-11T10:00:00+00:00
6973,12.920984,77.584908,no2,23.6,2019-07-11T10:15:00+00:00
6973,12.920984,77.584908,no2,24.8,2019-07-11T10:30:00+00:00
6973,12.920984,77.584908,no2,27.5,2019-07-11T10:45:00+00:00
6973,12.920984,77.584908,no2,30.2,2019-07-11T11:00:00+00:00
6973,12.920984,77.584908,no2,30.9,2019-07-11T11:15:00+00:00
6973,12.920984,77.584908,no2,32.0,2019-07-11T11:30:00+00:00
6973,12.920984,77.584908,no2,34.7,2019-07-11T11:45:00+00:00
6973,12.920984,77.584908,no2,37.4,2019-07-11T12:00:00+00:00
6973,12.920984,77.584908,no2,38.1,2019-07-11T12:30:00+00:00
6973,12.920984,77.584908,no2,44.3,2019-07-11T13:15:00+00:00
6973,12.920984,77.584908,no2,44.0,2019-07-11T13:30:00+00:00
6973,12.920984,77.584908,no2,44.1,2019-07-11T14:00:00+00:00
6973,12.920984,77.584908,no2,44.7,2019-07-11T14:15:00+00:00
6973,12.920984,77.584908,no2,44.8,2019-07-11T14:30:00+00:00
6973,12.920984,77.584908,no2,44.3,2019-07-11T14:45:00+00:00
6973,12.920984,77.584908,no2,41.2,2019-07-11T15:00:00+00:00
6973,12.920984,77.584908,no2,34.0,2019-07-11T15:15:00+00:00
6973,12.920984,77.584908,no2,26.8,2019-07-11T15:30:00+00:00
6973,12.920984,77.584908,no2,27.3,2019-07-11T15:45:00+00:00
6973,12.920984,77.584908,no2,27.5,2019-07-11T16:00:00+00:00
6973,12.920984,77.584908,no2,28.7,2019-07-11T16:15:00+00:00
6973,12.920984,77.584908,no2,31.4,2019-07-11T16:30:00+00:00
6973,12.920984,77.584908,no2,33.0,2019-07-11T16:45:00+00:00
6973,12.920984,77.584908,no2,32.0,2019-07-11T17:00:00+00:00
6973,12.920984,77.584908,no2,28.5,2019-07-11T17:15:00+00:00
6973,12.920984,77.584908,no2,25.2,2019-07-11T17:30:00+00:00
6973,12.920984,77.584908,no2,22.6,2019-07-11T17:45:00+00:00
6973,12.920984,77.584908,no2,19.6,2019-07-11T18:00:00+00:00
6973,12.920984,77.584908,no2,17.6,2019-07-11T18:15:00+00:00
6973,12.920984,77.584908,no2,15.9,2019-07-11T18:30:00+00:00
6973,12.920984,77.584908,so2,3.1,2019-07-10T18:45:00+00:00
6973,12.920984,77.584908,so2,3.0,2019-07-10T19:00:00+00:00
6973,12.920984,77.584908,so2,3.2,2019-07-10T19:15:00+00:00
6973,12.920984,77.584908,so2,3.1,2019-07-10T19:30:00+00:00
6973,12.920984,77.584908,so2,3.1,2019-07-10T19:45:00+00:00
6973,12.920984,77.584908,so2,3.1,2019-07-10T20:00:00+00:00
6973,12.920984,77.584908,so2,3.2,2019-07-10T20:15:00+00:00
6973,12.920984,77.584908,so2,2.9,2019-07-10T20:30:00+00:00
6973,12.920984,77.584908,so2,2.7,2019-07-10T20:45:00+00:00
6973,12.920984,77.584908,so2,2.8,2019-07-10T21:00:00+00:00
6973,12.920984,77.584908,so2,2.7,2019-07-10T21:15:00+00:00
6973,12.920984,77.584908,so2,2.7,2019-07-10T21:30:00+00:00
6973,12.920984,77.584908,so2,2.9,2019-07-10T21:45:00+00:00
6973,12.920984,77.584908,so2,2.9,2019-07-10T22:45:00+00:00
6973,12.920984,77.584908,so2,2.9,2019-07-11T01:00:00+00:00
6973,12.920984,77.584908,so2,3.1,2019-07-11T01:15:00+00:00
6973,12.920984,77.584908,so2,3.3,2019-07-11T01:30:00+00:00
6973,12.920984,77.584908,so2,3.2,2019-07-11T01:45:00+00:00
6973,12.920984,77.584908,so2,3.2,2019-07-11T02:00:00+00:00
6973,12.920984,77.584908,so2,3.3,2019-07-11T02:15:00+00:00
6973,12.920984,77.584908,so2,3.2,2019-07-11T02:30:00+00:00
6973,12.920984,77.584908,so2,3.2,2019-07-11T02:45:00+00:00
6973,12.920984,77.584908,so2,3.2,2019-07-11T03:00:00+00:00
6973,12.920984,77.584908,so2,3.3,2019-07-11T03:15:00+00:00
6973,12.920984,77.584908,so2,3.3,2019-07-11T03:30:00+00:00
6973,12.920984,77.584908,so2,3.5,2019-07-11T03:45:00+00:00
6973,12.920984,77.584908,so2,3.5,2019-07-11T04:00:00+00:00
6973,12.920984,77.584908,so2,3.3,2019-07-11T04:15:00+00:00
6973,12.920984,77.584908,so2,3.1,2019-07-11T04:30:00+00:00
6973,12.920984,77.584908,so2,3.0,2019-07-11T04:45:00+00:00
6973,12.920984,77.584908,so2,3.0,2019-07-11T05:00:00+00:00
6973,12.920984,77.584908,so2,3.1,2019-07-11T05:15:00+00:00
6973,12.920984,77.584908,so2,3.3,2019-07-11T05:30:00+00:00
6973,12.920984,77.584908,so2,3.3,2019-07-11T05:45:00+00:00
6973,12.920984,77.584908,so2,3.3,2019-07-11T06:00:00+00:00
6973,12.920984,77.584908,so2,3.3,2019-07-11T06:30:00+00:00
6973,12.920984,77.584908,so2,3.2,2019-07-11T06:45:00+00:00
6973,12.920984,77.584908,so2,3.2,2019-07-11T07:00:00+00:00
6973,12.920984,77.584908,so2,3.4,2019-07-11T07:15:00+00:00
6973,12.920984,77.584908,so2,3.5,2019-07-11T07:30:00+00:00
6973,12.920984,77.584908,so2,3.6,2019-07-11T07:45:00+00:00
6973,12.920984,77.584908,so2,3.4,2019-07-11T08:00:00+00:00
6973,12.920984,77.584908,so2,3.2,2019-07-11T08:15:00+00:00
6973,12.920984,77.584908,so2,3.1,2019-07-11T08:30:00+00:00
6973,12.920984,77.584908,so2,3.2,2019-07-11T08:45:00+00:00
6973,12.920984,77.584908,so2,3.2,2019-07-11T09:00:00+00:00
6973,12.920984,77.584908,so2,3.2,2019-07-11T09:15:00+00:00
6973,12.920984,77.584908,so2,3.4,2019-07-11T09:30:00+00:00
6973,12.920984,77.584908,so2,3.4,2019-07-11T09:45:00+00:00
6973,12.920984,77.584908,so2,3.4,2019-07-11T10:00:00+00:00
6973,12.920984,77.584908,so2,3.5,2019-07-11T10:15:00+00:00
6973,12.920984,77.584908,so2,3.5,2019-07-11T10:30:00+00:00
6973,12.920984,77.584908,so2,3.6,2019-07-11T10:45:00+00:00
6973,12.920984,77.584908,so2,3.6,2019-07-11T11:00:00+00:00
6973,12.920984,77.584908,so2,3.7,2019-07-11T11:15:00+00:00
6973,12.920984,77.584908,so2,3.6,2019-07-11T11:30:00+00:00
6973,12.920984,77.584908,so2,3.6,2019-07-11T11:45:00+00:00
6973,12.920984,77.584908,so2,3.5,2019-07-11T12:00:00+00:00
6973,12.920984,77.584908,so2,3.1,2019-07-11T12:30:00+00:00
6973,12.920984,77.584908,so2,3.1,2019-07-11T13:15:00+00:00
6973,12.920984,77.584908,so2,3.1,2019-07-11T13:30:00+00:00
6973,12.920984,77.584908,so2,3.4,2019-07-11T14:00:00+00:00
6973,12.920984,77.584908,so2,3.5,2019-07-11T14:15:00+00:00
6973,12.920984,77.584908,so2,3.4,2019-07-11T14:30:00+00:00
6973,12.920984,77.584908,so2,3.5,2019-07-11T14:45:00+00:00
6973,12.920984,77.584908,so2,3.5,2019-07-11T15:00:00+00:00
6973,12.920984,77.584908,so2,3.5,2019-07-11T15:15:00+00:00
6973,12.920984,77.584908,so2,3.5,2019-07-11T15:30:00+00:00
6973,12.920984,77.584908,so2,3.5,2019-07-11T15:45:00+00:00
6973,12.920984,77.584908,so2,3.4,2019-07-11T16:00:00+00:00
6973,12.920984,77.584908,so2,3.3,2019-07-11T16:15:00+00:00
6973,12.920984,77.584908,so2,3.4,2019-07-11T16:30:00+00:00
6973,12.920984,77.584908,so2,3.6,2019-07-11T16:45:00+00:00
6973,12.920984,77.584908,so2,3.6,2019-07-11T17:00:00+00:00
6973,12.920984,77.584908,so2,3.5,2019-07-11T17:15:00+00:00
6973,12.920984,77.584908,so2,3.5,2019-07-11T17:30:00+00:00
6973,12.920984,77.584908,so2,3.6,2019-07-11T17:45:00+00:00
6973,12.920984,77.584908,so2,3.5,2019-07-11T18:00:00+00:00
6973,12.920984,77.584908,so2,3.6,2019-07-11T18:30:00+00:00
6973,12.920984,77.584908,pm10,21.0,2019-07-11T18:45:00+00:00
6973,12.920984,77.584908,pm10,21.0,2019-07-11T19:00:00+00:00
6973,12.920984,77.584908,pm10,25.0,2019-07-11T19:15:00+00:00
6973,12.920984,77.584908,pm10,25.0,2019-07-11T19:30:00+00:00
6973,12.920984,77.584908,pm10,25.0,2019-07-11T19:45:00+00:00
6973,12.920984,77.584908,pm10,25.0,2019-07-11T20:00:00+00:00
6973,12.920984,77.584908,pm10,29.0,2019-07-11T20:15:00+00:00
6973,12.920984,77.584908,pm10,29.0,2019-07-11T20:30:00+00:00
6973,12.920984,77.584908,pm10,29.0,2019-07-11T20:45:00+00:00
6973,12.920984,77.584908,pm10,29.0,2019-07-11T21:00:00+00:00
6973,12.920984,77.584908,pm10,15.0,2019-07-11T21:15:00+00:00
6973,12.920984,77.584908,pm10,15.0,2019-07-11T21:30:00+00:00
6973,12.920984,77.584908,pm10,15.0,2019-07-11T21:45:00+00:00
6973,12.920984,77.584908,pm10,15.0,2019-07-11T22:00:00+00:00
6973,12.920984,77.584908,pm10,18.0,2019-07-11T22:15:00+00:00
6973,12.920984,77.584908,pm10,18.0,2019-07-11T22:30:00+00:00
6973,12.920984,77.584908,pm10,18.0,2019-07-11T22:45:00+00:00
6973,12.920984,77.584908,pm10,18.0,2019-07-11T23:00:00+00:00
6973,12.920984,77.584908,pm10,22.0,2019-07-11T23:15:00+00:00
6973,12.920984,77.584908,pm10,22.0,2019-07-11T23:30:00+00:00
6973,12.920984,77.584908,pm10,22.0,2019-07-11T23:45:00+00:00
6973,12.920984,77.584908,pm10,22.0,2019-07-12T00:00:00+00:00
6973,12.920984,77.584908,pm10,19.0,2019-07-12T00:15:00+00:00
6973,12.920984,77.584908,pm10,19.0,2019-07-12T00:30:00+00:00
6973,12.920984,77.584908,pm10,19.0,2019-07-12T00:45:00+00:00
6973,12.920984,77.584908,pm10,19.0,2019-07-12T01:00:00+00:00
6973,12.920984,77.584908,pm10,34.0,2019-07-12T01:15:00+00:00
6973,12.920984,77.584908,pm10,34.0,2019-07-12T01:30:00+00:00
6973,12.920984,77.584908,pm10,34.0,2019-07-12T01:45:00+00:00
6973,12.920984,77.584908,pm10,34.0,2019-07-12T02:00:00+00:00
6973,12.920984,77.584908,pm10,43.0,2019-07-12T02:15:00+00:00
6973,12.920984,77.584908,pm10,43.0,2019-07-12T02:30:00+00:00
6973,12.920984,77.584908,pm10,43.0,2019-07-12T02:45:00+00:00
6973,12.920984,77.584908,pm10,43.0,2019-07-12T03:00:00+00:00
6973,12.920984,77.584908,pm10,41.0,2019-07-12T03:15:00+00:00
6973,12.920984,77.584908,pm10,41.0,2019-07-12T03:30:00+00:00
6973,12.920984,77.584908,pm10,41.0,2019-07-12T03:45:00+00:00
6973,12.920984,77.584908,pm10,41.0,2019-07-12T04:00:00+00:00
6973,12.920984,77.584908,pm10,58.0,2019-07-12T04:15:00+00:00
6973,12.920984,77.584908,pm10,58.0,2019-07-12T04:30:00+00:00
6973,12.920984,77.584908,pm10,58.0,2019-07-12T04:45:00+00:00
6973,12.920984,77.584908,pm10,58.0,2019-07-12T05:00:00+00:00
6973,12.920984,77.584908,pm10,44.0,2019-07-12T05:15:00+00:00
6973,12.920984,77.584908,pm10,44.0,2019-07-12T05:30:00+00:00
6973,12.920984,77.584908,pm10,44.0,2019-07-12T05:45:00+00:00
6973,12.920984,77.584908,pm10,44.0,2019-07-12T06:00:00+00:00
6973,12.920984,77.584908,pm10,43.0,2019-07-12T06:15:00+00:00
6973,12.920984,77.584908,pm10,43.0,2019-07-12T06:30:00+00:00
6973,12.920984,77.584908,pm10,43.0,2019-07-12T06:45:00+00:00
6973,12.920984,77.584908,pm10,43.0,2019-07-12T07:00:00+00:00
6973,12.920984,77.584908,pm10,54.0,2019-07-12T07:30:00+00:00
6973,12.920984,77.584908,pm10,54.0,2019-07-12T07:45:00+00:00
6973,12.920984,77.584908,pm10,54.0,2019-07-12T08:00:00+00:00
6973,12.920984,77.584908,pm10,51.0,2019-07-12T08:15:00+00:00
6973,12.920984,77.584908,pm10,51.0,2019-07-12T08:30:00+00:00
6973,12.920984,77.584908,pm10,51.0,2019-07-12T08:45:00+00:00
6973,12.920984,77.584908,pm10,51.0,2019-07-12T09:00:00+00:00
6973,12.920984,77.584908,pm10,49.0,2019-07-12T09:15:00+00:00
6973,12.920984,77.584908,pm10,49.0,2019-07-12T09:30:00+00:00
6973,12.920984,77.584908,pm10,49.0,2019-07-12T09:45:00+00:00
6973,12.920984,77.584908,pm10,49.0,2019-07-12T10:00:00+00:00
6973,12.920984,77.584908,pm10,41.0,2019-07-12T10:15:00+00:00
6973,12.920984,77.584908,pm10,41.0,2019-07-12T10:30:00+00:00
6973,12.920984,77.584908,pm10,41.0,2019-07-12T10:45:00+00:00
6973,12.920984,77.584908,pm10,41.0,2019-07-12T11:00:00+00:00
6973,12.920984,77.584908,pm10,69.0,2019-07-12T11:15:00+00:00
6973,12.920984,77.584908,pm10,69.0,2019-07-12T11:30:00+00:00
6973,12.920984,77.584908,pm10,69.0,2019-07-12T11:45:00+00:00
6973,12.920984,77.584908,pm10,69.0,2019-07-12T12:00:00+00:00
6973,12.920984,77.584908,pm10,118.0,2019-07-12T12:15:00+00:00
6973,12.920984,77.584908,pm10,118.0,2019-07-12T12:30:00+00:00
6973,12.920984,77.584908,pm10,118.0,2019-07-12T12:45:00+00:00
6973,12.920984,77.584908,pm10,118.0,2019-07-12T13:00:00+00:00
6973,12.920984,77.584908,pm10,84.0,2019-07-12T13:15:00+00:00
6973,12.920984,77.584908,pm10,84.0,2019-07-12T13:30:00+00:00
6973,12.920984,77.584908,pm10,84.0,2019-07-12T13:45:00+00:00
6973,12.920984,77.584908,pm10,84.0,2019-07-12T14:00:00+00:00
6973,12.920984,77.584908,pm10,39.0,2019-07-12T14:15:00+00:00
6973,12.920984,77.584908,pm10,39.0,2019-07-12T14:30:00+00:00
6973,12.920984,77.584908,pm10,39.0,2019-07-12T14:45:00+00:00
6973,12.920984,77.584908,pm10,39.0,2019-07-12T15:00:00+00:00
6973,12.920984,77.584908,pm10,39.0,2019-07-12T15:15:00+00:00
6973,12.920984,77.584908,pm10,39.0,2019-07-12T15:30:00+00:00
6973,12.920984,77.584908,pm10,39.0,2019-07-12T15:45:00+00:00
6973,12.920984,77.584908,pm10,39.0,2019-07-12T16:00:00+00:00
6973,12.920984,77.584908,pm10,40.0,2019-07-12T16:15:00+00:00
6973,12.920984,77.584908,pm10,40.0,2019-07-12T16:45:00+00:00
6973,12.920984,77.584908,pm10,40.0,2019-07-12T17:00:00+00:00
6973,12.920984,77.584908,pm10,20.0,2019-07-12T17:15:00+00:00
6973,12.920984,77.584908,pm10,20.0,2019-07-12T17:30:00+00:00
6973,12.920984,77.584908,pm10,20.0,2019-07-12T17:45:00+00:00
6973,12.920984,77.584908,pm10,20.0,2019-07-12T18:00:00+00:00
6973,12.920984,77.584908,pm10,26.0,2019-07-12T18:15:00+00:00
6973,12.920984,77.584908,pm25,3.0,2019-07-11T18:45:00+00:00
6973,12.920984,77.584908,pm25,3.0,2019-07-11T19:00:00+00:00
6973,12.920984,77.584908,pm25,1.0,2019-07-11T19:15:00+00:00
6973,12.920984,77.584908,pm25,1.0,2019-07-11T19:30:00+00:00
6973,12.920984,77.584908,pm25,1.0,2019-07-11T19:45:00+00:00
6973,12.920984,77.584908,pm25,1.0,2019-07-11T20:00:00+00:00
6973,12.920984,77.584908,pm25,10.0,2019-07-11T20:15:00+00:00
6973,12.920984,77.584908,pm25,10.0,2019-07-11T20:30:00+00:00
6973,12.920984,77.584908,pm25,10.0,2019-07-11T20:45:00+00:00
6973,12.920984,77.584908,pm25,10.0,2019-07-11T21:00:00+00:00
6973,12.920984,77.584908,pm25,10.0,2019-07-11T21:15:00+00:00
6973,12.920984,77.584908,pm25,10.0,2019-07-11T21:30:00+00:00
6973,12.920984,77.584908,pm25,10.0,2019-07-11T21:45:00+00:00
6973,12.920984,77.584908,pm25,10.0,2019-07-11T22:00:00+00:00
6973,12.920984,77.584908,pm25,8.0,2019-07-11T22:15:00+00:00
6973,12.920984,77.584908,pm25,8.0,2019-07-11T22:30:00+00:00
6973,12.920984,77.584908,pm25,8.0,2019-07-11T22:45:00+00:00
6973,12.920984,77.584908,pm25,8.0,2019-07-11T23:00:00+00:00
6973,12.920984,77.584908,pm25,10.0,2019-07-11T23:15:00+00:00
6973,12.920984,77.584908,pm25,10.0,2019-07-11T23:30:00+00:00
6973,12.920984,77.584908,pm25,10.0,2019-07-11T23:45:00+00:00
6973,12.920984,77.584908,pm25,10.0,2019-07-12T00:00:00+00:00
6973,12.920984,77.584908,pm25,8.0,2019-07-12T00:15:00+00:00
6973,12.920984,77.584908,pm25,8.0,2019-07-12T00:30:00+00:00
6973,12.920984,77.584908,pm25,8.0,2019-07-12T00:45:00+00:00
6973,12.920984,77.584908,pm25,8.0,2019-07-12T01:00:00+00:00
6973,12.920984,77.584908,pm25,5.0,2019-07-12T01:15:00+00:00
6973,12.920984,77.584908,pm25,5.0,2019-07-12T01:30:00+00:00
6973,12.920984,77.584908,pm25,5.0,2019-07-12T01:45:00+00:00
6973,12.920984,77.584908,pm25,5.0,2019-07-12T02:00:00+00:00
6973,12.920984,77.584908,pm25,9.0,2019-07-12T02:15:00+00:00
6973,12.920984,77.584908,pm25,9.0,2019-07-12T02:30:00+00:00
6973,12.920984,77.584908,pm25,9.0,2019-07-12T02:45:00+00:00
6973,12.920984,77.584908,pm25,9.0,2019-07-12T03:00:00+00:00
6973,12.920984,77.584908,pm25,8.0,2019-07-12T03:15:00+00:00
6973,12.920984,77.584908,pm25,8.0,2019-07-12T03:30:00+00:00
6973,12.920984,77.584908,pm25,8.0,2019-07-12T03:45:00+00:00
6973,12.920984,77.584908,pm25,8.0,2019-07-12T04:00:00+00:00
6973,12.920984,77.584908,pm25,13.0,2019-07-12T04:15:00+00:00
6973,12.920984,77.584908,pm25,13.0,2019-07-12T04:30:00+00:00
6973,12.920984,77.584908,pm25,13.0,2019-07-12T04:45:00+00:00
6973,12.920984,77.584908,pm25,13.0,2019-07-12T05:00:00+00:00
6973,12.920984,77.584908,pm25,8.0,2019-07-12T05:15:00+00:00
6973,12.920984,77.584908,pm25,8.0,2019-07-12T05:30:00+00:00
6973,12.920984,77.584908,pm25,8.0,2019-07-12T05:45:00+00:00
6973,12.920984,77.584908,pm25,8.0,2019-07-12T06:00:00+00:00
6973,12.920984,77.584908,pm25,10.0,2019-07-12T06:15:00+00:00
6973,12.920984,77.584908,pm25,10.0,2019-07-12T06:30:00+00:00
6973,12.920984,77.584908,pm25,10.0,2019-07-12T06:45:00+00:00
6973,12.920984,77.584908,pm25,10.0,2019-07-12T07:00:00+00:00
6973,12.920984,77.584908,pm25,8.0,2019-07-12T07:30:00+00:00
6973,12.920984,77.584908,pm25,8.0,2019-07-12T07:45:00+00:00
6973,12.920984,77.584908,pm25,8.0,2019-07-12T08:00:00+00:00
6973,12.920984,77.584908,pm25,2.0,2019-07-12T08:15:00+00:00
6973,12.920984,77.584908,pm25,2.0,2019-07-12T08:30:00+00:00
6973,12.920984,77.584908,pm25,2.0,2019-07-12T08:45:00+00:00
6973,12.920984,77.584908,pm25,2.0,2019-07-12T09:00:00+00:00
6973,12.920984,77.584908,pm25,1.0,2019-07-12T09:15:00+00:00
6973,12.920984,77.584908,pm25,1.0,2019-07-12T09:30:00+00:00
6973,12.920984,77.584908,pm25,1.0,2019-07-12T09:45:00+00:00
6973,12.920984,77.584908,pm25,1.0,2019-07-12T10:00:00+00:00
6973,12.920984,77.584908,pm25,8.0,2019-07-12T10:15:00+00:00
6973,12.920984,77.584908,pm25,8.0,2019-07-12T10:30:00+00:00
6973,12.920984,77.584908,pm25,8.0,2019-07-12T10:45:00+00:00
6973,12.920984,77.584908,pm25,8.0,2019-07-12T11:00:00+00:00
6973,12.920984,77.584908,pm25,16.0,2019-07-12T11:15:00+00:00
6973,12.920984,77.584908,pm25,16.0,2019-07-12T11:30:00+00:00
6973,12.920984,77.584908,pm25,16.0,2019-07-12T11:45:00+00:00
6973,12.920984,77.584908,pm25,16.0,2019-07-12T12:00:00+00:00
6973,12.920984,77.584908,pm25,17.0,2019-07-12T12:15:00+00:00
6973,12.920984,77.584908,pm25,17.0,2019-07-12T12:30:00+00:00
6973,12.920984,77.584908,pm25,17.0,2019-07-12T12:45:00+00:00
6973,12.920984,77.584908,pm25,17.0,2019-07-12T13:00:00+00:00
6973,12.920984,77.584908,pm25,22.0,2019-07-12T13:15:00+00:00
6973,12.920984,77.584908,pm25,22.0,2019-07-12T13:30:00+00:00
6973,12.920984,77.584908,pm25,22.0,2019-07-12T13:45:00+00:00
6973,12.920984,77.584908,pm25,22.0,2019-07-12T14:00:00+00:00
6973,12.920984,77.584908,pm25,14.0,2019-07-12T14:15:00+00:00
6973,12.920984,77.584908,pm25,14.0,2019-07-12T14:30:00+00:00
6973,12.920984,77.584908,pm25,14.0,2019-07-12T14:45:00+00:00
6973,12.920984,77.584908,pm25,14.0,2019-07-12T15:00:00+00:00
6973,12.920984,77.584908,pm25,14.0,2019-07-12T15:15:00+00:00
6973,12.920984,77.584908,pm25,14.0,2019-07-12T15:30:00+00:00
6973,12.920984,77.584908,pm25,14.0,2019-07-12T15:45:00+00:00
6973,12.920984,77.584908,pm25,14.0,2019-07-12T16:00:00+00:00
6973,12.920984,77.584908,pm25,7.0,2019-07-12T16:15:00+00:00
6973,12.920984,77.584908,pm25,7.0,2019-07-12T16:45:00+00:00
6973,12.920984,77.584908,pm25,7.0,2019-07-12T17:00:00+00:00
6973,12.920984,77.584908,pm25,4.0,2019-07-12T17:15:00+00:00
6973,12.920984,77.584908,pm25,4.0,2019-07-12T17:30:00+00:00
6973,12.920984,77.584908,pm25,4.0,2019-07-12T17:45:00+00:00
6973,12.920984,77.584908,pm25,4.0,2019-07-12T18:00:00+00:00
6973,12.920984,77.584908,pm25,5.0,2019-07-12T18:15:00+00:00
6973,12.920984,77.584908,pm25,5.0,2019-07-12T18:30:00+00:00
6973,12.920984,77.584908,co,0.34,2019-07-11T18:45:00+00:00
6973,12.920984,77.584908,co,0.34,2019-07-11T19:00:00+00:00
6973,12.920984,77.584908,co,0.34,2019-07-11T19:15:00+00:00
6973,12.920984,77.584908,co,0.34,2019-07-11T19:30:00+00:00
6973,12.920984,77.584908,co,0.23,2019-07-11T19:45:00+00:00
6973,12.920984,77.584908,co,0.23,2019-07-11T20:00:00+00:00
6973,12.920984,77.584908,co,0.23,2019-07-11T20:15:00+00:00
6973,12.920984,77.584908,co,0.23,2019-07-11T20:30:00+00:00
6973,12.920984,77.584908,co,0.23,2019-07-11T20:45:00+00:00
6973,12.920984,77.584908,co,0.11,2019-07-11T21:00:00+00:00
6973,12.920984,77.584908,co,0.11,2019-07-11T21:15:00+00:00
6973,12.920984,77.584908,co,0.11,2019-07-11T21:30:00+00:00
6973,12.920984,77.584908,co,0.23,2019-07-11T21:45:00+00:00
6973,12.920984,77.584908,co,0.23,2019-07-11T22:00:00+00:00
6973,12.920984,77.584908,co,0.23,2019-07-11T23:00:00+00:00
6973,12.920984,77.584908,co,0.23,2019-07-11T23:15:00+00:00
6973,12.920984,77.584908,co,0.23,2019-07-11T23:30:00+00:00
6973,12.920984,77.584908,co,0.11,2019-07-11T23:45:00+00:00
6973,12.920984,77.584908,co,0.11,2019-07-12T00:00:00+00:00
6973,12.920984,77.584908,co,0.34,2019-07-12T00:15:00+00:00
6973,12.920984,77.584908,co,0.46,2019-07-12T00:30:00+00:00
6973,12.920984,77.584908,co,0.46,2019-07-12T00:45:00+00:00
6973,12.920984,77.584908,co,0.57,2019-07-12T01:00:00+00:00
6973,12.920984,77.584908,co,0.46,2019-07-12T01:15:00+00:00
6973,12.920984,77.584908,co,0.46,2019-07-12T01:30:00+00:00
6973,12.920984,77.584908,co,0.46,2019-07-12T01:45:00+00:00
6973,12.920984,77.584908,co,0.57,2019-07-12T02:00:00+00:00
6973,12.920984,77.584908,co,0.57,2019-07-12T02:15:00+00:00
6973,12.920984,77.584908,co,0.57,2019-07-12T02:30:00+00:00
6973,12.920984,77.584908,co,0.57,2019-07-12T02:45:00+00:00
6973,12.920984,77.584908,co,0.57,2019-07-12T03:00:00+00:00
6973,12.920984,77.584908,co,0.57,2019-07-12T03:15:00+00:00
6973,12.920984,77.584908,co,0.69,2019-07-12T03:30:00+00:00
6973,12.920984,77.584908,co,0.57,2019-07-12T03:45:00+00:00
6973,12.920984,77.584908,co,0.69,2019-07-12T04:00:00+00:00
6973,12.920984,77.584908,co,0.57,2019-07-12T04:15:00+00:00
6973,12.920984,77.584908,co,0.57,2019-07-12T04:30:00+00:00
6973,12.920984,77.584908,co,0.46,2019-07-12T04:45:00+00:00
6973,12.920984,77.584908,co,0.46,2019-07-12T05:00:00+00:00
6973,12.920984,77.584908,co,0.34,2019-07-12T05:15:00+00:00
6973,12.920984,77.584908,co,0.34,2019-07-12T05:30:00+00:00
6973,12.920984,77.584908,co,0.23,2019-07-12T05:45:00+00:00
6973,12.920984,77.584908,co,0.23,2019-07-12T06:00:00+00:00
6973,12.920984,77.584908,co,0.57,2019-07-12T06:30:00+00:00
6973,12.920984,77.584908,co,0.46,2019-07-12T06:45:00+00:00
6973,12.920984,77.584908,co,0.57,2019-07-12T07:00:00+00:00
6973,12.920984,77.584908,co,0.69,2019-07-12T07:30:00+00:00
6973,12.920984,77.584908,co,0.57,2019-07-12T07:45:00+00:00
6973,12.920984,77.584908,co,0.57,2019-07-12T08:00:00+00:00
6973,12.920984,77.584908,co,0.92,2019-07-12T08:15:00+00:00
6973,12.920984,77.584908,co,0.8,2019-07-12T08:30:00+00:00
6973,12.920984,77.584908,co,0.69,2019-07-12T08:45:00+00:00
6973,12.920984,77.584908,co,0.8,2019-07-12T09:00:00+00:00
6973,12.920984,77.584908,co,0.57,2019-07-12T09:30:00+00:00
6973,12.920984,77.584908,co,0.57,2019-07-12T09:45:00+00:00
6973,12.920984,77.584908,co,0.57,2019-07-12T10:00:00+00:00
6973,12.920984,77.584908,co,0.57,2019-07-12T10:15:00+00:00
6973,12.920984,77.584908,co,0.46,2019-07-12T10:30:00+00:00
6973,12.920984,77.584908,co,0.69,2019-07-12T10:45:00+00:00
6973,12.920984,77.584908,co,0.57,2019-07-12T11:00:00+00:00
6973,12.920984,77.584908,co,0.69,2019-07-12T11:30:00+00:00
6973,12.920984,77.584908,co,0.92,2019-07-12T11:45:00+00:00
6973,12.920984,77.584908,co,0.8,2019-07-12T12:00:00+00:00
6973,12.920984,77.584908,co,0.8,2019-07-12T12:15:00+00:00
6973,12.920984,77.584908,co,0.92,2019-07-12T12:30:00+00:00
6973,12.920984,77.584908,co,0.8,2019-07-12T12:45:00+00:00
6973,12.920984,77.584908,co,0.69,2019-07-12T13:00:00+00:00
6973,12.920984,77.584908,co,1.03,2019-07-12T13:30:00+00:00
6973,12.920984,77.584908,co,0.92,2019-07-12T13:45:00+00:00
6973,12.920984,77.584908,co,1.26,2019-07-12T14:00:00+00:00
6973,12.920984,77.584908,co,1.15,2019-07-12T14:15:00+00:00
6973,12.920984,77.584908,co,0.92,2019-07-12T14:30:00+00:00
6973,12.920984,77.584908,co,1.26,2019-07-12T14:45:00+00:00
6973,12.920984,77.584908,co,1.03,2019-07-12T15:00:00+00:00
6973,12.920984,77.584908,co,0.92,2019-07-12T15:30:00+00:00
6973,12.920984,77.584908,co,0.69,2019-07-12T15:45:00+00:00
6973,12.920984,77.584908,co,0.46,2019-07-12T16:00:00+00:00
6973,12.920984,77.584908,co,0.69,2019-07-12T16:15:00+00:00
6973,12.920984,77.584908,co,0.69,2019-07-12T16:45:00+00:00
6973,12.920984,77.584908,co,0.57,2019-07-12T17:00:00+00:00
6973,12.920984,77.584908,co,0.69,2019-07-12T17:30:00+00:00
6973,12.920984,77.584908,co,0.69,2019-07-12T17:45:00+00:00
6973,12.920984,77.584908,co,0.57,2019-07-12T18:00:00+00:00
6973,12.920984,77.584908,co,0.69,2019-07-12T18:15:00+00:00
6973,12.920984,77.584908,co,0.57,2019-07-12T18:30:00+00:00
6973,12.920984,77.584908,no2,15.0,2019-07-11T18:45:00+00:00
6973,12.920984,77.584908,no2,14.4,2019-07-11T19:00:00+00:00
6973,12.920984,77.584908,no2,14.2,2019-07-11T19:15:00+00:00
6973,12.920984,77.584908,no2,14.6,2019-07-11T19:30:00+00:00
6973,12.920984,77.584908,no2,15.9,2019-07-11T19:45:00+00:00
6973,12.920984,77.584908,no2,17.0,2019-07-11T20:00:00+00:00
6973,12.920984,77.584908,no2,16.5,2019-07-11T20:15:00+00:00
6973,12.920984,77.584908,no2,15.4,2019-07-11T20:30:00+00:00
6973,12.920984,77.584908,no2,14.3,2019-07-11T20:45:00+00:00
6973,12.920984,77.584908,no2,13.2,2019-07-11T21:00:00+00:00
6973,12.920984,77.584908,no2,11.5,2019-07-11T21:15:00+00:00
6973,12.920984,77.584908,no2,11.6,2019-07-11T21:30:00+00:00
6973,12.920984,77.584908,no2,10.8,2019-07-11T21:45:00+00:00
6973,12.920984,77.584908,no2,10.3,2019-07-11T22:00:00+00:00
6973,12.920984,77.584908,no2,10.6,2019-07-11T22:15:00+00:00
6973,12.920984,77.584908,no2,11.4,2019-07-11T22:30:00+00:00
6973,12.920984,77.584908,no2,11.7,2019-07-11T22:45:00+00:00
6973,12.920984,77.584908,no2,12.0,2019-07-11T23:00:00+00:00
6973,12.920984,77.584908,no2,12.6,2019-07-12T00:00:00+00:00
6973,12.920984,77.584908,no2,13.6,2019-07-12T00:15:00+00:00
6973,12.920984,77.584908,no2,14.9,2019-07-12T00:30:00+00:00
6973,12.920984,77.584908,no2,15.5,2019-07-12T00:45:00+00:00
6973,12.920984,77.584908,no2,16.1,2019-07-12T01:00:00+00:00
6973,12.920984,77.584908,no2,16.5,2019-07-12T01:15:00+00:00
6973,12.920984,77.584908,no2,16.6,2019-07-12T01:30:00+00:00
6973,12.920984,77.584908,no2,16.8,2019-07-12T01:45:00+00:00
6973,12.920984,77.584908,no2,17.4,2019-07-12T02:00:00+00:00
6973,12.920984,77.584908,no2,18.2,2019-07-12T02:15:00+00:00
6973,12.920984,77.584908,no2,18.5,2019-07-12T02:30:00+00:00
6973,12.920984,77.584908,no2,17.1,2019-07-12T02:45:00+00:00
6973,12.920984,77.584908,no2,18.6,2019-07-12T03:00:00+00:00
6973,12.920984,77.584908,no2,19.1,2019-07-12T03:15:00+00:00
6973,12.920984,77.584908,no2,18.6,2019-07-12T03:30:00+00:00
6973,12.920984,77.584908,no2,16.1,2019-07-12T03:45:00+00:00
6973,12.920984,77.584908,no2,22.6,2019-07-12T04:00:00+00:00
6973,12.920984,77.584908,no2,21.7,2019-07-12T04:15:00+00:00
6973,12.920984,77.584908,no2,21.0,2019-07-12T04:30:00+00:00
6973,12.920984,77.584908,no2,16.4,2019-07-12T04:45:00+00:00
6973,12.920984,77.584908,no2,18.2,2019-07-12T05:00:00+00:00
6973,12.920984,77.584908,no2,17.0,2019-07-12T05:15:00+00:00
6973,12.920984,77.584908,no2,16.8,2019-07-12T05:30:00+00:00
6973,12.920984,77.584908,no2,16.1,2019-07-12T05:45:00+00:00
6973,12.920984,77.584908,no2,13.2,2019-07-12T06:00:00+00:00
6973,12.920984,77.584908,no2,14.5,2019-07-12T06:15:00+00:00
6973,12.920984,77.584908,no2,14.1,2019-07-12T06:30:00+00:00
6973,12.920984,77.584908,no2,14.6,2019-07-12T06:45:00+00:00
6973,12.920984,77.584908,no2,15.0,2019-07-12T07:00:00+00:00
6973,12.920984,77.584908,no2,16.3,2019-07-12T07:30:00+00:00
6973,12.920984,77.584908,no2,16.2,2019-07-12T07:45:00+00:00
6973,12.920984,77.584908,no2,16.5,2019-07-12T08:00:00+00:00
6973,12.920984,77.584908,no2,7.6,2019-07-12T08:15:00+00:00
6973,12.920984,77.584908,no2,18.6,2019-07-12T08:30:00+00:00
6973,12.920984,77.584908,no2,14.0,2019-07-12T08:45:00+00:00
6973,12.920984,77.584908,no2,7.1,2019-07-12T09:00:00+00:00
6973,12.920984,77.584908,no2,13.8,2019-07-12T09:15:00+00:00
6973,12.920984,77.584908,no2,9.5,2019-07-12T09:30:00+00:00
6973,12.920984,77.584908,no2,15.8,2019-07-12T09:45:00+00:00
6973,12.920984,77.584908,no2,15.1,2019-07-12T10:00:00+00:00
6973,12.920984,77.584908,no2,3.9,2019-07-12T10:15:00+00:00
6973,12.920984,77.584908,no2,15.0,2019-07-12T10:30:00+00:00
6973,12.920984,77.584908,no2,17.5,2019-07-12T10:45:00+00:00
6973,12.920984,77.584908,no2,19.7,2019-07-12T11:00:00+00:00
6973,12.920984,77.584908,no2,20.7,2019-07-12T11:15:00+00:00
6973,12.920984,77.584908,no2,22.2,2019-07-12T11:30:00+00:00
6973,12.920984,77.584908,no2,24.0,2019-07-12T11:45:00+00:00
6973,12.920984,77.584908,no2,26.7,2019-07-12T12:00:00+00:00
6973,12.920984,77.584908,no2,29.0,2019-07-12T12:15:00+00:00
6973,12.920984,77.584908,no2,31.2,2019-07-12T12:30:00+00:00
6973,12.920984,77.584908,no2,34.2,2019-07-12T12:45:00+00:00
6973,12.920984,77.584908,no2,36.6,2019-07-12T13:00:00+00:00
6973,12.920984,77.584908,no2,36.4,2019-07-12T13:15:00+00:00
6973,12.920984,77.584908,no2,35.2,2019-07-12T13:30:00+00:00
6973,12.920984,77.584908,no2,34.3,2019-07-12T13:45:00+00:00
6973,12.920984,77.584908,no2,34.2,2019-07-12T14:00:00+00:00
6973,12.920984,77.584908,no2,35.4,2019-07-12T14:15:00+00:00
6973,12.920984,77.584908,no2,34.5,2019-07-12T14:30:00+00:00
6973,12.920984,77.584908,no2,33.9,2019-07-12T14:45:00+00:00
6973,12.920984,77.584908,no2,34.6,2019-07-12T15:00:00+00:00
6973,12.920984,77.584908,no2,34.0,2019-07-12T15:15:00+00:00
6973,12.920984,77.584908,no2,32.1,2019-07-12T15:30:00+00:00
6973,12.920984,77.584908,no2,32.4,2019-07-12T15:45:00+00:00
6973,12.920984,77.584908,no2,30.2,2019-07-12T16:00:00+00:00
6973,12.920984,77.584908,no2,26.4,2019-07-12T16:15:00+00:00
6973,12.920984,77.584908,no2,20.8,2019-07-12T16:45:00+00:00
6973,12.920984,77.584908,no2,19.3,2019-07-12T17:00:00+00:00
6973,12.920984,77.584908,no2,18.2,2019-07-12T17:15:00+00:00
6973,12.920984,77.584908,no2,16.8,2019-07-12T17:30:00+00:00
6973,12.920984,77.584908,no2,16.3,2019-07-12T17:45:00+00:00
6973,12.920984,77.584908,no2,16.3,2019-07-12T18:00:00+00:00
6973,12.920984,77.584908,no2,15.6,2019-07-12T18:15:00+00:00
6973,12.920984,77.584908,no2,15.8,2019-07-12T18:30:00+00:00
6973,12.920984,77.584908,so2,3.8,2019-07-11T18:45:00+00:00
6973,12.920984,77.584908,so2,3.8,2019-07-11T19:00:00+00:00
6973,12.920984,77.584908,so2,3.7,2019-07-11T19:15:00+00:00
6973,12.920984,77.584908,so2,3.7,2019-07-11T19:30:00+00:00
6973,12.920984,77.584908,so2,3.7,2019-07-11T19:45:00+00:00
6973,12.920984,77.584908,so2,3.5,2019-07-11T20:00:00+00:00
6973,12.920984,77.584908,so2,3.4,2019-07-11T20:15:00+00:00
6973,12.920984,77.584908,so2,3.2,2019-07-11T20:30:00+00:00
6973,12.920984,77.584908,so2,3.2,2019-07-11T20:45:00+00:00
6973,12.920984,77.584908,so2,3.1,2019-07-11T21:00:00+00:00
6973,12.920984,77.584908,so2,3.0,2019-07-11T21:15:00+00:00
6973,12.920984,77.584908,so2,3.0,2019-07-11T21:30:00+00:00
6973,12.920984,77.584908,so2,3.1,2019-07-11T21:45:00+00:00
6973,12.920984,77.584908,so2,3.2,2019-07-11T22:00:00+00:00
6973,12.920984,77.584908,so2,3.2,2019-07-11T22:30:00+00:00
6973,12.920984,77.584908,so2,3.3,2019-07-11T22:45:00+00:00
6973,12.920984,77.584908,so2,3.4,2019-07-11T23:00:00+00:00
6973,12.920984,77.584908,so2,3.4,2019-07-11T23:15:00+00:00
6973,12.920984,77.584908,so2,3.3,2019-07-11T23:30:00+00:00
6973,12.920984,77.584908,so2,3.5,2019-07-11T23:45:00+00:00
6973,12.920984,77.584908,so2,3.5,2019-07-12T00:00:00+00:00
6973,12.920984,77.584908,so2,3.6,2019-07-12T01:00:00+00:00
6973,12.920984,77.584908,so2,3.5,2019-07-12T01:15:00+00:00
6973,12.920984,77.584908,so2,3.6,2019-07-12T01:30:00+00:00
6973,12.920984,77.584908,so2,3.7,2019-07-12T01:45:00+00:00
6973,12.920984,77.584908,so2,3.8,2019-07-12T02:00:00+00:00
6973,12.920984,77.584908,so2,3.6,2019-07-12T02:30:00+00:00
6973,12.920984,77.584908,so2,3.6,2019-07-12T02:45:00+00:00
6973,12.920984,77.584908,so2,3.5,2019-07-12T03:00:00+00:00
6973,12.920984,77.584908,so2,3.5,2019-07-12T03:15:00+00:00
6973,12.920984,77.584908,so2,3.5,2019-07-12T03:30:00+00:00
6973,12.920984,77.584908,so2,3.4,2019-07-12T03:45:00+00:00
6973,12.920984,77.584908,so2,3.2,2019-07-12T04:00:00+00:00
6973,12.920984,77.584908,so2,3.2,2019-07-12T04:15:00+00:00
6973,12.920984,77.584908,so2,3.0,2019-07-12T04:30:00+00:00
6973,12.920984,77.584908,so2,3.0,2019-07-12T04:45:00+00:00
6973,12.920984,77.584908,so2,2.9,2019-07-12T05:00:00+00:00
6973,12.920984,77.584908,so2,3.0,2019-07-12T05:15:00+00:00
6973,12.920984,77.584908,so2,3.2,2019-07-12T05:30:00+00:00
6973,12.920984,77.584908,so2,3.2,2019-07-12T05:45:00+00:00
6973,12.920984,77.584908,so2,3.2,2019-07-12T06:00:00+00:00
6973,12.920984,77.584908,so2,3.2,2019-07-12T06:30:00+00:00
6973,12.920984,77.584908,so2,3.1,2019-07-12T06:45:00+00:00
6973,12.920984,77.584908,so2,3.1,2019-07-12T07:00:00+00:00
6973,12.920984,77.584908,so2,3.2,2019-07-12T07:30:00+00:00
6973,12.920984,77.584908,so2,3.3,2019-07-12T07:45:00+00:00
6973,12.920984,77.584908,so2,3.0,2019-07-12T08:00:00+00:00
6973,12.920984,77.584908,so2,3.0,2019-07-12T08:15:00+00:00
6973,12.920984,77.584908,so2,3.1,2019-07-12T08:30:00+00:00
6973,12.920984,77.584908,so2,3.0,2019-07-12T08:45:00+00:00
6973,12.920984,77.584908,so2,3.1,2019-07-12T09:00:00+00:00
6973,12.920984,77.584908,so2,3.2,2019-07-12T09:15:00+00:00
6973,12.920984,77.584908,so2,3.2,2019-07-12T09:30:00+00:00
6973,12.920984,77.584908,so2,3.1,2019-07-12T09:45:00+00:00
6973,12.920984,77.584908,so2,3.1,2019-07-12T10:00:00+00:00
6973,12.920984,77.584908,so2,3.5,2019-07-12T10:30:00+00:00
6973,12.920984,77.584908,so2,3.8,2019-07-12T10:45:00+00:00
6973,12.920984,77.584908,so2,3.7,2019-07-12T11:00:00+00:00
6973,12.920984,77.584908,so2,3.7,2019-07-12T11:15:00+00:00
6973,12.920984,77.584908,so2,3.7,2019-07-12T11:30:00+00:00
6973,12.920984,77.584908,so2,3.7,2019-07-12T11:45:00+00:00
6973,12.920984,77.584908,so2,3.6,2019-07-12T12:00:00+00:00
6973,12.920984,77.584908,so2,3.5,2019-07-12T12:15:00+00:00
6973,12.920984,77.584908,so2,3.5,2019-07-12T12:30:00+00:00
6973,12.920984,77.584908,so2,3.4,2019-07-12T12:45:00+00:00
6973,12.920984,77.584908,so2,3.4,2019-07-12T13:00:00+00:00
6973,12.920984,77.584908,so2,3.5,2019-07-12T13:15:00+00:00
6973,12.920984,77.584908,so2,3.6,2019-07-12T13:30:00+00:00
6973,12.920984,77.584908,so2,3.7,2019-07-12T13:45:00+00:00
6973,12.920984,77.584908,so2,3.9,2019-07-12T14:00:00+00:00
6973,12.920984,77.584908,so2,3.8,2019-07-12T14:30:00+00:00
6973,12.920984,77.584908,so2,3.7,2019-07-12T14:45:00+00:00
6973,12.920984,77.584908,so2,3.7,2019-07-12T15:00:00+00:00
6973,12.920984,77.584908,so2,3.7,2019-07-12T15:15:00+00:00
6973,12.920984,77.584908,so2,3.6,2019-07-12T15:30:00+00:00
6973,12.920984,77.584908,so2,3.5,2019-07-12T15:45:00+00:00
6973,12.920984,77.584908,so2,3.5,2019-07-12T16:00:00+00:00
6973,12.920984,77.584908,so2,3.5,2019-07-12T16:15:00+00:00
6973,12.920984,77.584908,so2,3.6,2019-07-12T16:45:00+00:00
6973,12.920984,77.584908,so2,3.5,2019-07-12T17:00:00+00:00
6973,12.920984,77.584908,so2,3.5,2019-07-12T17:15:00+00:00
6973,12.920984,77.584908,so2,3.5,2019-07-12T17:30:00+00:00
6973,12.920984,77.584908,so2,3.4,2019-07-12T17:45:00+00:00
6973,12.920984,77.584908,so2,3.4,2019-07-12T18:00:00+00:00
6973,12.920984,77.584908,so2,3.5,2019-07-12T18:30:00+00:00
6973,12.920984,77.584908,pm10,26.0,2019-07-12T18:45:00+00:00
6973,12.920984,77.584908,pm10,26.0,2019-07-12T19:00:00+00:00
6973,12.920984,77.584908,pm10,24.0,2019-07-12T19:15:00+00:00
6973,12.920984,77.584908,pm10,24.0,2019-07-12T19:30:00+00:00
6973,12.920984,77.584908,pm10,24.0,2019-07-12T19:45:00+00:00
6973,12.920984,77.584908,pm10,24.0,2019-07-12T20:00:00+00:00
6973,12.920984,77.584908,pm10,29.0,2019-07-12T20:15:00+00:00
6973,12.920984,77.584908,pm10,29.0,2019-07-12T20:30:00+00:00
6973,12.920984,77.584908,pm10,29.0,2019-07-12T20:45:00+00:00
6973,12.920984,77.584908,pm10,29.0,2019-07-12T21:00:00+00:00
6973,12.920984,77.584908,pm10,23.0,2019-07-12T21:15:00+00:00
6973,12.920984,77.584908,pm10,23.0,2019-07-12T21:30:00+00:00
6973,12.920984,77.584908,pm10,23.0,2019-07-12T21:45:00+00:00
6973,12.920984,77.584908,pm10,23.0,2019-07-12T22:00:00+00:00
6973,12.920984,77.584908,pm10,17.0,2019-07-12T22:15:00+00:00
6973,12.920984,77.584908,pm10,17.0,2019-07-12T22:30:00+00:00
6973,12.920984,77.584908,pm10,17.0,2019-07-12T22:45:00+00:00
6973,12.920984,77.584908,pm10,17.0,2019-07-12T23:00:00+00:00
6973,12.920984,77.584908,pm10,19.0,2019-07-12T23:15:00+00:00
6973,12.920984,77.584908,pm10,19.0,2019-07-12T23:30:00+00:00
6973,12.920984,77.584908,pm10,19.0,2019-07-12T23:45:00+00:00
6973,12.920984,77.584908,pm10,19.0,2019-07-13T00:00:00+00:00
6973,12.920984,77.584908,pm10,21.0,2019-07-13T00:15:00+00:00
6973,12.920984,77.584908,pm10,21.0,2019-07-13T00:30:00+00:00
6973,12.920984,77.584908,pm10,21.0,2019-07-13T00:45:00+00:00
6973,12.920984,77.584908,pm10,21.0,2019-07-13T01:00:00+00:00
6973,12.920984,77.584908,pm10,33.0,2019-07-13T01:15:00+00:00
6973,12.920984,77.584908,pm10,33.0,2019-07-13T01:30:00+00:00
6973,12.920984,77.584908,pm10,33.0,2019-07-13T01:45:00+00:00
6973,12.920984,77.584908,pm10,33.0,2019-07-13T02:00:00+00:00
6973,12.920984,77.584908,pm10,38.0,2019-07-13T02:15:00+00:00
6973,12.920984,77.584908,pm10,38.0,2019-07-13T02:30:00+00:00
6973,12.920984,77.584908,pm10,38.0,2019-07-13T02:45:00+00:00
6973,12.920984,77.584908,pm10,38.0,2019-07-13T03:00:00+00:00
6973,12.920984,77.584908,pm10,59.0,2019-07-13T03:15:00+00:00
6973,12.920984,77.584908,pm10,59.0,2019-07-13T03:30:00+00:00
6973,12.920984,77.584908,pm10,59.0,2019-07-13T03:45:00+00:00
6973,12.920984,77.584908,pm10,59.0,2019-07-13T04:00:00+00:00
6973,12.920984,77.584908,pm10,71.0,2019-07-13T04:15:00+00:00
6973,12.920984,77.584908,pm10,71.0,2019-07-13T04:30:00+00:00
6973,12.920984,77.584908,pm10,71.0,2019-07-13T04:45:00+00:00
6973,12.920984,77.584908,pm10,71.0,2019-07-13T05:00:00+00:00
6973,12.920984,77.584908,pm10,72.0,2019-07-13T05:15:00+00:00
6973,12.920984,77.584908,pm10,72.0,2019-07-13T05:30:00+00:00
6973,12.920984,77.584908,pm10,72.0,2019-07-13T05:45:00+00:00
6973,12.920984,77.584908,pm10,72.0,2019-07-13T06:00:00+00:00
6973,12.920984,77.584908,pm10,92.0,2019-07-13T06:15:00+00:00
6973,12.920984,77.584908,pm10,92.0,2019-07-13T06:30:00+00:00
6973,12.920984,77.584908,pm10,92.0,2019-07-13T06:45:00+00:00
6973,12.920984,77.584908,pm10,92.0,2019-07-13T07:00:00+00:00
6973,12.920984,77.584908,pm10,77.0,2019-07-13T07:15:00+00:00
6973,12.920984,77.584908,pm10,77.0,2019-07-13T07:30:00+00:00
6973,12.920984,77.584908,pm10,77.0,2019-07-13T07:45:00+00:00
6973,12.920984,77.584908,pm10,77.0,2019-07-13T08:00:00+00:00
6973,12.920984,77.584908,pm10,72.0,2019-07-13T08:15:00+00:00
6973,12.920984,77.584908,pm10,72.0,2019-07-13T08:30:00+00:00
6973,12.920984,77.584908,pm10,72.0,2019-07-13T08:45:00+00:00
6973,12.920984,77.584908,pm10,153.0,2019-07-13T09:15:00+00:00
6973,12.920984,77.584908,pm10,153.0,2019-07-13T09:30:00+00:00
6973,12.920984,77.584908,pm10,153.0,2019-07-13T09:45:00+00:00
6973,12.920984,77.584908,pm10,153.0,2019-07-13T10:00:00+00:00
6973,12.920984,77.584908,pm10,51.0,2019-07-13T10:15:00+00:00
6973,12.920984,77.584908,pm10,51.0,2019-07-13T10:30:00+00:00
6973,12.920984,77.584908,pm10,51.0,2019-07-13T10:45:00+00:00
6973,12.920984,77.584908,pm10,51.0,2019-07-13T11:00:00+00:00
6973,12.920984,77.584908,pm10,87.0,2019-07-13T11:15:00+00:00
6973,12.920984,77.584908,pm10,87.0,2019-07-13T11:30:00+00:00
6973,12.920984,77.584908,pm10,87.0,2019-07-13T11:45:00+00:00
6973,12.920984,77.584908,pm10,87.0,2019-07-13T12:00:00+00:00
6973,12.920984,77.584908,pm10,89.0,2019-07-13T12:15:00+00:00
6973,12.920984,77.584908,pm10,89.0,2019-07-13T12:30:00+00:00
6973,12.920984,77.584908,pm10,89.0,2019-07-13T12:45:00+00:00
6973,12.920984,77.584908,pm10,89.0,2019-07-13T13:00:00+00:00
6973,12.920984,77.584908,pm10,85.0,2019-07-13T13:15:00+00:00
6973,12.920984,77.584908,pm10,85.0,2019-07-13T13:30:00+00:00
6973,12.920984,77.584908,pm10,85.0,2019-07-13T13:45:00+00:00
6973,12.920984,77.584908,pm10,85.0,2019-07-13T14:00:00+00:00
6973,12.920984,77.584908,pm10,65.0,2019-07-13T14:15:00+00:00
6973,12.920984,77.584908,pm10,65.0,2019-07-13T14:30:00+00:00
6973,12.920984,77.584908,pm10,65.0,2019-07-13T14:45:00+00:00
6973,12.920984,77.584908,pm10,65.0,2019-07-13T15:00:00+00:00
6973,12.920984,77.584908,pm10,48.0,2019-07-13T15:15:00+00:00
6973,12.920984,77.584908,pm10,48.0,2019-07-13T15:30:00+00:00
6973,12.920984,77.584908,pm10,48.0,2019-07-13T15:45:00+00:00
6973,12.920984,77.584908,pm10,48.0,2019-07-13T16:00:00+00:00
6973,12.920984,77.584908,pm10,30.0,2019-07-13T16:15:00+00:00
6973,12.920984,77.584908,pm10,30.0,2019-07-13T16:30:00+00:00
6973,12.920984,77.584908,pm10,30.0,2019-07-13T16:45:00+00:00
6973,12.920984,77.584908,pm10,30.0,2019-07-13T17:00:00+00:00
6973,12.920984,77.584908,pm10,25.0,2019-07-13T17:15:00+00:00
6973,12.920984,77.584908,pm10,25.0,2019-07-13T17:30:00+00:00
6973,12.920984,77.584908,pm10,25.0,2019-07-13T17:45:00+00:00
6973,12.920984,77.584908,pm10,25.0,2019-07-13T18:00:00+00:00
6973,12.920984,77.584908,pm10,15.0,2019-07-13T18:15:00+00:00
6973,12.920984,77.584908,pm25,5.0,2019-07-12T18:45:00+00:00
6973,12.920984,77.584908,pm25,5.0,2019-07-12T19:00:00+00:00
6973,12.920984,77.584908,pm25,2.0,2019-07-12T19:15:00+00:00
6973,12.920984,77.584908,pm25,2.0,2019-07-12T19:30:00+00:00
6973,12.920984,77.584908,pm25,2.0,2019-07-12T19:45:00+00:00
6973,12.920984,77.584908,pm25,2.0,2019-07-12T20:00:00+00:00
6973,12.920984,77.584908,pm25,3.0,2019-07-12T20:15:00+00:00
6973,12.920984,77.584908,pm25,3.0,2019-07-12T20:30:00+00:00
6973,12.920984,77.584908,pm25,3.0,2019-07-12T20:45:00+00:00
6973,12.920984,77.584908,pm25,3.0,2019-07-12T21:00:00+00:00
6973,12.920984,77.584908,pm25,3.0,2019-07-12T21:15:00+00:00
6973,12.920984,77.584908,pm25,3.0,2019-07-12T21:30:00+00:00
6973,12.920984,77.584908,pm25,3.0,2019-07-12T21:45:00+00:00
6973,12.920984,77.584908,pm25,3.0,2019-07-12T22:00:00+00:00
6973,12.920984,77.584908,pm25,4.0,2019-07-12T23:15:00+00:00
6973,12.920984,77.584908,pm25,4.0,2019-07-12T23:30:00+00:00
6973,12.920984,77.584908,pm25,4.0,2019-07-12T23:45:00+00:00
6973,12.920984,77.584908,pm25,4.0,2019-07-13T00:00:00+00:00
6973,12.920984,77.584908,pm25,3.0,2019-07-13T00:15:00+00:00
6973,12.920984,77.584908,pm25,3.0,2019-07-13T00:30:00+00:00
6973,12.920984,77.584908,pm25,3.0,2019-07-13T00:45:00+00:00
6973,12.920984,77.584908,pm25,3.0,2019-07-13T01:00:00+00:00
6973,12.920984,77.584908,pm25,7.0,2019-07-13T01:15:00+00:00
6973,12.920984,77.584908,pm25,7.0,2019-07-13T01:30:00+00:00
6973,12.920984,77.584908,pm25,7.0,2019-07-13T01:45:00+00:00
6973,12.920984,77.584908,pm25,7.0,2019-07-13T02:00:00+00:00
6973,12.920984,77.584908,pm25,6.0,2019-07-13T02:15:00+00:00
6973,12.920984,77.584908,pm25,6.0,2019-07-13T02:30:00+00:00
6973,12.920984,77.584908,pm25,6.0,2019-07-13T02:45:00+00:00
6973,12.920984,77.584908,pm25,6.0,2019-07-13T03:00:00+00:00
6973,12.920984,77.584908,pm25,12.0,2019-07-13T03:15:00+00:00
6973,12.920984,77.584908,pm25,12.0,2019-07-13T03:30:00+00:00
6973,12.920984,77.584908,pm25,12.0,2019-07-13T03:45:00+00:00
6973,12.920984,77.584908,pm25,12.0,2019-07-13T04:00:00+00:00
6973,12.920984,77.584908,pm25,12.0,2019-07-13T04:15:00+00:00
6973,12.920984,77.584908,pm25,12.0,2019-07-13T04:30:00+00:00
6973,12.920984,77.584908,pm25,12.0,2019-07-13T04:45:00+00:00
6973,12.920984,77.584908,pm25,12.0,2019-07-13T05:00:00+00:00
6973,12.920984,77.584908,pm25,14.0,2019-07-13T05:15:00+00:00
6973,12.920984,77.584908,pm25,14.0,2019-07-13T05:30:00+00:00
6973,12.920984,77.584908,pm25,14.0,2019-07-13T05:45:00+00:00
6973,12.920984,77.584908,pm25,14.0,2019-07-13T06:00:00+00:00
6973,12.920984,77.584908,pm25,12.0,2019-07-13T06:15:00+00:00
6973,12.920984,77.584908,pm25,12.0,2019-07-13T06:30:00+00:00
6973,12.920984,77.584908,pm25,12.0,2019-07-13T06:45:00+00:00
6973,12.920984,77.584908,pm25,12.0,2019-07-13T07:00:00+00:00
6973,12.920984,77.584908,pm25,8.0,2019-07-13T07:15:00+00:00
6973,12.920984,77.584908,pm25,8.0,2019-07-13T07:30:00+00:00
6973,12.920984,77.584908,pm25,8.0,2019-07-13T07:45:00+00:00
6973,12.920984,77.584908,pm25,8.0,2019-07-13T08:00:00+00:00
6973,12.920984,77.584908,pm25,11.0,2019-07-13T08:15:00+00:00
6973,12.920984,77.584908,pm25,11.0,2019-07-13T08:30:00+00:00
6973,12.920984,77.584908,pm25,11.0,2019-07-13T08:45:00+00:00
6973,12.920984,77.584908,pm25,9.0,2019-07-13T09:15:00+00:00
6973,12.920984,77.584908,pm25,9.0,2019-07-13T09:30:00+00:00
6973,12.920984,77.584908,pm25,9.0,2019-07-13T09:45:00+00:00
6973,12.920984,77.584908,pm25,9.0,2019-07-13T10:00:00+00:00
6973,12.920984,77.584908,pm25,10.0,2019-07-13T10:15:00+00:00
6973,12.920984,77.584908,pm25,10.0,2019-07-13T10:30:00+00:00
6973,12.920984,77.584908,pm25,10.0,2019-07-13T10:45:00+00:00
6973,12.920984,77.584908,pm25,10.0,2019-07-13T11:00:00+00:00
6973,12.920984,77.584908,pm25,17.0,2019-07-13T11:15:00+00:00
6973,12.920984,77.584908,pm25,17.0,2019-07-13T11:30:00+00:00
6973,12.920984,77.584908,pm25,17.0,2019-07-13T11:45:00+00:00
6973,12.920984,77.584908,pm25,17.0,2019-07-13T12:00:00+00:00
6973,12.920984,77.584908,pm25,18.0,2019-07-13T12:15:00+00:00
6973,12.920984,77.584908,pm25,18.0,2019-07-13T12:30:00+00:00
6973,12.920984,77.584908,pm25,18.0,2019-07-13T12:45:00+00:00
6973,12.920984,77.584908,pm25,18.0,2019-07-13T13:00:00+00:00
6973,12.920984,77.584908,pm25,13.0,2019-07-13T13:15:00+00:00
6973,12.920984,77.584908,pm25,13.0,2019-07-13T13:30:00+00:00
6973,12.920984,77.584908,pm25,13.0,2019-07-13T13:45:00+00:00
6973,12.920984,77.584908,pm25,13.0,2019-07-13T14:00:00+00:00
6973,12.920984,77.584908,pm25,21.0,2019-07-13T14:15:00+00:00
6973,12.920984,77.584908,pm25,21.0,2019-07-13T14:30:00+00:00
6973,12.920984,77.584908,pm25,21.0,2019-07-13T14:45:00+00:00
6973,12.920984,77.584908,pm25,21.0,2019-07-13T15:00:00+00:00
6973,12.920984,77.584908,pm25,10.0,2019-07-13T16:15:00+00:00
6973,12.920984,77.584908,pm25,10.0,2019-07-13T16:30:00+00:00
6973,12.920984,77.584908,pm25,10.0,2019-07-13T16:45:00+00:00
6973,12.920984,77.584908,pm25,10.0,2019-07-13T17:00:00+00:00
6973,12.920984,77.584908,pm25,9.0,2019-07-13T17:15:00+00:00
6973,12.920984,77.584908,pm25,9.0,2019-07-13T17:30:00+00:00
6973,12.920984,77.584908,pm25,9.0,2019-07-13T17:45:00+00:00
6973,12.920984,77.584908,pm25,9.0,2019-07-13T18:00:00+00:00
6973,12.920984,77.584908,pm25,4.0,2019-07-13T18:15:00+00:00
6973,12.920984,77.584908,pm25,4.0,2019-07-13T18:30:00+00:00
6973,12.920984,77.584908,co,0.57,2019-07-12T18:45:00+00:00
6973,12.920984,77.584908,co,0.69,2019-07-12T19:00:00+00:00
6973,12.920984,77.584908,co,0.34,2019-07-12T19:30:00+00:00
6973,12.920984,77.584908,co,0.34,2019-07-12T19:45:00+00:00
6973,12.920984,77.584908,co,0.34,2019-07-12T20:00:00+00:00
6973,12.920984,77.584908,co,0.34,2019-07-12T20:15:00+00:00
6973,12.920984,77.584908,co,0.34,2019-07-12T20:30:00+00:00
6973,12.920984,77.584908,co,0.23,2019-07-12T20:45:00+00:00
6973,12.920984,77.584908,co,0.23,2019-07-12T21:00:00+00:00
6973,12.920984,77.584908,co,0.34,2019-07-12T21:30:00+00:00
6973,12.920984,77.584908,co,0.34,2019-07-12T21:45:00+00:00
6973,12.920984,77.584908,co,0.34,2019-07-12T22:00:00+00:00
6973,12.920984,77.584908,co,0.46,2019-07-12T23:00:00+00:00
6973,12.920984,77.584908,co,0.46,2019-07-12T23:30:00+00:00
6973,12.920984,77.584908,co,0.46,2019-07-12T23:45:00+00:00
6973,12.920984,77.584908,co,0.46,2019-07-13T00:00:00+00:00
6973,12.920984,77.584908,co,0.69,2019-07-13T00:15:00+00:00
6973,12.920984,77.584908,co,0.8,2019-07-13T00:30:00+00:00
6973,12.920984,77.584908,co,0.8,2019-07-13T00:45:00+00:00
6973,12.920984,77.584908,co,0.69,2019-07-13T01:00:00+00:00
6973,12.920984,77.584908,co,0.57,2019-07-13T01:30:00+00:00
6973,12.920984,77.584908,co,0.57,2019-07-13T01:45:00+00:00
6973,12.920984,77.584908,co,0.8,2019-07-13T02:00:00+00:00
6973,12.920984,77.584908,co,0.8,2019-07-13T02:15:00+00:00
6973,12.920984,77.584908,co,0.92,2019-07-13T02:30:00+00:00
6973,12.920984,77.584908,co,0.92,2019-07-13T02:45:00+00:00
6973,12.920984,77.584908,co,0.92,2019-07-13T03:00:00+00:00
6973,12.920984,77.584908,co,0.57,2019-07-13T03:30:00+00:00
6973,12.920984,77.584908,co,0.57,2019-07-13T03:45:00+00:00
6973,12.920984,77.584908,co,0.57,2019-07-13T04:00:00+00:00
6973,12.920984,77.584908,co,0.57,2019-07-13T04:15:00+00:00
6973,12.920984,77.584908,co,0.46,2019-07-13T04:30:00+00:00
6973,12.920984,77.584908,co,0.46,2019-07-13T04:45:00+00:00
6973,12.920984,77.584908,co,0.46,2019-07-13T05:00:00+00:00
6973,12.920984,77.584908,co,0.46,2019-07-13T05:30:00+00:00
6973,12.920984,77.584908,co,0.57,2019-07-13T05:45:00+00:00
6973,12.920984,77.584908,co,0.69,2019-07-13T06:00:00+00:00
6973,12.920984,77.584908,co,0.69,2019-07-13T06:15:00+00:00
6973,12.920984,77.584908,co,0.57,2019-07-13T06:30:00+00:00
6973,12.920984,77.584908,co,0.57,2019-07-13T06:45:00+00:00
6973,12.920984,77.584908,co,0.57,2019-07-13T07:00:00+00:00
6973,12.920984,77.584908,co,0.46,2019-07-13T07:30:00+00:00
6973,12.920984,77.584908,co,0.57,2019-07-13T07:45:00+00:00
6973,12.920984,77.584908,co,0.57,2019-07-13T08:00:00+00:00
6973,12.920984,77.584908,co,0.69,2019-07-13T08:15:00+00:00
6973,12.920984,77.584908,co,0.8,2019-07-13T08:30:00+00:00
6973,12.920984,77.584908,co,0.92,2019-07-13T08:45:00+00:00
6973,12.920984,77.584908,co,0.57,2019-07-13T09:30:00+00:00
6973,12.920984,77.584908,co,0.69,2019-07-13T09:45:00+00:00
6973,12.920984,77.584908,co,0.69,2019-07-13T10:00:00+00:00
6973,12.920984,77.584908,co,0.69,2019-07-13T10:15:00+00:00
6973,12.920984,77.584908,co,0.69,2019-07-13T10:30:00+00:00
6973,12.920984,77.584908,co,0.69,2019-07-13T10:45:00+00:00
6973,12.920984,77.584908,co,0.8,2019-07-13T11:00:00+00:00
6973,12.920984,77.584908,co,0.57,2019-07-13T11:30:00+00:00
6973,12.920984,77.584908,co,0.69,2019-07-13T11:45:00+00:00
6973,12.920984,77.584908,co,0.69,2019-07-13T12:00:00+00:00
6973,12.920984,77.584908,co,0.46,2019-07-13T12:15:00+00:00
6973,12.920984,77.584908,co,0.23,2019-07-13T12:30:00+00:00
6973,12.920984,77.584908,co,0.34,2019-07-13T12:45:00+00:00
6973,12.920984,77.584908,co,0.11,2019-07-13T13:00:00+00:00
6973,12.920984,77.584908,co,0.69,2019-07-13T13:30:00+00:00
6973,12.920984,77.584908,co,0.92,2019-07-13T13:45:00+00:00
6973,12.920984,77.584908,co,0.92,2019-07-13T14:00:00+00:00
6973,12.920984,77.584908,co,1.15,2019-07-13T14:15:00+00:00
6973,12.920984,77.584908,co,0.8,2019-07-13T14:30:00+00:00
6973,12.920984,77.584908,co,0.92,2019-07-13T14:45:00+00:00
6973,12.920984,77.584908,co,0.69,2019-07-13T15:00:00+00:00
6973,12.920984,77.584908,co,0.69,2019-07-13T15:30:00+00:00
6973,12.920984,77.584908,co,0.57,2019-07-13T15:45:00+00:00
6973,12.920984,77.584908,co,0.69,2019-07-13T16:00:00+00:00
6973,12.920984,77.584908,co,0.69,2019-07-13T16:15:00+00:00
6973,12.920984,77.584908,co,0.92,2019-07-13T16:30:00+00:00
6973,12.920984,77.584908,co,0.8,2019-07-13T16:45:00+00:00
6973,12.920984,77.584908,co,0.8,2019-07-13T17:00:00+00:00
6973,12.920984,77.584908,co,0.57,2019-07-13T17:30:00+00:00
6973,12.920984,77.584908,co,0.46,2019-07-13T17:45:00+00:00
6973,12.920984,77.584908,co,0.46,2019-07-13T18:00:00+00:00
6973,12.920984,77.584908,co,0.46,2019-07-13T18:15:00+00:00
6973,12.920984,77.584908,co,0.46,2019-07-13T18:30:00+00:00
6973,12.920984,77.584908,no2,15.4,2019-07-12T18:45:00+00:00
6973,12.920984,77.584908,no2,14.6,2019-07-12T19:00:00+00:00
6973,12.920984,77.584908,no2,13.9,2019-07-12T19:15:00+00:00
6973,12.920984,77.584908,no2,13.2,2019-07-12T19:30:00+00:00
6973,12.920984,77.584908,no2,13.3,2019-07-12T19:45:00+00:00
6973,12.920984,77.584908,no2,13.4,2019-07-12T20:00:00+00:00
6973,12.920984,77.584908,no2,13.5,2019-07-12T20:15:00+00:00
6973,12.920984,77.584908,no2,12.3,2019-07-12T20:30:00+00:00
6973,12.920984,77.584908,no2,11.4,2019-07-12T20:45:00+00:00
6973,12.920984,77.584908,no2,10.8,2019-07-12T21:00:00+00:00
6973,12.920984,77.584908,no2,10.5,2019-07-12T21:15:00+00:00
6973,12.920984,77.584908,no2,10.6,2019-07-12T21:30:00+00:00
6973,12.920984,77.584908,no2,10.3,2019-07-12T21:45:00+00:00
6973,12.920984,77.584908,no2,10.5,2019-07-12T22:00:00+00:00
6973,12.920984,77.584908,no2,10.8,2019-07-12T22:15:00+00:00
6973,12.920984,77.584908,no2,11.1,2019-07-12T22:30:00+00:00
6973,12.920984,77.584908,no2,11.3,2019-07-12T22:45:00+00:00
6973,12.920984,77.584908,no2,11.6,2019-07-12T23:00:00+00:00
6973,12.920984,77.584908,no2,7.3,2019-07-13T00:00:00+00:00
6973,12.920984,77.584908,no2,10.1,2019-07-13T00:15:00+00:00
6973,12.920984,77.584908,no2,12.6,2019-07-13T00:30:00+00:00
6973,12.920984,77.584908,no2,12.1,2019-07-13T00:45:00+00:00
6973,12.920984,77.584908,no2,16.6,2019-07-13T01:00:00+00:00
6973,12.920984,77.584908,no2,14.8,2019-07-13T01:15:00+00:00
6973,12.920984,77.584908,no2,7.1,2019-07-13T01:30:00+00:00
6973,12.920984,77.584908,no2,18.1,2019-07-13T01:45:00+00:00
6973,12.920984,77.584908,no2,17.6,2019-07-13T02:00:00+00:00
6973,12.920984,77.584908,no2,18.0,2019-07-13T02:15:00+00:00
6973,12.920984,77.584908,no2,18.2,2019-07-13T02:30:00+00:00
6973,12.920984,77.584908,no2,19.0,2019-07-13T02:45:00+00:00
6973,12.920984,77.584908,no2,19.3,2019-07-13T03:00:00+00:00
6973,12.920984,77.584908,no2,19.7,2019-07-13T03:15:00+00:00
6973,12.920984,77.584908,no2,19.4,2019-07-13T03:30:00+00:00
6973,12.920984,77.584908,no2,18.5,2019-07-13T03:45:00+00:00
6973,12.920984,77.584908,no2,17.5,2019-07-13T04:00:00+00:00
6973,12.920984,77.584908,no2,17.4,2019-07-13T04:15:00+00:00
6973,12.920984,77.584908,no2,17.6,2019-07-13T04:30:00+00:00
6973,12.920984,77.584908,no2,17.3,2019-07-13T04:45:00+00:00
6973,12.920984,77.584908,no2,17.3,2019-07-13T05:00:00+00:00
6973,12.920984,77.584908,no2,14.6,2019-07-13T05:15:00+00:00
6973,12.920984,77.584908,no2,14.4,2019-07-13T05:30:00+00:00
6973,12.920984,77.584908,no2,15.5,2019-07-13T05:45:00+00:00
6973,12.920984,77.584908,no2,16.8,2019-07-13T06:00:00+00:00
6973,12.920984,77.584908,no2,17.3,2019-07-13T06:15:00+00:00
6973,12.920984,77.584908,no2,14.3,2019-07-13T06:30:00+00:00
6973,12.920984,77.584908,no2,16.3,2019-07-13T06:45:00+00:00
6973,12.920984,77.584908,no2,11.5,2019-07-13T07:00:00+00:00
6973,12.920984,77.584908,no2,13.5,2019-07-13T07:15:00+00:00
6973,12.920984,77.584908,no2,16.3,2019-07-13T07:30:00+00:00
6973,12.920984,77.584908,no2,5.3,2019-07-13T07:45:00+00:00
6973,12.920984,77.584908,no2,1.8,2019-07-13T08:00:00+00:00
6973,12.920984,77.584908,no2,14.6,2019-07-13T08:15:00+00:00
6973,12.920984,77.584908,no2,8.4,2019-07-13T08:30:00+00:00
6973,12.920984,77.584908,no2,12.5,2019-07-13T08:45:00+00:00
6973,12.920984,77.584908,no2,14.1,2019-07-13T09:15:00+00:00
6973,12.920984,77.584908,no2,11.0,2019-07-13T09:30:00+00:00
6973,12.920984,77.584908,no2,2.6,2019-07-13T09:45:00+00:00
6973,12.920984,77.584908,no2,5.5,2019-07-13T10:00:00+00:00
6973,12.920984,77.584908,no2,8.9,2019-07-13T10:15:00+00:00
6973,12.920984,77.584908,no2,6.6,2019-07-13T10:30:00+00:00
6973,12.920984,77.584908,no2,9.6,2019-07-13T10:45:00+00:00
6973,12.920984,77.584908,no2,11.6,2019-07-13T11:00:00+00:00
6973,12.920984,77.584908,no2,11.5,2019-07-13T11:15:00+00:00
6973,12.920984,77.584908,no2,12.3,2019-07-13T11:30:00+00:00
6973,12.920984,77.584908,no2,8.7,2019-07-13T11:45:00+00:00
6973,12.920984,77.584908,no2,9.1,2019-07-13T12:00:00+00:00
6973,12.920984,77.584908,no2,14.3,2019-07-13T12:15:00+00:00
6973,12.920984,77.584908,no2,17.7,2019-07-13T12:30:00+00:00
6973,12.920984,77.584908,no2,20.6,2019-07-13T12:45:00+00:00
6973,12.920984,77.584908,no2,23.5,2019-07-13T13:00:00+00:00
6973,12.920984,77.584908,no2,22.5,2019-07-13T13:15:00+00:00
6973,12.920984,77.584908,no2,19.3,2019-07-13T13:30:00+00:00
6973,12.920984,77.584908,no2,21.8,2019-07-13T13:45:00+00:00
6973,12.920984,77.584908,no2,21.5,2019-07-13T14:00:00+00:00
6973,12.920984,77.584908,no2,22.2,2019-07-13T14:15:00+00:00
6973,12.920984,77.584908,no2,11.2,2019-07-13T14:30:00+00:00
6973,12.920984,77.584908,no2,20.0,2019-07-13T14:45:00+00:00
6973,12.920984,77.584908,no2,19.5,2019-07-13T15:00:00+00:00
6973,12.920984,77.584908,no2,15.5,2019-07-13T15:15:00+00:00
6973,12.920984,77.584908,no2,13.8,2019-07-13T15:30:00+00:00
6973,12.920984,77.584908,no2,8.5,2019-07-13T15:45:00+00:00
6973,12.920984,77.584908,no2,12.0,2019-07-13T16:00:00+00:00
6973,12.920984,77.584908,no2,4.4,2019-07-13T16:15:00+00:00
6973,12.920984,77.584908,no2,13.7,2019-07-13T16:30:00+00:00
6973,12.920984,77.584908,no2,17.0,2019-07-13T16:45:00+00:00
6973,12.920984,77.584908,no2,15.5,2019-07-13T17:00:00+00:00
6973,12.920984,77.584908,no2,14.3,2019-07-13T17:15:00+00:00
6973,12.920984,77.584908,no2,10.5,2019-07-13T17:30:00+00:00
6973,12.920984,77.584908,no2,12.2,2019-07-13T17:45:00+00:00
6973,12.920984,77.584908,no2,10.9,2019-07-13T18:00:00+00:00
6973,12.920984,77.584908,no2,11.3,2019-07-13T18:15:00+00:00
6973,12.920984,77.584908,no2,10.8,2019-07-13T18:30:00+00:00
6973,12.920984,77.584908,so2,3.7,2019-07-12T18:45:00+00:00
6973,12.920984,77.584908,so2,3.7,2019-07-12T19:00:00+00:00
6973,12.920984,77.584908,so2,3.7,2019-07-12T19:15:00+00:00
6973,12.920984,77.584908,so2,3.7,2019-07-12T19:30:00+00:00
6973,12.920984,77.584908,so2,3.7,2019-07-12T19:45:00+00:00
6973,12.920984,77.584908,so2,3.6,2019-07-12T20:00:00+00:00
6973,12.920984,77.584908,so2,3.5,2019-07-12T20:15:00+00:00
6973,12.920984,77.584908,so2,3.5,2019-07-12T20:30:00+00:00
6973,12.920984,77.584908,so2,3.3,2019-07-12T20:45:00+00:00
6973,12.920984,77.584908,so2,3.2,2019-07-12T21:00:00+00:00
6973,12.920984,77.584908,so2,3.1,2019-07-12T21:15:00+00:00
6973,12.920984,77.584908,so2,3.4,2019-07-12T21:30:00+00:00
6973,12.920984,77.584908,so2,3.6,2019-07-12T21:45:00+00:00
6973,12.920984,77.584908,so2,3.6,2019-07-12T22:00:00+00:00
6973,12.920984,77.584908,so2,3.6,2019-07-12T22:30:00+00:00
6973,12.920984,77.584908,so2,3.5,2019-07-12T22:45:00+00:00
6973,12.920984,77.584908,so2,3.4,2019-07-12T23:00:00+00:00
6973,12.920984,77.584908,so2,3.5,2019-07-12T23:15:00+00:00
6973,12.920984,77.584908,so2,3.5,2019-07-12T23:30:00+00:00
6973,12.920984,77.584908,so2,3.5,2019-07-12T23:45:00+00:00
6973,12.920984,77.584908,so2,3.6,2019-07-13T00:00:00+00:00
6973,12.920984,77.584908,so2,3.5,2019-07-13T01:00:00+00:00
6973,12.920984,77.584908,so2,3.8,2019-07-13T01:15:00+00:00
6973,12.920984,77.584908,so2,3.9,2019-07-13T01:30:00+00:00
6973,12.920984,77.584908,so2,3.9,2019-07-13T01:45:00+00:00
6973,12.920984,77.584908,so2,3.6,2019-07-13T02:00:00+00:00
6973,12.920984,77.584908,so2,3.6,2019-07-13T02:30:00+00:00
6973,12.920984,77.584908,so2,3.4,2019-07-13T02:45:00+00:00
6973,12.920984,77.584908,so2,3.5,2019-07-13T03:00:00+00:00
6973,12.920984,77.584908,so2,3.6,2019-07-13T03:15:00+00:00
6973,12.920984,77.584908,so2,3.5,2019-07-13T03:30:00+00:00
6973,12.920984,77.584908,so2,3.5,2019-07-13T03:45:00+00:00
6973,12.920984,77.584908,so2,3.5,2019-07-13T04:00:00+00:00
6973,12.920984,77.584908,so2,3.4,2019-07-13T04:15:00+00:00
6973,12.920984,77.584908,so2,3.4,2019-07-13T04:30:00+00:00
6973,12.920984,77.584908,so2,3.3,2019-07-13T04:45:00+00:00
6973,12.920984,77.584908,so2,3.1,2019-07-13T05:00:00+00:00
6973,12.920984,77.584908,so2,3.1,2019-07-13T05:15:00+00:00
6973,12.920984,77.584908,so2,3.4,2019-07-13T05:30:00+00:00
6973,12.920984,77.584908,so2,3.6,2019-07-13T05:45:00+00:00
6973,12.920984,77.584908,so2,3.7,2019-07-13T06:00:00+00:00
6973,12.920984,77.584908,so2,3.6,2019-07-13T06:30:00+00:00
6973,12.920984,77.584908,so2,3.6,2019-07-13T06:45:00+00:00
6973,12.920984,77.584908,so2,3.5,2019-07-13T07:00:00+00:00
6973,12.920984,77.584908,so2,3.5,2019-07-13T07:15:00+00:00
6973,12.920984,77.584908,so2,3.7,2019-07-13T07:30:00+00:00
6973,12.920984,77.584908,so2,3.7,2019-07-13T07:45:00+00:00
6973,12.920984,77.584908,so2,3.6,2019-07-13T08:00:00+00:00
6973,12.920984,77.584908,so2,3.3,2019-07-13T08:15:00+00:00
6973,12.920984,77.584908,so2,3.2,2019-07-13T08:30:00+00:00
6973,12.920984,77.584908,so2,3.2,2019-07-13T08:45:00+00:00
6973,12.920984,77.584908,so2,3.1,2019-07-13T09:15:00+00:00
6973,12.920984,77.584908,so2,3.1,2019-07-13T09:30:00+00:00
6973,12.920984,77.584908,so2,3.0,2019-07-13T09:45:00+00:00
6973,12.920984,77.584908,so2,3.1,2019-07-13T10:00:00+00:00
6973,12.920984,77.584908,so2,3.2,2019-07-13T10:30:00+00:00
6973,12.920984,77.584908,so2,3.2,2019-07-13T10:45:00+00:00
6973,12.920984,77.584908,so2,3.2,2019-07-13T11:00:00+00:00
6973,12.920984,77.584908,so2,3.3,2019-07-13T11:15:00+00:00
6973,12.920984,77.584908,so2,3.2,2019-07-13T11:30:00+00:00
6973,12.920984,77.584908,so2,3.1,2019-07-13T11:45:00+00:00
6973,12.920984,77.584908,so2,3.3,2019-07-13T12:00:00+00:00
6973,12.920984,77.584908,so2,3.2,2019-07-13T12:15:00+00:00
6973,12.920984,77.584908,so2,3.2,2019-07-13T12:30:00+00:00
6973,12.920984,77.584908,so2,3.2,2019-07-13T12:45:00+00:00
6973,12.920984,77.584908,so2,3.1,2019-07-13T13:00:00+00:00
6973,12.920984,77.584908,so2,3.2,2019-07-13T13:15:00+00:00
6973,12.920984,77.584908,so2,3.3,2019-07-13T13:30:00+00:00
6973,12.920984,77.584908,so2,3.4,2019-07-13T13:45:00+00:00
6973,12.920984,77.584908,so2,3.6,2019-07-13T14:00:00+00:00
6973,12.920984,77.584908,so2,3.6,2019-07-13T14:30:00+00:00
6973,12.920984,77.584908,so2,3.7,2019-07-13T14:45:00+00:00
6973,12.920984,77.584908,so2,3.6,2019-07-13T15:00:00+00:00
6973,12.920984,77.584908,so2,3.6,2019-07-13T15:15:00+00:00
6973,12.920984,77.584908,so2,3.6,2019-07-13T15:30:00+00:00
6973,12.920984,77.584908,so2,3.4,2019-07-13T15:45:00+00:00
6973,12.920984,77.584908,so2,3.4,2019-07-13T16:00:00+00:00
6973,12.920984,77.584908,so2,3.5,2019-07-13T16:15:00+00:00
6973,12.920984,77.584908,so2,3.2,2019-07-13T16:30:00+00:00
6973,12.920984,77.584908,so2,3.1,2019-07-13T16:45:00+00:00
6973,12.920984,77.584908,so2,3.1,2019-07-13T17:00:00+00:00
6973,12.920984,77.584908,so2,3.2,2019-07-13T17:15:00+00:00
6973,12.920984,77.584908,so2,3.2,2019-07-13T17:30:00+00:00
6973,12.920984,77.584908,so2,3.3,2019-07-13T17:45:00+00:00
6973,12.920984,77.584908,so2,3.2,2019-07-13T18:00:00+00:00
6973,12.920984,77.584908,so2,3.4,2019-07-13T18:30:00+00:00
6973,12.920984,77.584908,pm10,15.0,2019-07-13T18:45:00+00:00
6973,12.920984,77.584908,pm10,15.0,2019-07-13T19:00:00+00:00
6973,12.920984,77.584908,pm10,24.0,2019-07-13T19:15:00+00:00
6973,12.920984,77.584908,pm10,24.0,2019-07-13T19:30:00+00:00
6973,12.920984,77.584908,pm10,24.0,2019-07-13T19:45:00+00:00
6973,12.920984,77.584908,pm10,24.0,2019-07-13T20:00:00+00:00
6973,12.920984,77.584908,pm10,19.0,2019-07-13T20:15:00+00:00
6973,12.920984,77.584908,pm10,19.0,2019-07-13T20:30:00+00:00
6973,12.920984,77.584908,pm10,19.0,2019-07-13T21:00:00+00:00
6973,12.920984,77.584908,pm10,17.0,2019-07-13T21:15:00+00:00
6973,12.920984,77.584908,pm10,17.0,2019-07-13T21:30:00+00:00
6973,12.920984,77.584908,pm10,17.0,2019-07-13T21:45:00+00:00
6973,12.920984,77.584908,pm10,17.0,2019-07-13T22:00:00+00:00
6973,12.920984,77.584908,pm10,20.0,2019-07-13T22:15:00+00:00
6973,12.920984,77.584908,pm10,20.0,2019-07-13T22:30:00+00:00
6973,12.920984,77.584908,pm10,20.0,2019-07-13T22:45:00+00:00
6973,12.920984,77.584908,pm10,20.0,2019-07-13T23:00:00+00:00
6973,12.920984,77.584908,pm10,24.0,2019-07-13T23:15:00+00:00
6973,12.920984,77.584908,pm10,24.0,2019-07-13T23:30:00+00:00
6973,12.920984,77.584908,pm10,24.0,2019-07-13T23:45:00+00:00
6973,12.920984,77.584908,pm10,24.0,2019-07-14T00:00:00+00:00
6973,12.920984,77.584908,pm10,30.0,2019-07-14T00:15:00+00:00
6973,12.920984,77.584908,pm10,30.0,2019-07-14T00:30:00+00:00
6973,12.920984,77.584908,pm10,30.0,2019-07-14T00:45:00+00:00
6973,12.920984,77.584908,pm10,30.0,2019-07-14T01:00:00+00:00
6973,12.920984,77.584908,pm10,32.0,2019-07-14T01:15:00+00:00
6973,12.920984,77.584908,pm10,32.0,2019-07-14T01:30:00+00:00
6973,12.920984,77.584908,pm10,32.0,2019-07-14T01:45:00+00:00
6973,12.920984,77.584908,pm10,32.0,2019-07-14T02:00:00+00:00
6973,12.920984,77.584908,pm10,60.0,2019-07-14T02:15:00+00:00
6973,12.920984,77.584908,pm10,60.0,2019-07-14T02:30:00+00:00
6973,12.920984,77.584908,pm10,60.0,2019-07-14T02:45:00+00:00
6973,12.920984,77.584908,pm10,60.0,2019-07-14T03:00:00+00:00
6973,12.920984,77.584908,pm10,75.0,2019-07-14T03:15:00+00:00
6973,12.920984,77.584908,pm10,75.0,2019-07-14T03:30:00+00:00
6973,12.920984,77.584908,pm10,75.0,2019-07-14T03:45:00+00:00
6973,12.920984,77.584908,pm10,61.0,2019-07-14T04:45:00+00:00
6973,12.920984,77.584908,pm10,61.0,2019-07-14T05:00:00+00:00
6973,12.920984,77.584908,pm10,74.0,2019-07-14T05:15:00+00:00
6973,12.920984,77.584908,pm10,74.0,2019-07-14T05:30:00+00:00
6973,12.920984,77.584908,pm10,74.0,2019-07-14T05:45:00+00:00
6973,12.920984,77.584908,pm10,74.0,2019-07-14T06:00:00+00:00
6973,12.920984,77.584908,pm10,75.0,2019-07-14T06:15:00+00:00
6973,12.920984,77.584908,pm10,75.0,2019-07-14T06:30:00+00:00
6973,12.920984,77.584908,pm10,75.0,2019-07-14T06:45:00+00:00
6973,12.920984,77.584908,pm10,75.0,2019-07-14T07:00:00+00:00
6973,12.920984,77.584908,pm10,91.0,2019-07-14T07:15:00+00:00
6973,12.920984,77.584908,pm10,91.0,2019-07-14T07:30:00+00:00
6973,12.920984,77.584908,pm10,91.0,2019-07-14T07:45:00+00:00
6973,12.920984,77.584908,pm10,91.0,2019-07-14T08:00:00+00:00
6973,12.920984,77.584908,pm10,72.0,2019-07-14T08:15:00+00:00
6973,12.920984,77.584908,pm10,72.0,2019-07-14T08:30:00+00:00
6973,12.920984,77.584908,pm10,72.0,2019-07-14T08:45:00+00:00
6973,12.920984,77.584908,pm10,72.0,2019-07-14T09:00:00+00:00
6973,12.920984,77.584908,pm10,76.0,2019-07-14T09:15:00+00:00
6973,12.920984,77.584908,pm10,76.0,2019-07-14T09:30:00+00:00
6973,12.920984,77.584908,pm10,76.0,2019-07-14T09:45:00+00:00
6973,12.920984,77.584908,pm10,76.0,2019-07-14T10:00:00+00:00
6973,12.920984,77.584908,pm10,77.0,2019-07-14T10:15:00+00:00
6973,12.920984,77.584908,pm10,77.0,2019-07-14T10:30:00+00:00
6973,12.920984,77.584908,pm10,77.0,2019-07-14T10:45:00+00:00
6973,12.920984,77.584908,pm10,77.0,2019-07-14T11:00:00+00:00
6973,12.920984,77.584908,pm10,87.0,2019-07-14T11:15:00+00:00
6973,12.920984,77.584908,pm10,87.0,2019-07-14T11:30:00+00:00
6973,12.920984,77.584908,pm10,87.0,2019-07-14T11:45:00+00:00
6973,12.920984,77.584908,pm10,87.0,2019-07-14T12:00:00+00:00
6973,12.920984,77.584908,pm10,69.0,2019-07-14T12:15:00+00:00
6973,12.920984,77.584908,pm10,69.0,2019-07-14T12:30:00+00:00
6973,12.920984,77.584908,pm10,69.0,2019-07-14T12:45:00+00:00
6973,12.920984,77.584908,pm10,69.0,2019-07-14T13:00:00+00:00
6973,12.920984,77.584908,pm10,79.0,2019-07-14T13:15:00+00:00
6973,12.920984,77.584908,pm10,79.0,2019-07-14T13:30:00+00:00
6973,12.920984,77.584908,pm10,79.0,2019-07-14T13:45:00+00:00
6973,12.920984,77.584908,pm10,79.0,2019-07-14T14:00:00+00:00
6973,12.920984,77.584908,pm10,31.0,2019-07-14T14:15:00+00:00
6973,12.920984,77.584908,pm10,31.0,2019-07-14T14:30:00+00:00
6973,12.920984,77.584908,pm10,31.0,2019-07-14T14:45:00+00:00
6973,12.920984,77.584908,pm10,31.0,2019-07-14T15:00:00+00:00
6973,12.920984,77.584908,pm10,30.0,2019-07-14T15:15:00+00:00
6973,12.920984,77.584908,pm10,30.0,2019-07-14T15:30:00+00:00
6973,12.920984,77.584908,pm10,30.0,2019-07-14T15:45:00+00:00
6973,12.920984,77.584908,pm10,30.0,2019-07-14T16:00:00+00:00
6973,12.920984,77.584908,pm10,17.0,2019-07-14T16:15:00+00:00
6973,12.920984,77.584908,pm10,17.0,2019-07-14T16:30:00+00:00
6973,12.920984,77.584908,pm10,17.0,2019-07-14T16:45:00+00:00
6973,12.920984,77.584908,pm10,17.0,2019-07-14T17:00:00+00:00
6973,12.920984,77.584908,pm10,20.0,2019-07-14T17:15:00+00:00
6973,12.920984,77.584908,pm10,20.0,2019-07-14T17:30:00+00:00
6973,12.920984,77.584908,pm10,20.0,2019-07-14T17:45:00+00:00
6973,12.920984,77.584908,pm10,20.0,2019-07-14T18:00:00+00:00
6973,12.920984,77.584908,pm10,22.0,2019-07-14T18:15:00+00:00
6973,12.920984,77.584908,pm25,4.0,2019-07-13T18:45:00+00:00
6973,12.920984,77.584908,pm25,4.0,2019-07-13T19:00:00+00:00
6973,12.920984,77.584908,pm25,5.0,2019-07-13T19:15:00+00:00
6973,12.920984,77.584908,pm25,5.0,2019-07-13T19:30:00+00:00
6973,12.920984,77.584908,pm25,5.0,2019-07-13T19:45:00+00:00
6973,12.920984,77.584908,pm25,5.0,2019-07-13T20:00:00+00:00
6973,12.920984,77.584908,pm25,3.0,2019-07-13T20:15:00+00:00
6973,12.920984,77.584908,pm25,3.0,2019-07-13T20:30:00+00:00
6973,12.920984,77.584908,pm25,3.0,2019-07-13T21:00:00+00:00
6973,12.920984,77.584908,pm25,2.0,2019-07-13T21:15:00+00:00
6973,12.920984,77.584908,pm25,2.0,2019-07-13T21:30:00+00:00
6973,12.920984,77.584908,pm25,2.0,2019-07-13T21:45:00+00:00
6973,12.920984,77.584908,pm25,2.0,2019-07-13T22:00:00+00:00
6973,12.920984,77.584908,pm25,5.0,2019-07-13T22:15:00+00:00
6973,12.920984,77.584908,pm25,5.0,2019-07-13T22:30:00+00:00
6973,12.920984,77.584908,pm25,5.0,2019-07-13T22:45:00+00:00
6973,12.920984,77.584908,pm25,5.0,2019-07-13T23:00:00+00:00
6973,12.920984,77.584908,pm25,4.0,2019-07-13T23:15:00+00:00
6973,12.920984,77.584908,pm25,4.0,2019-07-13T23:30:00+00:00
6973,12.920984,77.584908,pm25,4.0,2019-07-13T23:45:00+00:00
6973,12.920984,77.584908,pm25,4.0,2019-07-14T00:00:00+00:00
6973,12.920984,77.584908,pm25,10.0,2019-07-14T00:15:00+00:00
6973,12.920984,77.584908,pm25,10.0,2019-07-14T00:30:00+00:00
6973,12.920984,77.584908,pm25,10.0,2019-07-14T00:45:00+00:00
6973,12.920984,77.584908,co,0.46,2019-07-13T18:45:00+00:00
6973,12.920984,77.584908,co,0.46,2019-07-13T19:00:00+00:00
6973,12.920984,77.584908,pm25,10.0,2019-07-14T01:00:00+00:00
6973,12.920984,77.584908,co,0.57,2019-07-13T19:30:00+00:00
6973,12.920984,77.584908,co,0.57,2019-07-13T19:45:00+00:00
6973,12.920984,77.584908,pm25,7.0,2019-07-14T01:15:00+00:00
6973,12.920984,77.584908,co,0.57,2019-07-13T20:00:00+00:00
6973,12.920984,77.584908,co,0.34,2019-07-13T20:15:00+00:00
6973,12.920984,77.584908,pm25,7.0,2019-07-14T01:30:00+00:00
6973,12.920984,77.584908,co,0.46,2019-07-13T20:30:00+00:00
6973,12.920984,77.584908,co,0.34,2019-07-13T21:00:00+00:00
6973,12.920984,77.584908,pm25,7.0,2019-07-14T01:45:00+00:00
6973,12.920984,77.584908,co,0.46,2019-07-13T21:30:00+00:00
6973,12.920984,77.584908,co,0.46,2019-07-13T21:45:00+00:00
6973,12.920984,77.584908,pm25,7.0,2019-07-14T02:00:00+00:00
6973,12.920984,77.584908,co,0.57,2019-07-13T22:00:00+00:00
6973,12.920984,77.584908,co,0.57,2019-07-13T23:00:00+00:00
6973,12.920984,77.584908,co,0.57,2019-07-13T23:30:00+00:00
6973,12.920984,77.584908,co,0.57,2019-07-13T23:45:00+00:00
6973,12.920984,77.584908,pm25,7.0,2019-07-14T02:15:00+00:00
6973,12.920984,77.584908,co,0.57,2019-07-14T00:00:00+00:00
6973,12.920984,77.584908,co,0.57,2019-07-14T00:15:00+00:00
6973,12.920984,77.584908,co,0.8,2019-07-14T00:30:00+00:00
6973,12.920984,77.584908,pm25,7.0,2019-07-14T02:30:00+00:00
6973,12.920984,77.584908,co,0.8,2019-07-14T00:45:00+00:00
6973,12.920984,77.584908,co,0.69,2019-07-14T01:00:00+00:00
6973,12.920984,77.584908,pm25,7.0,2019-07-14T02:45:00+00:00
6973,12.920984,77.584908,co,0.57,2019-07-14T01:30:00+00:00
6973,12.920984,77.584908,co,0.46,2019-07-14T01:45:00+00:00
6973,12.920984,77.584908,pm25,7.0,2019-07-14T03:00:00+00:00
6973,12.920984,77.584908,co,0.57,2019-07-14T02:00:00+00:00
6973,12.920984,77.584908,co,0.57,2019-07-14T02:15:00+00:00
6973,12.920984,77.584908,pm25,14.0,2019-07-14T03:15:00+00:00
6973,12.920984,77.584908,co,0.46,2019-07-14T02:30:00+00:00
6973,12.920984,77.584908,co,0.57,2019-07-14T02:45:00+00:00
6973,12.920984,77.584908,pm25,14.0,2019-07-14T03:30:00+00:00
6973,12.920984,77.584908,co,0.46,2019-07-14T03:00:00+00:00
6973,12.920984,77.584908,co,0.8,2019-07-14T03:30:00+00:00
6973,12.920984,77.584908,pm25,14.0,2019-07-14T03:45:00+00:00
6973,12.920984,77.584908,co,0.8,2019-07-14T03:45:00+00:00
6973,12.920984,77.584908,co,0.57,2019-07-14T04:45:00+00:00
6973,12.920984,77.584908,pm25,12.0,2019-07-14T04:45:00+00:00
6973,12.920984,77.584908,co,0.57,2019-07-14T05:00:00+00:00
6973,12.920984,77.584908,pm25,12.0,2019-07-14T05:00:00+00:00
6973,12.920984,77.584908,co,0.69,2019-07-14T05:30:00+00:00
6973,12.920984,77.584908,co,0.69,2019-07-14T05:45:00+00:00
6973,12.920984,77.584908,pm25,13.0,2019-07-14T05:15:00+00:00
6973,12.920984,77.584908,co,0.8,2019-07-14T06:00:00+00:00
6973,12.920984,77.584908,co,0.8,2019-07-14T06:15:00+00:00
6973,12.920984,77.584908,pm25,13.0,2019-07-14T05:30:00+00:00
6973,12.920984,77.584908,co,0.8,2019-07-14T06:30:00+00:00
6973,12.920984,77.584908,co,0.8,2019-07-14T06:45:00+00:00
6973,12.920984,77.584908,pm25,13.0,2019-07-14T05:45:00+00:00
6973,12.920984,77.584908,co,0.8,2019-07-14T07:00:00+00:00
6973,12.920984,77.584908,co,0.46,2019-07-14T07:30:00+00:00
6973,12.920984,77.584908,pm25,13.0,2019-07-14T06:00:00+00:00
6973,12.920984,77.584908,co,0.46,2019-07-14T07:45:00+00:00
6973,12.920984,77.584908,co,0.46,2019-07-14T08:00:00+00:00
6973,12.920984,77.584908,pm25,16.0,2019-07-14T06:15:00+00:00
6973,12.920984,77.584908,co,0.46,2019-07-14T08:15:00+00:00
6973,12.920984,77.584908,co,0.57,2019-07-14T08:30:00+00:00
6973,12.920984,77.584908,co,0.8,2019-07-14T08:45:00+00:00
6973,12.920984,77.584908,co,0.69,2019-07-14T09:00:00+00:00
6973,12.920984,77.584908,co,0.69,2019-07-14T09:30:00+00:00
6973,12.920984,77.584908,pm25,16.0,2019-07-14T06:30:00+00:00
6973,12.920984,77.584908,co,0.69,2019-07-14T09:45:00+00:00
6973,12.920984,77.584908,co,0.69,2019-07-14T10:00:00+00:00
6973,12.920984,77.584908,pm25,16.0,2019-07-14T06:45:00+00:00
6973,12.920984,77.584908,co,0.57,2019-07-14T10:15:00+00:00
6973,12.920984,77.584908,co,0.69,2019-07-14T10:30:00+00:00
6973,12.920984,77.584908,pm25,16.0,2019-07-14T07:00:00+00:00
6973,12.920984,77.584908,co,0.69,2019-07-14T10:45:00+00:00
6973,12.920984,77.584908,co,0.69,2019-07-14T11:00:00+00:00
6973,12.920984,77.584908,pm25,10.0,2019-07-14T07:15:00+00:00
6973,12.920984,77.584908,co,0.57,2019-07-14T11:30:00+00:00
6973,12.920984,77.584908,co,0.69,2019-07-14T11:45:00+00:00
6973,12.920984,77.584908,pm25,10.0,2019-07-14T07:30:00+00:00
6973,12.920984,77.584908,co,0.57,2019-07-14T12:00:00+00:00
6973,12.920984,77.584908,co,0.57,2019-07-14T12:15:00+00:00
6973,12.920984,77.584908,pm25,10.0,2019-07-14T07:45:00+00:00
6973,12.920984,77.584908,co,0.69,2019-07-14T12:30:00+00:00
6973,12.920984,77.584908,pm25,10.0,2019-07-14T08:00:00+00:00
6973,12.920984,77.584908,co,0.57,2019-07-14T12:45:00+00:00
6973,12.920984,77.584908,pm25,13.0,2019-07-14T08:15:00+00:00
6973,12.920984,77.584908,co,0.57,2019-07-14T13:00:00+00:00
6973,12.920984,77.584908,pm25,13.0,2019-07-14T08:30:00+00:00
6973,12.920984,77.584908,co,0.57,2019-07-14T13:30:00+00:00
6973,12.920984,77.584908,co,0.46,2019-07-14T13:45:00+00:00
6973,12.920984,77.584908,pm25,13.0,2019-07-14T08:45:00+00:00
6973,12.920984,77.584908,co,0.57,2019-07-14T14:00:00+00:00
6973,12.920984,77.584908,co,0.57,2019-07-14T14:15:00+00:00
6973,12.920984,77.584908,pm25,13.0,2019-07-14T09:00:00+00:00
6973,12.920984,77.584908,co,0.57,2019-07-14T14:30:00+00:00
6973,12.920984,77.584908,co,0.57,2019-07-14T14:45:00+00:00
6973,12.920984,77.584908,pm25,10.0,2019-07-14T09:15:00+00:00
6973,12.920984,77.584908,co,0.57,2019-07-14T15:00:00+00:00
6973,12.920984,77.584908,co,0.92,2019-07-14T15:30:00+00:00
6973,12.920984,77.584908,pm25,10.0,2019-07-14T09:30:00+00:00
6973,12.920984,77.584908,co,0.8,2019-07-14T15:45:00+00:00
6973,12.920984,77.584908,co,0.8,2019-07-14T16:00:00+00:00
6973,12.920984,77.584908,pm25,10.0,2019-07-14T09:45:00+00:00
6973,12.920984,77.584908,co,0.92,2019-07-14T16:15:00+00:00
6973,12.920984,77.584908,co,0.92,2019-07-14T16:30:00+00:00
6973,12.920984,77.584908,pm25,10.0,2019-07-14T10:00:00+00:00
6973,12.920984,77.584908,co,1.03,2019-07-14T16:45:00+00:00
6973,12.920984,77.584908,co,1.03,2019-07-14T17:00:00+00:00
6973,12.920984,77.584908,co,0.57,2019-07-14T17:30:00+00:00
6973,12.920984,77.584908,co,0.46,2019-07-14T17:45:00+00:00
6973,12.920984,77.584908,pm25,8.0,2019-07-14T10:15:00+00:00
6973,12.920984,77.584908,co,0.46,2019-07-14T18:00:00+00:00
6973,12.920984,77.584908,co,0.46,2019-07-14T18:15:00+00:00
6973,12.920984,77.584908,pm25,8.0,2019-07-14T10:30:00+00:00
6973,12.920984,77.584908,co,0.46,2019-07-14T18:30:00+00:00
6973,12.920984,77.584908,pm25,8.0,2019-07-14T10:45:00+00:00
6973,12.920984,77.584908,pm25,8.0,2019-07-14T11:00:00+00:00
6973,12.920984,77.584908,pm25,10.0,2019-07-14T11:15:00+00:00
6973,12.920984,77.584908,pm25,10.0,2019-07-14T11:30:00+00:00
6973,12.920984,77.584908,pm25,10.0,2019-07-14T11:45:00+00:00
6973,12.920984,77.584908,pm25,10.0,2019-07-14T12:00:00+00:00
6973,12.920984,77.584908,pm25,8.0,2019-07-14T12:15:00+00:00
6973,12.920984,77.584908,pm25,8.0,2019-07-14T12:30:00+00:00
6973,12.920984,77.584908,pm25,8.0,2019-07-14T12:45:00+00:00
6973,12.920984,77.584908,pm25,8.0,2019-07-14T13:00:00+00:00
6973,12.920984,77.584908,pm25,21.0,2019-07-14T13:15:00+00:00
6973,12.920984,77.584908,pm25,21.0,2019-07-14T13:30:00+00:00
6973,12.920984,77.584908,pm25,21.0,2019-07-14T13:45:00+00:00
6973,12.920984,77.584908,pm25,21.0,2019-07-14T14:00:00+00:00
6973,12.920984,77.584908,pm25,2.0,2019-07-14T14:15:00+00:00
6973,12.920984,77.584908,pm25,2.0,2019-07-14T14:30:00+00:00
6973,12.920984,77.584908,pm25,2.0,2019-07-14T14:45:00+00:00
6973,12.920984,77.584908,pm25,2.0,2019-07-14T15:00:00+00:00
6973,12.920984,77.584908,pm25,3.0,2019-07-14T15:15:00+00:00
6973,12.920984,77.584908,pm25,3.0,2019-07-14T15:30:00+00:00
6973,12.920984,77.584908,pm25,3.0,2019-07-14T15:45:00+00:00
6973,12.920984,77.584908,pm25,3.0,2019-07-14T16:00:00+00:00
6973,12.920984,77.584908,pm25,4.0,2019-07-14T16:15:00+00:00
6973,12.920984,77.584908,pm25,4.0,2019-07-14T16:30:00+00:00
6973,12.920984,77.584908,pm25,4.0,2019-07-14T16:45:00+00:00
6973,12.920984,77.584908,pm25,4.0,2019-07-14T17:00:00+00:00
6973,12.920984,77.584908,pm25,4.0,2019-07-14T17:15:00+00:00
6973,12.920984,77.584908,pm25,4.0,2019-07-14T17:30:00+00:00
6973,12.920984,77.584908,pm25,4.0,2019-07-14T17:45:00+00:00
6973,12.920984,77.584908,pm25,4.0,2019-07-14T18:00:00+00:00
6973,12.920984,77.584908,pm25,2.0,2019-07-14T18:15:00+00:00
6973,12.920984,77.584908,pm25,2.0,2019-07-14T18:30:00+00:00
6973,12.920984,77.584908,no2,10.0,2019-07-13T18:45:00+00:00
6973,12.920984,77.584908,no2,9.3,2019-07-13T19:00:00+00:00
6973,12.920984,77.584908,no2,9.0,2019-07-13T19:15:00+00:00
6973,12.920984,77.584908,no2,8.2,2019-07-13T19:30:00+00:00
6973,12.920984,77.584908,no2,7.5,2019-07-13T19:45:00+00:00
6973,12.920984,77.584908,no2,6.4,2019-07-13T20:00:00+00:00
6973,12.920984,77.584908,no2,5.2,2019-07-13T20:15:00+00:00
6973,12.920984,77.584908,no2,4.6,2019-07-13T20:30:00+00:00
6973,12.920984,77.584908,no2,4.8,2019-07-13T21:00:00+00:00
6973,12.920984,77.584908,no2,5.0,2019-07-13T21:15:00+00:00
6973,12.920984,77.584908,no2,4.9,2019-07-13T21:30:00+00:00
6973,12.920984,77.584908,no2,5.2,2019-07-13T21:45:00+00:00
6973,12.920984,77.584908,no2,5.7,2019-07-13T22:00:00+00:00
6973,12.920984,77.584908,no2,5.8,2019-07-13T22:15:00+00:00
6973,12.920984,77.584908,no2,5.5,2019-07-13T22:30:00+00:00
6973,12.920984,77.584908,no2,5.8,2019-07-13T22:45:00+00:00
6973,12.920984,77.584908,no2,6.3,2019-07-13T23:00:00+00:00
6973,12.920984,77.584908,no2,8.2,2019-07-14T00:00:00+00:00
6973,12.920984,77.584908,no2,8.2,2019-07-14T00:15:00+00:00
6973,12.920984,77.584908,no2,9.2,2019-07-14T00:30:00+00:00
6973,12.920984,77.584908,no2,9.4,2019-07-14T00:45:00+00:00
6973,12.920984,77.584908,no2,10.3,2019-07-14T01:00:00+00:00
6973,12.920984,77.584908,no2,13.0,2019-07-14T01:15:00+00:00
6973,12.920984,77.584908,no2,12.5,2019-07-14T01:30:00+00:00
6973,12.920984,77.584908,no2,12.3,2019-07-14T01:45:00+00:00
6973,12.920984,77.584908,no2,12.8,2019-07-14T02:00:00+00:00
6973,12.920984,77.584908,no2,11.6,2019-07-14T02:15:00+00:00
6973,12.920984,77.584908,no2,13.9,2019-07-14T02:30:00+00:00
6973,12.920984,77.584908,no2,14.5,2019-07-14T02:45:00+00:00
6973,12.920984,77.584908,no2,13.9,2019-07-14T03:00:00+00:00
6973,12.920984,77.584908,no2,14.1,2019-07-14T03:15:00+00:00
6973,12.920984,77.584908,no2,14.1,2019-07-14T03:30:00+00:00
6973,12.920984,77.584908,no2,16.3,2019-07-14T03:45:00+00:00
6973,12.920984,77.584908,no2,17.4,2019-07-14T04:45:00+00:00
6973,12.920984,77.584908,no2,17.5,2019-07-14T05:00:00+00:00
6973,12.920984,77.584908,no2,16.7,2019-07-14T05:15:00+00:00
6973,12.920984,77.584908,no2,16.0,2019-07-14T05:30:00+00:00
6973,12.920984,77.584908,no2,15.7,2019-07-14T05:45:00+00:00
6973,12.920984,77.584908,no2,16.3,2019-07-14T06:00:00+00:00
6973,12.920984,77.584908,no2,17.3,2019-07-14T06:15:00+00:00
6973,12.920984,77.584908,no2,17.2,2019-07-14T06:30:00+00:00
6973,12.920984,77.584908,no2,16.0,2019-07-14T06:45:00+00:00
6973,12.920984,77.584908,no2,15.8,2019-07-14T07:00:00+00:00
6973,12.920984,77.584908,no2,16.0,2019-07-14T07:15:00+00:00
6973,12.920984,77.584908,no2,16.8,2019-07-14T07:30:00+00:00
6973,12.920984,77.584908,no2,17.0,2019-07-14T07:45:00+00:00
6973,12.920984,77.584908,no2,17.1,2019-07-14T08:00:00+00:00
6973,12.920984,77.584908,no2,16.8,2019-07-14T08:15:00+00:00
6973,12.920984,77.584908,no2,16.8,2019-07-14T08:30:00+00:00
6973,12.920984,77.584908,no2,16.5,2019-07-14T08:45:00+00:00
6973,12.920984,77.584908,no2,16.4,2019-07-14T09:00:00+00:00
6973,12.920984,77.584908,no2,15.6,2019-07-14T09:15:00+00:00
6973,12.920984,77.584908,no2,15.9,2019-07-14T09:30:00+00:00
6973,12.920984,77.584908,no2,16.1,2019-07-14T09:45:00+00:00
6973,12.920984,77.584908,no2,15.3,2019-07-14T10:00:00+00:00
6973,12.920984,77.584908,no2,14.7,2019-07-14T10:15:00+00:00
6973,12.920984,77.584908,no2,15.3,2019-07-14T10:30:00+00:00
6973,12.920984,77.584908,no2,16.2,2019-07-14T10:45:00+00:00
6973,12.920984,77.584908,no2,17.1,2019-07-14T11:00:00+00:00
6973,12.920984,77.584908,no2,18.0,2019-07-14T11:15:00+00:00
6973,12.920984,77.584908,no2,18.8,2019-07-14T11:30:00+00:00
6973,12.920984,77.584908,no2,20.4,2019-07-14T11:45:00+00:00
6973,12.920984,77.584908,no2,22.1,2019-07-14T12:00:00+00:00
6973,12.920984,77.584908,no2,23.0,2019-07-14T12:15:00+00:00
6973,12.920984,77.584908,no2,24.5,2019-07-14T12:30:00+00:00
6973,12.920984,77.584908,no2,26.5,2019-07-14T12:45:00+00:00
6973,12.920984,77.584908,no2,27.9,2019-07-14T13:00:00+00:00
6973,12.920984,77.584908,no2,29.7,2019-07-14T13:15:00+00:00
6973,12.920984,77.584908,no2,29.4,2019-07-14T13:30:00+00:00
6973,12.920984,77.584908,no2,26.7,2019-07-14T13:45:00+00:00
6973,12.920984,77.584908,no2,24.1,2019-07-14T14:00:00+00:00
6973,12.920984,77.584908,no2,22.6,2019-07-14T14:15:00+00:00
6973,12.920984,77.584908,no2,22.3,2019-07-14T14:30:00+00:00
6973,12.920984,77.584908,no2,23.0,2019-07-14T14:45:00+00:00
6973,12.920984,77.584908,no2,23.0,2019-07-14T15:00:00+00:00
6973,12.920984,77.584908,no2,22.7,2019-07-14T15:15:00+00:00
6973,12.920984,77.584908,no2,23.0,2019-07-14T15:30:00+00:00
6973,12.920984,77.584908,no2,22.2,2019-07-14T15:45:00+00:00
6973,12.920984,77.584908,no2,21.3,2019-07-14T16:00:00+00:00
6973,12.920984,77.584908,no2,21.0,2019-07-14T16:15:00+00:00
6973,12.920984,77.584908,no2,20.4,2019-07-14T16:30:00+00:00
6973,12.920984,77.584908,no2,20.4,2019-07-14T16:45:00+00:00
6973,12.920984,77.584908,no2,20.7,2019-07-14T17:00:00+00:00
6973,12.920984,77.584908,no2,20.5,2019-07-14T17:15:00+00:00
6973,12.920984,77.584908,no2,19.8,2019-07-14T17:30:00+00:00
6973,12.920984,77.584908,no2,18.7,2019-07-14T17:45:00+00:00
6973,12.920984,77.584908,no2,17.9,2019-07-14T18:00:00+00:00
6973,12.920984,77.584908,no2,17.0,2019-07-14T18:15:00+00:00
6973,12.920984,77.584908,no2,15.5,2019-07-14T18:30:00+00:00
6973,12.920984,77.584908,so2,3.4,2019-07-13T18:45:00+00:00
6973,12.920984,77.584908,so2,3.5,2019-07-13T19:00:00+00:00
6973,12.920984,77.584908,so2,3.5,2019-07-13T19:15:00+00:00
6973,12.920984,77.584908,so2,3.5,2019-07-13T19:30:00+00:00
6973,12.920984,77.584908,so2,3.5,2019-07-13T19:45:00+00:00
6973,12.920984,77.584908,so2,3.4,2019-07-13T20:00:00+00:00
6973,12.920984,77.584908,so2,3.5,2019-07-13T20:15:00+00:00
6973,12.920984,77.584908,so2,3.5,2019-07-13T20:30:00+00:00
6973,12.920984,77.584908,so2,3.4,2019-07-13T21:00:00+00:00
6973,12.920984,77.584908,so2,3.2,2019-07-13T21:15:00+00:00
6973,12.920984,77.584908,so2,3.2,2019-07-13T21:30:00+00:00
6973,12.920984,77.584908,so2,3.4,2019-07-13T21:45:00+00:00
6973,12.920984,77.584908,so2,3.5,2019-07-13T22:00:00+00:00
6973,12.920984,77.584908,so2,3.6,2019-07-13T22:30:00+00:00
6973,12.920984,77.584908,so2,3.5,2019-07-13T22:45:00+00:00
6973,12.920984,77.584908,so2,3.5,2019-07-13T23:00:00+00:00
6973,12.920984,77.584908,so2,3.4,2019-07-13T23:15:00+00:00
6973,12.920984,77.584908,so2,3.4,2019-07-13T23:30:00+00:00
6973,12.920984,77.584908,so2,3.3,2019-07-13T23:45:00+00:00
6973,12.920984,77.584908,so2,3.4,2019-07-14T00:00:00+00:00
6973,12.920984,77.584908,so2,4.2,2019-07-14T01:00:00+00:00
6973,12.920984,77.584908,so2,3.8,2019-07-14T01:15:00+00:00
6973,12.920984,77.584908,so2,3.6,2019-07-14T01:30:00+00:00
6973,12.920984,77.584908,so2,3.4,2019-07-14T01:45:00+00:00
6973,12.920984,77.584908,so2,3.3,2019-07-14T02:00:00+00:00
6973,12.920984,77.584908,so2,3.1,2019-07-14T02:30:00+00:00
6973,12.920984,77.584908,so2,2.9,2019-07-14T02:45:00+00:00
6973,12.920984,77.584908,so2,3.0,2019-07-14T03:00:00+00:00
6973,12.920984,77.584908,so2,2.9,2019-07-14T03:15:00+00:00
6973,12.920984,77.584908,so2,2.8,2019-07-14T03:30:00+00:00
6973,12.920984,77.584908,so2,3.2,2019-07-14T03:45:00+00:00
6973,12.920984,77.584908,so2,2.8,2019-07-14T04:45:00+00:00
6973,12.920984,77.584908,so2,2.6,2019-07-14T05:00:00+00:00
6973,12.920984,77.584908,so2,2.6,2019-07-14T05:15:00+00:00
6973,12.920984,77.584908,so2,2.8,2019-07-14T05:30:00+00:00
6973,12.920984,77.584908,so2,3.0,2019-07-14T05:45:00+00:00
6973,12.920984,77.584908,so2,3.0,2019-07-14T06:00:00+00:00
6973,12.920984,77.584908,so2,3.4,2019-07-14T06:30:00+00:00
6973,12.920984,77.584908,so2,3.6,2019-07-14T06:45:00+00:00
6973,12.920984,77.584908,so2,3.6,2019-07-14T07:00:00+00:00
6973,12.920984,77.584908,so2,3.6,2019-07-14T07:15:00+00:00
6973,12.920984,77.584908,so2,3.6,2019-07-14T07:30:00+00:00
6973,12.920984,77.584908,so2,3.8,2019-07-14T07:45:00+00:00
6973,12.920984,77.584908,so2,3.7,2019-07-14T08:00:00+00:00
6973,12.920984,77.584908,so2,3.8,2019-07-14T08:15:00+00:00
6973,12.920984,77.584908,so2,3.3,2019-07-14T08:30:00+00:00
6973,12.920984,77.584908,so2,3.2,2019-07-14T08:45:00+00:00
6973,12.920984,77.584908,so2,3.2,2019-07-14T09:00:00+00:00
6973,12.920984,77.584908,so2,3.2,2019-07-14T09:15:00+00:00
6973,12.920984,77.584908,so2,3.2,2019-07-14T09:30:00+00:00
6973,12.920984,77.584908,so2,3.4,2019-07-14T09:45:00+00:00
6973,12.920984,77.584908,so2,3.1,2019-07-14T10:00:00+00:00
6973,12.920984,77.584908,so2,3.0,2019-07-14T10:30:00+00:00
6973,12.920984,77.584908,so2,3.1,2019-07-14T10:45:00+00:00
6973,12.920984,77.584908,so2,3.3,2019-07-14T11:00:00+00:00
6973,12.920984,77.584908,so2,3.5,2019-07-14T11:15:00+00:00
6973,12.920984,77.584908,so2,3.4,2019-07-14T11:30:00+00:00
6973,12.920984,77.584908,so2,3.4,2019-07-14T11:45:00+00:00
6973,12.920984,77.584908,so2,3.3,2019-07-14T12:00:00+00:00
6973,12.920984,77.584908,so2,3.4,2019-07-14T12:15:00+00:00
6973,12.920984,77.584908,so2,3.5,2019-07-14T12:30:00+00:00
6973,12.920984,77.584908,so2,3.5,2019-07-14T12:45:00+00:00
6973,12.920984,77.584908,so2,3.3,2019-07-14T13:00:00+00:00
6973,12.920984,77.584908,so2,3.3,2019-07-14T13:15:00+00:00
6973,12.920984,77.584908,so2,3.2,2019-07-14T13:30:00+00:00
6973,12.920984,77.584908,so2,3.3,2019-07-14T13:45:00+00:00
6973,12.920984,77.584908,so2,3.5,2019-07-14T14:00:00+00:00
6973,12.920984,77.584908,so2,3.7,2019-07-14T14:30:00+00:00
6973,12.920984,77.584908,so2,3.8,2019-07-14T14:45:00+00:00
6973,12.920984,77.584908,so2,3.9,2019-07-14T15:00:00+00:00
6973,12.920984,77.584908,so2,4.0,2019-07-14T15:15:00+00:00
6973,12.920984,77.584908,so2,3.8,2019-07-14T15:30:00+00:00
6973,12.920984,77.584908,so2,3.6,2019-07-14T15:45:00+00:00
6973,12.920984,77.584908,so2,3.5,2019-07-14T16:00:00+00:00
6973,12.920984,77.584908,so2,3.8,2019-07-14T16:15:00+00:00
6973,12.920984,77.584908,so2,3.7,2019-07-14T16:30:00+00:00
6973,12.920984,77.584908,so2,3.5,2019-07-14T16:45:00+00:00
6973,12.920984,77.584908,so2,3.5,2019-07-14T17:00:00+00:00
6973,12.920984,77.584908,so2,3.4,2019-07-14T17:15:00+00:00
6973,12.920984,77.584908,so2,3.5,2019-07-14T17:30:00+00:00
6973,12.920984,77.584908,so2,3.5,2019-07-14T17:45:00+00:00
6973,12.920984,77.584908,so2,3.5,2019-07-14T18:00:00+00:00
6973,12.920984,77.584908,so2,3.2,2019-07-14T18:30:00+00:00
6973,12.920984,77.584908,pm10,22.0,2019-07-14T18:45:00+00:00
6973,12.920984,77.584908,pm10,22.0,2019-07-14T19:00:00+00:00
6973,12.920984,77.584908,pm10,20.0,2019-07-14T19:15:00+00:00
6973,12.920984,77.584908,pm10,20.0,2019-07-14T19:30:00+00:00
6973,12.920984,77.584908,pm10,20.0,2019-07-14T19:45:00+00:00
6973,12.920984,77.584908,pm10,20.0,2019-07-14T20:00:00+00:00
6973,12.920984,77.584908,pm10,15.0,2019-07-14T20:15:00+00:00
6973,12.920984,77.584908,pm10,15.0,2019-07-14T20:30:00+00:00
6973,12.920984,77.584908,pm10,15.0,2019-07-14T20:45:00+00:00
6973,12.920984,77.584908,pm10,15.0,2019-07-14T21:00:00+00:00
6973,12.920984,77.584908,pm10,16.0,2019-07-14T21:15:00+00:00
6973,12.920984,77.584908,pm10,16.0,2019-07-14T21:30:00+00:00
6973,12.920984,77.584908,pm10,16.0,2019-07-14T21:45:00+00:00
6973,12.920984,77.584908,pm10,16.0,2019-07-14T22:00:00+00:00
6973,12.920984,77.584908,pm10,19.0,2019-07-14T22:15:00+00:00
6973,12.920984,77.584908,pm10,19.0,2019-07-14T22:30:00+00:00
6973,12.920984,77.584908,pm10,19.0,2019-07-14T22:45:00+00:00
6973,12.920984,77.584908,pm10,19.0,2019-07-14T23:00:00+00:00
6973,12.920984,77.584908,pm10,17.0,2019-07-14T23:15:00+00:00
6973,12.920984,77.584908,pm10,17.0,2019-07-14T23:30:00+00:00
6973,12.920984,77.584908,pm10,17.0,2019-07-14T23:45:00+00:00
6973,12.920984,77.584908,pm10,17.0,2019-07-15T00:00:00+00:00
6973,12.920984,77.584908,pm10,26.0,2019-07-15T00:15:00+00:00
6973,12.920984,77.584908,pm10,26.0,2019-07-15T00:30:00+00:00
6973,12.920984,77.584908,pm10,26.0,2019-07-15T00:45:00+00:00
6973,12.920984,77.584908,pm10,26.0,2019-07-15T01:00:00+00:00
6973,12.920984,77.584908,pm10,27.0,2019-07-15T01:15:00+00:00
6973,12.920984,77.584908,pm10,27.0,2019-07-15T01:30:00+00:00
6973,12.920984,77.584908,pm10,27.0,2019-07-15T01:45:00+00:00
6973,12.920984,77.584908,pm10,27.0,2019-07-15T02:00:00+00:00
6973,12.920984,77.584908,pm10,32.0,2019-07-15T02:15:00+00:00
6973,12.920984,77.584908,pm10,32.0,2019-07-15T02:30:00+00:00
6973,12.920984,77.584908,pm10,32.0,2019-07-15T02:45:00+00:00
6973,12.920984,77.584908,pm10,32.0,2019-07-15T03:00:00+00:00
6973,12.920984,77.584908,pm10,40.0,2019-07-15T03:15:00+00:00
6973,12.920984,77.584908,pm10,40.0,2019-07-15T03:30:00+00:00
6973,12.920984,77.584908,pm10,40.0,2019-07-15T03:45:00+00:00
6973,12.920984,77.584908,pm10,40.0,2019-07-15T04:00:00+00:00
6973,12.920984,77.584908,pm10,41.0,2019-07-15T04:15:00+00:00
6973,12.920984,77.584908,pm10,41.0,2019-07-15T04:30:00+00:00
6973,12.920984,77.584908,pm10,41.0,2019-07-15T04:45:00+00:00
6973,12.920984,77.584908,pm10,41.0,2019-07-15T05:00:00+00:00
6973,12.920984,77.584908,pm10,39.0,2019-07-15T05:15:00+00:00
6973,12.920984,77.584908,pm10,39.0,2019-07-15T05:30:00+00:00
6973,12.920984,77.584908,pm10,39.0,2019-07-15T05:45:00+00:00
6973,12.920984,77.584908,pm10,39.0,2019-07-15T06:00:00+00:00
6973,12.920984,77.584908,pm10,30.0,2019-07-15T06:15:00+00:00
6973,12.920984,77.584908,pm10,30.0,2019-07-15T06:45:00+00:00
6973,12.920984,77.584908,pm10,30.0,2019-07-15T07:00:00+00:00
6973,12.920984,77.584908,pm10,36.0,2019-07-15T07:15:00+00:00
6973,12.920984,77.584908,pm10,36.0,2019-07-15T07:30:00+00:00
6973,12.920984,77.584908,pm10,36.0,2019-07-15T07:45:00+00:00
6973,12.920984,77.584908,pm10,36.0,2019-07-15T08:00:00+00:00
6973,12.920984,77.584908,pm10,32.0,2019-07-15T08:15:00+00:00
6973,12.920984,77.584908,pm10,32.0,2019-07-15T08:30:00+00:00
6973,12.920984,77.584908,pm10,32.0,2019-07-15T08:45:00+00:00
6973,12.920984,77.584908,pm10,32.0,2019-07-15T09:00:00+00:00
6973,12.920984,77.584908,pm10,36.0,2019-07-15T09:15:00+00:00
6973,12.920984,77.584908,pm10,36.0,2019-07-15T09:30:00+00:00
6973,12.920984,77.584908,pm10,36.0,2019-07-15T09:45:00+00:00
6973,12.920984,77.584908,pm10,36.0,2019-07-15T10:00:00+00:00
6973,12.920984,77.584908,pm10,33.0,2019-07-15T10:15:00+00:00
6973,12.920984,77.584908,pm10,33.0,2019-07-15T10:30:00+00:00
6973,12.920984,77.584908,pm10,33.0,2019-07-15T10:45:00+00:00
6973,12.920984,77.584908,pm10,33.0,2019-07-15T11:00:00+00:00
6973,12.920984,77.584908,pm10,31.0,2019-07-15T11:15:00+00:00
6973,12.920984,77.584908,pm10,31.0,2019-07-15T11:30:00+00:00
6973,12.920984,77.584908,pm10,31.0,2019-07-15T11:45:00+00:00
6973,12.920984,77.584908,pm10,31.0,2019-07-15T12:00:00+00:00
6973,12.920984,77.584908,pm10,52.0,2019-07-15T12:15:00+00:00
6973,12.920984,77.584908,pm10,52.0,2019-07-15T12:30:00+00:00
6973,12.920984,77.584908,pm10,52.0,2019-07-15T12:45:00+00:00
6973,12.920984,77.584908,pm10,52.0,2019-07-15T13:00:00+00:00
6973,12.920984,77.584908,pm10,39.0,2019-07-15T13:15:00+00:00
6973,12.920984,77.584908,pm10,39.0,2019-07-15T13:30:00+00:00
6973,12.920984,77.584908,pm10,39.0,2019-07-15T13:45:00+00:00
6973,12.920984,77.584908,pm10,39.0,2019-07-15T14:00:00+00:00
6973,12.920984,77.584908,pm10,48.0,2019-07-15T14:30:00+00:00
6973,12.920984,77.584908,pm10,48.0,2019-07-15T14:45:00+00:00
6973,12.920984,77.584908,pm10,48.0,2019-07-15T15:00:00+00:00
6973,12.920984,77.584908,pm10,15.0,2019-07-15T15:15:00+00:00
6973,12.920984,77.584908,pm10,15.0,2019-07-15T15:30:00+00:00
6973,12.920984,77.584908,pm10,15.0,2019-07-15T15:45:00+00:00
6973,12.920984,77.584908,pm10,15.0,2019-07-15T16:00:00+00:00
6973,12.920984,77.584908,pm10,21.0,2019-07-15T16:15:00+00:00
6973,12.920984,77.584908,pm10,21.0,2019-07-15T16:30:00+00:00
6973,12.920984,77.584908,pm10,21.0,2019-07-15T16:45:00+00:00
6973,12.920984,77.584908,pm10,21.0,2019-07-15T17:00:00+00:00
6973,12.920984,77.584908,pm10,18.0,2019-07-15T17:15:00+00:00
6973,12.920984,77.584908,pm10,18.0,2019-07-15T17:30:00+00:00
6973,12.920984,77.584908,pm10,18.0,2019-07-15T17:45:00+00:00
6973,12.920984,77.584908,pm10,18.0,2019-07-15T18:00:00+00:00
6973,12.920984,77.584908,pm10,22.0,2019-07-15T18:15:00+00:00
6973,12.920984,77.584908,pm10,22.0,2019-07-15T18:30:00+00:00
6973,12.920984,77.584908,pm25,2.0,2019-07-14T18:45:00+00:00
6973,12.920984,77.584908,pm25,2.0,2019-07-14T19:00:00+00:00
6973,12.920984,77.584908,pm25,3.0,2019-07-14T19:15:00+00:00
6973,12.920984,77.584908,pm25,3.0,2019-07-14T19:30:00+00:00
6973,12.920984,77.584908,pm25,3.0,2019-07-14T19:45:00+00:00
6973,12.920984,77.584908,pm25,3.0,2019-07-14T20:00:00+00:00
6973,12.920984,77.584908,pm25,6.0,2019-07-14T20:15:00+00:00
6973,12.920984,77.584908,pm25,6.0,2019-07-14T20:30:00+00:00
6973,12.920984,77.584908,pm25,6.0,2019-07-14T20:45:00+00:00
6973,12.920984,77.584908,pm25,6.0,2019-07-14T21:00:00+00:00
6973,12.920984,77.584908,pm25,8.0,2019-07-14T21:15:00+00:00
6973,12.920984,77.584908,pm25,8.0,2019-07-14T21:30:00+00:00
6973,12.920984,77.584908,pm25,8.0,2019-07-14T21:45:00+00:00
6973,12.920984,77.584908,pm25,8.0,2019-07-14T22:00:00+00:00
6973,12.920984,77.584908,pm25,6.0,2019-07-14T22:15:00+00:00
6973,12.920984,77.584908,pm25,6.0,2019-07-14T22:30:00+00:00
6973,12.920984,77.584908,pm25,6.0,2019-07-14T22:45:00+00:00
6973,12.920984,77.584908,pm25,6.0,2019-07-14T23:00:00+00:00
6973,12.920984,77.584908,pm25,9.0,2019-07-14T23:15:00+00:00
6973,12.920984,77.584908,pm25,9.0,2019-07-14T23:30:00+00:00
6973,12.920984,77.584908,pm25,9.0,2019-07-14T23:45:00+00:00
6973,12.920984,77.584908,pm25,9.0,2019-07-15T00:00:00+00:00
6973,12.920984,77.584908,pm25,5.0,2019-07-15T00:15:00+00:00
6973,12.920984,77.584908,pm25,5.0,2019-07-15T00:30:00+00:00
6973,12.920984,77.584908,pm25,5.0,2019-07-15T00:45:00+00:00
6973,12.920984,77.584908,pm25,5.0,2019-07-15T01:00:00+00:00
6973,12.920984,77.584908,pm25,4.0,2019-07-15T01:15:00+00:00
6973,12.920984,77.584908,pm25,4.0,2019-07-15T01:30:00+00:00
6973,12.920984,77.584908,pm25,4.0,2019-07-15T01:45:00+00:00
6973,12.920984,77.584908,pm25,4.0,2019-07-15T02:00:00+00:00
6973,12.920984,77.584908,pm25,12.0,2019-07-15T02:15:00+00:00
6973,12.920984,77.584908,pm25,12.0,2019-07-15T02:30:00+00:00
6973,12.920984,77.584908,pm25,12.0,2019-07-15T02:45:00+00:00
6973,12.920984,77.584908,pm25,12.0,2019-07-15T03:00:00+00:00
6973,12.920984,77.584908,pm25,17.0,2019-07-15T03:15:00+00:00
6973,12.920984,77.584908,pm25,17.0,2019-07-15T03:30:00+00:00
6973,12.920984,77.584908,pm25,17.0,2019-07-15T03:45:00+00:00
6973,12.920984,77.584908,pm25,17.0,2019-07-15T04:00:00+00:00
6973,12.920984,77.584908,pm25,8.0,2019-07-15T04:15:00+00:00
6973,12.920984,77.584908,pm25,8.0,2019-07-15T04:30:00+00:00
6973,12.920984,77.584908,pm25,8.0,2019-07-15T04:45:00+00:00
6973,12.920984,77.584908,pm25,8.0,2019-07-15T05:00:00+00:00
6973,12.920984,77.584908,pm25,8.0,2019-07-15T05:15:00+00:00
6973,12.920984,77.584908,pm25,8.0,2019-07-15T05:30:00+00:00
6973,12.920984,77.584908,pm25,8.0,2019-07-15T05:45:00+00:00
6973,12.920984,77.584908,pm25,8.0,2019-07-15T06:00:00+00:00
6973,12.920984,77.584908,pm25,6.0,2019-07-15T06:15:00+00:00
6973,12.920984,77.584908,pm25,6.0,2019-07-15T06:45:00+00:00
6973,12.920984,77.584908,pm25,6.0,2019-07-15T07:00:00+00:00
6973,12.920984,77.584908,pm25,5.0,2019-07-15T07:15:00+00:00
6973,12.920984,77.584908,pm25,5.0,2019-07-15T07:30:00+00:00
6973,12.920984,77.584908,pm25,5.0,2019-07-15T07:45:00+00:00
6973,12.920984,77.584908,pm25,5.0,2019-07-15T08:00:00+00:00
6973,12.920984,77.584908,pm25,6.0,2019-07-15T08:15:00+00:00
6973,12.920984,77.584908,pm25,6.0,2019-07-15T08:30:00+00:00
6973,12.920984,77.584908,pm25,6.0,2019-07-15T08:45:00+00:00
6973,12.920984,77.584908,pm25,6.0,2019-07-15T09:00:00+00:00
6973,12.920984,77.584908,pm25,6.0,2019-07-15T09:15:00+00:00
6973,12.920984,77.584908,pm25,6.0,2019-07-15T09:30:00+00:00
6973,12.920984,77.584908,pm25,6.0,2019-07-15T09:45:00+00:00
6973,12.920984,77.584908,pm25,6.0,2019-07-15T10:00:00+00:00
6973,12.920984,77.584908,pm25,4.0,2019-07-15T10:15:00+00:00
6973,12.920984,77.584908,pm25,4.0,2019-07-15T10:30:00+00:00
6973,12.920984,77.584908,pm25,4.0,2019-07-15T10:45:00+00:00
6973,12.920984,77.584908,pm25,4.0,2019-07-15T11:00:00+00:00
6973,12.920984,77.584908,pm25,6.0,2019-07-15T11:15:00+00:00
6973,12.920984,77.584908,pm25,6.0,2019-07-15T11:30:00+00:00
6973,12.920984,77.584908,pm25,6.0,2019-07-15T11:45:00+00:00
6973,12.920984,77.584908,pm25,6.0,2019-07-15T12:00:00+00:00
6973,12.920984,77.584908,pm25,7.0,2019-07-15T12:15:00+00:00
6973,12.920984,77.584908,pm25,7.0,2019-07-15T12:30:00+00:00
6973,12.920984,77.584908,pm25,7.0,2019-07-15T12:45:00+00:00
6973,12.920984,77.584908,pm25,7.0,2019-07-15T13:00:00+00:00
6973,12.920984,77.584908,pm25,8.0,2019-07-15T13:15:00+00:00
6973,12.920984,77.584908,pm25,8.0,2019-07-15T13:30:00+00:00
6973,12.920984,77.584908,pm25,8.0,2019-07-15T13:45:00+00:00
6973,12.920984,77.584908,pm25,8.0,2019-07-15T14:00:00+00:00
6973,12.920984,77.584908,pm25,6.0,2019-07-15T14:30:00+00:00
6973,12.920984,77.584908,pm25,6.0,2019-07-15T14:45:00+00:00
6973,12.920984,77.584908,pm25,6.0,2019-07-15T15:00:00+00:00
6973,12.920984,77.584908,pm25,4.0,2019-07-15T15:15:00+00:00
6973,12.920984,77.584908,pm25,4.0,2019-07-15T15:30:00+00:00
6973,12.920984,77.584908,pm25,4.0,2019-07-15T15:45:00+00:00
6973,12.920984,77.584908,pm25,4.0,2019-07-15T16:00:00+00:00
6973,12.920984,77.584908,pm25,4.0,2019-07-15T16:15:00+00:00
6973,12.920984,77.584908,pm25,4.0,2019-07-15T16:30:00+00:00
6973,12.920984,77.584908,pm25,4.0,2019-07-15T16:45:00+00:00
6973,12.920984,77.584908,pm25,4.0,2019-07-15T17:00:00+00:00
6973,12.920984,77.584908,pm25,5.0,2019-07-15T17:15:00+00:00
6973,12.920984,77.584908,pm25,5.0,2019-07-15T17:30:00+00:00
6973,12.920984,77.584908,pm25,5.0,2019-07-15T17:45:00+00:00
6973,12.920984,77.584908,pm25,5.0,2019-07-15T18:00:00+00:00
6973,12.920984,77.584908,pm25,4.0,2019-07-15T18:15:00+00:00
6973,12.920984,77.584908,pm25,4.0,2019-07-15T18:30:00+00:00
6973,12.920984,77.584908,co,0.46,2019-07-14T18:45:00+00:00
6973,12.920984,77.584908,co,0.46,2019-07-14T19:00:00+00:00
6973,12.920984,77.584908,co,0.23,2019-07-14T19:30:00+00:00
6973,12.920984,77.584908,co,0.34,2019-07-14T19:45:00+00:00
6973,12.920984,77.584908,co,0.34,2019-07-14T20:00:00+00:00
6973,12.920984,77.584908,co,0.34,2019-07-14T20:15:00+00:00
6973,12.920984,77.584908,co,0.23,2019-07-14T20:30:00+00:00
6973,12.920984,77.584908,co,0.23,2019-07-14T20:45:00+00:00
6973,12.920984,77.584908,co,0.11,2019-07-14T21:00:00+00:00
6973,12.920984,77.584908,co,0.57,2019-07-14T21:30:00+00:00
6973,12.920984,77.584908,co,0.57,2019-07-14T21:45:00+00:00
6973,12.920984,77.584908,co,0.46,2019-07-14T22:00:00+00:00
6973,12.920984,77.584908,co,0.57,2019-07-14T23:00:00+00:00
6973,12.920984,77.584908,co,0.46,2019-07-14T23:30:00+00:00
6973,12.920984,77.584908,co,0.46,2019-07-14T23:45:00+00:00
6973,12.920984,77.584908,co,0.46,2019-07-15T00:00:00+00:00
6973,12.920984,77.584908,co,0.34,2019-07-15T00:15:00+00:00
6973,12.920984,77.584908,co,0.46,2019-07-15T00:30:00+00:00
6973,12.920984,77.584908,co,0.8,2019-07-15T00:45:00+00:00
6973,12.920984,77.584908,co,0.69,2019-07-15T01:00:00+00:00
6973,12.920984,77.584908,co,0.57,2019-07-15T01:30:00+00:00
6973,12.920984,77.584908,co,0.57,2019-07-15T01:45:00+00:00
6973,12.920984,77.584908,co,0.57,2019-07-15T02:00:00+00:00
6973,12.920984,77.584908,co,0.69,2019-07-15T02:15:00+00:00
6973,12.920984,77.584908,co,0.69,2019-07-15T02:30:00+00:00
6973,12.920984,77.584908,co,0.8,2019-07-15T02:45:00+00:00
6973,12.920984,77.584908,co,0.69,2019-07-15T03:00:00+00:00
6973,12.920984,77.584908,co,0.8,2019-07-15T03:30:00+00:00
6973,12.920984,77.584908,co,0.8,2019-07-15T03:45:00+00:00
6973,12.920984,77.584908,co,0.8,2019-07-15T04:00:00+00:00
6973,12.920984,77.584908,co,0.8,2019-07-15T04:15:00+00:00
6973,12.920984,77.584908,co,0.8,2019-07-15T04:30:00+00:00
6973,12.920984,77.584908,co,0.69,2019-07-15T04:45:00+00:00
6973,12.920984,77.584908,co,0.57,2019-07-15T05:00:00+00:00
6973,12.920984,77.584908,co,0.57,2019-07-15T05:30:00+00:00
6973,12.920984,77.584908,co,0.57,2019-07-15T05:45:00+00:00
6973,12.920984,77.584908,co,0.57,2019-07-15T06:00:00+00:00
6973,12.920984,77.584908,co,0.8,2019-07-15T06:15:00+00:00
6973,12.920984,77.584908,co,0.8,2019-07-15T06:45:00+00:00
6973,12.920984,77.584908,co,0.92,2019-07-15T07:00:00+00:00
6973,12.920984,77.584908,co,0.57,2019-07-15T07:30:00+00:00
6973,12.920984,77.584908,co,0.57,2019-07-15T07:45:00+00:00
6973,12.920984,77.584908,co,0.57,2019-07-15T08:00:00+00:00
6973,12.920984,77.584908,co,0.57,2019-07-15T08:15:00+00:00
6973,12.920984,77.584908,co,0.46,2019-07-15T08:30:00+00:00
6973,12.920984,77.584908,co,0.92,2019-07-15T08:45:00+00:00
6973,12.920984,77.584908,co,0.92,2019-07-15T09:00:00+00:00
6973,12.920984,77.584908,co,0.69,2019-07-15T09:30:00+00:00
6973,12.920984,77.584908,co,0.57,2019-07-15T09:45:00+00:00
6973,12.920984,77.584908,co,0.69,2019-07-15T10:00:00+00:00
6973,12.920984,77.584908,co,0.69,2019-07-15T10:15:00+00:00
6973,12.920984,77.584908,co,0.69,2019-07-15T10:30:00+00:00
6973,12.920984,77.584908,co,0.8,2019-07-15T10:45:00+00:00
6973,12.920984,77.584908,co,0.8,2019-07-15T11:00:00+00:00
6973,12.920984,77.584908,co,0.69,2019-07-15T11:30:00+00:00
6973,12.920984,77.584908,co,0.8,2019-07-15T11:45:00+00:00
6973,12.920984,77.584908,co,0.8,2019-07-15T12:00:00+00:00
6973,12.920984,77.584908,co,0.92,2019-07-15T12:15:00+00:00
6973,12.920984,77.584908,co,0.92,2019-07-15T12:30:00+00:00
6973,12.920984,77.584908,co,1.15,2019-07-15T12:45:00+00:00
6973,12.920984,77.584908,co,1.15,2019-07-15T13:00:00+00:00
6973,12.920984,77.584908,co,1.15,2019-07-15T13:30:00+00:00
6973,12.920984,77.584908,co,1.37,2019-07-15T13:45:00+00:00
6973,12.920984,77.584908,co,1.15,2019-07-15T14:00:00+00:00
6973,12.920984,77.584908,co,0.8,2019-07-15T14:30:00+00:00
6973,12.920984,77.584908,co,0.8,2019-07-15T14:45:00+00:00
6973,12.920984,77.584908,co,0.92,2019-07-15T15:00:00+00:00
6973,12.920984,77.584908,co,0.8,2019-07-15T15:30:00+00:00
6973,12.920984,77.584908,co,0.8,2019-07-15T15:45:00+00:00
6973,12.920984,77.584908,co,0.8,2019-07-15T16:00:00+00:00
6973,12.920984,77.584908,co,0.92,2019-07-15T16:15:00+00:00
6973,12.920984,77.584908,co,0.8,2019-07-15T16:30:00+00:00
6973,12.920984,77.584908,co,1.03,2019-07-15T16:45:00+00:00
6973,12.920984,77.584908,co,0.92,2019-07-15T17:00:00+00:00
6973,12.920984,77.584908,co,0.69,2019-07-15T17:30:00+00:00
6973,12.920984,77.584908,co,0.69,2019-07-15T17:45:00+00:00
6973,12.920984,77.584908,co,0.57,2019-07-15T18:00:00+00:00
6973,12.920984,77.584908,co,0.46,2019-07-15T18:15:00+00:00
6973,12.920984,77.584908,co,0.46,2019-07-15T18:30:00+00:00
6973,12.920984,77.584908,no2,14.6,2019-07-14T18:45:00+00:00
6973,12.920984,77.584908,no2,13.8,2019-07-14T19:00:00+00:00
6973,12.920984,77.584908,no2,13.0,2019-07-14T19:15:00+00:00
6973,12.920984,77.584908,no2,11.9,2019-07-14T19:30:00+00:00
6973,12.920984,77.584908,no2,11.7,2019-07-14T19:45:00+00:00
6973,12.920984,77.584908,no2,11.8,2019-07-14T20:00:00+00:00
6973,12.920984,77.584908,no2,11.9,2019-07-14T20:15:00+00:00
6973,12.920984,77.584908,no2,12.1,2019-07-14T20:30:00+00:00
6973,12.920984,77.584908,no2,12.2,2019-07-14T20:45:00+00:00
6973,12.920984,77.584908,no2,11.8,2019-07-14T21:00:00+00:00
6973,12.920984,77.584908,no2,11.0,2019-07-14T21:15:00+00:00
6973,12.920984,77.584908,no2,11.1,2019-07-14T21:30:00+00:00
6973,12.920984,77.584908,no2,11.3,2019-07-14T21:45:00+00:00
6973,12.920984,77.584908,no2,11.1,2019-07-14T22:00:00+00:00
6973,12.920984,77.584908,no2,11.1,2019-07-14T22:15:00+00:00
6973,12.920984,77.584908,no2,10.8,2019-07-14T22:30:00+00:00
6973,12.920984,77.584908,no2,10.3,2019-07-14T22:45:00+00:00
6973,12.920984,77.584908,no2,9.9,2019-07-14T23:00:00+00:00
6973,12.920984,77.584908,no2,9.1,2019-07-15T00:00:00+00:00
6973,12.920984,77.584908,no2,10.2,2019-07-15T00:15:00+00:00
6973,12.920984,77.584908,no2,11.0,2019-07-15T00:30:00+00:00
6973,12.920984,77.584908,no2,11.8,2019-07-15T00:45:00+00:00
6973,12.920984,77.584908,no2,12.6,2019-07-15T01:00:00+00:00
6973,12.920984,77.584908,no2,13.9,2019-07-15T01:15:00+00:00
6973,12.920984,77.584908,no2,15.1,2019-07-15T01:30:00+00:00
6973,12.920984,77.584908,no2,16.0,2019-07-15T01:45:00+00:00
6973,12.920984,77.584908,no2,16.6,2019-07-15T02:00:00+00:00
6973,12.920984,77.584908,no2,17.6,2019-07-15T02:15:00+00:00
6973,12.920984,77.584908,no2,18.2,2019-07-15T02:30:00+00:00
6973,12.920984,77.584908,no2,19.0,2019-07-15T02:45:00+00:00
6973,12.920984,77.584908,no2,19.3,2019-07-15T03:00:00+00:00
6973,12.920984,77.584908,no2,19.3,2019-07-15T03:15:00+00:00
6973,12.920984,77.584908,no2,19.3,2019-07-15T03:30:00+00:00
6973,12.920984,77.584908,no2,19.6,2019-07-15T03:45:00+00:00
6973,12.920984,77.584908,no2,19.9,2019-07-15T04:00:00+00:00
6973,12.920984,77.584908,no2,20.0,2019-07-15T04:15:00+00:00
6973,12.920984,77.584908,no2,20.5,2019-07-15T04:30:00+00:00
6973,12.920984,77.584908,no2,20.4,2019-07-15T04:45:00+00:00
6973,12.920984,77.584908,no2,19.2,2019-07-15T05:00:00+00:00
6973,12.920984,77.584908,no2,18.6,2019-07-15T05:15:00+00:00
6973,12.920984,77.584908,no2,18.1,2019-07-15T05:30:00+00:00
6973,12.920984,77.584908,no2,18.3,2019-07-15T05:45:00+00:00
6973,12.920984,77.584908,no2,17.9,2019-07-15T06:00:00+00:00
6973,12.920984,77.584908,no2,17.4,2019-07-15T06:15:00+00:00
6973,12.920984,77.584908,no2,19.0,2019-07-15T06:45:00+00:00
6973,12.920984,77.584908,no2,19.6,2019-07-15T07:00:00+00:00
6973,12.920984,77.584908,no2,19.9,2019-07-15T07:15:00+00:00
6973,12.920984,77.584908,no2,19.6,2019-07-15T07:30:00+00:00
6973,12.920984,77.584908,no2,18.9,2019-07-15T07:45:00+00:00
6973,12.920984,77.584908,no2,17.5,2019-07-15T08:00:00+00:00
6973,12.920984,77.584908,no2,17.2,2019-07-15T08:15:00+00:00
6973,12.920984,77.584908,no2,18.1,2019-07-15T08:30:00+00:00
6973,12.920984,77.584908,no2,18.1,2019-07-15T08:45:00+00:00
6973,12.920984,77.584908,no2,19.8,2019-07-15T09:00:00+00:00
6973,12.920984,77.584908,no2,20.0,2019-07-15T09:15:00+00:00
6973,12.920984,77.584908,no2,20.2,2019-07-15T09:30:00+00:00
6973,12.920984,77.584908,no2,20.1,2019-07-15T09:45:00+00:00
6973,12.920984,77.584908,no2,19.4,2019-07-15T10:00:00+00:00
6973,12.920984,77.584908,no2,18.8,2019-07-15T10:15:00+00:00
6973,12.920984,77.584908,no2,18.4,2019-07-15T10:30:00+00:00
6973,12.920984,77.584908,no2,17.4,2019-07-15T10:45:00+00:00
6973,12.920984,77.584908,no2,17.2,2019-07-15T11:00:00+00:00
6973,12.920984,77.584908,no2,17.4,2019-07-15T11:15:00+00:00
6973,12.920984,77.584908,no2,17.7,2019-07-15T11:30:00+00:00
6973,12.920984,77.584908,no2,18.2,2019-07-15T11:45:00+00:00
6973,12.920984,77.584908,no2,18.4,2019-07-15T12:00:00+00:00
6973,12.920984,77.584908,no2,19.2,2019-07-15T12:15:00+00:00
6973,12.920984,77.584908,no2,22.1,2019-07-15T12:30:00+00:00
6973,12.920984,77.584908,no2,25.5,2019-07-15T12:45:00+00:00
6973,12.920984,77.584908,no2,29.5,2019-07-15T13:00:00+00:00
6973,12.920984,77.584908,no2,32.8,2019-07-15T13:15:00+00:00
6973,12.920984,77.584908,no2,34.3,2019-07-15T13:30:00+00:00
6973,12.920984,77.584908,no2,35.6,2019-07-15T13:45:00+00:00
6973,12.920984,77.584908,no2,36.9,2019-07-15T14:00:00+00:00
6973,12.920984,77.584908,no2,32.7,2019-07-15T14:30:00+00:00
6973,12.920984,77.584908,no2,29.7,2019-07-15T14:45:00+00:00
6973,12.920984,77.584908,no2,27.5,2019-07-15T15:00:00+00:00
6973,12.920984,77.584908,no2,26.4,2019-07-15T15:15:00+00:00
6973,12.920984,77.584908,no2,25.5,2019-07-15T15:30:00+00:00
6973,12.920984,77.584908,no2,24.7,2019-07-15T15:45:00+00:00
6973,12.920984,77.584908,no2,24.4,2019-07-15T16:00:00+00:00
6973,12.920984,77.584908,no2,24.2,2019-07-15T16:15:00+00:00
6973,12.920984,77.584908,no2,24.1,2019-07-15T16:30:00+00:00
6973,12.920984,77.584908,no2,23.8,2019-07-15T16:45:00+00:00
6973,12.920984,77.584908,no2,23.1,2019-07-15T17:00:00+00:00
6973,12.920984,77.584908,no2,21.8,2019-07-15T17:15:00+00:00
6973,12.920984,77.584908,no2,21.0,2019-07-15T17:30:00+00:00
6973,12.920984,77.584908,no2,20.2,2019-07-15T17:45:00+00:00
6973,12.920984,77.584908,no2,18.8,2019-07-15T18:00:00+00:00
6973,12.920984,77.584908,no2,17.9,2019-07-15T18:15:00+00:00
6973,12.920984,77.584908,no2,17.1,2019-07-15T18:30:00+00:00
6973,12.920984,77.584908,so2,2.9,2019-07-14T18:45:00+00:00
6973,12.920984,77.584908,so2,3.0,2019-07-14T19:00:00+00:00
6973,12.920984,77.584908,so2,3.0,2019-07-14T19:15:00+00:00
6973,12.920984,77.584908,so2,2.9,2019-07-14T19:30:00+00:00
6973,12.920984,77.584908,so2,2.9,2019-07-14T19:45:00+00:00
6973,12.920984,77.584908,so2,2.9,2019-07-14T20:00:00+00:00
6973,12.920984,77.584908,so2,2.9,2019-07-14T20:15:00+00:00
6973,12.920984,77.584908,so2,2.9,2019-07-14T20:30:00+00:00
6973,12.920984,77.584908,so2,3.0,2019-07-14T20:45:00+00:00
6973,12.920984,77.584908,so2,2.8,2019-07-14T21:00:00+00:00
6973,12.920984,77.584908,so2,2.6,2019-07-14T21:15:00+00:00
6973,12.920984,77.584908,so2,2.7,2019-07-14T21:30:00+00:00
6973,12.920984,77.584908,so2,2.9,2019-07-14T21:45:00+00:00
6973,12.920984,77.584908,so2,3.1,2019-07-14T22:00:00+00:00
6973,12.920984,77.584908,so2,3.2,2019-07-14T22:30:00+00:00
6973,12.920984,77.584908,so2,3.3,2019-07-14T22:45:00+00:00
6973,12.920984,77.584908,so2,3.4,2019-07-14T23:00:00+00:00
6973,12.920984,77.584908,so2,3.5,2019-07-14T23:15:00+00:00
6973,12.920984,77.584908,so2,3.5,2019-07-14T23:30:00+00:00
6973,12.920984,77.584908,so2,3.4,2019-07-14T23:45:00+00:00
6973,12.920984,77.584908,so2,3.4,2019-07-15T00:00:00+00:00
6973,12.920984,77.584908,so2,3.9,2019-07-15T01:00:00+00:00
6973,12.920984,77.584908,so2,3.5,2019-07-15T01:15:00+00:00
6973,12.920984,77.584908,so2,3.6,2019-07-15T01:30:00+00:00
6973,12.920984,77.584908,so2,3.6,2019-07-15T01:45:00+00:00
6973,12.920984,77.584908,so2,3.6,2019-07-15T02:00:00+00:00
6973,12.920984,77.584908,so2,3.4,2019-07-15T02:30:00+00:00
6973,12.920984,77.584908,so2,3.1,2019-07-15T02:45:00+00:00
6973,12.920984,77.584908,so2,3.1,2019-07-15T03:00:00+00:00
6973,12.920984,77.584908,so2,3.2,2019-07-15T03:15:00+00:00
6973,12.920984,77.584908,so2,3.1,2019-07-15T03:30:00+00:00
6973,12.920984,77.584908,so2,2.9,2019-07-15T03:45:00+00:00
6973,12.920984,77.584908,so2,2.9,2019-07-15T04:00:00+00:00
6973,12.920984,77.584908,so2,3.0,2019-07-15T04:15:00+00:00
6973,12.920984,77.584908,so2,2.9,2019-07-15T04:30:00+00:00
6973,12.920984,77.584908,so2,2.8,2019-07-15T04:45:00+00:00
6973,12.920984,77.584908,so2,2.8,2019-07-15T05:00:00+00:00
6973,12.920984,77.584908,so2,2.6,2019-07-15T05:15:00+00:00
6973,12.920984,77.584908,so2,2.5,2019-07-15T05:30:00+00:00
6973,12.920984,77.584908,so2,2.7,2019-07-15T05:45:00+00:00
6973,12.920984,77.584908,so2,3.0,2019-07-15T06:00:00+00:00
6973,12.920984,77.584908,so2,3.5,2019-07-15T06:45:00+00:00
6973,12.920984,77.584908,so2,3.8,2019-07-15T07:00:00+00:00
6973,12.920984,77.584908,so2,3.8,2019-07-15T07:15:00+00:00
6973,12.920984,77.584908,so2,3.9,2019-07-15T07:30:00+00:00
6973,12.920984,77.584908,so2,3.7,2019-07-15T07:45:00+00:00
6973,12.920984,77.584908,so2,3.6,2019-07-15T08:00:00+00:00
6973,12.920984,77.584908,so2,3.6,2019-07-15T08:15:00+00:00
6973,12.920984,77.584908,so2,3.6,2019-07-15T08:30:00+00:00
6973,12.920984,77.584908,so2,3.4,2019-07-15T08:45:00+00:00
6973,12.920984,77.584908,so2,3.4,2019-07-15T09:00:00+00:00
6973,12.920984,77.584908,so2,3.4,2019-07-15T09:15:00+00:00
6973,12.920984,77.584908,so2,3.3,2019-07-15T09:30:00+00:00
6973,12.920984,77.584908,so2,3.3,2019-07-15T09:45:00+00:00
6973,12.920984,77.584908,so2,3.3,2019-07-15T10:00:00+00:00
6973,12.920984,77.584908,so2,3.2,2019-07-15T10:30:00+00:00
6973,12.920984,77.584908,so2,3.2,2019-07-15T10:45:00+00:00
6973,12.920984,77.584908,so2,3.3,2019-07-15T11:00:00+00:00
6973,12.920984,77.584908,so2,3.2,2019-07-15T11:15:00+00:00
6973,12.920984,77.584908,so2,3.3,2019-07-15T11:30:00+00:00
6973,12.920984,77.584908,so2,3.1,2019-07-15T11:45:00+00:00
6973,12.920984,77.584908,so2,3.1,2019-07-15T12:00:00+00:00
6973,12.920984,77.584908,so2,3.1,2019-07-15T12:15:00+00:00
6973,12.920984,77.584908,so2,3.2,2019-07-15T12:30:00+00:00
6973,12.920984,77.584908,so2,3.2,2019-07-15T12:45:00+00:00
6973,12.920984,77.584908,so2,3.3,2019-07-15T13:00:00+00:00
6973,12.920984,77.584908,so2,3.1,2019-07-15T13:15:00+00:00
6973,12.920984,77.584908,so2,3.1,2019-07-15T13:30:00+00:00
6973,12.920984,77.584908,so2,3.3,2019-07-15T13:45:00+00:00
6973,12.920984,77.584908,so2,3.6,2019-07-15T14:00:00+00:00
6973,12.920984,77.584908,so2,3.6,2019-07-15T14:30:00+00:00
6973,12.920984,77.584908,so2,3.5,2019-07-15T14:45:00+00:00
6973,12.920984,77.584908,so2,3.6,2019-07-15T15:00:00+00:00
6973,12.920984,77.584908,so2,3.7,2019-07-15T15:15:00+00:00
6973,12.920984,77.584908,so2,3.5,2019-07-15T15:30:00+00:00
6973,12.920984,77.584908,so2,3.4,2019-07-15T15:45:00+00:00
6973,12.920984,77.584908,so2,3.6,2019-07-15T16:00:00+00:00
6973,12.920984,77.584908,so2,3.8,2019-07-15T16:15:00+00:00
6973,12.920984,77.584908,so2,3.7,2019-07-15T16:30:00+00:00
6973,12.920984,77.584908,so2,3.5,2019-07-15T16:45:00+00:00
6973,12.920984,77.584908,so2,3.2,2019-07-15T17:00:00+00:00
6973,12.920984,77.584908,so2,3.1,2019-07-15T17:15:00+00:00
6973,12.920984,77.584908,so2,3.0,2019-07-15T17:30:00+00:00
6973,12.920984,77.584908,so2,3.0,2019-07-15T17:45:00+00:00
6973,12.920984,77.584908,so2,3.0,2019-07-15T18:00:00+00:00
6973,12.920984,77.584908,so2,3.0,2019-07-15T18:30:00+00:00
6973,12.920984,77.584908,pm10,22.0,2019-07-15T18:45:00+00:00
6973,12.920984,77.584908,pm10,22.0,2019-07-15T19:00:00+00:00
6973,12.920984,77.584908,pm10,21.0,2019-07-15T19:15:00+00:00
6973,12.920984,77.584908,pm10,21.0,2019-07-15T19:30:00+00:00
6973,12.920984,77.584908,pm10,21.0,2019-07-15T19:45:00+00:00
6973,12.920984,77.584908,pm10,21.0,2019-07-15T20:00:00+00:00
6973,12.920984,77.584908,pm10,25.0,2019-07-15T20:15:00+00:00
6973,12.920984,77.584908,pm10,25.0,2019-07-15T20:30:00+00:00
6973,12.920984,77.584908,pm10,25.0,2019-07-15T20:45:00+00:00
6973,12.920984,77.584908,pm10,25.0,2019-07-15T21:00:00+00:00
6973,12.920984,77.584908,pm10,31.0,2019-07-15T21:15:00+00:00
6973,12.920984,77.584908,pm10,31.0,2019-07-15T21:30:00+00:00
6973,12.920984,77.584908,pm10,31.0,2019-07-15T21:45:00+00:00
6973,12.920984,77.584908,pm10,31.0,2019-07-15T22:00:00+00:00
6973,12.920984,77.584908,pm10,38.0,2019-07-15T22:15:00+00:00
6973,12.920984,77.584908,pm10,38.0,2019-07-15T22:30:00+00:00
6973,12.920984,77.584908,pm10,38.0,2019-07-15T22:45:00+00:00
6973,12.920984,77.584908,pm10,38.0,2019-07-15T23:00:00+00:00
6973,12.920984,77.584908,pm10,23.0,2019-07-15T23:15:00+00:00
6973,12.920984,77.584908,pm10,23.0,2019-07-15T23:30:00+00:00
6973,12.920984,77.584908,pm10,23.0,2019-07-15T23:45:00+00:00
6973,12.920984,77.584908,pm10,23.0,2019-07-16T00:00:00+00:00
6973,12.920984,77.584908,pm10,41.0,2019-07-16T00:15:00+00:00
6973,12.920984,77.584908,pm10,41.0,2019-07-16T00:30:00+00:00
6973,12.920984,77.584908,pm10,41.0,2019-07-16T00:45:00+00:00
6973,12.920984,77.584908,pm10,41.0,2019-07-16T01:00:00+00:00
6973,12.920984,77.584908,pm10,47.0,2019-07-16T01:15:00+00:00
6973,12.920984,77.584908,pm10,47.0,2019-07-16T01:30:00+00:00
6973,12.920984,77.584908,pm10,47.0,2019-07-16T01:45:00+00:00
6973,12.920984,77.584908,pm10,47.0,2019-07-16T02:00:00+00:00
6973,12.920984,77.584908,pm10,50.0,2019-07-16T02:15:00+00:00
6973,12.920984,77.584908,pm10,50.0,2019-07-16T02:30:00+00:00
6973,12.920984,77.584908,pm10,50.0,2019-07-16T02:45:00+00:00
6973,12.920984,77.584908,pm10,50.0,2019-07-16T03:00:00+00:00
6973,12.920984,77.584908,pm10,57.0,2019-07-16T03:15:00+00:00
6973,12.920984,77.584908,pm10,57.0,2019-07-16T03:30:00+00:00
6973,12.920984,77.584908,pm10,57.0,2019-07-16T03:45:00+00:00
6973,12.920984,77.584908,pm10,57.0,2019-07-16T04:00:00+00:00
6973,12.920984,77.584908,pm10,51.0,2019-07-16T04:15:00+00:00
6973,12.920984,77.584908,pm10,51.0,2019-07-16T04:45:00+00:00
6973,12.920984,77.584908,pm10,51.0,2019-07-16T05:00:00+00:00
6973,12.920984,77.584908,pm10,48.0,2019-07-16T05:15:00+00:00
6973,12.920984,77.584908,pm10,48.0,2019-07-16T05:30:00+00:00
6973,12.920984,77.584908,pm10,48.0,2019-07-16T05:45:00+00:00
6973,12.920984,77.584908,pm10,48.0,2019-07-16T06:00:00+00:00
6973,12.920984,77.584908,pm10,41.0,2019-07-16T06:15:00+00:00
6973,12.920984,77.584908,pm10,41.0,2019-07-16T06:30:00+00:00
6973,12.920984,77.584908,pm10,41.0,2019-07-16T06:45:00+00:00
6973,12.920984,77.584908,pm10,41.0,2019-07-16T07:00:00+00:00
6973,12.920984,77.584908,pm10,43.0,2019-07-16T07:15:00+00:00
6973,12.920984,77.584908,pm10,43.0,2019-07-16T07:30:00+00:00
6973,12.920984,77.584908,pm10,43.0,2019-07-16T07:45:00+00:00
6973,12.920984,77.584908,pm10,43.0,2019-07-16T08:00:00+00:00
6973,12.920984,77.584908,pm10,58.0,2019-07-16T08:15:00+00:00
6973,12.920984,77.584908,pm10,58.0,2019-07-16T08:30:00+00:00
6973,12.920984,77.584908,pm10,58.0,2019-07-16T08:45:00+00:00
6973,12.920984,77.584908,pm10,64.0,2019-07-16T09:15:00+00:00
6973,12.920984,77.584908,pm10,64.0,2019-07-16T09:30:00+00:00
6973,12.920984,77.584908,pm10,64.0,2019-07-16T09:45:00+00:00
6973,12.920984,77.584908,pm10,64.0,2019-07-16T10:00:00+00:00
6973,12.920984,77.584908,pm10,61.0,2019-07-16T10:15:00+00:00
6973,12.920984,77.584908,pm10,61.0,2019-07-16T10:30:00+00:00
6973,12.920984,77.584908,pm10,61.0,2019-07-16T10:45:00+00:00
6973,12.920984,77.584908,pm10,61.0,2019-07-16T11:00:00+00:00
6973,12.920984,77.584908,pm10,53.0,2019-07-16T11:15:00+00:00
6973,12.920984,77.584908,pm10,53.0,2019-07-16T11:30:00+00:00
6973,12.920984,77.584908,pm10,53.0,2019-07-16T11:45:00+00:00
6973,12.920984,77.584908,pm10,53.0,2019-07-16T12:00:00+00:00
6973,12.920984,77.584908,pm10,82.0,2019-07-16T12:15:00+00:00
6973,12.920984,77.584908,pm10,82.0,2019-07-16T12:30:00+00:00
6973,12.920984,77.584908,pm10,82.0,2019-07-16T12:45:00+00:00
6973,12.920984,77.584908,pm10,82.0,2019-07-16T13:00:00+00:00
6973,12.920984,77.584908,pm10,43.0,2019-07-16T13:15:00+00:00
6973,12.920984,77.584908,pm10,43.0,2019-07-16T13:30:00+00:00
6973,12.920984,77.584908,pm10,43.0,2019-07-16T13:45:00+00:00
6973,12.920984,77.584908,pm10,43.0,2019-07-16T14:00:00+00:00
6973,12.920984,77.584908,pm10,38.0,2019-07-16T14:15:00+00:00
6973,12.920984,77.584908,pm10,38.0,2019-07-16T14:30:00+00:00
6973,12.920984,77.584908,pm10,38.0,2019-07-16T14:45:00+00:00
6973,12.920984,77.584908,pm10,38.0,2019-07-16T15:00:00+00:00
6973,12.920984,77.584908,pm10,39.0,2019-07-16T15:15:00+00:00
6973,12.920984,77.584908,pm10,39.0,2019-07-16T15:30:00+00:00
6973,12.920984,77.584908,pm10,39.0,2019-07-16T15:45:00+00:00
6973,12.920984,77.584908,pm10,39.0,2019-07-16T16:00:00+00:00
6973,12.920984,77.584908,pm10,32.0,2019-07-16T16:15:00+00:00
6973,12.920984,77.584908,pm10,32.0,2019-07-16T16:30:00+00:00
6973,12.920984,77.584908,pm10,32.0,2019-07-16T16:45:00+00:00
6973,12.920984,77.584908,pm10,32.0,2019-07-16T17:00:00+00:00
6973,12.920984,77.584908,pm10,23.0,2019-07-16T17:15:00+00:00
6973,12.920984,77.584908,pm10,23.0,2019-07-16T17:30:00+00:00
6973,12.920984,77.584908,pm10,23.0,2019-07-16T17:45:00+00:00
6973,12.920984,77.584908,pm10,23.0,2019-07-16T18:00:00+00:00
6973,12.920984,77.584908,pm10,20.0,2019-07-16T18:15:00+00:00
6973,12.920984,77.584908,pm10,20.0,2019-07-16T18:30:00+00:00
6973,12.920984,77.584908,pm25,4.0,2019-07-15T18:45:00+00:00
6973,12.920984,77.584908,pm25,4.0,2019-07-15T19:00:00+00:00
6973,12.920984,77.584908,pm25,8.0,2019-07-15T19:15:00+00:00
6973,12.920984,77.584908,pm25,8.0,2019-07-15T19:30:00+00:00
6973,12.920984,77.584908,pm25,8.0,2019-07-15T19:45:00+00:00
6973,12.920984,77.584908,pm25,8.0,2019-07-15T20:00:00+00:00
6973,12.920984,77.584908,pm25,9.0,2019-07-15T20:15:00+00:00
6973,12.920984,77.584908,pm25,9.0,2019-07-15T20:30:00+00:00
6973,12.920984,77.584908,pm25,9.0,2019-07-15T20:45:00+00:00
6973,12.920984,77.584908,pm25,9.0,2019-07-15T21:00:00+00:00
6973,12.920984,77.584908,pm25,12.0,2019-07-15T21:15:00+00:00
6973,12.920984,77.584908,pm25,12.0,2019-07-15T21:30:00+00:00
6973,12.920984,77.584908,pm25,12.0,2019-07-15T21:45:00+00:00
6973,12.920984,77.584908,pm25,12.0,2019-07-15T22:00:00+00:00
6973,12.920984,77.584908,pm25,12.0,2019-07-15T22:15:00+00:00
6973,12.920984,77.584908,pm25,12.0,2019-07-15T22:30:00+00:00
6973,12.920984,77.584908,pm25,12.0,2019-07-15T22:45:00+00:00
6973,12.920984,77.584908,pm25,12.0,2019-07-15T23:00:00+00:00
6973,12.920984,77.584908,pm25,12.0,2019-07-15T23:15:00+00:00
6973,12.920984,77.584908,pm25,12.0,2019-07-15T23:30:00+00:00
6973,12.920984,77.584908,pm25,12.0,2019-07-15T23:45:00+00:00
6973,12.920984,77.584908,pm25,12.0,2019-07-16T00:00:00+00:00
6973,12.920984,77.584908,pm25,14.0,2019-07-16T00:15:00+00:00
6973,12.920984,77.584908,pm25,14.0,2019-07-16T00:30:00+00:00
6973,12.920984,77.584908,pm25,14.0,2019-07-16T00:45:00+00:00
6973,12.920984,77.584908,pm25,14.0,2019-07-16T01:00:00+00:00
6973,12.920984,77.584908,pm25,14.0,2019-07-16T01:15:00+00:00
6973,12.920984,77.584908,pm25,14.0,2019-07-16T01:30:00+00:00
6973,12.920984,77.584908,pm25,14.0,2019-07-16T01:45:00+00:00
6973,12.920984,77.584908,pm25,14.0,2019-07-16T02:00:00+00:00
6973,12.920984,77.584908,pm25,20.0,2019-07-16T02:15:00+00:00
6973,12.920984,77.584908,pm25,20.0,2019-07-16T02:30:00+00:00
6973,12.920984,77.584908,pm25,20.0,2019-07-16T02:45:00+00:00
6973,12.920984,77.584908,pm25,20.0,2019-07-16T03:00:00+00:00
6973,12.920984,77.584908,pm25,19.0,2019-07-16T03:15:00+00:00
6973,12.920984,77.584908,pm25,19.0,2019-07-16T03:30:00+00:00
6973,12.920984,77.584908,pm25,19.0,2019-07-16T03:45:00+00:00
6973,12.920984,77.584908,pm25,19.0,2019-07-16T04:00:00+00:00
6973,12.920984,77.584908,pm25,15.0,2019-07-16T04:15:00+00:00
6973,12.920984,77.584908,pm25,15.0,2019-07-16T04:45:00+00:00
6973,12.920984,77.584908,pm25,15.0,2019-07-16T05:00:00+00:00
6973,12.920984,77.584908,pm25,17.0,2019-07-16T05:15:00+00:00
6973,12.920984,77.584908,pm25,17.0,2019-07-16T05:30:00+00:00
6973,12.920984,77.584908,pm25,17.0,2019-07-16T05:45:00+00:00
6973,12.920984,77.584908,pm25,17.0,2019-07-16T06:00:00+00:00
6973,12.920984,77.584908,pm25,13.0,2019-07-16T06:15:00+00:00
6973,12.920984,77.584908,pm25,13.0,2019-07-16T06:30:00+00:00
6973,12.920984,77.584908,pm25,13.0,2019-07-16T06:45:00+00:00
6973,12.920984,77.584908,pm25,13.0,2019-07-16T07:00:00+00:00
6973,12.920984,77.584908,pm25,19.0,2019-07-16T07:15:00+00:00
6973,12.920984,77.584908,pm25,19.0,2019-07-16T07:30:00+00:00
6973,12.920984,77.584908,pm25,19.0,2019-07-16T07:45:00+00:00
6973,12.920984,77.584908,pm25,19.0,2019-07-16T08:00:00+00:00
6973,12.920984,77.584908,pm25,10.0,2019-07-16T08:15:00+00:00
6973,12.920984,77.584908,pm25,10.0,2019-07-16T08:30:00+00:00
6973,12.920984,77.584908,pm25,10.0,2019-07-16T08:45:00+00:00
6973,12.920984,77.584908,pm25,13.0,2019-07-16T09:15:00+00:00
6973,12.920984,77.584908,pm25,13.0,2019-07-16T09:30:00+00:00
6973,12.920984,77.584908,pm25,13.0,2019-07-16T09:45:00+00:00
6973,12.920984,77.584908,pm25,13.0,2019-07-16T10:00:00+00:00
6973,12.920984,77.584908,pm25,12.0,2019-07-16T10:15:00+00:00
6973,12.920984,77.584908,pm25,12.0,2019-07-16T10:30:00+00:00
6973,12.920984,77.584908,pm25,12.0,2019-07-16T10:45:00+00:00
6973,12.920984,77.584908,pm25,12.0,2019-07-16T11:00:00+00:00
6973,12.920984,77.584908,pm25,10.0,2019-07-16T11:15:00+00:00
6973,12.920984,77.584908,pm25,10.0,2019-07-16T11:30:00+00:00
6973,12.920984,77.584908,pm25,10.0,2019-07-16T11:45:00+00:00
6973,12.920984,77.584908,pm25,10.0,2019-07-16T12:00:00+00:00
6973,12.920984,77.584908,pm25,13.0,2019-07-16T12:15:00+00:00
6973,12.920984,77.584908,pm25,13.0,2019-07-16T12:30:00+00:00
6973,12.920984,77.584908,pm25,13.0,2019-07-16T12:45:00+00:00
6973,12.920984,77.584908,pm25,13.0,2019-07-16T13:00:00+00:00
6973,12.920984,77.584908,pm25,13.0,2019-07-16T13:15:00+00:00
6973,12.920984,77.584908,pm25,13.0,2019-07-16T13:30:00+00:00
6973,12.920984,77.584908,pm25,13.0,2019-07-16T13:45:00+00:00
6973,12.920984,77.584908,pm25,13.0,2019-07-16T14:00:00+00:00
6973,12.920984,77.584908,pm25,14.0,2019-07-16T14:15:00+00:00
6973,12.920984,77.584908,pm25,14.0,2019-07-16T14:30:00+00:00
6973,12.920984,77.584908,pm25,14.0,2019-07-16T14:45:00+00:00
6973,12.920984,77.584908,pm25,14.0,2019-07-16T15:00:00+00:00
6973,12.920984,77.584908,pm25,15.0,2019-07-16T15:15:00+00:00
6973,12.920984,77.584908,pm25,15.0,2019-07-16T15:30:00+00:00
6973,12.920984,77.584908,pm25,15.0,2019-07-16T15:45:00+00:00
6973,12.920984,77.584908,pm25,15.0,2019-07-16T16:00:00+00:00
6973,12.920984,77.584908,pm25,10.0,2019-07-16T16:15:00+00:00
6973,12.920984,77.584908,pm25,10.0,2019-07-16T16:30:00+00:00
6973,12.920984,77.584908,pm25,10.0,2019-07-16T16:45:00+00:00
6973,12.920984,77.584908,pm25,10.0,2019-07-16T17:00:00+00:00
6973,12.920984,77.584908,pm25,15.0,2019-07-16T17:15:00+00:00
6973,12.920984,77.584908,pm25,15.0,2019-07-16T17:30:00+00:00
6973,12.920984,77.584908,pm25,15.0,2019-07-16T17:45:00+00:00
6973,12.920984,77.584908,pm25,15.0,2019-07-16T18:00:00+00:00
6973,12.920984,77.584908,pm25,9.0,2019-07-16T18:15:00+00:00
6973,12.920984,77.584908,pm25,9.0,2019-07-16T18:30:00+00:00
6973,12.920984,77.584908,co,0.46,2019-07-15T18:45:00+00:00
6973,12.920984,77.584908,co,0.46,2019-07-15T19:00:00+00:00
6973,12.920984,77.584908,co,0.46,2019-07-15T19:30:00+00:00
6973,12.920984,77.584908,co,0.46,2019-07-15T19:45:00+00:00
6973,12.920984,77.584908,co,0.46,2019-07-15T20:00:00+00:00
6973,12.920984,77.584908,co,0.46,2019-07-15T20:15:00+00:00
6973,12.920984,77.584908,co,0.46,2019-07-15T20:30:00+00:00
6973,12.920984,77.584908,co,0.46,2019-07-15T20:45:00+00:00
6973,12.920984,77.584908,co,0.46,2019-07-15T21:00:00+00:00
6973,12.920984,77.584908,co,0.34,2019-07-15T21:30:00+00:00
6973,12.920984,77.584908,co,0.34,2019-07-15T21:45:00+00:00
6973,12.920984,77.584908,co,0.23,2019-07-15T22:00:00+00:00
6973,12.920984,77.584908,co,0.34,2019-07-15T23:00:00+00:00
6973,12.920984,77.584908,co,0.34,2019-07-15T23:30:00+00:00
6973,12.920984,77.584908,co,0.34,2019-07-15T23:45:00+00:00
6973,12.920984,77.584908,co,0.46,2019-07-16T00:00:00+00:00
6973,12.920984,77.584908,co,0.46,2019-07-16T00:15:00+00:00
6973,12.920984,77.584908,co,0.46,2019-07-16T00:30:00+00:00
6973,12.920984,77.584908,co,0.69,2019-07-16T00:45:00+00:00
6973,12.920984,77.584908,co,0.8,2019-07-16T01:00:00+00:00
6973,12.920984,77.584908,co,0.46,2019-07-16T01:30:00+00:00
6973,12.920984,77.584908,co,0.57,2019-07-16T01:45:00+00:00
6973,12.920984,77.584908,co,0.57,2019-07-16T02:00:00+00:00
6973,12.920984,77.584908,co,0.57,2019-07-16T02:15:00+00:00
6973,12.920984,77.584908,co,0.57,2019-07-16T02:30:00+00:00
6973,12.920984,77.584908,co,0.69,2019-07-16T02:45:00+00:00
6973,12.920984,77.584908,co,0.57,2019-07-16T03:00:00+00:00
6973,12.920984,77.584908,co,0.8,2019-07-16T03:30:00+00:00
6973,12.920984,77.584908,co,0.92,2019-07-16T03:45:00+00:00
6973,12.920984,77.584908,co,0.8,2019-07-16T04:00:00+00:00
6973,12.920984,77.584908,co,0.8,2019-07-16T04:15:00+00:00
6973,12.920984,77.584908,co,0.69,2019-07-16T04:45:00+00:00
6973,12.920984,77.584908,co,0.69,2019-07-16T05:00:00+00:00
6973,12.920984,77.584908,co,0.69,2019-07-16T05:30:00+00:00
6973,12.920984,77.584908,co,0.57,2019-07-16T05:45:00+00:00
6973,12.920984,77.584908,co,0.57,2019-07-16T06:00:00+00:00
6973,12.920984,77.584908,co,0.57,2019-07-16T06:15:00+00:00
6973,12.920984,77.584908,co,0.69,2019-07-16T06:30:00+00:00
6973,12.920984,77.584908,co,0.69,2019-07-16T06:45:00+00:00
6973,12.920984,77.584908,co,0.69,2019-07-16T07:00:00+00:00
6973,12.920984,77.584908,co,0.69,2019-07-16T07:30:00+00:00
6973,12.920984,77.584908,co,0.57,2019-07-16T07:45:00+00:00
6973,12.920984,77.584908,co,0.57,2019-07-16T08:00:00+00:00
6973,12.920984,77.584908,co,0.57,2019-07-16T08:15:00+00:00
6973,12.920984,77.584908,co,0.46,2019-07-16T08:30:00+00:00
6973,12.920984,77.584908,co,0.57,2019-07-16T08:45:00+00:00
6973,12.920984,77.584908,co,0.46,2019-07-16T09:30:00+00:00
6973,12.920984,77.584908,co,0.57,2019-07-16T09:45:00+00:00
6973,12.920984,77.584908,co,0.57,2019-07-16T10:00:00+00:00
6973,12.920984,77.584908,co,0.69,2019-07-16T10:15:00+00:00
6973,12.920984,77.584908,co,0.57,2019-07-16T10:30:00+00:00
6973,12.920984,77.584908,co,0.57,2019-07-16T10:45:00+00:00
6973,12.920984,77.584908,co,0.57,2019-07-16T11:00:00+00:00
6973,12.920984,77.584908,co,0.46,2019-07-16T11:30:00+00:00
6973,12.920984,77.584908,co,0.57,2019-07-16T11:45:00+00:00
6973,12.920984,77.584908,co,0.57,2019-07-16T12:00:00+00:00
6973,12.920984,77.584908,co,0.57,2019-07-16T12:15:00+00:00
6973,12.920984,77.584908,co,0.57,2019-07-16T12:30:00+00:00
6973,12.920984,77.584908,co,0.92,2019-07-16T12:45:00+00:00
6973,12.920984,77.584908,co,0.69,2019-07-16T13:00:00+00:00
6973,12.920984,77.584908,co,1.03,2019-07-16T13:30:00+00:00
6973,12.920984,77.584908,co,0.92,2019-07-16T13:45:00+00:00
6973,12.920984,77.584908,co,0.8,2019-07-16T14:00:00+00:00
6973,12.920984,77.584908,co,0.57,2019-07-16T14:15:00+00:00
6973,12.920984,77.584908,co,0.57,2019-07-16T14:30:00+00:00
6973,12.920984,77.584908,co,0.69,2019-07-16T14:45:00+00:00
6973,12.920984,77.584908,co,0.46,2019-07-16T15:00:00+00:00
6973,12.920984,77.584908,co,1.15,2019-07-16T15:30:00+00:00
6973,12.920984,77.584908,co,1.03,2019-07-16T15:45:00+00:00
6973,12.920984,77.584908,co,1.03,2019-07-16T16:00:00+00:00
6973,12.920984,77.584908,co,1.03,2019-07-16T16:15:00+00:00
6973,12.920984,77.584908,co,1.15,2019-07-16T16:30:00+00:00
6973,12.920984,77.584908,co,1.03,2019-07-16T16:45:00+00:00
6973,12.920984,77.584908,co,0.92,2019-07-16T17:00:00+00:00
6973,12.920984,77.584908,co,0.57,2019-07-16T17:30:00+00:00
6973,12.920984,77.584908,co,0.46,2019-07-16T17:45:00+00:00
6973,12.920984,77.584908,co,0.46,2019-07-16T18:00:00+00:00
6973,12.920984,77.584908,co,0.46,2019-07-16T18:15:00+00:00
6973,12.920984,77.584908,co,0.46,2019-07-16T18:30:00+00:00
6973,12.920984,77.584908,no2,15.7,2019-07-15T18:45:00+00:00
6973,12.920984,77.584908,no2,13.6,2019-07-15T19:00:00+00:00
6973,12.920984,77.584908,no2,12.1,2019-07-15T19:15:00+00:00
6973,12.920984,77.584908,no2,11.2,2019-07-15T19:30:00+00:00
6973,12.920984,77.584908,no2,10.6,2019-07-15T19:45:00+00:00
6973,12.920984,77.584908,no2,10.4,2019-07-15T20:00:00+00:00
6973,12.920984,77.584908,no2,10.0,2019-07-15T20:15:00+00:00
6973,12.920984,77.584908,no2,9.4,2019-07-15T20:30:00+00:00
6973,12.920984,77.584908,no2,9.9,2019-07-15T20:45:00+00:00
6973,12.920984,77.584908,no2,11.6,2019-07-15T21:00:00+00:00
6973,12.920984,77.584908,no2,12.4,2019-07-15T21:15:00+00:00
6973,12.920984,77.584908,no2,12.4,2019-07-15T21:30:00+00:00
6973,12.920984,77.584908,no2,12.1,2019-07-15T21:45:00+00:00
6973,12.920984,77.584908,no2,11.8,2019-07-15T22:00:00+00:00
6973,12.920984,77.584908,no2,11.9,2019-07-15T22:15:00+00:00
6973,12.920984,77.584908,no2,11.8,2019-07-15T22:30:00+00:00
6973,12.920984,77.584908,no2,11.3,2019-07-15T22:45:00+00:00
6973,12.920984,77.584908,no2,10.8,2019-07-15T23:00:00+00:00
6973,12.920984,77.584908,no2,13.5,2019-07-16T00:00:00+00:00
6973,12.920984,77.584908,no2,14.9,2019-07-16T00:15:00+00:00
6973,12.920984,77.584908,no2,15.7,2019-07-16T00:30:00+00:00
6973,12.920984,77.584908,no2,16.6,2019-07-16T00:45:00+00:00
6973,12.920984,77.584908,no2,17.5,2019-07-16T01:00:00+00:00
6973,12.920984,77.584908,no2,18.0,2019-07-16T01:15:00+00:00
6973,12.920984,77.584908,no2,18.1,2019-07-16T01:30:00+00:00
6973,12.920984,77.584908,no2,18.4,2019-07-16T01:45:00+00:00
6973,12.920984,77.584908,no2,18.6,2019-07-16T02:00:00+00:00
6973,12.920984,77.584908,no2,18.4,2019-07-16T02:15:00+00:00
6973,12.920984,77.584908,no2,18.1,2019-07-16T02:30:00+00:00
6973,12.920984,77.584908,no2,18.8,2019-07-16T02:45:00+00:00
6973,12.920984,77.584908,no2,19.4,2019-07-16T03:00:00+00:00
6973,12.920984,77.584908,no2,20.0,2019-07-16T03:15:00+00:00
6973,12.920984,77.584908,no2,20.6,2019-07-16T03:30:00+00:00
6973,12.920984,77.584908,no2,21.3,2019-07-16T03:45:00+00:00
6973,12.920984,77.584908,no2,21.8,2019-07-16T04:00:00+00:00
6973,12.920984,77.584908,no2,20.9,2019-07-16T04:15:00+00:00
6973,12.920984,77.584908,no2,20.4,2019-07-16T04:45:00+00:00
6973,12.920984,77.584908,no2,19.7,2019-07-16T05:00:00+00:00
6973,12.920984,77.584908,no2,19.2,2019-07-16T05:15:00+00:00
6973,12.920984,77.584908,no2,19.3,2019-07-16T05:30:00+00:00
6973,12.920984,77.584908,no2,19.2,2019-07-16T05:45:00+00:00
6973,12.920984,77.584908,no2,18.0,2019-07-16T06:00:00+00:00
6973,12.920984,77.584908,no2,16.3,2019-07-16T06:15:00+00:00
6973,12.920984,77.584908,no2,16.3,2019-07-16T06:30:00+00:00
6973,12.920984,77.584908,no2,16.8,2019-07-16T06:45:00+00:00
6973,12.920984,77.584908,no2,17.7,2019-07-16T07:00:00+00:00
6973,12.920984,77.584908,no2,17.3,2019-07-16T07:15:00+00:00
6973,12.920984,77.584908,no2,17.5,2019-07-16T07:30:00+00:00
6973,12.920984,77.584908,no2,17.4,2019-07-16T07:45:00+00:00
6973,12.920984,77.584908,no2,16.6,2019-07-16T08:00:00+00:00
6973,12.920984,77.584908,no2,16.7,2019-07-16T08:15:00+00:00
6973,12.920984,77.584908,no2,15.8,2019-07-16T08:30:00+00:00
6973,12.920984,77.584908,no2,14.7,2019-07-16T08:45:00+00:00
6973,12.920984,77.584908,no2,15.6,2019-07-16T09:15:00+00:00
6973,12.920984,77.584908,no2,15.5,2019-07-16T09:30:00+00:00
6973,12.920984,77.584908,no2,16.8,2019-07-16T09:45:00+00:00
6973,12.920984,77.584908,no2,18.2,2019-07-16T10:00:00+00:00
6973,12.920984,77.584908,no2,19.6,2019-07-16T10:15:00+00:00
6973,12.920984,77.584908,no2,21.2,2019-07-16T10:30:00+00:00
6973,12.920984,77.584908,no2,22.0,2019-07-16T10:45:00+00:00
6973,12.920984,77.584908,no2,21.8,2019-07-16T11:00:00+00:00
6973,12.920984,77.584908,no2,20.9,2019-07-16T11:15:00+00:00
6973,12.920984,77.584908,no2,19.7,2019-07-16T11:30:00+00:00
6973,12.920984,77.584908,no2,19.0,2019-07-16T11:45:00+00:00
6973,12.920984,77.584908,no2,20.5,2019-07-16T12:00:00+00:00
6973,12.920984,77.584908,no2,21.5,2019-07-16T12:15:00+00:00
6973,12.920984,77.584908,no2,23.4,2019-07-16T12:30:00+00:00
6973,12.920984,77.584908,no2,25.8,2019-07-16T12:45:00+00:00
6973,12.920984,77.584908,no2,27.2,2019-07-16T13:00:00+00:00
6973,12.920984,77.584908,no2,27.4,2019-07-16T13:15:00+00:00
6973,12.920984,77.584908,no2,28.2,2019-07-16T13:30:00+00:00
6973,12.920984,77.584908,no2,28.7,2019-07-16T13:45:00+00:00
6973,12.920984,77.584908,no2,28.4,2019-07-16T14:00:00+00:00
6973,12.920984,77.584908,no2,28.8,2019-07-16T14:15:00+00:00
6973,12.920984,77.584908,no2,28.9,2019-07-16T14:30:00+00:00
6973,12.920984,77.584908,no2,28.4,2019-07-16T14:45:00+00:00
6973,12.920984,77.584908,no2,29.0,2019-07-16T15:00:00+00:00
6973,12.920984,77.584908,no2,28.1,2019-07-16T15:15:00+00:00
6973,12.920984,77.584908,no2,27.2,2019-07-16T15:30:00+00:00
6973,12.920984,77.584908,no2,27.2,2019-07-16T15:45:00+00:00
6973,12.920984,77.584908,no2,26.3,2019-07-16T16:00:00+00:00
6973,12.920984,77.584908,no2,25.4,2019-07-16T16:15:00+00:00
6973,12.920984,77.584908,no2,24.7,2019-07-16T16:30:00+00:00
6973,12.920984,77.584908,no2,24.8,2019-07-16T16:45:00+00:00
6973,12.920984,77.584908,no2,24.1,2019-07-16T17:00:00+00:00
6973,12.920984,77.584908,no2,23.1,2019-07-16T17:15:00+00:00
6973,12.920984,77.584908,no2,21.4,2019-07-16T17:30:00+00:00
6973,12.920984,77.584908,no2,19.7,2019-07-16T17:45:00+00:00
6973,12.920984,77.584908,no2,18.4,2019-07-16T18:00:00+00:00
6973,12.920984,77.584908,no2,17.4,2019-07-16T18:15:00+00:00
6973,12.920984,77.584908,no2,16.1,2019-07-16T18:30:00+00:00
6973,12.920984,77.584908,so2,3.1,2019-07-15T18:45:00+00:00
6973,12.920984,77.584908,so2,3.1,2019-07-15T19:00:00+00:00
6973,12.920984,77.584908,so2,3.1,2019-07-15T19:15:00+00:00
6973,12.920984,77.584908,so2,2.9,2019-07-15T19:30:00+00:00
6973,12.920984,77.584908,so2,2.9,2019-07-15T19:45:00+00:00
6973,12.920984,77.584908,so2,3.1,2019-07-15T20:00:00+00:00
6973,12.920984,77.584908,so2,3.2,2019-07-15T20:15:00+00:00
6973,12.920984,77.584908,so2,3.1,2019-07-15T20:30:00+00:00
6973,12.920984,77.584908,so2,2.9,2019-07-15T20:45:00+00:00
6973,12.920984,77.584908,so2,2.9,2019-07-15T21:00:00+00:00
6973,12.920984,77.584908,so2,2.6,2019-07-15T21:15:00+00:00
6973,12.920984,77.584908,so2,2.6,2019-07-15T21:30:00+00:00
6973,12.920984,77.584908,so2,2.9,2019-07-15T21:45:00+00:00
6973,12.920984,77.584908,so2,3.1,2019-07-15T22:00:00+00:00
6973,12.920984,77.584908,so2,3.2,2019-07-15T22:30:00+00:00
6973,12.920984,77.584908,so2,3.4,2019-07-15T22:45:00+00:00
6973,12.920984,77.584908,so2,3.5,2019-07-15T23:00:00+00:00
6973,12.920984,77.584908,so2,3.5,2019-07-15T23:15:00+00:00
6973,12.920984,77.584908,so2,3.5,2019-07-15T23:30:00+00:00
6973,12.920984,77.584908,so2,3.6,2019-07-15T23:45:00+00:00
6973,12.920984,77.584908,so2,3.6,2019-07-16T00:00:00+00:00
6973,12.920984,77.584908,so2,4.0,2019-07-16T01:00:00+00:00
6973,12.920984,77.584908,so2,3.6,2019-07-16T01:15:00+00:00
6973,12.920984,77.584908,so2,3.7,2019-07-16T01:30:00+00:00
6973,12.920984,77.584908,so2,3.7,2019-07-16T01:45:00+00:00
6973,12.920984,77.584908,so2,3.7,2019-07-16T02:00:00+00:00
6973,12.920984,77.584908,so2,3.2,2019-07-16T02:30:00+00:00
6973,12.920984,77.584908,so2,3.0,2019-07-16T02:45:00+00:00
6973,12.920984,77.584908,so2,3.0,2019-07-16T03:00:00+00:00
6973,12.920984,77.584908,so2,3.2,2019-07-16T03:15:00+00:00
6973,12.920984,77.584908,so2,3.1,2019-07-16T03:30:00+00:00
6973,12.920984,77.584908,so2,3.1,2019-07-16T03:45:00+00:00
6973,12.920984,77.584908,so2,3.1,2019-07-16T04:00:00+00:00
6973,12.920984,77.584908,so2,3.0,2019-07-16T04:15:00+00:00
6973,12.920984,77.584908,so2,3.1,2019-07-16T04:45:00+00:00
6973,12.920984,77.584908,so2,3.2,2019-07-16T05:00:00+00:00
6973,12.920984,77.584908,so2,2.8,2019-07-16T05:15:00+00:00
6973,12.920984,77.584908,so2,2.7,2019-07-16T05:30:00+00:00
6973,12.920984,77.584908,so2,2.8,2019-07-16T05:45:00+00:00
6973,12.920984,77.584908,so2,3.1,2019-07-16T06:00:00+00:00
6973,12.920984,77.584908,so2,3.2,2019-07-16T06:30:00+00:00
6973,12.920984,77.584908,so2,3.3,2019-07-16T06:45:00+00:00
6973,12.920984,77.584908,so2,3.3,2019-07-16T07:00:00+00:00
6973,12.920984,77.584908,so2,3.3,2019-07-16T07:15:00+00:00
6973,12.920984,77.584908,so2,3.4,2019-07-16T07:30:00+00:00
6973,12.920984,77.584908,so2,3.3,2019-07-16T07:45:00+00:00
6973,12.920984,77.584908,so2,3.1,2019-07-16T08:00:00+00:00
6973,12.920984,77.584908,so2,3.2,2019-07-16T08:15:00+00:00
6973,12.920984,77.584908,so2,3.2,2019-07-16T08:30:00+00:00
6973,12.920984,77.584908,so2,3.1,2019-07-16T08:45:00+00:00
6973,12.920984,77.584908,so2,2.6,2019-07-16T09:15:00+00:00
6973,12.920984,77.584908,so2,2.8,2019-07-16T09:30:00+00:00
6973,12.920984,77.584908,so2,2.9,2019-07-16T09:45:00+00:00
6973,12.920984,77.584908,so2,2.9,2019-07-16T10:00:00+00:00
6973,12.920984,77.584908,so2,3.4,2019-07-16T10:30:00+00:00
6973,12.920984,77.584908,so2,3.7,2019-07-16T10:45:00+00:00
6973,12.920984,77.584908,so2,3.9,2019-07-16T11:00:00+00:00
6973,12.920984,77.584908,so2,3.7,2019-07-16T11:15:00+00:00
6973,12.920984,77.584908,so2,3.8,2019-07-16T11:30:00+00:00
6973,12.920984,77.584908,so2,3.7,2019-07-16T11:45:00+00:00
6973,12.920984,77.584908,so2,3.7,2019-07-16T12:00:00+00:00
6973,12.920984,77.584908,so2,3.7,2019-07-16T12:15:00+00:00
6973,12.920984,77.584908,so2,3.6,2019-07-16T12:30:00+00:00
6973,12.920984,77.584908,so2,3.5,2019-07-16T12:45:00+00:00
6973,12.920984,77.584908,so2,3.6,2019-07-16T13:00:00+00:00
6973,12.920984,77.584908,so2,3.8,2019-07-16T13:15:00+00:00
6973,12.920984,77.584908,so2,3.7,2019-07-16T13:30:00+00:00
6973,12.920984,77.584908,so2,3.6,2019-07-16T13:45:00+00:00
6973,12.920984,77.584908,so2,3.7,2019-07-16T14:00:00+00:00
6973,12.920984,77.584908,so2,3.7,2019-07-16T14:30:00+00:00
6973,12.920984,77.584908,so2,3.4,2019-07-16T14:45:00+00:00
6973,12.920984,77.584908,so2,3.5,2019-07-16T15:00:00+00:00
6973,12.920984,77.584908,so2,3.4,2019-07-16T15:15:00+00:00
6973,12.920984,77.584908,so2,3.5,2019-07-16T15:30:00+00:00
6973,12.920984,77.584908,so2,3.6,2019-07-16T15:45:00+00:00
6973,12.920984,77.584908,so2,3.5,2019-07-16T16:00:00+00:00
6973,12.920984,77.584908,so2,3.6,2019-07-16T16:15:00+00:00
6973,12.920984,77.584908,so2,3.6,2019-07-16T16:30:00+00:00
6973,12.920984,77.584908,so2,3.6,2019-07-16T16:45:00+00:00
6973,12.920984,77.584908,so2,3.4,2019-07-16T17:00:00+00:00
6973,12.920984,77.584908,so2,3.1,2019-07-16T17:15:00+00:00
6973,12.920984,77.584908,so2,3.4,2019-07-16T17:30:00+00:00
6973,12.920984,77.584908,so2,3.4,2019-07-16T17:45:00+00:00
6973,12.920984,77.584908,so2,3.2,2019-07-16T18:00:00+00:00
6973,12.920984,77.584908,so2,2.9,2019-07-16T18:30:00+00:00
6975,12.917348,77.622813,pm10,85.0,2019-07-10T06:45:00+00:00
6975,12.917348,77.622813,pm10,85.0,2019-07-10T07:00:00+00:00
6975,12.917348,77.622813,pm10,86.0,2019-07-10T07:15:00+00:00
6975,12.917348,77.622813,pm10,86.0,2019-07-10T07:30:00+00:00
6975,12.917348,77.622813,pm10,86.0,2019-07-10T07:45:00+00:00
6975,12.917348,77.622813,pm10,86.0,2019-07-10T08:00:00+00:00
6975,12.917348,77.622813,pm10,97.0,2019-07-10T08:15:00+00:00
6975,12.917348,77.622813,pm10,97.0,2019-07-10T08:30:00+00:00
6975,12.917348,77.622813,pm10,97.0,2019-07-10T08:45:00+00:00
6975,12.917348,77.622813,pm10,97.0,2019-07-10T09:00:00+00:00
6975,12.917348,77.622813,pm10,78.0,2019-07-10T09:15:00+00:00
6975,12.917348,77.622813,pm10,78.0,2019-07-10T09:30:00+00:00
6975,12.917348,77.622813,pm10,78.0,2019-07-10T09:45:00+00:00
6975,12.917348,77.622813,pm10,78.0,2019-07-10T10:00:00+00:00
6975,12.917348,77.622813,pm10,83.0,2019-07-10T10:15:00+00:00
6975,12.917348,77.622813,pm10,83.0,2019-07-10T10:30:00+00:00
6975,12.917348,77.622813,pm10,83.0,2019-07-10T10:45:00+00:00
6975,12.917348,77.622813,pm10,83.0,2019-07-10T11:00:00+00:00
6975,12.917348,77.622813,pm10,100.0,2019-07-10T11:15:00+00:00
6975,12.917348,77.622813,pm10,100.0,2019-07-10T11:30:00+00:00
6975,12.917348,77.622813,pm10,100.0,2019-07-10T11:45:00+00:00
6975,12.917348,77.622813,pm10,100.0,2019-07-10T12:00:00+00:00
6975,12.917348,77.622813,pm10,99.0,2019-07-10T12:15:00+00:00
6975,12.917348,77.622813,pm10,99.0,2019-07-10T12:30:00+00:00
6975,12.917348,77.622813,pm10,99.0,2019-07-10T12:45:00+00:00
6975,12.917348,77.622813,pm10,99.0,2019-07-10T13:00:00+00:00
6975,12.917348,77.622813,pm10,114.0,2019-07-10T13:15:00+00:00
6975,12.917348,77.622813,pm10,114.0,2019-07-10T13:30:00+00:00
6975,12.917348,77.622813,pm10,114.0,2019-07-10T13:45:00+00:00
6975,12.917348,77.622813,pm10,114.0,2019-07-10T14:00:00+00:00
6975,12.917348,77.622813,pm10,80.0,2019-07-10T14:15:00+00:00
6975,12.917348,77.622813,pm10,80.0,2019-07-10T14:30:00+00:00
6975,12.917348,77.622813,pm10,80.0,2019-07-10T14:45:00+00:00
6975,12.917348,77.622813,pm10,80.0,2019-07-10T15:00:00+00:00
6975,12.917348,77.622813,pm10,73.0,2019-07-10T15:15:00+00:00
6975,12.917348,77.622813,pm10,73.0,2019-07-10T15:30:00+00:00
6975,12.917348,77.622813,pm10,73.0,2019-07-10T15:45:00+00:00
6975,12.917348,77.622813,pm10,73.0,2019-07-10T16:00:00+00:00
6975,12.917348,77.622813,pm10,83.0,2019-07-10T16:15:00+00:00
6975,12.917348,77.622813,pm10,83.0,2019-07-10T16:30:00+00:00
6975,12.917348,77.622813,pm10,83.0,2019-07-10T16:45:00+00:00
6975,12.917348,77.622813,pm10,83.0,2019-07-10T17:00:00+00:00
6975,12.917348,77.622813,pm10,61.0,2019-07-10T17:15:00+00:00
6975,12.917348,77.622813,pm10,61.0,2019-07-10T17:30:00+00:00
6975,12.917348,77.622813,pm10,61.0,2019-07-10T17:45:00+00:00
6975,12.917348,77.622813,pm10,61.0,2019-07-10T18:00:00+00:00
6975,12.917348,77.622813,pm10,56.0,2019-07-10T18:15:00+00:00
6975,12.917348,77.622813,pm10,56.0,2019-07-10T18:30:00+00:00
6975,12.917348,77.622813,pm25,16.0,2019-07-10T06:45:00+00:00
6975,12.917348,77.622813,pm25,16.0,2019-07-10T07:00:00+00:00
6975,12.917348,77.622813,pm25,16.0,2019-07-10T07:15:00+00:00
6975,12.917348,77.622813,pm25,16.0,2019-07-10T07:30:00+00:00
6975,12.917348,77.622813,pm25,16.0,2019-07-10T07:45:00+00:00
6975,12.917348,77.622813,pm25,16.0,2019-07-10T08:00:00+00:00
6975,12.917348,77.622813,pm25,11.0,2019-07-10T08:15:00+00:00
6975,12.917348,77.622813,pm25,11.0,2019-07-10T08:30:00+00:00
6975,12.917348,77.622813,pm25,11.0,2019-07-10T08:45:00+00:00
6975,12.917348,77.622813,pm25,11.0,2019-07-10T09:00:00+00:00
6975,12.917348,77.622813,pm25,9.0,2019-07-10T09:15:00+00:00
6975,12.917348,77.622813,pm25,9.0,2019-07-10T09:30:00+00:00
6975,12.917348,77.622813,pm25,9.0,2019-07-10T09:45:00+00:00
6975,12.917348,77.622813,pm25,9.0,2019-07-10T10:00:00+00:00
6975,12.917348,77.622813,pm25,17.0,2019-07-10T10:15:00+00:00
6975,12.917348,77.622813,pm25,17.0,2019-07-10T10:30:00+00:00
6975,12.917348,77.622813,pm25,17.0,2019-07-10T10:45:00+00:00
6975,12.917348,77.622813,pm25,17.0,2019-07-10T11:00:00+00:00
6975,12.917348,77.622813,pm25,13.0,2019-07-10T11:15:00+00:00
6975,12.917348,77.622813,pm25,13.0,2019-07-10T11:30:00+00:00
6975,12.917348,77.622813,pm25,13.0,2019-07-10T11:45:00+00:00
6975,12.917348,77.622813,pm25,13.0,2019-07-10T12:00:00+00:00
6975,12.917348,77.622813,pm25,16.0,2019-07-10T12:15:00+00:00
6975,12.917348,77.622813,pm25,16.0,2019-07-10T12:30:00+00:00
6975,12.917348,77.622813,pm25,16.0,2019-07-10T12:45:00+00:00
6975,12.917348,77.622813,pm25,16.0,2019-07-10T13:00:00+00:00
6975,12.917348,77.622813,pm25,19.0,2019-07-10T13:15:00+00:00
6975,12.917348,77.622813,pm25,19.0,2019-07-10T13:30:00+00:00
6975,12.917348,77.622813,pm25,19.0,2019-07-10T13:45:00+00:00
6975,12.917348,77.622813,pm25,19.0,2019-07-10T14:00:00+00:00
6975,12.917348,77.622813,pm25,22.0,2019-07-10T14:15:00+00:00
6975,12.917348,77.622813,pm25,22.0,2019-07-10T14:30:00+00:00
6975,12.917348,77.622813,pm25,22.0,2019-07-10T14:45:00+00:00
6975,12.917348,77.622813,pm25,22.0,2019-07-10T15:00:00+00:00
6975,12.917348,77.622813,pm25,13.0,2019-07-10T15:15:00+00:00
6975,12.917348,77.622813,pm25,13.0,2019-07-10T15:30:00+00:00
6975,12.917348,77.622813,pm25,13.0,2019-07-10T15:45:00+00:00
6975,12.917348,77.622813,pm25,13.0,2019-07-10T16:00:00+00:00
6975,12.917348,77.622813,pm25,17.0,2019-07-10T16:15:00+00:00
6975,12.917348,77.622813,pm25,17.0,2019-07-10T16:30:00+00:00
6975,12.917348,77.622813,pm25,17.0,2019-07-10T16:45:00+00:00
6975,12.917348,77.622813,pm25,17.0,2019-07-10T17:00:00+00:00
6975,12.917348,77.622813,pm25,16.0,2019-07-10T17:15:00+00:00
6975,12.917348,77.622813,pm25,16.0,2019-07-10T17:30:00+00:00
6975,12.917348,77.622813,pm25,16.0,2019-07-10T17:45:00+00:00
6975,12.917348,77.622813,pm25,16.0,2019-07-10T18:00:00+00:00
6975,12.917348,77.622813,pm25,16.0,2019-07-10T18:15:00+00:00
6975,12.917348,77.622813,pm25,16.0,2019-07-10T18:30:00+00:00
6975,12.917348,77.622813,co,1.15,2019-07-10T06:45:00+00:00
6975,12.917348,77.622813,co,1.08,2019-07-10T07:00:00+00:00
6975,12.917348,77.622813,co,1.02,2019-07-10T07:15:00+00:00
6975,12.917348,77.622813,co,1.16,2019-07-10T07:30:00+00:00
6975,12.917348,77.622813,co,1.1,2019-07-10T07:45:00+00:00
6975,12.917348,77.622813,co,0.96,2019-07-10T08:00:00+00:00
6975,12.917348,77.622813,co,0.93,2019-07-10T08:15:00+00:00
6975,12.917348,77.622813,co,0.9,2019-07-10T08:30:00+00:00
6975,12.917348,77.622813,co,0.92,2019-07-10T08:45:00+00:00
6975,12.917348,77.622813,co,0.92,2019-07-10T09:00:00+00:00
6975,12.917348,77.622813,co,0.8,2019-07-10T09:15:00+00:00
6975,12.917348,77.622813,co,0.84,2019-07-10T09:30:00+00:00
6975,12.917348,77.622813,co,0.97,2019-07-10T09:45:00+00:00
6975,12.917348,77.622813,co,0.89,2019-07-10T10:00:00+00:00
6975,12.917348,77.622813,co,1.03,2019-07-10T10:15:00+00:00
6975,12.917348,77.622813,co,1.24,2019-07-10T10:30:00+00:00
6975,12.917348,77.622813,co,1.17,2019-07-10T10:45:00+00:00
6975,12.917348,77.622813,co,1.09,2019-07-10T11:00:00+00:00
6975,12.917348,77.622813,co,1.17,2019-07-10T11:15:00+00:00
6975,12.917348,77.622813,co,1.1,2019-07-10T11:30:00+00:00
6975,12.917348,77.622813,co,0.89,2019-07-10T11:45:00+00:00
6975,12.917348,77.622813,co,1.0,2019-07-10T12:00:00+00:00
6975,12.917348,77.622813,co,0.97,2019-07-10T12:15:00+00:00
6975,12.917348,77.622813,co,1.12,2019-07-10T12:30:00+00:00
6975,12.917348,77.622813,co,1.2,2019-07-10T12:45:00+00:00
6975,12.917348,77.622813,co,1.17,2019-07-10T13:00:00+00:00
6975,12.917348,77.622813,co,1.24,2019-07-10T13:15:00+00:00
6975,12.917348,77.622813,co,1.41,2019-07-10T13:30:00+00:00
6975,12.917348,77.622813,co,1.66,2019-07-10T13:45:00+00:00
6975,12.917348,77.622813,co,1.89,2019-07-10T14:00:00+00:00
6975,12.917348,77.622813,co,1.94,2019-07-10T14:15:00+00:00
6975,12.917348,77.622813,co,1.92,2019-07-10T14:30:00+00:00
6975,12.917348,77.622813,co,1.74,2019-07-10T14:45:00+00:00
6975,12.917348,77.622813,co,1.55,2019-07-10T15:00:00+00:00
6975,12.917348,77.622813,co,1.4,2019-07-10T15:15:00+00:00
6975,12.917348,77.622813,co,1.44,2019-07-10T15:30:00+00:00
6975,12.917348,77.622813,co,1.29,2019-07-10T15:45:00+00:00
6975,12.917348,77.622813,co,1.27,2019-07-10T16:00:00+00:00
6975,12.917348,77.622813,co,1.21,2019-07-10T16:15:00+00:00
6975,12.917348,77.622813,co,1.11,2019-07-10T16:30:00+00:00
6975,12.917348,77.622813,co,0.94,2019-07-10T16:45:00+00:00
6975,12.917348,77.622813,co,0.78,2019-07-10T17:00:00+00:00
6975,12.917348,77.622813,co,0.77,2019-07-10T17:15:00+00:00
6975,12.917348,77.622813,co,0.7,2019-07-10T17:30:00+00:00
6975,12.917348,77.622813,co,0.63,2019-07-10T17:45:00+00:00
6975,12.917348,77.622813,co,0.65,2019-07-10T18:00:00+00:00
6975,12.917348,77.622813,co,0.63,2019-07-10T18:30:00+00:00
6975,12.917348,77.622813,no2,58.3,2019-07-10T06:45:00+00:00
6975,12.917348,77.622813,no2,47.9,2019-07-10T07:00:00+00:00
6975,12.917348,77.622813,no2,47.0,2019-07-10T07:15:00+00:00
6975,12.917348,77.622813,no2,48.1,2019-07-10T07:30:00+00:00
6975,12.917348,77.622813,no2,48.3,2019-07-10T07:45:00+00:00
6975,12.917348,77.622813,no2,48.5,2019-07-10T08:00:00+00:00
6975,12.917348,77.622813,no2,51.3,2019-07-10T08:15:00+00:00
6975,12.917348,77.622813,no2,50.0,2019-07-10T08:30:00+00:00
6975,12.917348,77.622813,no2,48.7,2019-07-10T08:45:00+00:00
6975,12.917348,77.622813,no2,47.4,2019-07-10T09:00:00+00:00
6975,12.917348,77.622813,no2,45.7,2019-07-10T09:15:00+00:00
6975,12.917348,77.622813,no2,45.1,2019-07-10T09:30:00+00:00
6975,12.917348,77.622813,no2,44.6,2019-07-10T09:45:00+00:00
6975,12.917348,77.622813,no2,45.1,2019-07-10T10:00:00+00:00
6975,12.917348,77.622813,no2,44.9,2019-07-10T10:15:00+00:00
6975,12.917348,77.622813,no2,44.6,2019-07-10T10:30:00+00:00
6975,12.917348,77.622813,no2,44.0,2019-07-10T10:45:00+00:00
6975,12.917348,77.622813,no2,43.1,2019-07-10T11:00:00+00:00
6975,12.917348,77.622813,no2,42.3,2019-07-10T11:15:00+00:00
6975,12.917348,77.622813,no2,53.6,2019-07-10T11:30:00+00:00
6975,12.917348,77.622813,no2,47.6,2019-07-10T11:45:00+00:00
6975,12.917348,77.622813,no2,51.7,2019-07-10T12:00:00+00:00
6975,12.917348,77.622813,no2,47.0,2019-07-10T12:15:00+00:00
6975,12.917348,77.622813,no2,46.1,2019-07-10T12:30:00+00:00
6975,12.917348,77.622813,no2,54.0,2019-07-10T12:45:00+00:00
6975,12.917348,77.622813,no2,51.5,2019-07-10T13:00:00+00:00
6975,12.917348,77.622813,no2,49.4,2019-07-10T13:15:00+00:00
6975,12.917348,77.622813,no2,50.8,2019-07-10T13:30:00+00:00
6975,12.917348,77.622813,no2,50.8,2019-07-10T13:45:00+00:00
6975,12.917348,77.622813,no2,54.7,2019-07-10T14:00:00+00:00
6975,12.917348,77.622813,no2,57.2,2019-07-10T14:15:00+00:00
6975,12.917348,77.622813,no2,56.6,2019-07-10T14:30:00+00:00
6975,12.917348,77.622813,no2,52.6,2019-07-10T14:45:00+00:00
6975,12.917348,77.622813,no2,51.9,2019-07-10T15:00:00+00:00
6975,12.917348,77.622813,no2,51.9,2019-07-10T15:15:00+00:00
6975,12.917348,77.622813,no2,52.6,2019-07-10T15:30:00+00:00
6975,12.917348,77.622813,no2,53.6,2019-07-10T15:45:00+00:00
6975,12.917348,77.622813,no2,51.3,2019-07-10T16:00:00+00:00
6975,12.917348,77.622813,no2,50.2,2019-07-10T16:15:00+00:00
6975,12.917348,77.622813,no2,48.1,2019-07-10T16:30:00+00:00
6975,12.917348,77.622813,no2,47.9,2019-07-10T16:45:00+00:00
6975,12.917348,77.622813,no2,45.9,2019-07-10T17:00:00+00:00
6975,12.917348,77.622813,no2,45.7,2019-07-10T17:15:00+00:00
6975,12.917348,77.622813,no2,46.4,2019-07-10T17:30:00+00:00
6975,12.917348,77.622813,no2,46.4,2019-07-10T17:45:00+00:00
6975,12.917348,77.622813,no2,44.7,2019-07-10T18:00:00+00:00
6975,12.917348,77.622813,no2,43.2,2019-07-10T18:15:00+00:00
6975,12.917348,77.622813,no2,41.2,2019-07-10T18:30:00+00:00
6975,12.917348,77.622813,so2,5.0,2019-07-10T06:45:00+00:00
6975,12.917348,77.622813,so2,4.7,2019-07-10T07:00:00+00:00
6975,12.917348,77.622813,so2,5.0,2019-07-10T07:15:00+00:00
6975,12.917348,77.622813,so2,4.7,2019-07-10T07:30:00+00:00
6975,12.917348,77.622813,so2,4.7,2019-07-10T07:45:00+00:00
6975,12.917348,77.622813,so2,3.9,2019-07-10T08:00:00+00:00
6975,12.917348,77.622813,so2,3.7,2019-07-10T08:15:00+00:00
6975,12.917348,77.622813,so2,3.9,2019-07-10T08:30:00+00:00
6975,12.917348,77.622813,so2,3.4,2019-07-10T08:45:00+00:00
6975,12.917348,77.622813,so2,3.4,2019-07-10T09:00:00+00:00
6975,12.917348,77.622813,so2,3.1,2019-07-10T09:15:00+00:00
6975,12.917348,77.622813,so2,3.7,2019-07-10T09:30:00+00:00
6975,12.917348,77.622813,so2,3.9,2019-07-10T09:45:00+00:00
6975,12.917348,77.622813,so2,3.7,2019-07-10T10:00:00+00:00
6975,12.917348,77.622813,so2,4.7,2019-07-10T10:15:00+00:00
6975,12.917348,77.622813,so2,5.2,2019-07-10T10:30:00+00:00
6975,12.917348,77.622813,so2,4.2,2019-07-10T10:45:00+00:00
6975,12.917348,77.622813,so2,3.4,2019-07-10T11:00:00+00:00
6975,12.917348,77.622813,so2,3.7,2019-07-10T11:15:00+00:00
6975,12.917348,77.622813,so2,5.0,2019-07-10T11:30:00+00:00
6975,12.917348,77.622813,so2,5.5,2019-07-10T11:45:00+00:00
6975,12.917348,77.622813,so2,6.3,2019-07-10T12:00:00+00:00
6975,12.917348,77.622813,so2,5.0,2019-07-10T12:15:00+00:00
6975,12.917348,77.622813,so2,5.0,2019-07-10T12:30:00+00:00
6975,12.917348,77.622813,so2,5.2,2019-07-10T12:45:00+00:00
6975,12.917348,77.622813,so2,5.0,2019-07-10T13:00:00+00:00
6975,12.917348,77.622813,so2,4.7,2019-07-10T13:15:00+00:00
6975,12.917348,77.622813,so2,4.5,2019-07-10T13:30:00+00:00
6975,12.917348,77.622813,so2,4.7,2019-07-10T13:45:00+00:00
6975,12.917348,77.622813,so2,5.8,2019-07-10T14:00:00+00:00
6975,12.917348,77.622813,so2,5.8,2019-07-10T14:15:00+00:00
6975,12.917348,77.622813,so2,5.8,2019-07-10T14:30:00+00:00
6975,12.917348,77.622813,so2,6.3,2019-07-10T14:45:00+00:00
6975,12.917348,77.622813,so2,5.5,2019-07-10T15:00:00+00:00
6975,12.917348,77.622813,so2,4.7,2019-07-10T15:15:00+00:00
6975,12.917348,77.622813,so2,5.0,2019-07-10T15:30:00+00:00
6975,12.917348,77.622813,so2,4.5,2019-07-10T15:45:00+00:00
6975,12.917348,77.622813,so2,4.5,2019-07-10T16:00:00+00:00
6975,12.917348,77.622813,so2,4.7,2019-07-10T16:15:00+00:00
6975,12.917348,77.622813,so2,4.7,2019-07-10T16:30:00+00:00
6975,12.917348,77.622813,so2,3.9,2019-07-10T16:45:00+00:00
6975,12.917348,77.622813,so2,3.9,2019-07-10T17:00:00+00:00
6975,12.917348,77.622813,so2,4.2,2019-07-10T17:15:00+00:00
6975,12.917348,77.622813,so2,3.9,2019-07-10T17:30:00+00:00
6975,12.917348,77.622813,so2,3.9,2019-07-10T17:45:00+00:00
6975,12.917348,77.622813,so2,3.9,2019-07-10T18:00:00+00:00
6975,12.917348,77.622813,so2,3.7,2019-07-10T18:30:00+00:00
6975,12.917348,77.622813,pm10,56.0,2019-07-10T18:45:00+00:00
6975,12.917348,77.622813,pm10,56.0,2019-07-10T19:00:00+00:00
6975,12.917348,77.622813,pm10,51.0,2019-07-10T19:15:00+00:00
6975,12.917348,77.622813,pm10,51.0,2019-07-10T19:30:00+00:00
6975,12.917348,77.622813,pm10,51.0,2019-07-10T19:45:00+00:00
6975,12.917348,77.622813,pm10,51.0,2019-07-10T20:00:00+00:00
6975,12.917348,77.622813,pm10,30.0,2019-07-10T20:15:00+00:00
6975,12.917348,77.622813,pm10,30.0,2019-07-10T20:30:00+00:00
6975,12.917348,77.622813,pm10,30.0,2019-07-10T20:45:00+00:00
6975,12.917348,77.622813,pm10,30.0,2019-07-10T21:00:00+00:00
6975,12.917348,77.622813,pm10,36.0,2019-07-10T21:15:00+00:00
6975,12.917348,77.622813,pm10,36.0,2019-07-10T21:30:00+00:00
6975,12.917348,77.622813,pm10,36.0,2019-07-10T21:45:00+00:00
6975,12.917348,77.622813,pm10,27.0,2019-07-10T22:45:00+00:00
6975,12.917348,77.622813,pm10,53.0,2019-07-11T00:30:00+00:00
6975,12.917348,77.622813,pm10,53.0,2019-07-11T00:45:00+00:00
6975,12.917348,77.622813,pm10,53.0,2019-07-11T01:00:00+00:00
6975,12.917348,77.622813,pm10,96.0,2019-07-11T01:15:00+00:00
6975,12.917348,77.622813,pm10,96.0,2019-07-11T01:30:00+00:00
6975,12.917348,77.622813,pm10,96.0,2019-07-11T01:45:00+00:00
6975,12.917348,77.622813,pm10,96.0,2019-07-11T02:00:00+00:00
6975,12.917348,77.622813,pm10,84.0,2019-07-11T02:15:00+00:00
6975,12.917348,77.622813,pm10,84.0,2019-07-11T02:30:00+00:00
6975,12.917348,77.622813,pm10,84.0,2019-07-11T02:45:00+00:00
6975,12.917348,77.622813,pm10,84.0,2019-07-11T03:00:00+00:00
6975,12.917348,77.622813,pm10,92.0,2019-07-11T03:15:00+00:00
6975,12.917348,77.622813,pm10,92.0,2019-07-11T03:30:00+00:00
6975,12.917348,77.622813,pm10,92.0,2019-07-11T03:45:00+00:00
6975,12.917348,77.622813,pm10,92.0,2019-07-11T04:00:00+00:00
6975,12.917348,77.622813,pm10,85.0,2019-07-11T04:15:00+00:00
6975,12.917348,77.622813,pm10,85.0,2019-07-11T04:30:00+00:00
6975,12.917348,77.622813,pm10,85.0,2019-07-11T04:45:00+00:00
6975,12.917348,77.622813,pm10,85.0,2019-07-11T05:00:00+00:00
6975,12.917348,77.622813,pm10,89.0,2019-07-11T05:15:00+00:00
6975,12.917348,77.622813,pm10,89.0,2019-07-11T05:30:00+00:00
6975,12.917348,77.622813,pm10,89.0,2019-07-11T05:45:00+00:00
6975,12.917348,77.622813,pm10,89.0,2019-07-11T06:00:00+00:00
6975,12.917348,77.622813,pm10,85.0,2019-07-11T06:15:00+00:00
6975,12.917348,77.622813,pm10,85.0,2019-07-11T06:30:00+00:00
6975,12.917348,77.622813,pm10,85.0,2019-07-11T06:45:00+00:00
6975,12.917348,77.622813,pm10,85.0,2019-07-11T07:00:00+00:00
6975,12.917348,77.622813,pm10,102.0,2019-07-11T07:15:00+00:00
6975,12.917348,77.622813,pm10,102.0,2019-07-11T07:30:00+00:00
6975,12.917348,77.622813,pm10,102.0,2019-07-11T07:45:00+00:00
6975,12.917348,77.622813,pm10,102.0,2019-07-11T08:00:00+00:00
6975,12.917348,77.622813,pm10,89.0,2019-07-11T08:15:00+00:00
6975,12.917348,77.622813,pm10,89.0,2019-07-11T08:30:00+00:00
6975,12.917348,77.622813,pm10,89.0,2019-07-11T08:45:00+00:00
6975,12.917348,77.622813,pm10,89.0,2019-07-11T09:00:00+00:00
6975,12.917348,77.622813,pm10,99.0,2019-07-11T09:15:00+00:00
6975,12.917348,77.622813,pm10,99.0,2019-07-11T09:30:00+00:00
6975,12.917348,77.622813,pm10,99.0,2019-07-11T09:45:00+00:00
6975,12.917348,77.622813,pm10,99.0,2019-07-11T10:00:00+00:00
6975,12.917348,77.622813,pm10,81.0,2019-07-11T10:15:00+00:00
6975,12.917348,77.622813,pm10,81.0,2019-07-11T10:30:00+00:00
6975,12.917348,77.622813,pm10,81.0,2019-07-11T10:45:00+00:00
6975,12.917348,77.622813,pm10,81.0,2019-07-11T11:00:00+00:00
6975,12.917348,77.622813,pm10,90.0,2019-07-11T11:15:00+00:00
6975,12.917348,77.622813,pm10,90.0,2019-07-11T11:30:00+00:00
6975,12.917348,77.622813,pm10,90.0,2019-07-11T11:45:00+00:00
6975,12.917348,77.622813,pm10,90.0,2019-07-11T12:00:00+00:00
6975,12.917348,77.622813,pm10,577.0,2019-07-11T12:15:00+00:00
6975,12.917348,77.622813,pm10,577.0,2019-07-11T12:30:00+00:00
6975,12.917348,77.622813,pm10,577.0,2019-07-11T12:45:00+00:00
6975,12.917348,77.622813,pm10,577.0,2019-07-11T13:00:00+00:00
6975,12.917348,77.622813,pm10,218.0,2019-07-11T13:15:00+00:00
6975,12.917348,77.622813,pm10,218.0,2019-07-11T13:30:00+00:00
6975,12.917348,77.622813,pm10,218.0,2019-07-11T13:45:00+00:00
6975,12.917348,77.622813,pm10,218.0,2019-07-11T14:00:00+00:00
6975,12.917348,77.622813,pm10,357.0,2019-07-11T14:15:00+00:00
6975,12.917348,77.622813,pm10,357.0,2019-07-11T14:30:00+00:00
6975,12.917348,77.622813,pm10,357.0,2019-07-11T14:45:00+00:00
6975,12.917348,77.622813,pm10,357.0,2019-07-11T15:00:00+00:00
6975,12.917348,77.622813,pm10,190.0,2019-07-11T15:15:00+00:00
6975,12.917348,77.622813,pm10,190.0,2019-07-11T15:30:00+00:00
6975,12.917348,77.622813,pm10,190.0,2019-07-11T15:45:00+00:00
6975,12.917348,77.622813,pm10,190.0,2019-07-11T16:00:00+00:00
6975,12.917348,77.622813,pm10,185.0,2019-07-11T16:15:00+00:00
6975,12.917348,77.622813,pm10,185.0,2019-07-11T16:30:00+00:00
6975,12.917348,77.622813,pm10,185.0,2019-07-11T16:45:00+00:00
6975,12.917348,77.622813,pm10,185.0,2019-07-11T17:00:00+00:00
6975,12.917348,77.622813,pm10,150.0,2019-07-11T17:15:00+00:00
6975,12.917348,77.622813,pm10,150.0,2019-07-11T17:30:00+00:00
6975,12.917348,77.622813,pm10,150.0,2019-07-11T17:45:00+00:00
6975,12.917348,77.622813,pm10,150.0,2019-07-11T18:00:00+00:00
6975,12.917348,77.622813,pm10,688.0,2019-07-11T18:15:00+00:00
6975,12.917348,77.622813,pm10,688.0,2019-07-11T18:30:00+00:00
6975,12.917348,77.622813,pm25,16.0,2019-07-10T18:45:00+00:00
6975,12.917348,77.622813,pm25,16.0,2019-07-10T19:00:00+00:00
6975,12.917348,77.622813,pm25,14.0,2019-07-10T19:15:00+00:00
6975,12.917348,77.622813,pm25,14.0,2019-07-10T19:30:00+00:00
6975,12.917348,77.622813,pm25,14.0,2019-07-10T19:45:00+00:00
6975,12.917348,77.622813,pm25,14.0,2019-07-10T20:00:00+00:00
6975,12.917348,77.622813,pm25,8.0,2019-07-10T20:15:00+00:00
6975,12.917348,77.622813,pm25,8.0,2019-07-10T20:30:00+00:00
6975,12.917348,77.622813,pm25,8.0,2019-07-10T20:45:00+00:00
6975,12.917348,77.622813,pm25,8.0,2019-07-10T21:00:00+00:00
6975,12.917348,77.622813,pm25,9.0,2019-07-10T21:15:00+00:00
6975,12.917348,77.622813,pm25,9.0,2019-07-10T21:30:00+00:00
6975,12.917348,77.622813,pm25,9.0,2019-07-10T21:45:00+00:00
6975,12.917348,77.622813,pm25,16.0,2019-07-10T22:45:00+00:00
6975,12.917348,77.622813,pm25,13.0,2019-07-11T00:30:00+00:00
6975,12.917348,77.622813,pm25,13.0,2019-07-11T00:45:00+00:00
6975,12.917348,77.622813,pm25,13.0,2019-07-11T01:00:00+00:00
6975,12.917348,77.622813,pm25,16.0,2019-07-11T01:15:00+00:00
6975,12.917348,77.622813,pm25,16.0,2019-07-11T01:30:00+00:00
6975,12.917348,77.622813,pm25,16.0,2019-07-11T01:45:00+00:00
6975,12.917348,77.622813,pm25,16.0,2019-07-11T02:00:00+00:00
6975,12.917348,77.622813,pm25,27.0,2019-07-11T02:15:00+00:00
6975,12.917348,77.622813,pm25,27.0,2019-07-11T02:30:00+00:00
6975,12.917348,77.622813,pm25,27.0,2019-07-11T02:45:00+00:00
6975,12.917348,77.622813,pm25,27.0,2019-07-11T03:00:00+00:00
6975,12.917348,77.622813,pm25,25.0,2019-07-11T03:15:00+00:00
6975,12.917348,77.622813,pm25,25.0,2019-07-11T03:30:00+00:00
6975,12.917348,77.622813,pm25,25.0,2019-07-11T03:45:00+00:00
6975,12.917348,77.622813,pm25,25.0,2019-07-11T04:00:00+00:00
6975,12.917348,77.622813,pm25,19.0,2019-07-11T04:15:00+00:00
6975,12.917348,77.622813,pm25,19.0,2019-07-11T04:30:00+00:00
6975,12.917348,77.622813,pm25,19.0,2019-07-11T04:45:00+00:00
6975,12.917348,77.622813,pm25,19.0,2019-07-11T05:00:00+00:00
6975,12.917348,77.622813,pm25,17.0,2019-07-11T05:15:00+00:00
6975,12.917348,77.622813,pm25,17.0,2019-07-11T05:30:00+00:00
6975,12.917348,77.622813,pm25,17.0,2019-07-11T05:45:00+00:00
6975,12.917348,77.622813,pm25,17.0,2019-07-11T06:00:00+00:00
6975,12.917348,77.622813,pm25,19.0,2019-07-11T06:15:00+00:00
6975,12.917348,77.622813,pm25,19.0,2019-07-11T06:30:00+00:00
6975,12.917348,77.622813,pm25,19.0,2019-07-11T06:45:00+00:00
6975,12.917348,77.622813,pm25,19.0,2019-07-11T07:00:00+00:00
6975,12.917348,77.622813,pm25,23.0,2019-07-11T07:15:00+00:00
6975,12.917348,77.622813,pm25,23.0,2019-07-11T07:30:00+00:00
6975,12.917348,77.622813,pm25,23.0,2019-07-11T07:45:00+00:00
6975,12.917348,77.622813,pm25,23.0,2019-07-11T08:00:00+00:00
6975,12.917348,77.622813,pm25,22.0,2019-07-11T08:15:00+00:00
6975,12.917348,77.622813,pm25,22.0,2019-07-11T08:30:00+00:00
6975,12.917348,77.622813,pm25,22.0,2019-07-11T08:45:00+00:00
6975,12.917348,77.622813,pm25,22.0,2019-07-11T09:00:00+00:00
6975,12.917348,77.622813,pm25,24.0,2019-07-11T09:15:00+00:00
6975,12.917348,77.622813,pm25,24.0,2019-07-11T09:30:00+00:00
6975,12.917348,77.622813,pm25,24.0,2019-07-11T09:45:00+00:00
6975,12.917348,77.622813,pm25,24.0,2019-07-11T10:00:00+00:00
6975,12.917348,77.622813,pm25,22.0,2019-07-11T10:15:00+00:00
6975,12.917348,77.622813,pm25,22.0,2019-07-11T10:30:00+00:00
6975,12.917348,77.622813,pm25,22.0,2019-07-11T10:45:00+00:00
6975,12.917348,77.622813,pm25,22.0,2019-07-11T11:00:00+00:00
6975,12.917348,77.622813,pm25,23.0,2019-07-11T11:15:00+00:00
6975,12.917348,77.622813,pm25,23.0,2019-07-11T11:30:00+00:00
6975,12.917348,77.622813,pm25,23.0,2019-07-11T11:45:00+00:00
6975,12.917348,77.622813,pm25,23.0,2019-07-11T12:00:00+00:00
6975,12.917348,77.622813,pm25,30.0,2019-07-11T12:15:00+00:00
6975,12.917348,77.622813,pm25,30.0,2019-07-11T12:30:00+00:00
6975,12.917348,77.622813,pm25,30.0,2019-07-11T12:45:00+00:00
6975,12.917348,77.622813,pm25,30.0,2019-07-11T13:00:00+00:00
6975,12.917348,77.622813,pm25,36.0,2019-07-11T13:15:00+00:00
6975,12.917348,77.622813,pm25,36.0,2019-07-11T13:30:00+00:00
6975,12.917348,77.622813,pm25,36.0,2019-07-11T13:45:00+00:00
6975,12.917348,77.622813,pm25,36.0,2019-07-11T14:00:00+00:00
6975,12.917348,77.622813,pm25,33.0,2019-07-11T14:15:00+00:00
6975,12.917348,77.622813,pm25,33.0,2019-07-11T14:30:00+00:00
6975,12.917348,77.622813,pm25,33.0,2019-07-11T14:45:00+00:00
6975,12.917348,77.622813,pm25,33.0,2019-07-11T15:00:00+00:00
6975,12.917348,77.622813,pm25,31.0,2019-07-11T15:15:00+00:00
6975,12.917348,77.622813,pm25,31.0,2019-07-11T15:30:00+00:00
6975,12.917348,77.622813,pm25,31.0,2019-07-11T15:45:00+00:00
6975,12.917348,77.622813,pm25,31.0,2019-07-11T16:00:00+00:00
6975,12.917348,77.622813,pm25,28.0,2019-07-11T16:15:00+00:00
6975,12.917348,77.622813,pm25,28.0,2019-07-11T16:30:00+00:00
6975,12.917348,77.622813,pm25,28.0,2019-07-11T16:45:00+00:00
6975,12.917348,77.622813,pm25,28.0,2019-07-11T17:00:00+00:00
6975,12.917348,77.622813,pm25,25.0,2019-07-11T17:15:00+00:00
6975,12.917348,77.622813,pm25,25.0,2019-07-11T17:30:00+00:00
6975,12.917348,77.622813,pm25,25.0,2019-07-11T17:45:00+00:00
6975,12.917348,77.622813,pm25,25.0,2019-07-11T18:00:00+00:00
6975,12.917348,77.622813,pm25,28.0,2019-07-11T18:15:00+00:00
6975,12.917348,77.622813,pm25,28.0,2019-07-11T18:30:00+00:00
6975,12.917348,77.622813,co,0.65,2019-07-10T18:45:00+00:00
6975,12.917348,77.622813,co,0.46,2019-07-10T19:00:00+00:00
6975,12.917348,77.622813,co,0.38,2019-07-10T19:15:00+00:00
6975,12.917348,77.622813,co,0.38,2019-07-10T19:30:00+00:00
6975,12.917348,77.622813,co,0.34,2019-07-10T19:45:00+00:00
6975,12.917348,77.622813,co,0.33,2019-07-10T20:00:00+00:00
6975,12.917348,77.622813,co,0.29,2019-07-10T20:30:00+00:00
6975,12.917348,77.622813,co,0.3,2019-07-10T20:45:00+00:00
6975,12.917348,77.622813,co,0.42,2019-07-10T21:00:00+00:00
6975,12.917348,77.622813,co,0.45,2019-07-10T21:15:00+00:00
6975,12.917348,77.622813,co,0.34,2019-07-10T21:45:00+00:00
6975,12.917348,77.622813,co,0.37,2019-07-11T00:30:00+00:00
6975,12.917348,77.622813,co,0.49,2019-07-11T00:45:00+00:00
6975,12.917348,77.622813,co,0.6,2019-07-11T01:00:00+00:00
6975,12.917348,77.622813,co,0.61,2019-07-11T01:15:00+00:00
6975,12.917348,77.622813,co,0.64,2019-07-11T01:30:00+00:00
6975,12.917348,77.622813,co,0.73,2019-07-11T01:45:00+00:00
6975,12.917348,77.622813,co,0.92,2019-07-11T02:00:00+00:00
6975,12.917348,77.622813,co,1.04,2019-07-11T02:15:00+00:00
6975,12.917348,77.622813,co,1.13,2019-07-11T02:30:00+00:00
6975,12.917348,77.622813,co,1.19,2019-07-11T02:45:00+00:00
6975,12.917348,77.622813,co,1.29,2019-07-11T03:00:00+00:00
6975,12.917348,77.622813,co,1.56,2019-07-11T03:15:00+00:00
6975,12.917348,77.622813,co,1.66,2019-07-11T03:30:00+00:00
6975,12.917348,77.622813,co,1.72,2019-07-11T03:45:00+00:00
6975,12.917348,77.622813,co,1.61,2019-07-11T04:00:00+00:00
6975,12.917348,77.622813,co,1.52,2019-07-11T04:15:00+00:00
6975,12.917348,77.622813,co,1.44,2019-07-11T04:30:00+00:00
6975,12.917348,77.622813,co,1.49,2019-07-11T04:45:00+00:00
6975,12.917348,77.622813,co,1.56,2019-07-11T05:00:00+00:00
6975,12.917348,77.622813,co,1.44,2019-07-11T05:15:00+00:00
6975,12.917348,77.622813,co,1.29,2019-07-11T05:30:00+00:00
6975,12.917348,77.622813,co,1.29,2019-07-11T05:45:00+00:00
6975,12.917348,77.622813,co,1.34,2019-07-11T06:00:00+00:00
6975,12.917348,77.622813,co,1.33,2019-07-11T06:15:00+00:00
6975,12.917348,77.622813,co,1.32,2019-07-11T06:30:00+00:00
6975,12.917348,77.622813,co,1.35,2019-07-11T06:45:00+00:00
6975,12.917348,77.622813,co,1.28,2019-07-11T07:00:00+00:00
6975,12.917348,77.622813,co,1.2,2019-07-11T07:15:00+00:00
6975,12.917348,77.622813,co,1.15,2019-07-11T07:30:00+00:00
6975,12.917348,77.622813,co,0.98,2019-07-11T07:45:00+00:00
6975,12.917348,77.622813,co,0.95,2019-07-11T08:00:00+00:00
6975,12.917348,77.622813,co,1.15,2019-07-11T08:15:00+00:00
6975,12.917348,77.622813,co,1.25,2019-07-11T08:30:00+00:00
6975,12.917348,77.622813,co,1.27,2019-07-11T08:45:00+00:00
6975,12.917348,77.622813,co,1.13,2019-07-11T09:00:00+00:00
6975,12.917348,77.622813,co,1.41,2019-07-11T09:15:00+00:00
6975,12.917348,77.622813,co,1.34,2019-07-11T09:30:00+00:00
6975,12.917348,77.622813,co,1.26,2019-07-11T09:45:00+00:00
6975,12.917348,77.622813,co,1.37,2019-07-11T10:00:00+00:00
6975,12.917348,77.622813,co,1.52,2019-07-11T10:15:00+00:00
6975,12.917348,77.622813,co,1.75,2019-07-11T10:30:00+00:00
6975,12.917348,77.622813,co,1.68,2019-07-11T10:45:00+00:00
6975,12.917348,77.622813,co,1.75,2019-07-11T11:00:00+00:00
6975,12.917348,77.622813,co,1.76,2019-07-11T11:15:00+00:00
6975,12.917348,77.622813,co,1.79,2019-07-11T11:30:00+00:00
6975,12.917348,77.622813,co,2.03,2019-07-11T11:45:00+00:00
6975,12.917348,77.622813,co,1.84,2019-07-11T12:00:00+00:00
6975,12.917348,77.622813,co,2.15,2019-07-11T12:15:00+00:00
6975,12.917348,77.622813,co,2.19,2019-07-11T12:45:00+00:00
6975,12.917348,77.622813,co,2.11,2019-07-11T13:00:00+00:00
6975,12.917348,77.622813,co,2.26,2019-07-11T13:15:00+00:00
6975,12.917348,77.622813,co,2.26,2019-07-11T13:30:00+00:00
6975,12.917348,77.622813,co,2.23,2019-07-11T13:45:00+00:00
6975,12.917348,77.622813,co,2.45,2019-07-11T14:00:00+00:00
6975,12.917348,77.622813,co,3.1,2019-07-11T14:15:00+00:00
6975,12.917348,77.622813,co,3.56,2019-07-11T14:30:00+00:00
6975,12.917348,77.622813,co,3.5,2019-07-11T14:45:00+00:00
6975,12.917348,77.622813,co,2.9,2019-07-11T15:00:00+00:00
6975,12.917348,77.622813,co,2.23,2019-07-11T15:15:00+00:00
6975,12.917348,77.622813,co,2.04,2019-07-11T15:30:00+00:00
6975,12.917348,77.622813,co,1.9,2019-07-11T15:45:00+00:00
6975,12.917348,77.622813,co,2.07,2019-07-11T16:00:00+00:00
6975,12.917348,77.622813,co,1.98,2019-07-11T16:15:00+00:00
6975,12.917348,77.622813,co,2.32,2019-07-11T16:30:00+00:00
6975,12.917348,77.622813,co,2.22,2019-07-11T16:45:00+00:00
6975,12.917348,77.622813,co,1.9,2019-07-11T17:00:00+00:00
6975,12.917348,77.622813,co,1.65,2019-07-11T17:15:00+00:00
6975,12.917348,77.622813,co,1.51,2019-07-11T17:30:00+00:00
6975,12.917348,77.622813,co,1.39,2019-07-11T17:45:00+00:00
6975,12.917348,77.622813,co,1.21,2019-07-11T18:00:00+00:00
6975,12.917348,77.622813,co,1.19,2019-07-11T18:30:00+00:00
6975,12.917348,77.622813,no2,39.5,2019-07-10T18:45:00+00:00
6975,12.917348,77.622813,no2,37.4,2019-07-10T19:00:00+00:00
6975,12.917348,77.622813,no2,35.3,2019-07-10T19:15:00+00:00
6975,12.917348,77.622813,no2,32.9,2019-07-10T19:30:00+00:00
6975,12.917348,77.622813,no2,32.7,2019-07-10T19:45:00+00:00
6975,12.917348,77.622813,no2,32.5,2019-07-10T20:00:00+00:00
6975,12.917348,77.622813,no2,32.7,2019-07-10T20:15:00+00:00
6975,12.917348,77.622813,no2,33.5,2019-07-10T20:30:00+00:00
6975,12.917348,77.622813,no2,33.8,2019-07-10T20:45:00+00:00
6975,12.917348,77.622813,no2,33.1,2019-07-10T21:00:00+00:00
6975,12.917348,77.622813,no2,31.6,2019-07-10T21:15:00+00:00
6975,12.917348,77.622813,no2,31.6,2019-07-10T21:30:00+00:00
6975,12.917348,77.622813,no2,32.1,2019-07-10T21:45:00+00:00
6975,12.917348,77.622813,no2,34.4,2019-07-10T22:45:00+00:00
6975,12.917348,77.622813,no2,37.8,2019-07-11T00:30:00+00:00
6975,12.917348,77.622813,no2,38.7,2019-07-11T00:45:00+00:00
6975,12.917348,77.622813,no2,39.9,2019-07-11T01:00:00+00:00
6975,12.917348,77.622813,no2,41.5,2019-07-11T01:15:00+00:00
6975,12.917348,77.622813,no2,42.9,2019-07-11T01:30:00+00:00
6975,12.917348,77.622813,no2,44.7,2019-07-11T01:45:00+00:00
6975,12.917348,77.622813,no2,45.3,2019-07-11T02:00:00+00:00
6975,12.917348,77.622813,no2,44.6,2019-07-11T02:15:00+00:00
6975,12.917348,77.622813,no2,43.8,2019-07-11T02:30:00+00:00
6975,12.917348,77.622813,no2,43.1,2019-07-11T02:45:00+00:00
6975,12.917348,77.622813,no2,43.4,2019-07-11T03:00:00+00:00
6975,12.917348,77.622813,no2,44.4,2019-07-11T03:15:00+00:00
6975,12.917348,77.622813,no2,44.4,2019-07-11T03:30:00+00:00
6975,12.917348,77.622813,no2,45.3,2019-07-11T03:45:00+00:00
6975,12.917348,77.622813,no2,45.3,2019-07-11T04:00:00+00:00
6975,12.917348,77.622813,no2,44.2,2019-07-11T04:15:00+00:00
6975,12.917348,77.622813,no2,43.2,2019-07-11T04:30:00+00:00
6975,12.917348,77.622813,no2,44.2,2019-07-11T04:45:00+00:00
6975,12.917348,77.622813,no2,46.1,2019-07-11T05:00:00+00:00
6975,12.917348,77.622813,no2,48.7,2019-07-11T05:15:00+00:00
6975,12.917348,77.622813,no2,50.9,2019-07-11T05:30:00+00:00
6975,12.917348,77.622813,no2,51.9,2019-07-11T05:45:00+00:00
6975,12.917348,77.622813,no2,52.8,2019-07-11T06:00:00+00:00
6975,12.917348,77.622813,no2,54.5,2019-07-11T06:15:00+00:00
6975,12.917348,77.622813,no2,55.1,2019-07-11T06:30:00+00:00
6975,12.917348,77.622813,no2,54.9,2019-07-11T06:45:00+00:00
6975,12.917348,77.622813,no2,51.3,2019-07-11T07:00:00+00:00
6975,12.917348,77.622813,no2,51.7,2019-07-11T07:15:00+00:00
6975,12.917348,77.622813,no2,52.3,2019-07-11T07:30:00+00:00
6975,12.917348,77.622813,no2,59.2,2019-07-11T07:45:00+00:00
6975,12.917348,77.622813,no2,56.4,2019-07-11T08:00:00+00:00
6975,12.917348,77.622813,no2,55.5,2019-07-11T08:15:00+00:00
6975,12.917348,77.622813,no2,47.0,2019-07-11T08:30:00+00:00
6975,12.917348,77.622813,no2,51.7,2019-07-11T08:45:00+00:00
6975,12.917348,77.622813,no2,53.0,2019-07-11T09:00:00+00:00
6975,12.917348,77.622813,no2,53.0,2019-07-11T09:15:00+00:00
6975,12.917348,77.622813,no2,53.2,2019-07-11T09:30:00+00:00
6975,12.917348,77.622813,no2,52.5,2019-07-11T10:30:00+00:00
6975,12.917348,77.622813,no2,52.3,2019-07-11T10:45:00+00:00
6975,12.917348,77.622813,no2,50.8,2019-07-11T11:00:00+00:00
6975,12.917348,77.622813,no2,55.1,2019-07-11T11:15:00+00:00
6975,12.917348,77.622813,no2,59.6,2019-07-11T11:30:00+00:00
6975,12.917348,77.622813,no2,68.6,2019-07-11T11:45:00+00:00
6975,12.917348,77.622813,no2,67.9,2019-07-11T12:00:00+00:00
6975,12.917348,77.622813,no2,67.7,2019-07-11T12:15:00+00:00
6975,12.917348,77.622813,no2,63.9,2019-07-11T12:30:00+00:00
6975,12.917348,77.622813,no2,65.4,2019-07-11T12:45:00+00:00
6975,12.917348,77.622813,no2,63.7,2019-07-11T13:00:00+00:00
6975,12.917348,77.622813,no2,62.0,2019-07-11T13:15:00+00:00
6975,12.917348,77.622813,no2,58.1,2019-07-11T13:30:00+00:00
6975,12.917348,77.622813,no2,55.6,2019-07-11T13:45:00+00:00
6975,12.917348,77.622813,no2,57.7,2019-07-11T14:00:00+00:00
6975,12.917348,77.622813,no2,61.9,2019-07-11T14:15:00+00:00
6975,12.917348,77.622813,no2,72.2,2019-07-11T14:30:00+00:00
6975,12.917348,77.622813,no2,67.5,2019-07-11T14:45:00+00:00
6975,12.917348,77.622813,no2,63.2,2019-07-11T15:00:00+00:00
6975,12.917348,77.622813,no2,59.4,2019-07-11T15:15:00+00:00
6975,12.917348,77.622813,no2,66.9,2019-07-11T15:30:00+00:00
6975,12.917348,77.622813,no2,57.9,2019-07-11T15:45:00+00:00
6975,12.917348,77.622813,no2,54.3,2019-07-11T16:00:00+00:00
6975,12.917348,77.622813,no2,57.2,2019-07-11T16:15:00+00:00
6975,12.917348,77.622813,no2,55.3,2019-07-11T16:30:00+00:00
6975,12.917348,77.622813,no2,54.7,2019-07-11T16:45:00+00:00
6975,12.917348,77.622813,no2,60.0,2019-07-11T17:00:00+00:00
6975,12.917348,77.622813,no2,61.9,2019-07-11T17:15:00+00:00
6975,12.917348,77.622813,no2,60.5,2019-07-11T17:30:00+00:00
6975,12.917348,77.622813,no2,59.0,2019-07-11T17:45:00+00:00
6975,12.917348,77.622813,no2,58.8,2019-07-11T18:00:00+00:00
6975,12.917348,77.622813,no2,60.0,2019-07-11T18:15:00+00:00
6975,12.917348,77.622813,no2,52.8,2019-07-11T18:30:00+00:00
6975,12.917348,77.622813,so2,3.9,2019-07-10T18:45:00+00:00
6975,12.917348,77.622813,so2,3.9,2019-07-10T19:00:00+00:00
6975,12.917348,77.622813,so2,2.9,2019-07-10T19:15:00+00:00
6975,12.917348,77.622813,so2,3.1,2019-07-10T19:30:00+00:00
6975,12.917348,77.622813,so2,2.4,2019-07-10T19:45:00+00:00
6975,12.917348,77.622813,so2,2.6,2019-07-10T20:00:00+00:00
6975,12.917348,77.622813,so2,3.1,2019-07-10T20:15:00+00:00
6975,12.917348,77.622813,so2,2.4,2019-07-10T20:30:00+00:00
6975,12.917348,77.622813,so2,1.8,2019-07-10T20:45:00+00:00
6975,12.917348,77.622813,so2,2.6,2019-07-10T21:00:00+00:00
6975,12.917348,77.622813,so2,2.9,2019-07-10T21:15:00+00:00
6975,12.917348,77.622813,so2,2.9,2019-07-10T21:30:00+00:00
6975,12.917348,77.622813,so2,2.6,2019-07-10T21:45:00+00:00
6975,12.917348,77.622813,so2,3.1,2019-07-10T22:45:00+00:00
6975,12.917348,77.622813,so2,5.0,2019-07-11T01:00:00+00:00
6975,12.917348,77.622813,so2,4.5,2019-07-11T01:15:00+00:00
6975,12.917348,77.622813,so2,3.9,2019-07-11T01:30:00+00:00
6975,12.917348,77.622813,so2,3.9,2019-07-11T01:45:00+00:00
6975,12.917348,77.622813,so2,4.5,2019-07-11T02:00:00+00:00
6975,12.917348,77.622813,so2,4.5,2019-07-11T02:15:00+00:00
6975,12.917348,77.622813,so2,4.2,2019-07-11T02:30:00+00:00
6975,12.917348,77.622813,so2,3.9,2019-07-11T02:45:00+00:00
6975,12.917348,77.622813,so2,3.4,2019-07-11T03:00:00+00:00
6975,12.917348,77.622813,so2,3.4,2019-07-11T03:15:00+00:00
6975,12.917348,77.622813,so2,3.9,2019-07-11T03:30:00+00:00
6975,12.917348,77.622813,so2,4.5,2019-07-11T03:45:00+00:00
6975,12.917348,77.622813,so2,4.5,2019-07-11T04:00:00+00:00
6975,12.917348,77.622813,so2,4.2,2019-07-11T04:15:00+00:00
6975,12.917348,77.622813,so2,4.2,2019-07-11T04:30:00+00:00
6975,12.917348,77.622813,so2,4.5,2019-07-11T04:45:00+00:00
6975,12.917348,77.622813,so2,4.7,2019-07-11T05:00:00+00:00
6975,12.917348,77.622813,so2,4.5,2019-07-11T05:15:00+00:00
6975,12.917348,77.622813,so2,4.7,2019-07-11T05:30:00+00:00
6975,12.917348,77.622813,so2,4.7,2019-07-11T05:45:00+00:00
6975,12.917348,77.622813,so2,5.2,2019-07-11T06:00:00+00:00
6975,12.917348,77.622813,so2,5.2,2019-07-11T06:15:00+00:00
6975,12.917348,77.622813,so2,5.2,2019-07-11T06:30:00+00:00
6975,12.917348,77.622813,so2,5.0,2019-07-11T06:45:00+00:00
6975,12.917348,77.622813,so2,4.7,2019-07-11T07:00:00+00:00
6975,12.917348,77.622813,so2,4.5,2019-07-11T07:15:00+00:00
6975,12.917348,77.622813,so2,4.2,2019-07-11T07:30:00+00:00
6975,12.917348,77.622813,so2,3.7,2019-07-11T07:45:00+00:00
6975,12.917348,77.622813,so2,2.9,2019-07-11T08:00:00+00:00
6975,12.917348,77.622813,so2,3.7,2019-07-11T08:15:00+00:00
6975,12.917348,77.622813,so2,4.2,2019-07-11T08:30:00+00:00
6975,12.917348,77.622813,so2,4.2,2019-07-11T08:45:00+00:00
6975,12.917348,77.622813,so2,4.2,2019-07-11T09:00:00+00:00
6975,12.917348,77.622813,so2,4.5,2019-07-11T09:15:00+00:00
6975,12.917348,77.622813,so2,4.2,2019-07-11T09:30:00+00:00
6975,12.917348,77.622813,so2,5.2,2019-07-11T09:45:00+00:00
6975,12.917348,77.622813,so2,6.6,2019-07-11T10:00:00+00:00
6975,12.917348,77.622813,so2,5.8,2019-07-11T10:15:00+00:00
6975,12.917348,77.622813,so2,6.0,2019-07-11T10:30:00+00:00
6975,12.917348,77.622813,so2,5.8,2019-07-11T10:45:00+00:00
6975,12.917348,77.622813,so2,5.0,2019-07-11T11:00:00+00:00
6975,12.917348,77.622813,so2,4.5,2019-07-11T11:15:00+00:00
6975,12.917348,77.622813,so2,5.8,2019-07-11T11:30:00+00:00
6975,12.917348,77.622813,so2,6.3,2019-07-11T11:45:00+00:00
6975,12.917348,77.622813,so2,6.8,2019-07-11T12:00:00+00:00
6975,12.917348,77.622813,so2,5.2,2019-07-11T12:30:00+00:00
6975,12.917348,77.622813,so2,3.9,2019-07-11T12:45:00+00:00
6975,12.917348,77.622813,so2,3.9,2019-07-11T13:00:00+00:00
6975,12.917348,77.622813,so2,3.9,2019-07-11T13:15:00+00:00
6975,12.917348,77.622813,so2,4.7,2019-07-11T13:30:00+00:00
6975,12.917348,77.622813,so2,4.2,2019-07-11T13:45:00+00:00
6975,12.917348,77.622813,so2,4.2,2019-07-11T14:00:00+00:00
6975,12.917348,77.622813,so2,5.5,2019-07-11T14:30:00+00:00
6975,12.917348,77.622813,so2,7.6,2019-07-11T14:45:00+00:00
6975,12.917348,77.622813,so2,8.6,2019-07-11T15:00:00+00:00
6975,12.917348,77.622813,so2,9.2,2019-07-11T15:15:00+00:00
6975,12.917348,77.622813,so2,8.6,2019-07-11T15:30:00+00:00
6975,12.917348,77.622813,so2,8.1,2019-07-11T15:45:00+00:00
6975,12.917348,77.622813,so2,7.9,2019-07-11T16:00:00+00:00
6975,12.917348,77.622813,so2,7.6,2019-07-11T16:30:00+00:00
6975,12.917348,77.622813,so2,7.3,2019-07-11T16:45:00+00:00
6975,12.917348,77.622813,so2,6.8,2019-07-11T17:00:00+00:00
6975,12.917348,77.622813,so2,5.8,2019-07-11T17:15:00+00:00
6975,12.917348,77.622813,so2,5.8,2019-07-11T17:30:00+00:00
6975,12.917348,77.622813,so2,5.2,2019-07-11T17:45:00+00:00
6975,12.917348,77.622813,so2,5.0,2019-07-11T18:00:00+00:00
6975,12.917348,77.622813,so2,5.8,2019-07-11T18:30:00+00:00
6975,12.917348,77.622813,pm10,688.0,2019-07-11T18:45:00+00:00
6975,12.917348,77.622813,pm10,688.0,2019-07-11T19:00:00+00:00
6975,12.917348,77.622813,pm10,211.0,2019-07-11T19:15:00+00:00
6975,12.917348,77.622813,pm10,211.0,2019-07-11T19:30:00+00:00
6975,12.917348,77.622813,pm10,211.0,2019-07-11T19:45:00+00:00
6975,12.917348,77.622813,pm10,211.0,2019-07-11T20:00:00+00:00
6975,12.917348,77.622813,pm10,151.0,2019-07-11T20:15:00+00:00
6975,12.917348,77.622813,pm10,151.0,2019-07-11T20:30:00+00:00
6975,12.917348,77.622813,pm10,151.0,2019-07-11T20:45:00+00:00
6975,12.917348,77.622813,pm10,151.0,2019-07-11T21:00:00+00:00
6975,12.917348,77.622813,pm10,125.0,2019-07-11T21:15:00+00:00
6975,12.917348,77.622813,pm10,125.0,2019-07-11T21:30:00+00:00
6975,12.917348,77.622813,pm10,125.0,2019-07-11T21:45:00+00:00
6975,12.917348,77.622813,pm10,125.0,2019-07-11T22:00:00+00:00
6975,12.917348,77.622813,pm10,97.0,2019-07-11T22:15:00+00:00
6975,12.917348,77.622813,pm10,97.0,2019-07-11T22:30:00+00:00
6975,12.917348,77.622813,pm10,97.0,2019-07-11T22:45:00+00:00
6975,12.917348,77.622813,pm10,97.0,2019-07-11T23:00:00+00:00
6975,12.917348,77.622813,pm10,83.0,2019-07-11T23:15:00+00:00
6975,12.917348,77.622813,pm10,83.0,2019-07-11T23:30:00+00:00
6975,12.917348,77.622813,pm10,83.0,2019-07-11T23:45:00+00:00
6975,12.917348,77.622813,pm10,83.0,2019-07-12T00:00:00+00:00
6975,12.917348,77.622813,pm10,83.0,2019-07-12T00:15:00+00:00
6975,12.917348,77.622813,pm10,83.0,2019-07-12T00:30:00+00:00
6975,12.917348,77.622813,pm10,83.0,2019-07-12T00:45:00+00:00
6975,12.917348,77.622813,pm10,83.0,2019-07-12T01:00:00+00:00
6975,12.917348,77.622813,pm10,101.0,2019-07-12T01:15:00+00:00
6975,12.917348,77.622813,pm10,101.0,2019-07-12T01:30:00+00:00
6975,12.917348,77.622813,pm10,101.0,2019-07-12T01:45:00+00:00
6975,12.917348,77.622813,pm10,101.0,2019-07-12T02:00:00+00:00
6975,12.917348,77.622813,pm10,89.0,2019-07-12T02:15:00+00:00
6975,12.917348,77.622813,pm10,89.0,2019-07-12T02:30:00+00:00
6975,12.917348,77.622813,pm10,89.0,2019-07-12T02:45:00+00:00
6975,12.917348,77.622813,pm10,89.0,2019-07-12T03:00:00+00:00
6975,12.917348,77.622813,pm10,116.0,2019-07-12T03:15:00+00:00
6975,12.917348,77.622813,pm10,116.0,2019-07-12T03:30:00+00:00
6975,12.917348,77.622813,pm10,116.0,2019-07-12T03:45:00+00:00
6975,12.917348,77.622813,pm10,116.0,2019-07-12T04:00:00+00:00
6975,12.917348,77.622813,pm10,100.0,2019-07-12T04:15:00+00:00
6975,12.917348,77.622813,pm10,100.0,2019-07-12T04:30:00+00:00
6975,12.917348,77.622813,pm10,100.0,2019-07-12T04:45:00+00:00
6975,12.917348,77.622813,pm10,100.0,2019-07-12T05:00:00+00:00
6975,12.917348,77.622813,pm10,110.0,2019-07-12T05:15:00+00:00
6975,12.917348,77.622813,pm10,110.0,2019-07-12T05:30:00+00:00
6975,12.917348,77.622813,pm10,110.0,2019-07-12T05:45:00+00:00
6975,12.917348,77.622813,pm10,110.0,2019-07-12T06:00:00+00:00
6975,12.917348,77.622813,pm10,101.0,2019-07-12T06:15:00+00:00
6975,12.917348,77.622813,pm10,101.0,2019-07-12T06:30:00+00:00
6975,12.917348,77.622813,pm10,101.0,2019-07-12T06:45:00+00:00
6975,12.917348,77.622813,pm10,101.0,2019-07-12T07:00:00+00:00
6975,12.917348,77.622813,pm10,84.0,2019-07-12T07:15:00+00:00
6975,12.917348,77.622813,pm10,84.0,2019-07-12T07:30:00+00:00
6975,12.917348,77.622813,pm10,84.0,2019-07-12T07:45:00+00:00
6975,12.917348,77.622813,pm10,84.0,2019-07-12T08:00:00+00:00
6975,12.917348,77.622813,pm10,78.0,2019-07-12T08:15:00+00:00
6975,12.917348,77.622813,pm10,78.0,2019-07-12T08:30:00+00:00
6975,12.917348,77.622813,pm10,78.0,2019-07-12T08:45:00+00:00
6975,12.917348,77.622813,pm10,78.0,2019-07-12T09:00:00+00:00
6975,12.917348,77.622813,pm10,68.0,2019-07-12T09:15:00+00:00
6975,12.917348,77.622813,pm10,68.0,2019-07-12T09:30:00+00:00
6975,12.917348,77.622813,pm10,68.0,2019-07-12T09:45:00+00:00
6975,12.917348,77.622813,pm10,68.0,2019-07-12T10:00:00+00:00
6975,12.917348,77.622813,pm10,129.0,2019-07-12T10:15:00+00:00
6975,12.917348,77.622813,pm10,129.0,2019-07-12T10:30:00+00:00
6975,12.917348,77.622813,pm10,129.0,2019-07-12T10:45:00+00:00
6975,12.917348,77.622813,pm10,129.0,2019-07-12T11:00:00+00:00
6975,12.917348,77.622813,pm10,116.0,2019-07-12T11:15:00+00:00
6975,12.917348,77.622813,pm10,116.0,2019-07-12T11:30:00+00:00
6975,12.917348,77.622813,pm10,116.0,2019-07-12T11:45:00+00:00
6975,12.917348,77.622813,pm10,116.0,2019-07-12T12:00:00+00:00
6975,12.917348,77.622813,pm10,113.0,2019-07-12T12:15:00+00:00
6975,12.917348,77.622813,pm10,113.0,2019-07-12T12:30:00+00:00
6975,12.917348,77.622813,pm10,113.0,2019-07-12T12:45:00+00:00
6975,12.917348,77.622813,pm10,113.0,2019-07-12T13:00:00+00:00
6975,12.917348,77.622813,pm10,101.0,2019-07-12T13:15:00+00:00
6975,12.917348,77.622813,pm10,101.0,2019-07-12T13:30:00+00:00
6975,12.917348,77.622813,pm10,101.0,2019-07-12T13:45:00+00:00
6975,12.917348,77.622813,pm10,101.0,2019-07-12T14:00:00+00:00
6975,12.917348,77.622813,pm10,95.0,2019-07-12T14:15:00+00:00
6975,12.917348,77.622813,pm10,95.0,2019-07-12T14:30:00+00:00
6975,12.917348,77.622813,pm10,95.0,2019-07-12T14:45:00+00:00
6975,12.917348,77.622813,pm10,95.0,2019-07-12T15:00:00+00:00
6975,12.917348,77.622813,pm10,89.0,2019-07-12T15:15:00+00:00
6975,12.917348,77.622813,pm10,89.0,2019-07-12T15:30:00+00:00
6975,12.917348,77.622813,pm10,89.0,2019-07-12T15:45:00+00:00
6975,12.917348,77.622813,pm10,89.0,2019-07-12T16:00:00+00:00
6975,12.917348,77.622813,pm10,92.0,2019-07-12T16:15:00+00:00
6975,12.917348,77.622813,pm10,92.0,2019-07-12T16:45:00+00:00
6975,12.917348,77.622813,pm10,92.0,2019-07-12T17:00:00+00:00
6975,12.917348,77.622813,pm10,85.0,2019-07-12T17:15:00+00:00
6975,12.917348,77.622813,pm10,85.0,2019-07-12T17:30:00+00:00
6975,12.917348,77.622813,pm10,85.0,2019-07-12T17:45:00+00:00
6975,12.917348,77.622813,pm10,85.0,2019-07-12T18:00:00+00:00
6975,12.917348,77.622813,pm10,58.0,2019-07-12T18:15:00+00:00
6975,12.917348,77.622813,pm10,58.0,2019-07-12T18:30:00+00:00
6975,12.917348,77.622813,pm25,28.0,2019-07-11T18:45:00+00:00
6975,12.917348,77.622813,pm25,28.0,2019-07-11T19:00:00+00:00
6975,12.917348,77.622813,pm25,22.0,2019-07-11T19:15:00+00:00
6975,12.917348,77.622813,pm25,22.0,2019-07-11T19:30:00+00:00
6975,12.917348,77.622813,pm25,22.0,2019-07-11T19:45:00+00:00
6975,12.917348,77.622813,pm25,22.0,2019-07-11T20:00:00+00:00
6975,12.917348,77.622813,pm25,22.0,2019-07-11T20:15:00+00:00
6975,12.917348,77.622813,pm25,22.0,2019-07-11T20:30:00+00:00
6975,12.917348,77.622813,pm25,22.0,2019-07-11T20:45:00+00:00
6975,12.917348,77.622813,pm25,22.0,2019-07-11T21:00:00+00:00
6975,12.917348,77.622813,pm25,17.0,2019-07-11T21:15:00+00:00
6975,12.917348,77.622813,pm25,17.0,2019-07-11T21:30:00+00:00
6975,12.917348,77.622813,pm25,17.0,2019-07-11T21:45:00+00:00
6975,12.917348,77.622813,pm25,17.0,2019-07-11T22:00:00+00:00
6975,12.917348,77.622813,pm25,12.0,2019-07-11T22:15:00+00:00
6975,12.917348,77.622813,pm25,12.0,2019-07-11T22:30:00+00:00
6975,12.917348,77.622813,pm25,12.0,2019-07-11T22:45:00+00:00
6975,12.917348,77.622813,pm25,12.0,2019-07-11T23:00:00+00:00
6975,12.917348,77.622813,pm25,16.0,2019-07-11T23:15:00+00:00
6975,12.917348,77.622813,pm25,16.0,2019-07-11T23:30:00+00:00
6975,12.917348,77.622813,pm25,16.0,2019-07-11T23:45:00+00:00
6975,12.917348,77.622813,pm25,16.0,2019-07-12T00:00:00+00:00
6975,12.917348,77.622813,pm25,23.0,2019-07-12T00:15:00+00:00
6975,12.917348,77.622813,pm25,23.0,2019-07-12T00:30:00+00:00
6975,12.917348,77.622813,pm25,23.0,2019-07-12T00:45:00+00:00
6975,12.917348,77.622813,pm25,23.0,2019-07-12T01:00:00+00:00
6975,12.917348,77.622813,pm25,28.0,2019-07-12T01:15:00+00:00
6975,12.917348,77.622813,pm25,28.0,2019-07-12T01:30:00+00:00
6975,12.917348,77.622813,pm25,28.0,2019-07-12T01:45:00+00:00
6975,12.917348,77.622813,pm25,28.0,2019-07-12T02:00:00+00:00
6975,12.917348,77.622813,pm25,19.0,2019-07-12T02:15:00+00:00
6975,12.917348,77.622813,pm25,19.0,2019-07-12T02:30:00+00:00
6975,12.917348,77.622813,pm25,19.0,2019-07-12T02:45:00+00:00
6975,12.917348,77.622813,pm25,19.0,2019-07-12T03:00:00+00:00
6975,12.917348,77.622813,pm25,25.0,2019-07-12T03:15:00+00:00
6975,12.917348,77.622813,pm25,25.0,2019-07-12T03:30:00+00:00
6975,12.917348,77.622813,pm25,25.0,2019-07-12T03:45:00+00:00
6975,12.917348,77.622813,pm25,25.0,2019-07-12T04:00:00+00:00
6975,12.917348,77.622813,pm25,20.0,2019-07-12T04:15:00+00:00
6975,12.917348,77.622813,pm25,20.0,2019-07-12T04:30:00+00:00
6975,12.917348,77.622813,pm25,20.0,2019-07-12T04:45:00+00:00
6975,12.917348,77.622813,pm25,20.0,2019-07-12T05:00:00+00:00
6975,12.917348,77.622813,pm25,19.0,2019-07-12T05:15:00+00:00
6975,12.917348,77.622813,pm25,19.0,2019-07-12T05:30:00+00:00
6975,12.917348,77.622813,pm25,19.0,2019-07-12T05:45:00+00:00
6975,12.917348,77.622813,pm25,19.0,2019-07-12T06:00:00+00:00
6975,12.917348,77.622813,pm25,17.0,2019-07-12T06:15:00+00:00
6975,12.917348,77.622813,pm25,17.0,2019-07-12T06:30:00+00:00
6975,12.917348,77.622813,pm25,17.0,2019-07-12T06:45:00+00:00
6975,12.917348,77.622813,pm25,17.0,2019-07-12T07:00:00+00:00
6975,12.917348,77.622813,pm25,20.0,2019-07-12T07:15:00+00:00
6975,12.917348,77.622813,pm25,20.0,2019-07-12T07:30:00+00:00
6975,12.917348,77.622813,pm25,20.0,2019-07-12T07:45:00+00:00
6975,12.917348,77.622813,pm25,20.0,2019-07-12T08:00:00+00:00
6975,12.917348,77.622813,pm25,23.0,2019-07-12T08:15:00+00:00
6975,12.917348,77.622813,pm25,23.0,2019-07-12T08:30:00+00:00
6975,12.917348,77.622813,pm25,23.0,2019-07-12T08:45:00+00:00
6975,12.917348,77.622813,pm25,23.0,2019-07-12T09:00:00+00:00
6975,12.917348,77.622813,pm25,12.0,2019-07-12T09:15:00+00:00
6975,12.917348,77.622813,pm25,12.0,2019-07-12T09:30:00+00:00
6975,12.917348,77.622813,pm25,12.0,2019-07-12T09:45:00+00:00
6975,12.917348,77.622813,pm25,12.0,2019-07-12T10:00:00+00:00
6975,12.917348,77.622813,pm25,16.0,2019-07-12T10:15:00+00:00
6975,12.917348,77.622813,pm25,16.0,2019-07-12T10:30:00+00:00
6975,12.917348,77.622813,pm25,16.0,2019-07-12T10:45:00+00:00
6975,12.917348,77.622813,pm25,16.0,2019-07-12T11:00:00+00:00
6975,12.917348,77.622813,pm25,25.0,2019-07-12T11:15:00+00:00
6975,12.917348,77.622813,pm25,25.0,2019-07-12T11:30:00+00:00
6975,12.917348,77.622813,pm25,25.0,2019-07-12T11:45:00+00:00
6975,12.917348,77.622813,pm25,25.0,2019-07-12T12:00:00+00:00
6975,12.917348,77.622813,pm25,34.0,2019-07-12T12:15:00+00:00
6975,12.917348,77.622813,pm25,34.0,2019-07-12T12:30:00+00:00
6975,12.917348,77.622813,pm25,34.0,2019-07-12T12:45:00+00:00
6975,12.917348,77.622813,pm25,34.0,2019-07-12T13:00:00+00:00
6975,12.917348,77.622813,pm25,27.0,2019-07-12T13:15:00+00:00
6975,12.917348,77.622813,pm25,27.0,2019-07-12T13:30:00+00:00
6975,12.917348,77.622813,pm25,27.0,2019-07-12T13:45:00+00:00
6975,12.917348,77.622813,pm25,27.0,2019-07-12T14:00:00+00:00
6975,12.917348,77.622813,pm25,18.0,2019-07-12T14:15:00+00:00
6975,12.917348,77.622813,pm25,18.0,2019-07-12T14:30:00+00:00
6975,12.917348,77.622813,pm25,18.0,2019-07-12T14:45:00+00:00
6975,12.917348,77.622813,pm25,18.0,2019-07-12T15:00:00+00:00
6975,12.917348,77.622813,pm25,22.0,2019-07-12T15:15:00+00:00
6975,12.917348,77.622813,pm25,22.0,2019-07-12T15:30:00+00:00
6975,12.917348,77.622813,pm25,22.0,2019-07-12T15:45:00+00:00
6975,12.917348,77.622813,pm25,22.0,2019-07-12T16:00:00+00:00
6975,12.917348,77.622813,pm25,29.0,2019-07-12T16:15:00+00:00
6975,12.917348,77.622813,pm25,29.0,2019-07-12T16:45:00+00:00
6975,12.917348,77.622813,pm25,29.0,2019-07-12T17:00:00+00:00
6975,12.917348,77.622813,pm25,25.0,2019-07-12T17:15:00+00:00
6975,12.917348,77.622813,pm25,25.0,2019-07-12T17:30:00+00:00
6975,12.917348,77.622813,pm25,25.0,2019-07-12T17:45:00+00:00
6975,12.917348,77.622813,pm25,25.0,2019-07-12T18:00:00+00:00
6975,12.917348,77.622813,pm25,19.0,2019-07-12T18:15:00+00:00
6975,12.917348,77.622813,pm25,19.0,2019-07-12T18:30:00+00:00
6975,12.917348,77.622813,co,1.15,2019-07-11T18:45:00+00:00
6975,12.917348,77.622813,co,1.06,2019-07-11T19:00:00+00:00
6975,12.917348,77.622813,co,0.96,2019-07-11T19:15:00+00:00
6975,12.917348,77.622813,co,0.89,2019-07-11T19:30:00+00:00
6975,12.917348,77.622813,co,0.8,2019-07-11T19:45:00+00:00
6975,12.917348,77.622813,co,0.73,2019-07-11T20:00:00+00:00
6975,12.917348,77.622813,co,0.68,2019-07-11T20:15:00+00:00
6975,12.917348,77.622813,co,0.66,2019-07-11T20:30:00+00:00
6975,12.917348,77.622813,co,0.65,2019-07-11T20:45:00+00:00
6975,12.917348,77.622813,co,0.64,2019-07-11T21:00:00+00:00
6975,12.917348,77.622813,co,0.64,2019-07-11T21:15:00+00:00
6975,12.917348,77.622813,co,0.64,2019-07-11T21:30:00+00:00
6975,12.917348,77.622813,co,0.61,2019-07-11T21:45:00+00:00
6975,12.917348,77.622813,co,0.57,2019-07-11T22:00:00+00:00
6975,12.917348,77.622813,co,0.52,2019-07-11T23:00:00+00:00
6975,12.917348,77.622813,co,0.49,2019-07-11T23:15:00+00:00
6975,12.917348,77.622813,co,0.49,2019-07-11T23:30:00+00:00
6975,12.917348,77.622813,co,0.5,2019-07-11T23:45:00+00:00
6975,12.917348,77.622813,co,0.54,2019-07-12T00:00:00+00:00
6975,12.917348,77.622813,co,0.62,2019-07-12T00:15:00+00:00
6975,12.917348,77.622813,co,0.61,2019-07-12T00:30:00+00:00
6975,12.917348,77.622813,co,0.64,2019-07-12T00:45:00+00:00
6975,12.917348,77.622813,co,0.64,2019-07-12T01:00:00+00:00
6975,12.917348,77.622813,co,0.66,2019-07-12T01:15:00+00:00
6975,12.917348,77.622813,co,0.74,2019-07-12T01:30:00+00:00
6975,12.917348,77.622813,co,0.76,2019-07-12T01:45:00+00:00
6975,12.917348,77.622813,co,0.8,2019-07-12T02:00:00+00:00
6975,12.917348,77.622813,co,0.87,2019-07-12T02:15:00+00:00
6975,12.917348,77.622813,co,1.09,2019-07-12T02:30:00+00:00
6975,12.917348,77.622813,co,1.33,2019-07-12T02:45:00+00:00
6975,12.917348,77.622813,co,1.57,2019-07-12T03:00:00+00:00
6975,12.917348,77.622813,co,1.64,2019-07-12T03:15:00+00:00
6975,12.917348,77.622813,co,1.74,2019-07-12T03:30:00+00:00
6975,12.917348,77.622813,co,1.64,2019-07-12T03:45:00+00:00
6975,12.917348,77.622813,co,1.64,2019-07-12T04:00:00+00:00
6975,12.917348,77.622813,co,1.71,2019-07-12T04:15:00+00:00
6975,12.917348,77.622813,co,1.82,2019-07-12T04:30:00+00:00
6975,12.917348,77.622813,co,1.77,2019-07-12T04:45:00+00:00
6975,12.917348,77.622813,co,1.77,2019-07-12T05:00:00+00:00
6975,12.917348,77.622813,co,1.57,2019-07-12T05:15:00+00:00
6975,12.917348,77.622813,co,1.39,2019-07-12T05:30:00+00:00
6975,12.917348,77.622813,co,1.33,2019-07-12T05:45:00+00:00
6975,12.917348,77.622813,co,1.28,2019-07-12T06:00:00+00:00
6975,12.917348,77.622813,co,1.11,2019-07-12T06:15:00+00:00
6975,12.917348,77.622813,co,1.1,2019-07-12T06:30:00+00:00
6975,12.917348,77.622813,co,1.09,2019-07-12T06:45:00+00:00
6975,12.917348,77.622813,co,0.95,2019-07-12T07:00:00+00:00
6975,12.917348,77.622813,co,1.01,2019-07-12T07:30:00+00:00
6975,12.917348,77.622813,co,1.01,2019-07-12T07:45:00+00:00
6975,12.917348,77.622813,co,1.03,2019-07-12T08:00:00+00:00
6975,12.917348,77.622813,co,1.09,2019-07-12T08:15:00+00:00
6975,12.917348,77.622813,co,1.04,2019-07-12T08:30:00+00:00
6975,12.917348,77.622813,co,1.02,2019-07-12T08:45:00+00:00
6975,12.917348,77.622813,co,0.9,2019-07-12T09:00:00+00:00
6975,12.917348,77.622813,co,0.76,2019-07-12T09:15:00+00:00
6975,12.917348,77.622813,co,0.68,2019-07-12T09:30:00+00:00
6975,12.917348,77.622813,co,0.63,2019-07-12T09:45:00+00:00
6975,12.917348,77.622813,co,0.71,2019-07-12T10:00:00+00:00
6975,12.917348,77.622813,co,0.66,2019-07-12T10:15:00+00:00
6975,12.917348,77.622813,co,0.74,2019-07-12T10:30:00+00:00
6975,12.917348,77.622813,co,0.96,2019-07-12T10:45:00+00:00
6975,12.917348,77.622813,co,1.05,2019-07-12T11:00:00+00:00
6975,12.917348,77.622813,co,1.13,2019-07-12T11:30:00+00:00
6975,12.917348,77.622813,co,1.34,2019-07-12T11:45:00+00:00
6975,12.917348,77.622813,co,1.58,2019-07-12T12:00:00+00:00
6975,12.917348,77.622813,co,1.88,2019-07-12T12:15:00+00:00
6975,12.917348,77.622813,co,1.72,2019-07-12T12:30:00+00:00
6975,12.917348,77.622813,co,1.88,2019-07-12T12:45:00+00:00
6975,12.917348,77.622813,co,1.89,2019-07-12T13:00:00+00:00
6975,12.917348,77.622813,co,2.12,2019-07-12T13:30:00+00:00
6975,12.917348,77.622813,co,2.59,2019-07-12T13:45:00+00:00
6975,12.917348,77.622813,co,2.9,2019-07-12T14:00:00+00:00
6975,12.917348,77.622813,co,3.08,2019-07-12T14:15:00+00:00
6975,12.917348,77.622813,co,2.85,2019-07-12T14:30:00+00:00
6975,12.917348,77.622813,co,2.7,2019-07-12T14:45:00+00:00
6975,12.917348,77.622813,co,2.64,2019-07-12T15:00:00+00:00
6975,12.917348,77.622813,co,2.46,2019-07-12T15:15:00+00:00
6975,12.917348,77.622813,co,2.21,2019-07-12T15:30:00+00:00
6975,12.917348,77.622813,co,1.97,2019-07-12T15:45:00+00:00
6975,12.917348,77.622813,co,1.89,2019-07-12T16:00:00+00:00
6975,12.917348,77.622813,co,1.63,2019-07-12T16:15:00+00:00
6975,12.917348,77.622813,co,1.42,2019-07-12T16:45:00+00:00
6975,12.917348,77.622813,co,1.41,2019-07-12T17:00:00+00:00
6975,12.917348,77.622813,co,1.36,2019-07-12T17:15:00+00:00
6975,12.917348,77.622813,co,1.11,2019-07-12T17:30:00+00:00
6975,12.917348,77.622813,co,0.93,2019-07-12T17:45:00+00:00
6975,12.917348,77.622813,co,0.86,2019-07-12T18:00:00+00:00
6975,12.917348,77.622813,co,1.04,2019-07-12T18:30:00+00:00
6975,12.917348,77.622813,no2,49.8,2019-07-11T18:45:00+00:00
6975,12.917348,77.622813,no2,47.4,2019-07-11T19:00:00+00:00
6975,12.917348,77.622813,no2,49.4,2019-07-11T19:15:00+00:00
6975,12.917348,77.622813,no2,47.2,2019-07-11T19:30:00+00:00
6975,12.917348,77.622813,no2,46.2,2019-07-11T19:45:00+00:00
6975,12.917348,77.622813,no2,41.9,2019-07-11T20:00:00+00:00
6975,12.917348,77.622813,no2,44.6,2019-07-11T20:15:00+00:00
6975,12.917348,77.622813,no2,44.7,2019-07-11T20:30:00+00:00
6975,12.917348,77.622813,no2,42.5,2019-07-11T20:45:00+00:00
6975,12.917348,77.622813,no2,40.8,2019-07-11T21:00:00+00:00
6975,12.917348,77.622813,no2,39.9,2019-07-11T21:15:00+00:00
6975,12.917348,77.622813,no2,39.1,2019-07-11T21:30:00+00:00
6975,12.917348,77.622813,no2,39.1,2019-07-11T21:45:00+00:00
6975,12.917348,77.622813,no2,38.7,2019-07-11T22:00:00+00:00
6975,12.917348,77.622813,no2,37.8,2019-07-11T22:15:00+00:00
6975,12.917348,77.622813,no2,38.0,2019-07-11T22:30:00+00:00
6975,12.917348,77.622813,no2,39.3,2019-07-11T22:45:00+00:00
6975,12.917348,77.622813,no2,38.7,2019-07-11T23:00:00+00:00
6975,12.917348,77.622813,no2,38.0,2019-07-12T00:00:00+00:00
6975,12.917348,77.622813,no2,35.5,2019-07-12T00:15:00+00:00
6975,12.917348,77.622813,no2,37.0,2019-07-12T00:30:00+00:00
6975,12.917348,77.622813,no2,36.8,2019-07-12T00:45:00+00:00
6975,12.917348,77.622813,no2,36.7,2019-07-12T01:00:00+00:00
6975,12.917348,77.622813,no2,35.9,2019-07-12T01:15:00+00:00
6975,12.917348,77.622813,no2,36.1,2019-07-12T01:30:00+00:00
6975,12.917348,77.622813,no2,36.5,2019-07-12T01:45:00+00:00
6975,12.917348,77.622813,no2,37.4,2019-07-12T02:00:00+00:00
6975,12.917348,77.622813,no2,37.8,2019-07-12T02:15:00+00:00
6975,12.917348,77.622813,no2,38.0,2019-07-12T02:30:00+00:00
6975,12.917348,77.622813,no2,38.9,2019-07-12T02:45:00+00:00
6975,12.917348,77.622813,no2,41.9,2019-07-12T03:00:00+00:00
6975,12.917348,77.622813,no2,39.5,2019-07-12T03:15:00+00:00
6975,12.917348,77.622813,no2,39.1,2019-07-12T03:30:00+00:00
6975,12.917348,77.622813,no2,37.2,2019-07-12T03:45:00+00:00
6975,12.917348,77.622813,no2,37.0,2019-07-12T04:00:00+00:00
6975,12.917348,77.622813,no2,40.2,2019-07-12T04:15:00+00:00
6975,12.917348,77.622813,no2,45.1,2019-07-12T04:30:00+00:00
6975,12.917348,77.622813,no2,43.1,2019-07-12T04:45:00+00:00
6975,12.917348,77.622813,no2,46.4,2019-07-12T05:00:00+00:00
6975,12.917348,77.622813,no2,51.7,2019-07-12T05:15:00+00:00
6975,12.917348,77.622813,no2,56.6,2019-07-12T05:30:00+00:00
6975,12.917348,77.622813,no2,52.8,2019-07-12T05:45:00+00:00
6975,12.917348,77.622813,no2,51.7,2019-07-12T06:00:00+00:00
6975,12.917348,77.622813,no2,54.5,2019-07-12T06:15:00+00:00
6975,12.917348,77.622813,no2,57.2,2019-07-12T06:30:00+00:00
6975,12.917348,77.622813,no2,56.8,2019-07-12T06:45:00+00:00
6975,12.917348,77.622813,no2,62.8,2019-07-12T07:00:00+00:00
6975,12.917348,77.622813,no2,57.3,2019-07-12T07:15:00+00:00
6975,12.917348,77.622813,no2,57.3,2019-07-12T07:30:00+00:00
6975,12.917348,77.622813,no2,58.5,2019-07-12T07:45:00+00:00
6975,12.917348,77.622813,no2,59.0,2019-07-12T08:00:00+00:00
6975,12.917348,77.622813,no2,58.5,2019-07-12T08:15:00+00:00
6975,12.917348,77.622813,no2,58.1,2019-07-12T08:30:00+00:00
6975,12.917348,77.622813,no2,59.0,2019-07-12T08:45:00+00:00
6975,12.917348,77.622813,no2,54.9,2019-07-12T09:00:00+00:00
6975,12.917348,77.622813,no2,51.3,2019-07-12T09:15:00+00:00
6975,12.917348,77.622813,no2,54.1,2019-07-12T09:30:00+00:00
6975,12.917348,77.622813,no2,51.9,2019-07-12T09:45:00+00:00
6975,12.917348,77.622813,no2,51.7,2019-07-12T10:00:00+00:00
6975,12.917348,77.622813,no2,52.8,2019-07-12T10:15:00+00:00
6975,12.917348,77.622813,no2,53.4,2019-07-12T10:30:00+00:00
6975,12.917348,77.622813,no2,54.1,2019-07-12T10:45:00+00:00
6975,12.917348,77.622813,no2,53.4,2019-07-12T11:00:00+00:00
6975,12.917348,77.622813,no2,53.0,2019-07-12T11:15:00+00:00
6975,12.917348,77.622813,no2,53.2,2019-07-12T11:30:00+00:00
6975,12.917348,77.622813,no2,57.9,2019-07-12T11:45:00+00:00
6975,12.917348,77.622813,no2,55.6,2019-07-12T12:00:00+00:00
6975,12.917348,77.622813,no2,52.8,2019-07-12T12:30:00+00:00
6975,12.917348,77.622813,no2,52.6,2019-07-12T12:45:00+00:00
6975,12.917348,77.622813,no2,52.1,2019-07-12T13:00:00+00:00
6975,12.917348,77.622813,no2,52.3,2019-07-12T13:15:00+00:00
6975,12.917348,77.622813,no2,52.6,2019-07-12T13:30:00+00:00
6975,12.917348,77.622813,no2,44.0,2019-07-12T13:45:00+00:00
6975,12.917348,77.622813,no2,52.5,2019-07-12T14:00:00+00:00
6975,12.917348,77.622813,no2,58.1,2019-07-12T14:15:00+00:00
6975,12.917348,77.622813,no2,5.5,2019-07-12T14:45:00+00:00
6975,12.917348,77.622813,so2,6.3,2019-07-11T18:45:00+00:00
6975,12.917348,77.622813,so2,5.8,2019-07-11T19:00:00+00:00
6975,12.917348,77.622813,so2,5.5,2019-07-11T19:15:00+00:00
6975,12.917348,77.622813,so2,6.0,2019-07-11T19:30:00+00:00
6975,12.917348,77.622813,so2,6.0,2019-07-11T19:45:00+00:00
6975,12.917348,77.622813,so2,5.2,2019-07-11T20:00:00+00:00
6975,12.917348,77.622813,so2,4.7,2019-07-11T20:30:00+00:00
6975,12.917348,77.622813,so2,4.2,2019-07-11T20:45:00+00:00
6975,12.917348,77.622813,so2,3.7,2019-07-11T21:00:00+00:00
6975,12.917348,77.622813,so2,3.1,2019-07-11T21:15:00+00:00
6975,12.917348,77.622813,so2,3.1,2019-07-11T21:30:00+00:00
6975,12.917348,77.622813,so2,3.7,2019-07-11T21:45:00+00:00
6975,12.917348,77.622813,so2,3.9,2019-07-11T22:00:00+00:00
6975,12.917348,77.622813,so2,3.9,2019-07-11T22:30:00+00:00
6975,12.917348,77.622813,so2,5.2,2019-07-11T22:45:00+00:00
6975,12.917348,77.622813,so2,5.5,2019-07-11T23:00:00+00:00
6975,12.917348,77.622813,so2,5.8,2019-07-11T23:15:00+00:00
6975,12.917348,77.622813,so2,5.8,2019-07-11T23:30:00+00:00
6975,12.917348,77.622813,so2,6.0,2019-07-11T23:45:00+00:00
6975,12.917348,77.622813,so2,6.0,2019-07-12T00:00:00+00:00
6975,12.917348,77.622813,so2,4.2,2019-07-12T01:00:00+00:00
6975,12.917348,77.622813,so2,4.5,2019-07-12T01:15:00+00:00
6975,12.917348,77.622813,so2,5.0,2019-07-12T01:30:00+00:00
6975,12.917348,77.622813,so2,4.2,2019-07-12T01:45:00+00:00
6975,12.917348,77.622813,so2,4.5,2019-07-12T02:00:00+00:00
6975,12.917348,77.622813,so2,5.2,2019-07-12T02:30:00+00:00
6975,12.917348,77.622813,so2,6.0,2019-07-12T02:45:00+00:00
6975,12.917348,77.622813,so2,5.8,2019-07-12T03:00:00+00:00
6975,12.917348,77.622813,so2,6.0,2019-07-12T03:15:00+00:00
6975,12.917348,77.622813,so2,6.6,2019-07-12T03:30:00+00:00
6975,12.917348,77.622813,so2,6.0,2019-07-12T03:45:00+00:00
6975,12.917348,77.622813,so2,5.8,2019-07-12T04:00:00+00:00
6975,12.917348,77.622813,so2,5.2,2019-07-12T04:30:00+00:00
6975,12.917348,77.622813,so2,5.0,2019-07-12T04:45:00+00:00
6975,12.917348,77.622813,so2,4.5,2019-07-12T05:00:00+00:00
6975,12.917348,77.622813,so2,5.2,2019-07-12T05:15:00+00:00
6975,12.917348,77.622813,so2,3.4,2019-07-12T05:30:00+00:00
6975,12.917348,77.622813,so2,3.4,2019-07-12T05:45:00+00:00
6975,12.917348,77.622813,so2,3.7,2019-07-12T06:00:00+00:00
6975,12.917348,77.622813,so2,3.9,2019-07-12T06:30:00+00:00
6975,12.917348,77.622813,so2,5.2,2019-07-12T06:45:00+00:00
6975,12.917348,77.622813,so2,5.2,2019-07-12T07:00:00+00:00
6975,12.917348,77.622813,so2,5.8,2019-07-12T07:15:00+00:00
6975,12.917348,77.622813,so2,5.2,2019-07-12T07:30:00+00:00
6975,12.917348,77.622813,so2,5.0,2019-07-12T07:45:00+00:00
6975,12.917348,77.622813,so2,4.7,2019-07-12T08:00:00+00:00
6975,12.917348,77.622813,so2,5.0,2019-07-12T08:30:00+00:00
6975,12.917348,77.622813,so2,5.5,2019-07-12T08:45:00+00:00
6975,12.917348,77.622813,so2,5.2,2019-07-12T09:00:00+00:00
6975,12.917348,77.622813,so2,6.0,2019-07-12T09:15:00+00:00
6975,12.917348,77.622813,so2,6.0,2019-07-12T09:30:00+00:00
6975,12.917348,77.622813,so2,5.8,2019-07-12T09:45:00+00:00
6975,12.917348,77.622813,so2,5.2,2019-07-12T10:00:00+00:00
6975,12.917348,77.622813,so2,5.5,2019-07-12T10:30:00+00:00
6975,12.917348,77.622813,so2,5.8,2019-07-12T10:45:00+00:00
6975,12.917348,77.622813,so2,5.5,2019-07-12T11:00:00+00:00
6975,12.917348,77.622813,so2,4.5,2019-07-12T11:15:00+00:00
6975,12.917348,77.622813,so2,4.5,2019-07-12T11:30:00+00:00
6975,12.917348,77.622813,so2,4.5,2019-07-12T11:45:00+00:00
6975,12.917348,77.622813,so2,4.2,2019-07-12T12:00:00+00:00
6975,12.917348,77.622813,so2,3.9,2019-07-12T12:30:00+00:00
6975,12.917348,77.622813,so2,4.5,2019-07-12T12:45:00+00:00
6975,12.917348,77.622813,so2,5.0,2019-07-12T13:00:00+00:00
6975,12.917348,77.622813,so2,5.5,2019-07-12T13:15:00+00:00
6975,12.917348,77.622813,so2,6.3,2019-07-12T13:30:00+00:00
6975,12.917348,77.622813,so2,7.1,2019-07-12T13:45:00+00:00
6975,12.917348,77.622813,so2,6.6,2019-07-12T14:00:00+00:00
6975,12.917348,77.622813,so2,5.8,2019-07-12T14:30:00+00:00
6975,12.917348,77.622813,so2,5.5,2019-07-12T14:45:00+00:00
6975,12.917348,77.622813,so2,6.0,2019-07-12T15:00:00+00:00
6975,12.917348,77.622813,so2,6.0,2019-07-12T15:15:00+00:00
6975,12.917348,77.622813,so2,5.8,2019-07-12T15:30:00+00:00
6975,12.917348,77.622813,so2,5.5,2019-07-12T15:45:00+00:00
6975,12.917348,77.622813,so2,5.5,2019-07-12T16:00:00+00:00
6975,12.917348,77.622813,so2,5.8,2019-07-12T16:45:00+00:00
6975,12.917348,77.622813,so2,5.8,2019-07-12T17:00:00+00:00
6975,12.917348,77.622813,so2,5.8,2019-07-12T17:15:00+00:00
6975,12.917348,77.622813,so2,6.0,2019-07-12T17:30:00+00:00
6975,12.917348,77.622813,so2,6.0,2019-07-12T17:45:00+00:00
6975,12.917348,77.622813,so2,5.5,2019-07-12T18:00:00+00:00
6975,12.917348,77.622813,so2,6.6,2019-07-12T18:30:00+00:00
6975,12.917348,77.622813,pm10,58.0,2019-07-12T18:45:00+00:00
6975,12.917348,77.622813,pm10,58.0,2019-07-12T19:00:00+00:00
6975,12.917348,77.622813,pm10,77.0,2019-07-12T19:15:00+00:00
6975,12.917348,77.622813,pm10,77.0,2019-07-12T19:30:00+00:00
6975,12.917348,77.622813,pm10,77.0,2019-07-12T19:45:00+00:00
6975,12.917348,77.622813,pm10,77.0,2019-07-12T20:00:00+00:00
6975,12.917348,77.622813,pm10,48.0,2019-07-12T20:15:00+00:00
6975,12.917348,77.622813,pm10,48.0,2019-07-12T20:30:00+00:00
6975,12.917348,77.622813,pm10,48.0,2019-07-12T20:45:00+00:00
6975,12.917348,77.622813,pm10,48.0,2019-07-12T21:00:00+00:00
6975,12.917348,77.622813,pm10,50.0,2019-07-12T21:15:00+00:00
6975,12.917348,77.622813,pm10,50.0,2019-07-12T21:30:00+00:00
6975,12.917348,77.622813,pm10,50.0,2019-07-12T21:45:00+00:00
6975,12.917348,77.622813,pm10,50.0,2019-07-12T22:00:00+00:00
6975,12.917348,77.622813,pm10,34.0,2019-07-12T22:15:00+00:00
6975,12.917348,77.622813,pm10,34.0,2019-07-12T22:30:00+00:00
6975,12.917348,77.622813,pm10,34.0,2019-07-12T22:45:00+00:00
6975,12.917348,77.622813,pm10,34.0,2019-07-12T23:00:00+00:00
6975,12.917348,77.622813,pm10,46.0,2019-07-12T23:15:00+00:00
6975,12.917348,77.622813,pm10,46.0,2019-07-12T23:30:00+00:00
6975,12.917348,77.622813,pm10,46.0,2019-07-12T23:45:00+00:00
6975,12.917348,77.622813,pm10,46.0,2019-07-13T00:00:00+00:00
6975,12.917348,77.622813,pm10,48.0,2019-07-13T00:15:00+00:00
6975,12.917348,77.622813,pm10,48.0,2019-07-13T00:30:00+00:00
6975,12.917348,77.622813,pm10,48.0,2019-07-13T00:45:00+00:00
6975,12.917348,77.622813,pm10,48.0,2019-07-13T01:00:00+00:00
6975,12.917348,77.622813,pm10,64.0,2019-07-13T01:15:00+00:00
6975,12.917348,77.622813,pm10,64.0,2019-07-13T01:30:00+00:00
6975,12.917348,77.622813,pm10,64.0,2019-07-13T01:45:00+00:00
6975,12.917348,77.622813,pm10,64.0,2019-07-13T02:00:00+00:00
6975,12.917348,77.622813,pm10,74.0,2019-07-13T02:15:00+00:00
6975,12.917348,77.622813,pm10,74.0,2019-07-13T02:30:00+00:00
6975,12.917348,77.622813,pm10,74.0,2019-07-13T02:45:00+00:00
6975,12.917348,77.622813,pm10,74.0,2019-07-13T03:00:00+00:00
6975,12.917348,77.622813,pm10,100.0,2019-07-13T03:15:00+00:00
6975,12.917348,77.622813,pm10,100.0,2019-07-13T03:30:00+00:00
6975,12.917348,77.622813,pm10,100.0,2019-07-13T03:45:00+00:00
6975,12.917348,77.622813,pm10,100.0,2019-07-13T04:00:00+00:00
6975,12.917348,77.622813,pm10,96.0,2019-07-13T04:15:00+00:00
6975,12.917348,77.622813,pm10,96.0,2019-07-13T04:30:00+00:00
6975,12.917348,77.622813,pm10,96.0,2019-07-13T04:45:00+00:00
6975,12.917348,77.622813,pm10,96.0,2019-07-13T05:00:00+00:00
6975,12.917348,77.622813,pm10,84.0,2019-07-13T05:15:00+00:00
6975,12.917348,77.622813,pm10,84.0,2019-07-13T05:30:00+00:00
6975,12.917348,77.622813,pm10,84.0,2019-07-13T05:45:00+00:00
6975,12.917348,77.622813,pm10,84.0,2019-07-13T06:00:00+00:00
6975,12.917348,77.622813,pm10,70.0,2019-07-13T06:15:00+00:00
6975,12.917348,77.622813,pm10,70.0,2019-07-13T06:30:00+00:00
6975,12.917348,77.622813,pm10,70.0,2019-07-13T06:45:00+00:00
6975,12.917348,77.622813,pm10,70.0,2019-07-13T07:00:00+00:00
6975,12.917348,77.622813,pm10,59.0,2019-07-13T07:15:00+00:00
6975,12.917348,77.622813,pm10,59.0,2019-07-13T07:30:00+00:00
6975,12.917348,77.622813,pm10,59.0,2019-07-13T07:45:00+00:00
6975,12.917348,77.622813,pm10,59.0,2019-07-13T08:00:00+00:00
6975,12.917348,77.622813,pm10,62.0,2019-07-13T08:15:00+00:00
6975,12.917348,77.622813,pm10,62.0,2019-07-13T08:30:00+00:00
6975,12.917348,77.622813,pm10,62.0,2019-07-13T08:45:00+00:00
6975,12.917348,77.622813,pm10,62.0,2019-07-13T09:00:00+00:00
6975,12.917348,77.622813,pm10,67.0,2019-07-13T09:15:00+00:00
6975,12.917348,77.622813,pm10,67.0,2019-07-13T09:30:00+00:00
6975,12.917348,77.622813,pm10,67.0,2019-07-13T09:45:00+00:00
6975,12.917348,77.622813,pm10,67.0,2019-07-13T10:00:00+00:00
6975,12.917348,77.622813,pm10,88.0,2019-07-13T10:15:00+00:00
6975,12.917348,77.622813,pm10,88.0,2019-07-13T10:30:00+00:00
6975,12.917348,77.622813,pm10,88.0,2019-07-13T10:45:00+00:00
6975,12.917348,77.622813,pm10,88.0,2019-07-13T11:00:00+00:00
6975,12.917348,77.622813,pm10,72.0,2019-07-13T11:15:00+00:00
6975,12.917348,77.622813,pm10,72.0,2019-07-13T11:30:00+00:00
6975,12.917348,77.622813,pm10,72.0,2019-07-13T11:45:00+00:00
6975,12.917348,77.622813,pm10,72.0,2019-07-13T12:00:00+00:00
6975,12.917348,77.622813,pm10,101.0,2019-07-13T12:15:00+00:00
6975,12.917348,77.622813,pm10,101.0,2019-07-13T12:30:00+00:00
6975,12.917348,77.622813,pm10,101.0,2019-07-13T12:45:00+00:00
6975,12.917348,77.622813,pm10,101.0,2019-07-13T13:00:00+00:00
6975,12.917348,77.622813,pm10,102.0,2019-07-13T13:15:00+00:00
6975,12.917348,77.622813,pm10,102.0,2019-07-13T13:30:00+00:00
6975,12.917348,77.622813,pm10,102.0,2019-07-13T13:45:00+00:00
6975,12.917348,77.622813,pm10,102.0,2019-07-13T14:00:00+00:00
6975,12.917348,77.622813,pm10,85.0,2019-07-13T14:15:00+00:00
6975,12.917348,77.622813,pm10,85.0,2019-07-13T14:30:00+00:00
6975,12.917348,77.622813,pm10,85.0,2019-07-13T14:45:00+00:00
6975,12.917348,77.622813,pm10,85.0,2019-07-13T15:00:00+00:00
6975,12.917348,77.622813,pm10,92.0,2019-07-13T15:15:00+00:00
6975,12.917348,77.622813,pm10,92.0,2019-07-13T15:30:00+00:00
6975,12.917348,77.622813,pm10,92.0,2019-07-13T15:45:00+00:00
6975,12.917348,77.622813,pm10,92.0,2019-07-13T16:00:00+00:00
6975,12.917348,77.622813,pm10,68.0,2019-07-13T16:15:00+00:00
6975,12.917348,77.622813,pm10,68.0,2019-07-13T16:30:00+00:00
6975,12.917348,77.622813,pm10,68.0,2019-07-13T16:45:00+00:00
6975,12.917348,77.622813,pm10,68.0,2019-07-13T17:00:00+00:00
6975,12.917348,77.622813,pm10,67.0,2019-07-13T17:15:00+00:00
6975,12.917348,77.622813,pm10,67.0,2019-07-13T17:30:00+00:00
6975,12.917348,77.622813,pm10,67.0,2019-07-13T17:45:00+00:00
6975,12.917348,77.622813,pm10,67.0,2019-07-13T18:00:00+00:00
6975,12.917348,77.622813,pm10,59.0,2019-07-13T18:15:00+00:00
6975,12.917348,77.622813,pm10,59.0,2019-07-13T18:30:00+00:00
6975,12.917348,77.622813,pm25,19.0,2019-07-12T18:45:00+00:00
6975,12.917348,77.622813,pm25,19.0,2019-07-12T19:00:00+00:00
6975,12.917348,77.622813,pm25,19.0,2019-07-12T19:15:00+00:00
6975,12.917348,77.622813,pm25,19.0,2019-07-12T19:30:00+00:00
6975,12.917348,77.622813,pm25,19.0,2019-07-12T19:45:00+00:00
6975,12.917348,77.622813,pm25,19.0,2019-07-12T20:00:00+00:00
6975,12.917348,77.622813,pm25,11.0,2019-07-12T20:15:00+00:00
6975,12.917348,77.622813,pm25,11.0,2019-07-12T20:30:00+00:00
6975,12.917348,77.622813,pm25,11.0,2019-07-12T20:45:00+00:00
6975,12.917348,77.622813,pm25,11.0,2019-07-12T21:00:00+00:00
6975,12.917348,77.622813,pm25,12.0,2019-07-12T21:15:00+00:00
6975,12.917348,77.622813,pm25,12.0,2019-07-12T21:30:00+00:00
6975,12.917348,77.622813,pm25,12.0,2019-07-12T21:45:00+00:00
6975,12.917348,77.622813,pm25,12.0,2019-07-12T22:00:00+00:00
6975,12.917348,77.622813,pm25,11.0,2019-07-12T22:15:00+00:00
6975,12.917348,77.622813,pm25,11.0,2019-07-12T22:30:00+00:00
6975,12.917348,77.622813,pm25,11.0,2019-07-12T22:45:00+00:00
6975,12.917348,77.622813,pm25,11.0,2019-07-12T23:00:00+00:00
6975,12.917348,77.622813,pm25,20.0,2019-07-12T23:15:00+00:00
6975,12.917348,77.622813,pm25,20.0,2019-07-12T23:30:00+00:00
6975,12.917348,77.622813,pm25,20.0,2019-07-12T23:45:00+00:00
6975,12.917348,77.622813,pm25,20.0,2019-07-13T00:00:00+00:00
6975,12.917348,77.622813,pm25,8.0,2019-07-13T00:15:00+00:00
6975,12.917348,77.622813,pm25,8.0,2019-07-13T00:30:00+00:00
6975,12.917348,77.622813,pm25,8.0,2019-07-13T00:45:00+00:00
6975,12.917348,77.622813,pm25,8.0,2019-07-13T01:00:00+00:00
6975,12.917348,77.622813,pm25,22.0,2019-07-13T01:15:00+00:00
6975,12.917348,77.622813,pm25,22.0,2019-07-13T01:30:00+00:00
6975,12.917348,77.622813,pm25,22.0,2019-07-13T01:45:00+00:00
6975,12.917348,77.622813,pm25,22.0,2019-07-13T02:00:00+00:00
6975,12.917348,77.622813,pm25,23.0,2019-07-13T02:15:00+00:00
6975,12.917348,77.622813,pm25,23.0,2019-07-13T02:30:00+00:00
6975,12.917348,77.622813,pm25,23.0,2019-07-13T02:45:00+00:00
6975,12.917348,77.622813,pm25,23.0,2019-07-13T03:00:00+00:00
6975,12.917348,77.622813,pm25,38.0,2019-07-13T03:15:00+00:00
6975,12.917348,77.622813,pm25,38.0,2019-07-13T03:30:00+00:00
6975,12.917348,77.622813,pm25,38.0,2019-07-13T03:45:00+00:00
6975,12.917348,77.622813,pm25,38.0,2019-07-13T04:00:00+00:00
6975,12.917348,77.622813,pm25,38.0,2019-07-13T04:15:00+00:00
6975,12.917348,77.622813,pm25,38.0,2019-07-13T04:30:00+00:00
6975,12.917348,77.622813,pm25,38.0,2019-07-13T04:45:00+00:00
6975,12.917348,77.622813,pm25,38.0,2019-07-13T05:00:00+00:00
6975,12.917348,77.622813,pm25,31.0,2019-07-13T05:15:00+00:00
6975,12.917348,77.622813,pm25,31.0,2019-07-13T05:30:00+00:00
6975,12.917348,77.622813,pm25,31.0,2019-07-13T05:45:00+00:00
6975,12.917348,77.622813,pm25,31.0,2019-07-13T06:00:00+00:00
6975,12.917348,77.622813,pm25,25.0,2019-07-13T06:15:00+00:00
6975,12.917348,77.622813,pm25,25.0,2019-07-13T06:30:00+00:00
6975,12.917348,77.622813,pm25,25.0,2019-07-13T06:45:00+00:00
6975,12.917348,77.622813,pm25,25.0,2019-07-13T07:00:00+00:00
6975,12.917348,77.622813,pm25,19.0,2019-07-13T07:15:00+00:00
6975,12.917348,77.622813,pm25,19.0,2019-07-13T07:30:00+00:00
6975,12.917348,77.622813,pm25,19.0,2019-07-13T07:45:00+00:00
6975,12.917348,77.622813,pm25,19.0,2019-07-13T08:00:00+00:00
6975,12.917348,77.622813,pm25,14.0,2019-07-13T08:15:00+00:00
6975,12.917348,77.622813,pm25,14.0,2019-07-13T08:30:00+00:00
6975,12.917348,77.622813,pm25,14.0,2019-07-13T08:45:00+00:00
6975,12.917348,77.622813,pm25,14.0,2019-07-13T09:00:00+00:00
6975,12.917348,77.622813,pm25,17.0,2019-07-13T09:15:00+00:00
6975,12.917348,77.622813,pm25,17.0,2019-07-13T09:30:00+00:00
6975,12.917348,77.622813,pm25,17.0,2019-07-13T09:45:00+00:00
6975,12.917348,77.622813,pm25,17.0,2019-07-13T10:00:00+00:00
6975,12.917348,77.622813,pm25,28.0,2019-07-13T10:15:00+00:00
6975,12.917348,77.622813,pm25,28.0,2019-07-13T10:30:00+00:00
6975,12.917348,77.622813,pm25,28.0,2019-07-13T10:45:00+00:00
6975,12.917348,77.622813,pm25,28.0,2019-07-13T11:00:00+00:00
6975,12.917348,77.622813,pm25,19.0,2019-07-13T11:15:00+00:00
6975,12.917348,77.622813,pm25,19.0,2019-07-13T11:30:00+00:00
6975,12.917348,77.622813,pm25,19.0,2019-07-13T11:45:00+00:00
6975,12.917348,77.622813,pm25,19.0,2019-07-13T12:00:00+00:00
6975,12.917348,77.622813,pm25,28.0,2019-07-13T12:15:00+00:00
6975,12.917348,77.622813,pm25,28.0,2019-07-13T12:30:00+00:00
6975,12.917348,77.622813,pm25,28.0,2019-07-13T12:45:00+00:00
6975,12.917348,77.622813,pm25,28.0,2019-07-13T13:00:00+00:00
6975,12.917348,77.622813,pm25,31.0,2019-07-13T13:15:00+00:00
6975,12.917348,77.622813,pm25,31.0,2019-07-13T13:30:00+00:00
6975,12.917348,77.622813,pm25,31.0,2019-07-13T13:45:00+00:00
6975,12.917348,77.622813,pm25,31.0,2019-07-13T14:00:00+00:00
6975,12.917348,77.622813,pm25,24.0,2019-07-13T14:15:00+00:00
6975,12.917348,77.622813,pm25,24.0,2019-07-13T14:30:00+00:00
6975,12.917348,77.622813,pm25,24.0,2019-07-13T14:45:00+00:00
6975,12.917348,77.622813,pm25,24.0,2019-07-13T15:00:00+00:00
6975,12.917348,77.622813,pm25,23.0,2019-07-13T15:15:00+00:00
6975,12.917348,77.622813,pm25,23.0,2019-07-13T15:30:00+00:00
6975,12.917348,77.622813,pm25,23.0,2019-07-13T15:45:00+00:00
6975,12.917348,77.622813,pm25,23.0,2019-07-13T16:00:00+00:00
6975,12.917348,77.622813,pm25,11.0,2019-07-13T16:15:00+00:00
6975,12.917348,77.622813,pm25,11.0,2019-07-13T16:30:00+00:00
6975,12.917348,77.622813,pm25,11.0,2019-07-13T16:45:00+00:00
6975,12.917348,77.622813,pm25,11.0,2019-07-13T17:00:00+00:00
6975,12.917348,77.622813,pm25,16.0,2019-07-13T17:15:00+00:00
6975,12.917348,77.622813,pm25,16.0,2019-07-13T17:30:00+00:00
6975,12.917348,77.622813,pm25,16.0,2019-07-13T17:45:00+00:00
6975,12.917348,77.622813,pm25,16.0,2019-07-13T18:00:00+00:00
6975,12.917348,77.622813,pm25,22.0,2019-07-13T18:15:00+00:00
6975,12.917348,77.622813,pm25,22.0,2019-07-13T18:30:00+00:00
6975,12.917348,77.622813,co,1.17,2019-07-12T18:45:00+00:00
6975,12.917348,77.622813,co,1.05,2019-07-12T19:00:00+00:00
6975,12.917348,77.622813,co,1.13,2019-07-12T19:15:00+00:00
6975,12.917348,77.622813,co,0.94,2019-07-12T19:30:00+00:00
6975,12.917348,77.622813,co,0.84,2019-07-12T19:45:00+00:00
6975,12.917348,77.622813,co,0.77,2019-07-12T20:00:00+00:00
6975,12.917348,77.622813,co,0.68,2019-07-12T20:15:00+00:00
6975,12.917348,77.622813,co,0.61,2019-07-12T20:30:00+00:00
6975,12.917348,77.622813,co,0.57,2019-07-12T20:45:00+00:00
6975,12.917348,77.622813,co,0.56,2019-07-12T21:00:00+00:00
6975,12.917348,77.622813,co,0.54,2019-07-12T21:15:00+00:00
6975,12.917348,77.622813,co,0.4,2019-07-12T21:30:00+00:00
6975,12.917348,77.622813,co,0.33,2019-07-12T21:45:00+00:00
6975,12.917348,77.622813,co,0.35,2019-07-12T22:00:00+00:00
6975,12.917348,77.622813,co,0.42,2019-07-12T23:00:00+00:00
6975,12.917348,77.622813,co,0.46,2019-07-12T23:15:00+00:00
6975,12.917348,77.622813,co,0.47,2019-07-12T23:30:00+00:00
6975,12.917348,77.622813,co,0.48,2019-07-12T23:45:00+00:00
6975,12.917348,77.622813,co,0.47,2019-07-13T00:00:00+00:00
6975,12.917348,77.622813,co,0.47,2019-07-13T00:15:00+00:00
6975,12.917348,77.622813,co,0.48,2019-07-13T00:30:00+00:00
6975,12.917348,77.622813,co,0.57,2019-07-13T00:45:00+00:00
6975,12.917348,77.622813,co,0.68,2019-07-13T01:00:00+00:00
6975,12.917348,77.622813,co,0.78,2019-07-13T01:15:00+00:00
6975,12.917348,77.622813,co,0.89,2019-07-13T01:30:00+00:00
6975,12.917348,77.622813,co,0.96,2019-07-13T01:45:00+00:00
6975,12.917348,77.622813,co,0.98,2019-07-13T02:00:00+00:00
6975,12.917348,77.622813,co,1.01,2019-07-13T02:15:00+00:00
6975,12.917348,77.622813,co,1.21,2019-07-13T02:30:00+00:00
6975,12.917348,77.622813,co,1.1,2019-07-13T02:45:00+00:00
6975,12.917348,77.622813,co,1.24,2019-07-13T03:00:00+00:00
6975,12.917348,77.622813,co,1.13,2019-07-13T03:30:00+00:00
6975,12.917348,77.622813,co,1.05,2019-07-13T03:45:00+00:00
6975,12.917348,77.622813,co,1.16,2019-07-13T04:00:00+00:00
6975,12.917348,77.622813,co,1.28,2019-07-13T04:15:00+00:00
6975,12.917348,77.622813,co,1.11,2019-07-13T04:30:00+00:00
6975,12.917348,77.622813,co,1.04,2019-07-13T04:45:00+00:00
6975,12.917348,77.622813,co,1.04,2019-07-13T05:00:00+00:00
6975,12.917348,77.622813,co,1.23,2019-07-13T05:30:00+00:00
6975,12.917348,77.622813,co,1.37,2019-07-13T05:45:00+00:00
6975,12.917348,77.622813,co,1.33,2019-07-13T06:00:00+00:00
6975,12.917348,77.622813,co,1.26,2019-07-13T06:15:00+00:00
6975,12.917348,77.622813,co,1.18,2019-07-13T06:30:00+00:00
6975,12.917348,77.622813,co,1.06,2019-07-13T06:45:00+00:00
6975,12.917348,77.622813,co,0.93,2019-07-13T07:15:00+00:00
6975,12.917348,77.622813,co,1.01,2019-07-13T07:30:00+00:00
6975,12.917348,77.622813,co,0.85,2019-07-13T07:45:00+00:00
6975,12.917348,77.622813,co,0.79,2019-07-13T08:00:00+00:00
6975,12.917348,77.622813,co,0.82,2019-07-13T08:15:00+00:00
6975,12.917348,77.622813,co,0.71,2019-07-13T08:30:00+00:00
6975,12.917348,77.622813,co,0.68,2019-07-13T08:45:00+00:00
6975,12.917348,77.622813,co,0.58,2019-07-13T09:00:00+00:00
6975,12.917348,77.622813,co,0.69,2019-07-13T09:15:00+00:00
6975,12.917348,77.622813,co,0.74,2019-07-13T09:30:00+00:00
6975,12.917348,77.622813,co,0.89,2019-07-13T09:45:00+00:00
6975,12.917348,77.622813,co,1.06,2019-07-13T10:00:00+00:00
6975,12.917348,77.622813,co,1.16,2019-07-13T10:15:00+00:00
6975,12.917348,77.622813,co,1.03,2019-07-13T10:30:00+00:00
6975,12.917348,77.622813,co,0.93,2019-07-13T10:45:00+00:00
6975,12.917348,77.622813,co,0.94,2019-07-13T11:00:00+00:00
6975,12.917348,77.622813,co,0.88,2019-07-13T11:15:00+00:00
6975,12.917348,77.622813,co,1.05,2019-07-13T11:30:00+00:00
6975,12.917348,77.622813,co,1.04,2019-07-13T11:45:00+00:00
6975,12.917348,77.622813,co,1.02,2019-07-13T12:00:00+00:00
6975,12.917348,77.622813,co,1.03,2019-07-13T12:15:00+00:00
6975,12.917348,77.622813,co,1.75,2019-07-13T12:45:00+00:00
6975,12.917348,77.622813,co,1.66,2019-07-13T13:00:00+00:00
6975,12.917348,77.622813,co,1.65,2019-07-13T13:15:00+00:00
6975,12.917348,77.622813,co,1.55,2019-07-13T13:30:00+00:00
6975,12.917348,77.622813,co,1.4,2019-07-13T13:45:00+00:00
6975,12.917348,77.622813,co,1.45,2019-07-13T14:00:00+00:00
6975,12.917348,77.622813,co,1.49,2019-07-13T14:15:00+00:00
6975,12.917348,77.622813,co,1.36,2019-07-13T14:30:00+00:00
6975,12.917348,77.622813,co,1.2,2019-07-13T15:00:00+00:00
6975,12.917348,77.622813,co,1.1,2019-07-13T15:15:00+00:00
6975,12.917348,77.622813,co,1.03,2019-07-13T15:30:00+00:00
6975,12.917348,77.622813,co,0.98,2019-07-13T15:45:00+00:00
6975,12.917348,77.622813,co,1.12,2019-07-13T16:00:00+00:00
6975,12.917348,77.622813,co,1.09,2019-07-13T16:15:00+00:00
6975,12.917348,77.622813,co,1.04,2019-07-13T16:30:00+00:00
6975,12.917348,77.622813,co,1.0,2019-07-13T16:45:00+00:00
6975,12.917348,77.622813,co,1.12,2019-07-13T17:00:00+00:00
6975,12.917348,77.622813,co,1.01,2019-07-13T17:15:00+00:00
6975,12.917348,77.622813,co,1.01,2019-07-13T17:30:00+00:00
6975,12.917348,77.622813,co,1.03,2019-07-13T17:45:00+00:00
6975,12.917348,77.622813,co,0.94,2019-07-13T18:00:00+00:00
6975,12.917348,77.622813,co,0.94,2019-07-13T18:30:00+00:00
6975,12.917348,77.622813,no2,34.2,2019-07-13T04:15:00+00:00
6975,12.917348,77.622813,no2,35.5,2019-07-13T04:30:00+00:00
6975,12.917348,77.622813,no2,36.8,2019-07-13T04:45:00+00:00
6975,12.917348,77.622813,no2,38.5,2019-07-13T05:00:00+00:00
6975,12.917348,77.622813,no2,39.1,2019-07-13T05:15:00+00:00
6975,12.917348,77.622813,no2,41.7,2019-07-13T05:30:00+00:00
6975,12.917348,77.622813,no2,43.4,2019-07-13T05:45:00+00:00
6975,12.917348,77.622813,no2,43.4,2019-07-13T06:00:00+00:00
6975,12.917348,77.622813,no2,43.1,2019-07-13T06:15:00+00:00
6975,12.917348,77.622813,no2,44.4,2019-07-13T06:30:00+00:00
6975,12.917348,77.622813,no2,46.4,2019-07-13T06:45:00+00:00
6975,12.917348,77.622813,no2,48.5,2019-07-13T07:00:00+00:00
6975,12.917348,77.622813,no2,52.3,2019-07-13T07:15:00+00:00
6975,12.917348,77.622813,no2,54.0,2019-07-13T07:30:00+00:00
6975,12.917348,77.622813,no2,56.0,2019-07-13T07:45:00+00:00
6975,12.917348,77.622813,no2,57.3,2019-07-13T08:00:00+00:00
6975,12.917348,77.622813,no2,54.5,2019-07-13T08:15:00+00:00
6975,12.917348,77.622813,no2,51.9,2019-07-13T08:30:00+00:00
6975,12.917348,77.622813,no2,48.5,2019-07-13T08:45:00+00:00
6975,12.917348,77.622813,no2,47.2,2019-07-13T09:00:00+00:00
6975,12.917348,77.622813,no2,47.2,2019-07-13T09:15:00+00:00
6975,12.917348,77.622813,no2,49.4,2019-07-13T09:30:00+00:00
6975,12.917348,77.622813,no2,52.1,2019-07-13T09:45:00+00:00
6975,12.917348,77.622813,no2,63.0,2019-07-13T10:00:00+00:00
6975,12.917348,77.622813,no2,62.8,2019-07-13T10:15:00+00:00
6975,12.917348,77.622813,no2,62.8,2019-07-13T10:30:00+00:00
6975,12.917348,77.622813,no2,62.4,2019-07-13T10:45:00+00:00
6975,12.917348,77.622813,no2,55.6,2019-07-13T11:00:00+00:00
6975,12.917348,77.622813,no2,53.6,2019-07-13T11:15:00+00:00
6975,12.917348,77.622813,no2,45.5,2019-07-13T11:30:00+00:00
6975,12.917348,77.622813,no2,50.4,2019-07-13T11:45:00+00:00
6975,12.917348,77.622813,no2,54.3,2019-07-13T12:00:00+00:00
6975,12.917348,77.622813,no2,56.0,2019-07-13T12:15:00+00:00
6975,12.917348,77.622813,no2,57.5,2019-07-13T12:30:00+00:00
6975,12.917348,77.622813,no2,65.2,2019-07-13T12:45:00+00:00
6975,12.917348,77.622813,no2,60.5,2019-07-13T13:00:00+00:00
6975,12.917348,77.622813,no2,59.8,2019-07-13T13:15:00+00:00
6975,12.917348,77.622813,no2,60.2,2019-07-13T13:30:00+00:00
6975,12.917348,77.622813,no2,56.8,2019-07-13T13:45:00+00:00
6975,12.917348,77.622813,no2,53.6,2019-07-13T14:00:00+00:00
6975,12.917348,77.622813,no2,50.2,2019-07-13T14:15:00+00:00
6975,12.917348,77.622813,no2,47.9,2019-07-13T14:30:00+00:00
6975,12.917348,77.622813,no2,46.8,2019-07-13T14:45:00+00:00
6975,12.917348,77.622813,no2,47.2,2019-07-13T15:00:00+00:00
6975,12.917348,77.622813,no2,45.1,2019-07-13T15:15:00+00:00
6975,12.917348,77.622813,no2,45.1,2019-07-13T15:30:00+00:00
6975,12.917348,77.622813,no2,45.1,2019-07-13T15:45:00+00:00
6975,12.917348,77.622813,no2,44.9,2019-07-13T16:00:00+00:00
6975,12.917348,77.622813,no2,46.4,2019-07-13T16:15:00+00:00
6975,12.917348,77.622813,no2,46.1,2019-07-13T16:30:00+00:00
6975,12.917348,77.622813,no2,44.9,2019-07-13T16:45:00+00:00
6975,12.917348,77.622813,no2,43.6,2019-07-13T17:00:00+00:00
6975,12.917348,77.622813,no2,43.6,2019-07-13T17:15:00+00:00
6975,12.917348,77.622813,no2,44.0,2019-07-13T17:30:00+00:00
6975,12.917348,77.622813,no2,43.8,2019-07-13T17:45:00+00:00
6975,12.917348,77.622813,no2,43.1,2019-07-13T18:00:00+00:00
6975,12.917348,77.622813,no2,41.2,2019-07-13T18:15:00+00:00
6975,12.917348,77.622813,no2,42.3,2019-07-13T18:30:00+00:00
6975,12.917348,77.622813,so2,8.1,2019-07-12T18:45:00+00:00
6975,12.917348,77.622813,so2,8.9,2019-07-12T19:00:00+00:00
6975,12.917348,77.622813,so2,8.6,2019-07-12T19:15:00+00:00
6975,12.917348,77.622813,so2,8.4,2019-07-12T19:30:00+00:00
6975,12.917348,77.622813,so2,8.4,2019-07-12T19:45:00+00:00
6975,12.917348,77.622813,so2,7.9,2019-07-12T20:00:00+00:00
6975,12.917348,77.622813,so2,6.6,2019-07-12T20:30:00+00:00
6975,12.917348,77.622813,so2,5.0,2019-07-12T20:45:00+00:00
6975,12.917348,77.622813,so2,4.5,2019-07-12T21:00:00+00:00
6975,12.917348,77.622813,so2,4.5,2019-07-12T21:15:00+00:00
6975,12.917348,77.622813,so2,3.4,2019-07-12T21:30:00+00:00
6975,12.917348,77.622813,so2,2.6,2019-07-12T21:45:00+00:00
6975,12.917348,77.622813,so2,1.8,2019-07-12T22:00:00+00:00
6975,12.917348,77.622813,so2,2.4,2019-07-12T22:30:00+00:00
6975,12.917348,77.622813,so2,4.5,2019-07-12T22:45:00+00:00
6975,12.917348,77.622813,so2,6.6,2019-07-12T23:00:00+00:00
6975,12.917348,77.622813,so2,8.1,2019-07-12T23:15:00+00:00
6975,12.917348,77.622813,so2,9.7,2019-07-12T23:30:00+00:00
6975,12.917348,77.622813,so2,9.2,2019-07-12T23:45:00+00:00
6975,12.917348,77.622813,so2,8.6,2019-07-13T00:00:00+00:00
6975,12.917348,77.622813,so2,6.0,2019-07-13T01:00:00+00:00
6975,12.917348,77.622813,so2,6.3,2019-07-13T01:15:00+00:00
6975,12.917348,77.622813,so2,6.8,2019-07-13T01:30:00+00:00
6975,12.917348,77.622813,so2,6.8,2019-07-13T01:45:00+00:00
6975,12.917348,77.622813,so2,7.1,2019-07-13T02:00:00+00:00
6975,12.917348,77.622813,so2,5.8,2019-07-13T02:30:00+00:00
6975,12.917348,77.622813,so2,5.5,2019-07-13T02:45:00+00:00
6975,12.917348,77.622813,so2,5.2,2019-07-13T03:00:00+00:00
6975,12.917348,77.622813,so2,4.5,2019-07-13T03:15:00+00:00
6975,12.917348,77.622813,so2,4.2,2019-07-13T03:30:00+00:00
6975,12.917348,77.622813,so2,4.2,2019-07-13T03:45:00+00:00
6975,12.917348,77.622813,so2,4.2,2019-07-13T04:00:00+00:00
6975,12.917348,77.622813,so2,4.5,2019-07-13T04:30:00+00:00
6975,12.917348,77.622813,so2,4.2,2019-07-13T04:45:00+00:00
6975,12.917348,77.622813,so2,3.9,2019-07-13T05:00:00+00:00
6975,12.917348,77.622813,so2,3.7,2019-07-13T05:15:00+00:00
6975,12.917348,77.622813,so2,3.7,2019-07-13T05:30:00+00:00
6975,12.917348,77.622813,so2,4.2,2019-07-13T05:45:00+00:00
6975,12.917348,77.622813,so2,4.5,2019-07-13T06:00:00+00:00
6975,12.917348,77.622813,so2,4.7,2019-07-13T06:30:00+00:00
6975,12.917348,77.622813,so2,4.2,2019-07-13T06:45:00+00:00
6975,12.917348,77.622813,so2,3.9,2019-07-13T07:00:00+00:00
6975,12.917348,77.622813,so2,3.7,2019-07-13T07:15:00+00:00
6975,12.917348,77.622813,so2,3.9,2019-07-13T07:30:00+00:00
6975,12.917348,77.622813,so2,3.9,2019-07-13T07:45:00+00:00
6975,12.917348,77.622813,so2,3.1,2019-07-13T08:00:00+00:00
6975,12.917348,77.622813,so2,3.9,2019-07-13T08:30:00+00:00
6975,12.917348,77.622813,so2,3.9,2019-07-13T08:45:00+00:00
6975,12.917348,77.622813,so2,3.4,2019-07-13T09:00:00+00:00
6975,12.917348,77.622813,so2,3.7,2019-07-13T09:15:00+00:00
6975,12.917348,77.622813,so2,4.7,2019-07-13T09:30:00+00:00
6975,12.917348,77.622813,so2,5.2,2019-07-13T09:45:00+00:00
6975,12.917348,77.622813,so2,5.2,2019-07-13T10:00:00+00:00
6975,12.917348,77.622813,so2,4.7,2019-07-13T10:30:00+00:00
6975,12.917348,77.622813,so2,4.5,2019-07-13T10:45:00+00:00
6975,12.917348,77.622813,so2,4.2,2019-07-13T11:00:00+00:00
6975,12.917348,77.622813,so2,4.2,2019-07-13T11:15:00+00:00
6975,12.917348,77.622813,so2,3.9,2019-07-13T11:30:00+00:00
6975,12.917348,77.622813,so2,4.2,2019-07-13T11:45:00+00:00
6975,12.917348,77.622813,so2,4.7,2019-07-13T12:00:00+00:00
6975,12.917348,77.622813,so2,5.2,2019-07-13T12:30:00+00:00
6975,12.917348,77.622813,so2,5.5,2019-07-13T12:45:00+00:00
6975,12.917348,77.622813,so2,6.6,2019-07-13T13:00:00+00:00
6975,12.917348,77.622813,so2,6.6,2019-07-13T13:15:00+00:00
6975,12.917348,77.622813,so2,6.3,2019-07-13T13:30:00+00:00
6975,12.917348,77.622813,so2,5.2,2019-07-13T13:45:00+00:00
6975,12.917348,77.622813,so2,5.2,2019-07-13T14:00:00+00:00
6975,12.917348,77.622813,so2,5.0,2019-07-13T14:30:00+00:00
6975,12.917348,77.622813,so2,4.2,2019-07-13T14:45:00+00:00
6975,12.917348,77.622813,so2,3.7,2019-07-13T15:00:00+00:00
6975,12.917348,77.622813,so2,3.7,2019-07-13T15:15:00+00:00
6975,12.917348,77.622813,so2,3.9,2019-07-13T15:30:00+00:00
6975,12.917348,77.622813,so2,4.2,2019-07-13T15:45:00+00:00
6975,12.917348,77.622813,so2,4.7,2019-07-13T16:00:00+00:00
6975,12.917348,77.622813,so2,4.2,2019-07-13T16:30:00+00:00
6975,12.917348,77.622813,so2,2.9,2019-07-13T16:45:00+00:00
6975,12.917348,77.622813,so2,2.9,2019-07-13T17:00:00+00:00
6975,12.917348,77.622813,so2,3.7,2019-07-13T17:15:00+00:00
6975,12.917348,77.622813,so2,3.4,2019-07-13T17:30:00+00:00
6975,12.917348,77.622813,so2,2.6,2019-07-13T17:45:00+00:00
6975,12.917348,77.622813,so2,2.1,2019-07-13T18:00:00+00:00
6975,12.917348,77.622813,so2,3.4,2019-07-13T18:30:00+00:00
6975,12.917348,77.622813,pm10,59.0,2019-07-13T18:45:00+00:00
6975,12.917348,77.622813,pm10,59.0,2019-07-13T19:00:00+00:00
6975,12.917348,77.622813,pm10,46.0,2019-07-13T19:15:00+00:00
6975,12.917348,77.622813,pm10,46.0,2019-07-13T19:30:00+00:00
6975,12.917348,77.622813,pm10,46.0,2019-07-13T19:45:00+00:00
6975,12.917348,77.622813,pm10,46.0,2019-07-13T20:00:00+00:00
6975,12.917348,77.622813,pm10,33.0,2019-07-13T20:15:00+00:00
6975,12.917348,77.622813,pm10,33.0,2019-07-13T20:30:00+00:00
6975,12.917348,77.622813,pm10,33.0,2019-07-13T21:00:00+00:00
6975,12.917348,77.622813,pm10,31.0,2019-07-13T21:15:00+00:00
6975,12.917348,77.622813,pm10,31.0,2019-07-13T21:30:00+00:00
6975,12.917348,77.622813,pm10,31.0,2019-07-13T21:45:00+00:00
6975,12.917348,77.622813,pm10,31.0,2019-07-13T22:00:00+00:00
6975,12.917348,77.622813,pm10,39.0,2019-07-13T22:15:00+00:00
6975,12.917348,77.622813,pm10,39.0,2019-07-13T22:30:00+00:00
6975,12.917348,77.622813,pm10,39.0,2019-07-13T22:45:00+00:00
6975,12.917348,77.622813,pm10,39.0,2019-07-13T23:00:00+00:00
6975,12.917348,77.622813,pm10,33.0,2019-07-13T23:15:00+00:00
6975,12.917348,77.622813,pm10,33.0,2019-07-13T23:30:00+00:00
6975,12.917348,77.622813,pm10,33.0,2019-07-13T23:45:00+00:00
6975,12.917348,77.622813,pm10,33.0,2019-07-14T00:00:00+00:00
6975,12.917348,77.622813,pm10,50.0,2019-07-14T00:15:00+00:00
6975,12.917348,77.622813,pm10,50.0,2019-07-14T00:30:00+00:00
6975,12.917348,77.622813,pm10,50.0,2019-07-14T00:45:00+00:00
6975,12.917348,77.622813,pm10,50.0,2019-07-14T01:00:00+00:00
6975,12.917348,77.622813,pm10,61.0,2019-07-14T01:15:00+00:00
6975,12.917348,77.622813,pm10,61.0,2019-07-14T01:30:00+00:00
6975,12.917348,77.622813,pm10,61.0,2019-07-14T01:45:00+00:00
6975,12.917348,77.622813,pm10,61.0,2019-07-14T02:00:00+00:00
6975,12.917348,77.622813,pm10,53.0,2019-07-14T02:15:00+00:00
6975,12.917348,77.622813,pm10,53.0,2019-07-14T02:30:00+00:00
6975,12.917348,77.622813,pm10,53.0,2019-07-14T02:45:00+00:00
6975,12.917348,77.622813,pm10,53.0,2019-07-14T03:00:00+00:00
6975,12.917348,77.622813,pm10,72.0,2019-07-14T03:15:00+00:00
6975,12.917348,77.622813,pm10,72.0,2019-07-14T03:30:00+00:00
6975,12.917348,77.622813,pm10,72.0,2019-07-14T03:45:00+00:00
6975,12.917348,77.622813,pm10,66.0,2019-07-14T04:45:00+00:00
6975,12.917348,77.622813,pm10,66.0,2019-07-14T05:00:00+00:00
6975,12.917348,77.622813,pm10,55.0,2019-07-14T05:15:00+00:00
6975,12.917348,77.622813,pm10,55.0,2019-07-14T05:30:00+00:00
6975,12.917348,77.622813,pm10,55.0,2019-07-14T05:45:00+00:00
6975,12.917348,77.622813,pm10,55.0,2019-07-14T06:00:00+00:00
6975,12.917348,77.622813,pm10,52.0,2019-07-14T06:15:00+00:00
6975,12.917348,77.622813,pm10,52.0,2019-07-14T06:30:00+00:00
6975,12.917348,77.622813,pm10,52.0,2019-07-14T06:45:00+00:00
6975,12.917348,77.622813,pm10,52.0,2019-07-14T07:00:00+00:00
6975,12.917348,77.622813,pm10,69.0,2019-07-14T07:15:00+00:00
6975,12.917348,77.622813,pm10,69.0,2019-07-14T07:30:00+00:00
6975,12.917348,77.622813,pm10,69.0,2019-07-14T07:45:00+00:00
6975,12.917348,77.622813,pm10,69.0,2019-07-14T08:00:00+00:00
6975,12.917348,77.622813,pm10,48.0,2019-07-14T08:15:00+00:00
6975,12.917348,77.622813,pm10,48.0,2019-07-14T08:30:00+00:00
6975,12.917348,77.622813,pm10,48.0,2019-07-14T08:45:00+00:00
6975,12.917348,77.622813,pm10,48.0,2019-07-14T09:00:00+00:00
6975,12.917348,77.622813,pm10,59.0,2019-07-14T09:15:00+00:00
6975,12.917348,77.622813,pm10,59.0,2019-07-14T09:30:00+00:00
6975,12.917348,77.622813,pm10,59.0,2019-07-14T09:45:00+00:00
6975,12.917348,77.622813,pm10,59.0,2019-07-14T10:00:00+00:00
6975,12.917348,77.622813,pm10,59.0,2019-07-14T10:15:00+00:00
6975,12.917348,77.622813,pm10,59.0,2019-07-14T10:30:00+00:00
6975,12.917348,77.622813,pm10,59.0,2019-07-14T10:45:00+00:00
6975,12.917348,77.622813,pm10,59.0,2019-07-14T11:00:00+00:00
6975,12.917348,77.622813,pm10,63.0,2019-07-14T11:15:00+00:00
6975,12.917348,77.622813,pm10,63.0,2019-07-14T11:30:00+00:00
6975,12.917348,77.622813,pm10,63.0,2019-07-14T11:45:00+00:00
6975,12.917348,77.622813,pm10,63.0,2019-07-14T12:00:00+00:00
6975,12.917348,77.622813,pm10,73.0,2019-07-14T12:15:00+00:00
6975,12.917348,77.622813,pm10,73.0,2019-07-14T12:30:00+00:00
6975,12.917348,77.622813,pm10,73.0,2019-07-14T12:45:00+00:00
6975,12.917348,77.622813,pm10,73.0,2019-07-14T13:00:00+00:00
6975,12.917348,77.622813,pm10,85.0,2019-07-14T13:15:00+00:00
6975,12.917348,77.622813,pm10,85.0,2019-07-14T13:30:00+00:00
6975,12.917348,77.622813,pm10,85.0,2019-07-14T13:45:00+00:00
6975,12.917348,77.622813,pm10,85.0,2019-07-14T14:00:00+00:00
6975,12.917348,77.622813,pm10,73.0,2019-07-14T14:15:00+00:00
6975,12.917348,77.622813,pm10,73.0,2019-07-14T14:30:00+00:00
6975,12.917348,77.622813,pm10,73.0,2019-07-14T14:45:00+00:00
6975,12.917348,77.622813,pm10,73.0,2019-07-14T15:00:00+00:00
6975,12.917348,77.622813,pm10,56.0,2019-07-14T15:15:00+00:00
6975,12.917348,77.622813,pm10,56.0,2019-07-14T15:30:00+00:00
6975,12.917348,77.622813,pm10,56.0,2019-07-14T15:45:00+00:00
6975,12.917348,77.622813,pm10,56.0,2019-07-14T16:00:00+00:00
6975,12.917348,77.622813,pm10,34.0,2019-07-14T16:15:00+00:00
6975,12.917348,77.622813,pm10,34.0,2019-07-14T16:30:00+00:00
6975,12.917348,77.622813,pm10,34.0,2019-07-14T17:00:00+00:00
6975,12.917348,77.622813,pm10,53.0,2019-07-14T17:15:00+00:00
6975,12.917348,77.622813,pm10,53.0,2019-07-14T17:30:00+00:00
6975,12.917348,77.622813,pm10,53.0,2019-07-14T17:45:00+00:00
6975,12.917348,77.622813,pm10,53.0,2019-07-14T18:00:00+00:00
6975,12.917348,77.622813,pm10,41.0,2019-07-14T18:15:00+00:00
6975,12.917348,77.622813,pm10,41.0,2019-07-14T18:30:00+00:00
6975,12.917348,77.622813,pm25,22.0,2019-07-13T18:45:00+00:00
6975,12.917348,77.622813,pm25,22.0,2019-07-13T19:00:00+00:00
6975,12.917348,77.622813,pm25,9.0,2019-07-13T19:15:00+00:00
6975,12.917348,77.622813,pm25,9.0,2019-07-13T19:30:00+00:00
6975,12.917348,77.622813,pm25,9.0,2019-07-13T19:45:00+00:00
6975,12.917348,77.622813,pm25,9.0,2019-07-13T20:00:00+00:00
6975,12.917348,77.622813,pm25,8.0,2019-07-13T20:15:00+00:00
6975,12.917348,77.622813,pm25,8.0,2019-07-13T20:30:00+00:00
6975,12.917348,77.622813,pm25,8.0,2019-07-13T21:00:00+00:00
6975,12.917348,77.622813,pm25,9.0,2019-07-13T21:15:00+00:00
6975,12.917348,77.622813,pm25,9.0,2019-07-13T21:30:00+00:00
6975,12.917348,77.622813,pm25,9.0,2019-07-13T21:45:00+00:00
6975,12.917348,77.622813,pm25,9.0,2019-07-13T22:00:00+00:00
6975,12.917348,77.622813,pm25,9.0,2019-07-13T22:15:00+00:00
6975,12.917348,77.622813,pm25,9.0,2019-07-13T22:30:00+00:00
6975,12.917348,77.622813,pm25,9.0,2019-07-13T22:45:00+00:00
6975,12.917348,77.622813,pm25,9.0,2019-07-13T23:00:00+00:00
6975,12.917348,77.622813,pm25,16.0,2019-07-13T23:15:00+00:00
6975,12.917348,77.622813,pm25,16.0,2019-07-13T23:30:00+00:00
6975,12.917348,77.622813,pm25,16.0,2019-07-13T23:45:00+00:00
6975,12.917348,77.622813,pm25,16.0,2019-07-14T00:00:00+00:00
6975,12.917348,77.622813,pm25,8.0,2019-07-14T00:15:00+00:00
6975,12.917348,77.622813,pm25,8.0,2019-07-14T00:30:00+00:00
6975,12.917348,77.622813,pm25,8.0,2019-07-14T00:45:00+00:00
6975,12.917348,77.622813,pm25,8.0,2019-07-14T01:00:00+00:00
6975,12.917348,77.622813,pm25,28.0,2019-07-14T01:15:00+00:00
6975,12.917348,77.622813,pm25,28.0,2019-07-14T01:30:00+00:00
6975,12.917348,77.622813,pm25,28.0,2019-07-14T01:45:00+00:00
6975,12.917348,77.622813,pm25,28.0,2019-07-14T02:00:00+00:00
6975,12.917348,77.622813,pm25,16.0,2019-07-14T02:15:00+00:00
6975,12.917348,77.622813,pm25,16.0,2019-07-14T02:30:00+00:00
6975,12.917348,77.622813,pm25,16.0,2019-07-14T02:45:00+00:00
6975,12.917348,77.622813,pm25,16.0,2019-07-14T03:00:00+00:00
6975,12.917348,77.622813,pm25,24.0,2019-07-14T03:15:00+00:00
6975,12.917348,77.622813,pm25,24.0,2019-07-14T03:30:00+00:00
6975,12.917348,77.622813,pm25,24.0,2019-07-14T03:45:00+00:00
6975,12.917348,77.622813,pm25,22.0,2019-07-14T04:45:00+00:00
6975,12.917348,77.622813,pm25,22.0,2019-07-14T05:00:00+00:00
6975,12.917348,77.622813,pm25,16.0,2019-07-14T05:15:00+00:00
6975,12.917348,77.622813,pm25,16.0,2019-07-14T05:30:00+00:00
6975,12.917348,77.622813,pm25,16.0,2019-07-14T05:45:00+00:00
6975,12.917348,77.622813,pm25,16.0,2019-07-14T06:00:00+00:00
6975,12.917348,77.622813,pm25,16.0,2019-07-14T06:15:00+00:00
6975,12.917348,77.622813,pm25,16.0,2019-07-14T06:30:00+00:00
6975,12.917348,77.622813,pm25,16.0,2019-07-14T06:45:00+00:00
6975,12.917348,77.622813,pm25,16.0,2019-07-14T07:00:00+00:00
6975,12.917348,77.622813,pm25,25.0,2019-07-14T07:15:00+00:00
6975,12.917348,77.622813,pm25,25.0,2019-07-14T07:30:00+00:00
6975,12.917348,77.622813,pm25,25.0,2019-07-14T07:45:00+00:00
6975,12.917348,77.622813,pm25,25.0,2019-07-14T08:00:00+00:00
6975,12.917348,77.622813,pm25,20.0,2019-07-14T08:15:00+00:00
6975,12.917348,77.622813,pm25,20.0,2019-07-14T08:30:00+00:00
6975,12.917348,77.622813,pm25,20.0,2019-07-14T08:45:00+00:00
6975,12.917348,77.622813,pm25,20.0,2019-07-14T09:00:00+00:00
6975,12.917348,77.622813,pm25,22.0,2019-07-14T09:15:00+00:00
6975,12.917348,77.622813,pm25,22.0,2019-07-14T09:30:00+00:00
6975,12.917348,77.622813,pm25,22.0,2019-07-14T09:45:00+00:00
6975,12.917348,77.622813,pm25,22.0,2019-07-14T10:00:00+00:00
6975,12.917348,77.622813,pm25,16.0,2019-07-14T10:15:00+00:00
6975,12.917348,77.622813,pm25,16.0,2019-07-14T10:30:00+00:00
6975,12.917348,77.622813,pm25,16.0,2019-07-14T10:45:00+00:00
6975,12.917348,77.622813,pm25,16.0,2019-07-14T11:00:00+00:00
6975,12.917348,77.622813,pm25,20.0,2019-07-14T11:15:00+00:00
6975,12.917348,77.622813,pm25,20.0,2019-07-14T11:30:00+00:00
6975,12.917348,77.622813,pm25,20.0,2019-07-14T11:45:00+00:00
6975,12.917348,77.622813,pm25,20.0,2019-07-14T12:00:00+00:00
6975,12.917348,77.622813,pm25,23.0,2019-07-14T12:15:00+00:00
6975,12.917348,77.622813,pm25,23.0,2019-07-14T12:30:00+00:00
6975,12.917348,77.622813,pm25,23.0,2019-07-14T12:45:00+00:00
6975,12.917348,77.622813,pm25,23.0,2019-07-14T13:00:00+00:00
6975,12.917348,77.622813,pm25,29.0,2019-07-14T13:15:00+00:00
6975,12.917348,77.622813,pm25,29.0,2019-07-14T13:30:00+00:00
6975,12.917348,77.622813,pm25,29.0,2019-07-14T13:45:00+00:00
6975,12.917348,77.622813,pm25,29.0,2019-07-14T14:00:00+00:00
6975,12.917348,77.622813,pm25,12.0,2019-07-14T14:15:00+00:00
6975,12.917348,77.622813,pm25,12.0,2019-07-14T14:30:00+00:00
6975,12.917348,77.622813,pm25,12.0,2019-07-14T14:45:00+00:00
6975,12.917348,77.622813,pm25,12.0,2019-07-14T15:00:00+00:00
6975,12.917348,77.622813,pm25,9.0,2019-07-14T15:15:00+00:00
6975,12.917348,77.622813,pm25,9.0,2019-07-14T15:30:00+00:00
6975,12.917348,77.622813,pm25,9.0,2019-07-14T15:45:00+00:00
6975,12.917348,77.622813,pm25,9.0,2019-07-14T16:00:00+00:00
6975,12.917348,77.622813,pm25,12.0,2019-07-14T16:15:00+00:00
6975,12.917348,77.622813,pm25,12.0,2019-07-14T16:30:00+00:00
6975,12.917348,77.622813,pm25,12.0,2019-07-14T17:00:00+00:00
6975,12.917348,77.622813,pm25,22.0,2019-07-14T17:15:00+00:00
6975,12.917348,77.622813,pm25,22.0,2019-07-14T17:30:00+00:00
6975,12.917348,77.622813,pm25,22.0,2019-07-14T17:45:00+00:00
6975,12.917348,77.622813,pm25,22.0,2019-07-14T18:00:00+00:00
6975,12.917348,77.622813,pm25,11.0,2019-07-14T18:15:00+00:00
6975,12.917348,77.622813,pm25,11.0,2019-07-14T18:30:00+00:00
6975,12.917348,77.622813,co,0.85,2019-07-13T18:45:00+00:00
6975,12.917348,77.622813,co,0.73,2019-07-13T19:00:00+00:00
6975,12.917348,77.622813,co,0.7,2019-07-13T19:15:00+00:00
6975,12.917348,77.622813,co,0.63,2019-07-13T19:30:00+00:00
6975,12.917348,77.622813,co,0.58,2019-07-13T19:45:00+00:00
6975,12.917348,77.622813,co,0.45,2019-07-13T20:00:00+00:00
6975,12.917348,77.622813,co,0.45,2019-07-13T20:15:00+00:00
6975,12.917348,77.622813,co,0.41,2019-07-13T21:00:00+00:00
6975,12.917348,77.622813,co,0.6,2019-07-13T21:15:00+00:00
6975,12.917348,77.622813,co,0.56,2019-07-13T21:30:00+00:00
6975,12.917348,77.622813,co,0.49,2019-07-13T21:45:00+00:00
6975,12.917348,77.622813,co,0.3,2019-07-13T23:00:00+00:00
6975,12.917348,77.622813,co,0.27,2019-07-13T23:15:00+00:00
6975,12.917348,77.622813,co,0.26,2019-07-13T23:30:00+00:00
6975,12.917348,77.622813,co,0.29,2019-07-13T23:45:00+00:00
6975,12.917348,77.622813,co,0.4,2019-07-14T00:00:00+00:00
6975,12.917348,77.622813,co,0.39,2019-07-14T00:15:00+00:00
6975,12.917348,77.622813,co,0.47,2019-07-14T00:30:00+00:00
6975,12.917348,77.622813,co,0.56,2019-07-14T00:45:00+00:00
6975,12.917348,77.622813,co,0.64,2019-07-14T01:00:00+00:00
6975,12.917348,77.622813,co,0.66,2019-07-14T01:15:00+00:00
6975,12.917348,77.622813,co,0.64,2019-07-14T01:30:00+00:00
6975,12.917348,77.622813,co,0.56,2019-07-14T01:45:00+00:00
6975,12.917348,77.622813,co,0.54,2019-07-14T02:00:00+00:00
6975,12.917348,77.622813,co,0.53,2019-07-14T02:15:00+00:00
6975,12.917348,77.622813,co,0.61,2019-07-14T02:30:00+00:00
6975,12.917348,77.622813,co,0.73,2019-07-14T02:45:00+00:00
6975,12.917348,77.622813,co,0.85,2019-07-14T03:00:00+00:00
6975,12.917348,77.622813,co,0.95,2019-07-14T03:15:00+00:00
6975,12.917348,77.622813,co,0.86,2019-07-14T03:30:00+00:00
6975,12.917348,77.622813,co,0.87,2019-07-14T03:45:00+00:00
6975,12.917348,77.622813,co,1.0,2019-07-14T04:45:00+00:00
6975,12.917348,77.622813,co,0.96,2019-07-14T05:00:00+00:00
6975,12.917348,77.622813,co,1.0,2019-07-14T05:15:00+00:00
6975,12.917348,77.622813,co,1.0,2019-07-14T05:30:00+00:00
6975,12.917348,77.622813,co,1.03,2019-07-14T05:45:00+00:00
6975,12.917348,77.622813,co,1.03,2019-07-14T06:00:00+00:00
6975,12.917348,77.622813,co,1.04,2019-07-14T06:15:00+00:00
6975,12.917348,77.622813,co,0.97,2019-07-14T06:30:00+00:00
6975,12.917348,77.622813,co,0.96,2019-07-14T06:45:00+00:00
6975,12.917348,77.622813,co,0.9,2019-07-14T07:00:00+00:00
6975,12.917348,77.622813,co,0.96,2019-07-14T07:15:00+00:00
6975,12.917348,77.622813,co,0.94,2019-07-14T07:30:00+00:00
6975,12.917348,77.622813,co,1.0,2019-07-14T07:45:00+00:00
6975,12.917348,77.622813,co,0.96,2019-07-14T08:00:00+00:00
6975,12.917348,77.622813,co,0.89,2019-07-14T08:15:00+00:00
6975,12.917348,77.622813,co,0.89,2019-07-14T08:30:00+00:00
6975,12.917348,77.622813,co,0.89,2019-07-14T08:45:00+00:00
6975,12.917348,77.622813,co,0.89,2019-07-14T09:00:00+00:00
6975,12.917348,77.622813,co,0.85,2019-07-14T09:15:00+00:00
6975,12.917348,77.622813,co,0.71,2019-07-14T09:30:00+00:00
6975,12.917348,77.622813,co,0.66,2019-07-14T09:45:00+00:00
6975,12.917348,77.622813,co,0.66,2019-07-14T10:00:00+00:00
6975,12.917348,77.622813,co,0.73,2019-07-14T10:15:00+00:00
6975,12.917348,77.622813,co,0.76,2019-07-14T10:30:00+00:00
6975,12.917348,77.622813,co,0.86,2019-07-14T10:45:00+00:00
6975,12.917348,77.622813,co,1.03,2019-07-14T11:00:00+00:00
6975,12.917348,77.622813,co,1.1,2019-07-14T11:15:00+00:00
6975,12.917348,77.622813,co,1.4,2019-07-14T11:30:00+00:00
6975,12.917348,77.622813,co,1.43,2019-07-14T11:45:00+00:00
6975,12.917348,77.622813,co,1.42,2019-07-14T12:00:00+00:00
6975,12.917348,77.622813,co,1.41,2019-07-14T12:15:00+00:00
6975,12.917348,77.622813,co,1.57,2019-07-14T12:30:00+00:00
6975,12.917348,77.622813,co,1.77,2019-07-14T12:45:00+00:00
6975,12.917348,77.622813,co,1.91,2019-07-14T13:00:00+00:00
6975,12.917348,77.622813,co,1.91,2019-07-14T13:15:00+00:00
6975,12.917348,77.622813,co,1.56,2019-07-14T13:30:00+00:00
6975,12.917348,77.622813,co,1.32,2019-07-14T13:45:00+00:00
6975,12.917348,77.622813,co,1.25,2019-07-14T14:00:00+00:00
6975,12.917348,77.622813,co,1.25,2019-07-14T14:30:00+00:00
6975,12.917348,77.622813,co,1.17,2019-07-14T14:45:00+00:00
6975,12.917348,77.622813,co,1.23,2019-07-14T15:00:00+00:00
6975,12.917348,77.622813,co,1.5,2019-07-14T15:15:00+00:00
6975,12.917348,77.622813,co,1.48,2019-07-14T15:30:00+00:00
6975,12.917348,77.622813,co,1.37,2019-07-14T15:45:00+00:00
6975,12.917348,77.622813,co,1.39,2019-07-14T16:00:00+00:00
6975,12.917348,77.622813,co,1.44,2019-07-14T16:15:00+00:00
6975,12.917348,77.622813,co,1.45,2019-07-14T16:30:00+00:00
6975,12.917348,77.622813,co,1.55,2019-07-14T17:15:00+00:00
6975,12.917348,77.622813,co,1.39,2019-07-14T17:30:00+00:00
6975,12.917348,77.622813,co,1.29,2019-07-14T17:45:00+00:00
6975,12.917348,77.622813,co,1.17,2019-07-14T18:00:00+00:00
6975,12.917348,77.622813,co,0.79,2019-07-14T18:30:00+00:00
6975,12.917348,77.622813,no2,41.9,2019-07-13T18:45:00+00:00
6975,12.917348,77.622813,no2,33.1,2019-07-13T19:00:00+00:00
6975,12.917348,77.622813,no2,38.0,2019-07-13T19:15:00+00:00
6975,12.917348,77.622813,no2,32.9,2019-07-13T19:30:00+00:00
6975,12.917348,77.622813,no2,31.6,2019-07-13T19:45:00+00:00
6975,12.917348,77.622813,no2,30.5,2019-07-13T20:00:00+00:00
6975,12.917348,77.622813,no2,30.3,2019-07-13T20:15:00+00:00
6975,12.917348,77.622813,no2,30.1,2019-07-13T20:30:00+00:00
6975,12.917348,77.622813,no2,31.4,2019-07-13T21:00:00+00:00
6975,12.917348,77.622813,no2,30.5,2019-07-13T21:15:00+00:00
6975,12.917348,77.622813,no2,29.5,2019-07-13T21:30:00+00:00
6975,12.917348,77.622813,no2,28.8,2019-07-13T21:45:00+00:00
6975,12.917348,77.622813,no2,28.8,2019-07-13T22:00:00+00:00
6975,12.917348,77.622813,no2,29.1,2019-07-13T22:15:00+00:00
6975,12.917348,77.622813,no2,29.3,2019-07-13T22:30:00+00:00
6975,12.917348,77.622813,no2,29.0,2019-07-13T22:45:00+00:00
6975,12.917348,77.622813,no2,28.8,2019-07-13T23:00:00+00:00
6975,12.917348,77.622813,no2,28.4,2019-07-14T00:00:00+00:00
6975,12.917348,77.622813,no2,30.1,2019-07-14T00:15:00+00:00
6975,12.917348,77.622813,no2,31.0,2019-07-14T00:30:00+00:00
6975,12.917348,77.622813,no2,31.4,2019-07-14T00:45:00+00:00
6975,12.917348,77.622813,no2,31.8,2019-07-14T01:00:00+00:00
6975,12.917348,77.622813,no2,32.3,2019-07-14T01:15:00+00:00
6975,12.917348,77.622813,no2,32.3,2019-07-14T01:30:00+00:00
6975,12.917348,77.622813,no2,32.1,2019-07-14T01:45:00+00:00
6975,12.917348,77.622813,no2,31.8,2019-07-14T02:00:00+00:00
6975,12.917348,77.622813,no2,32.1,2019-07-14T02:15:00+00:00
6975,12.917348,77.622813,no2,32.1,2019-07-14T02:30:00+00:00
6975,12.917348,77.622813,no2,33.7,2019-07-14T02:45:00+00:00
6975,12.917348,77.622813,no2,35.2,2019-07-14T03:00:00+00:00
6975,12.917348,77.622813,no2,36.5,2019-07-14T03:15:00+00:00
6975,12.917348,77.622813,no2,34.6,2019-07-14T03:30:00+00:00
6975,12.917348,77.622813,no2,34.8,2019-07-14T03:45:00+00:00
6975,12.917348,77.622813,no2,40.4,2019-07-14T04:45:00+00:00
6975,12.917348,77.622813,no2,40.6,2019-07-14T05:00:00+00:00
6975,12.917348,77.622813,no2,41.0,2019-07-14T05:15:00+00:00
6975,12.917348,77.622813,no2,41.9,2019-07-14T05:30:00+00:00
6975,12.917348,77.622813,no2,42.9,2019-07-14T05:45:00+00:00
6975,12.917348,77.622813,no2,44.0,2019-07-14T06:00:00+00:00
6975,12.917348,77.622813,no2,45.5,2019-07-14T06:15:00+00:00
6975,12.917348,77.622813,no2,47.2,2019-07-14T06:30:00+00:00
6975,12.917348,77.622813,no2,48.1,2019-07-14T06:45:00+00:00
6975,12.917348,77.622813,no2,49.1,2019-07-14T07:00:00+00:00
6975,12.917348,77.622813,no2,50.9,2019-07-14T07:15:00+00:00
6975,12.917348,77.622813,no2,51.9,2019-07-14T07:30:00+00:00
6975,12.917348,77.622813,no2,53.8,2019-07-14T07:45:00+00:00
6975,12.917348,77.622813,no2,54.7,2019-07-14T08:00:00+00:00
6975,12.917348,77.622813,no2,54.7,2019-07-14T08:15:00+00:00
6975,12.917348,77.622813,no2,54.5,2019-07-14T08:30:00+00:00
6975,12.917348,77.622813,no2,54.9,2019-07-14T08:45:00+00:00
6975,12.917348,77.622813,no2,55.3,2019-07-14T09:00:00+00:00
6975,12.917348,77.622813,no2,55.1,2019-07-14T09:15:00+00:00
6975,12.917348,77.622813,no2,54.7,2019-07-14T09:30:00+00:00
6975,12.917348,77.622813,no2,55.8,2019-07-14T09:45:00+00:00
6975,12.917348,77.622813,no2,56.8,2019-07-14T10:00:00+00:00
6975,12.917348,77.622813,no2,54.1,2019-07-14T10:15:00+00:00
6975,12.917348,77.622813,no2,59.0,2019-07-14T10:30:00+00:00
6975,12.917348,77.622813,no2,60.0,2019-07-14T10:45:00+00:00
6975,12.917348,77.622813,no2,59.4,2019-07-14T11:00:00+00:00
6975,12.917348,77.622813,no2,58.5,2019-07-14T11:15:00+00:00
6975,12.917348,77.622813,no2,58.7,2019-07-14T11:30:00+00:00
6975,12.917348,77.622813,no2,51.7,2019-07-14T11:45:00+00:00
6975,12.917348,77.622813,no2,52.8,2019-07-14T12:00:00+00:00
6975,12.917348,77.622813,no2,55.8,2019-07-14T12:15:00+00:00
6975,12.917348,77.622813,no2,69.2,2019-07-14T12:30:00+00:00
6975,12.917348,77.622813,no2,60.7,2019-07-14T12:45:00+00:00
6975,12.917348,77.622813,no2,62.2,2019-07-14T13:00:00+00:00
6975,12.917348,77.622813,no2,60.2,2019-07-14T13:15:00+00:00
6975,12.917348,77.622813,no2,54.1,2019-07-14T13:30:00+00:00
6975,12.917348,77.622813,no2,42.7,2019-07-14T13:45:00+00:00
6975,12.917348,77.622813,no2,52.8,2019-07-14T14:00:00+00:00
6975,12.917348,77.622813,no2,49.3,2019-07-14T14:15:00+00:00
6975,12.917348,77.622813,no2,46.2,2019-07-14T14:30:00+00:00
6975,12.917348,77.622813,no2,46.4,2019-07-14T14:45:00+00:00
6975,12.917348,77.622813,no2,47.2,2019-07-14T15:00:00+00:00
6975,12.917348,77.622813,no2,49.1,2019-07-14T15:15:00+00:00
6975,12.917348,77.622813,no2,48.5,2019-07-14T15:30:00+00:00
6975,12.917348,77.622813,no2,48.5,2019-07-14T15:45:00+00:00
6975,12.917348,77.622813,no2,48.1,2019-07-14T16:00:00+00:00
6975,12.917348,77.622813,no2,47.0,2019-07-14T16:15:00+00:00
6975,12.917348,77.622813,no2,48.1,2019-07-14T16:30:00+00:00
6975,12.917348,77.622813,no2,47.0,2019-07-14T17:00:00+00:00
6975,12.917348,77.622813,no2,48.5,2019-07-14T17:15:00+00:00
6975,12.917348,77.622813,no2,49.1,2019-07-14T17:30:00+00:00
6975,12.917348,77.622813,no2,47.6,2019-07-14T17:45:00+00:00
6975,12.917348,77.622813,no2,46.4,2019-07-14T18:00:00+00:00
6975,12.917348,77.622813,no2,52.5,2019-07-14T18:15:00+00:00
6975,12.917348,77.622813,no2,45.3,2019-07-14T18:30:00+00:00
6975,12.917348,77.622813,so2,3.7,2019-07-13T18:45:00+00:00
6975,12.917348,77.622813,so2,3.7,2019-07-13T19:00:00+00:00
6975,12.917348,77.622813,so2,3.9,2019-07-13T19:15:00+00:00
6975,12.917348,77.622813,so2,3.7,2019-07-13T19:30:00+00:00
6975,12.917348,77.622813,so2,3.4,2019-07-13T19:45:00+00:00
6975,12.917348,77.622813,so2,3.1,2019-07-13T20:00:00+00:00
6975,12.917348,77.622813,so2,2.9,2019-07-13T20:30:00+00:00
6975,12.917348,77.622813,so2,1.3,2019-07-13T21:00:00+00:00
6975,12.917348,77.622813,so2,2.1,2019-07-13T21:15:00+00:00
6975,12.917348,77.622813,so2,2.9,2019-07-13T21:30:00+00:00
6975,12.917348,77.622813,so2,3.4,2019-07-13T21:45:00+00:00
6975,12.917348,77.622813,so2,3.4,2019-07-13T22:00:00+00:00
6975,12.917348,77.622813,so2,2.9,2019-07-13T22:30:00+00:00
6975,12.917348,77.622813,so2,2.6,2019-07-13T22:45:00+00:00
6975,12.917348,77.622813,so2,2.6,2019-07-13T23:00:00+00:00
6975,12.917348,77.622813,so2,3.4,2019-07-13T23:15:00+00:00
6975,12.917348,77.622813,so2,3.9,2019-07-13T23:30:00+00:00
6975,12.917348,77.622813,so2,3.9,2019-07-13T23:45:00+00:00
6975,12.917348,77.622813,so2,3.7,2019-07-14T00:00:00+00:00
6975,12.917348,77.622813,so2,4.5,2019-07-14T01:00:00+00:00
6975,12.917348,77.622813,so2,3.9,2019-07-14T01:15:00+00:00
6975,12.917348,77.622813,so2,5.0,2019-07-14T01:30:00+00:00
6975,12.917348,77.622813,so2,4.5,2019-07-14T01:45:00+00:00
6975,12.917348,77.622813,so2,5.8,2019-07-14T02:00:00+00:00
6975,12.917348,77.622813,so2,5.0,2019-07-14T02:30:00+00:00
6975,12.917348,77.622813,so2,4.2,2019-07-14T02:45:00+00:00
6975,12.917348,77.622813,so2,4.5,2019-07-14T03:00:00+00:00
6975,12.917348,77.622813,so2,3.9,2019-07-14T03:15:00+00:00
6975,12.917348,77.622813,so2,3.7,2019-07-14T03:30:00+00:00
6975,12.917348,77.622813,so2,4.5,2019-07-14T03:45:00+00:00
6975,12.917348,77.622813,so2,3.9,2019-07-14T04:45:00+00:00
6975,12.917348,77.622813,so2,3.9,2019-07-14T05:00:00+00:00
6975,12.917348,77.622813,so2,3.4,2019-07-14T05:15:00+00:00
6975,12.917348,77.622813,so2,2.9,2019-07-14T05:30:00+00:00
6975,12.917348,77.622813,so2,2.9,2019-07-14T05:45:00+00:00
6975,12.917348,77.622813,so2,3.4,2019-07-14T06:00:00+00:00
6975,12.917348,77.622813,so2,3.4,2019-07-14T06:30:00+00:00
6975,12.917348,77.622813,so2,3.1,2019-07-14T06:45:00+00:00
6975,12.917348,77.622813,so2,3.4,2019-07-14T07:00:00+00:00
6975,12.917348,77.622813,so2,3.1,2019-07-14T07:15:00+00:00
6975,12.917348,77.622813,so2,3.4,2019-07-14T07:30:00+00:00
6975,12.917348,77.622813,so2,3.9,2019-07-14T07:45:00+00:00
6975,12.917348,77.622813,so2,3.1,2019-07-14T08:00:00+00:00
6975,12.917348,77.622813,so2,3.7,2019-07-14T08:30:00+00:00
6975,12.917348,77.622813,so2,4.7,2019-07-14T08:45:00+00:00
6975,12.917348,77.622813,so2,5.0,2019-07-14T09:00:00+00:00
6975,12.917348,77.622813,so2,4.5,2019-07-14T09:15:00+00:00
6975,12.917348,77.622813,so2,4.7,2019-07-14T09:30:00+00:00
6975,12.917348,77.622813,so2,5.2,2019-07-14T09:45:00+00:00
6975,12.917348,77.622813,so2,5.0,2019-07-14T10:00:00+00:00
6975,12.917348,77.622813,so2,5.8,2019-07-14T10:30:00+00:00
6975,12.917348,77.622813,so2,7.1,2019-07-14T10:45:00+00:00
6975,12.917348,77.622813,so2,7.1,2019-07-14T11:00:00+00:00
6975,12.917348,77.622813,so2,5.8,2019-07-14T11:15:00+00:00
6975,12.917348,77.622813,so2,5.5,2019-07-14T11:30:00+00:00
6975,12.917348,77.622813,so2,6.0,2019-07-14T11:45:00+00:00
6975,12.917348,77.622813,so2,6.3,2019-07-14T12:00:00+00:00
6975,12.917348,77.622813,so2,6.3,2019-07-14T12:30:00+00:00
6975,12.917348,77.622813,so2,6.8,2019-07-14T12:45:00+00:00
6975,12.917348,77.622813,so2,7.1,2019-07-14T13:00:00+00:00
6975,12.917348,77.622813,so2,6.3,2019-07-14T13:15:00+00:00
6975,12.917348,77.622813,so2,6.0,2019-07-14T13:30:00+00:00
6975,12.917348,77.622813,so2,5.5,2019-07-14T13:45:00+00:00
6975,12.917348,77.622813,so2,5.2,2019-07-14T14:00:00+00:00
6975,12.917348,77.622813,so2,4.5,2019-07-14T14:30:00+00:00
6975,12.917348,77.622813,so2,4.2,2019-07-14T14:45:00+00:00
6975,12.917348,77.622813,so2,4.7,2019-07-14T15:00:00+00:00
6975,12.917348,77.622813,so2,6.3,2019-07-14T15:15:00+00:00
6975,12.917348,77.622813,so2,7.6,2019-07-14T15:30:00+00:00
6975,12.917348,77.622813,so2,7.1,2019-07-14T15:45:00+00:00
6975,12.917348,77.622813,so2,7.1,2019-07-14T16:00:00+00:00
6975,12.917348,77.622813,so2,6.6,2019-07-14T16:30:00+00:00
6975,12.917348,77.622813,so2,6.0,2019-07-14T17:00:00+00:00
6975,12.917348,77.622813,so2,6.3,2019-07-14T17:15:00+00:00
6975,12.917348,77.622813,so2,6.3,2019-07-14T17:30:00+00:00
6975,12.917348,77.622813,so2,6.3,2019-07-14T17:45:00+00:00
6975,12.917348,77.622813,so2,6.6,2019-07-14T18:00:00+00:00
6975,12.917348,77.622813,so2,5.8,2019-07-14T18:30:00+00:00
6975,12.917348,77.622813,pm10,41.0,2019-07-14T18:45:00+00:00
6975,12.917348,77.622813,pm10,41.0,2019-07-14T19:00:00+00:00
6975,12.917348,77.622813,pm10,35.0,2019-07-14T19:15:00+00:00
6975,12.917348,77.622813,pm10,35.0,2019-07-14T19:30:00+00:00
6975,12.917348,77.622813,pm10,35.0,2019-07-14T19:45:00+00:00
6975,12.917348,77.622813,pm10,35.0,2019-07-14T20:00:00+00:00
6975,12.917348,77.622813,pm10,35.0,2019-07-14T20:15:00+00:00
6975,12.917348,77.622813,pm10,35.0,2019-07-14T20:30:00+00:00
6975,12.917348,77.622813,pm10,35.0,2019-07-14T20:45:00+00:00
6975,12.917348,77.622813,pm10,35.0,2019-07-14T21:00:00+00:00
6975,12.917348,77.622813,pm10,36.0,2019-07-14T21:15:00+00:00
6975,12.917348,77.622813,pm10,36.0,2019-07-14T21:30:00+00:00
6975,12.917348,77.622813,pm10,36.0,2019-07-14T21:45:00+00:00
6975,12.917348,77.622813,pm10,36.0,2019-07-14T22:00:00+00:00
6975,12.917348,77.622813,pm10,24.0,2019-07-14T22:15:00+00:00
6975,12.917348,77.622813,pm10,24.0,2019-07-14T22:30:00+00:00
6975,12.917348,77.622813,pm10,24.0,2019-07-14T22:45:00+00:00
6975,12.917348,77.622813,pm10,24.0,2019-07-14T23:00:00+00:00
6975,12.917348,77.622813,pm10,39.0,2019-07-14T23:15:00+00:00
6975,12.917348,77.622813,pm10,39.0,2019-07-14T23:30:00+00:00
6975,12.917348,77.622813,pm10,39.0,2019-07-14T23:45:00+00:00
6975,12.917348,77.622813,pm10,39.0,2019-07-15T00:00:00+00:00
6975,12.917348,77.622813,pm10,46.0,2019-07-15T00:15:00+00:00
6975,12.917348,77.622813,pm10,46.0,2019-07-15T00:30:00+00:00
6975,12.917348,77.622813,pm10,46.0,2019-07-15T00:45:00+00:00
6975,12.917348,77.622813,pm10,46.0,2019-07-15T01:00:00+00:00
6975,12.917348,77.622813,pm10,70.0,2019-07-15T01:15:00+00:00
6975,12.917348,77.622813,pm10,70.0,2019-07-15T01:30:00+00:00
6975,12.917348,77.622813,pm10,70.0,2019-07-15T01:45:00+00:00
6975,12.917348,77.622813,pm10,70.0,2019-07-15T02:00:00+00:00
6975,12.917348,77.622813,pm10,77.0,2019-07-15T02:15:00+00:00
6975,12.917348,77.622813,pm10,77.0,2019-07-15T02:30:00+00:00
6975,12.917348,77.622813,pm10,77.0,2019-07-15T02:45:00+00:00
6975,12.917348,77.622813,pm10,77.0,2019-07-15T03:00:00+00:00
6975,12.917348,77.622813,pm10,80.0,2019-07-15T03:15:00+00:00
6975,12.917348,77.622813,pm10,80.0,2019-07-15T03:30:00+00:00
6975,12.917348,77.622813,pm10,80.0,2019-07-15T04:00:00+00:00
6975,12.917348,77.622813,pm10,78.0,2019-07-15T04:15:00+00:00
6975,12.917348,77.622813,pm10,78.0,2019-07-15T04:30:00+00:00
6975,12.917348,77.622813,pm10,78.0,2019-07-15T04:45:00+00:00
6975,12.917348,77.622813,pm10,78.0,2019-07-15T05:00:00+00:00
6975,12.917348,77.622813,pm10,80.0,2019-07-15T05:15:00+00:00
6975,12.917348,77.622813,pm10,80.0,2019-07-15T05:45:00+00:00
6975,12.917348,77.622813,pm10,80.0,2019-07-15T06:00:00+00:00
6975,12.917348,77.622813,pm10,72.0,2019-07-15T06:15:00+00:00
6975,12.917348,77.622813,pm10,72.0,2019-07-15T06:30:00+00:00
6975,12.917348,77.622813,pm10,72.0,2019-07-15T06:45:00+00:00
6975,12.917348,77.622813,pm10,72.0,2019-07-15T07:00:00+00:00
6975,12.917348,77.622813,pm10,74.0,2019-07-15T07:15:00+00:00
6975,12.917348,77.622813,pm10,74.0,2019-07-15T07:30:00+00:00
6975,12.917348,77.622813,pm10,74.0,2019-07-15T07:45:00+00:00
6975,12.917348,77.622813,pm10,74.0,2019-07-15T08:00:00+00:00
6975,12.917348,77.622813,pm10,110.0,2019-07-15T08:15:00+00:00
6975,12.917348,77.622813,pm10,110.0,2019-07-15T08:30:00+00:00
6975,12.917348,77.622813,pm10,110.0,2019-07-15T08:45:00+00:00
6975,12.917348,77.622813,pm10,110.0,2019-07-15T09:00:00+00:00
6975,12.917348,77.622813,pm10,63.0,2019-07-15T09:15:00+00:00
6975,12.917348,77.622813,pm10,63.0,2019-07-15T09:30:00+00:00
6975,12.917348,77.622813,pm10,63.0,2019-07-15T09:45:00+00:00
6975,12.917348,77.622813,pm10,63.0,2019-07-15T10:00:00+00:00
6975,12.917348,77.622813,pm10,69.0,2019-07-15T10:15:00+00:00
6975,12.917348,77.622813,pm10,69.0,2019-07-15T10:30:00+00:00
6975,12.917348,77.622813,pm10,69.0,2019-07-15T10:45:00+00:00
6975,12.917348,77.622813,pm10,69.0,2019-07-15T11:00:00+00:00
6975,12.917348,77.622813,pm10,59.0,2019-07-15T11:15:00+00:00
6975,12.917348,77.622813,pm10,59.0,2019-07-15T11:30:00+00:00
6975,12.917348,77.622813,pm10,59.0,2019-07-15T11:45:00+00:00
6975,12.917348,77.622813,pm10,59.0,2019-07-15T12:00:00+00:00
6975,12.917348,77.622813,pm10,78.0,2019-07-15T12:15:00+00:00
6975,12.917348,77.622813,pm10,78.0,2019-07-15T12:30:00+00:00
6975,12.917348,77.622813,pm10,78.0,2019-07-15T12:45:00+00:00
6975,12.917348,77.622813,pm10,78.0,2019-07-15T13:00:00+00:00
6975,12.917348,77.622813,pm10,86.0,2019-07-15T13:15:00+00:00
6975,12.917348,77.622813,pm10,86.0,2019-07-15T13:30:00+00:00
6975,12.917348,77.622813,pm10,86.0,2019-07-15T13:45:00+00:00
6975,12.917348,77.622813,pm10,86.0,2019-07-15T14:00:00+00:00
6975,12.917348,77.622813,pm10,94.0,2019-07-15T14:30:00+00:00
6975,12.917348,77.622813,pm10,94.0,2019-07-15T14:45:00+00:00
6975,12.917348,77.622813,pm10,94.0,2019-07-15T15:00:00+00:00
6975,12.917348,77.622813,pm10,56.0,2019-07-15T15:15:00+00:00
6975,12.917348,77.622813,pm10,56.0,2019-07-15T15:30:00+00:00
6975,12.917348,77.622813,pm10,56.0,2019-07-15T15:45:00+00:00
6975,12.917348,77.622813,pm10,56.0,2019-07-15T16:00:00+00:00
6975,12.917348,77.622813,pm10,64.0,2019-07-15T16:15:00+00:00
6975,12.917348,77.622813,pm10,64.0,2019-07-15T16:30:00+00:00
6975,12.917348,77.622813,pm10,64.0,2019-07-15T16:45:00+00:00
6975,12.917348,77.622813,pm10,64.0,2019-07-15T17:00:00+00:00
6975,12.917348,77.622813,pm10,84.0,2019-07-15T17:15:00+00:00
6975,12.917348,77.622813,pm10,84.0,2019-07-15T17:30:00+00:00
6975,12.917348,77.622813,pm10,84.0,2019-07-15T17:45:00+00:00
6975,12.917348,77.622813,pm10,84.0,2019-07-15T18:00:00+00:00
6975,12.917348,77.622813,pm10,101.0,2019-07-15T18:15:00+00:00
6975,12.917348,77.622813,pm10,101.0,2019-07-15T18:30:00+00:00
6975,12.917348,77.622813,pm25,11.0,2019-07-14T18:45:00+00:00
6975,12.917348,77.622813,pm25,11.0,2019-07-14T19:00:00+00:00
6975,12.917348,77.622813,pm25,7.0,2019-07-14T19:15:00+00:00
6975,12.917348,77.622813,pm25,7.0,2019-07-14T19:30:00+00:00
6975,12.917348,77.622813,pm25,7.0,2019-07-14T19:45:00+00:00
6975,12.917348,77.622813,pm25,7.0,2019-07-14T20:00:00+00:00
6975,12.917348,77.622813,pm25,9.0,2019-07-14T20:15:00+00:00
6975,12.917348,77.622813,pm25,9.0,2019-07-14T20:30:00+00:00
6975,12.917348,77.622813,pm25,9.0,2019-07-14T20:45:00+00:00
6975,12.917348,77.622813,pm25,9.0,2019-07-14T21:00:00+00:00
6975,12.917348,77.622813,pm25,12.0,2019-07-14T21:15:00+00:00
6975,12.917348,77.622813,pm25,12.0,2019-07-14T21:30:00+00:00
6975,12.917348,77.622813,pm25,12.0,2019-07-14T21:45:00+00:00
6975,12.917348,77.622813,pm25,12.0,2019-07-14T22:00:00+00:00
6975,12.917348,77.622813,pm25,18.0,2019-07-14T22:15:00+00:00
6975,12.917348,77.622813,pm25,18.0,2019-07-14T22:30:00+00:00
6975,12.917348,77.622813,pm25,18.0,2019-07-14T22:45:00+00:00
6975,12.917348,77.622813,pm25,18.0,2019-07-14T23:00:00+00:00
6975,12.917348,77.622813,pm25,16.0,2019-07-14T23:15:00+00:00
6975,12.917348,77.622813,pm25,16.0,2019-07-14T23:30:00+00:00
6975,12.917348,77.622813,pm25,16.0,2019-07-14T23:45:00+00:00
6975,12.917348,77.622813,pm25,16.0,2019-07-15T00:00:00+00:00
6975,12.917348,77.622813,pm25,8.0,2019-07-15T00:15:00+00:00
6975,12.917348,77.622813,pm25,8.0,2019-07-15T00:30:00+00:00
6975,12.917348,77.622813,pm25,8.0,2019-07-15T00:45:00+00:00
6975,12.917348,77.622813,pm25,8.0,2019-07-15T01:00:00+00:00
6975,12.917348,77.622813,pm25,27.0,2019-07-15T01:15:00+00:00
6975,12.917348,77.622813,pm25,27.0,2019-07-15T01:30:00+00:00
6975,12.917348,77.622813,pm25,27.0,2019-07-15T01:45:00+00:00
6975,12.917348,77.622813,pm25,27.0,2019-07-15T02:00:00+00:00
6975,12.917348,77.622813,pm25,24.0,2019-07-15T02:15:00+00:00
6975,12.917348,77.622813,pm25,24.0,2019-07-15T02:30:00+00:00
6975,12.917348,77.622813,pm25,24.0,2019-07-15T02:45:00+00:00
6975,12.917348,77.622813,pm25,24.0,2019-07-15T03:00:00+00:00
6975,12.917348,77.622813,pm25,28.0,2019-07-15T03:15:00+00:00
6975,12.917348,77.622813,pm25,28.0,2019-07-15T03:30:00+00:00
6975,12.917348,77.622813,pm25,28.0,2019-07-15T04:00:00+00:00
6975,12.917348,77.622813,pm25,29.0,2019-07-15T04:15:00+00:00
6975,12.917348,77.622813,pm25,29.0,2019-07-15T04:30:00+00:00
6975,12.917348,77.622813,pm25,29.0,2019-07-15T04:45:00+00:00
6975,12.917348,77.622813,pm25,29.0,2019-07-15T05:00:00+00:00
6975,12.917348,77.622813,pm25,28.0,2019-07-15T05:15:00+00:00
6975,12.917348,77.622813,pm25,28.0,2019-07-15T05:45:00+00:00
6975,12.917348,77.622813,pm25,28.0,2019-07-15T06:00:00+00:00
6975,12.917348,77.622813,pm25,13.0,2019-07-15T06:15:00+00:00
6975,12.917348,77.622813,pm25,13.0,2019-07-15T06:30:00+00:00
6975,12.917348,77.622813,pm25,13.0,2019-07-15T06:45:00+00:00
6975,12.917348,77.622813,pm25,13.0,2019-07-15T07:00:00+00:00
6975,12.917348,77.622813,pm25,20.0,2019-07-15T07:15:00+00:00
6975,12.917348,77.622813,pm25,20.0,2019-07-15T07:30:00+00:00
6975,12.917348,77.622813,pm25,20.0,2019-07-15T07:45:00+00:00
6975,12.917348,77.622813,pm25,20.0,2019-07-15T08:00:00+00:00
6975,12.917348,77.622813,pm25,29.0,2019-07-15T08:15:00+00:00
6975,12.917348,77.622813,pm25,29.0,2019-07-15T08:30:00+00:00
6975,12.917348,77.622813,pm25,29.0,2019-07-15T08:45:00+00:00
6975,12.917348,77.622813,pm25,29.0,2019-07-15T09:00:00+00:00
6975,12.917348,77.622813,pm25,22.0,2019-07-15T09:15:00+00:00
6975,12.917348,77.622813,pm25,22.0,2019-07-15T09:30:00+00:00
6975,12.917348,77.622813,pm25,22.0,2019-07-15T09:45:00+00:00
6975,12.917348,77.622813,pm25,22.0,2019-07-15T10:00:00+00:00
6975,12.917348,77.622813,pm25,19.0,2019-07-15T10:15:00+00:00
6975,12.917348,77.622813,pm25,19.0,2019-07-15T10:30:00+00:00
6975,12.917348,77.622813,pm25,19.0,2019-07-15T10:45:00+00:00
6975,12.917348,77.622813,pm25,19.0,2019-07-15T11:00:00+00:00
6975,12.917348,77.622813,pm25,13.0,2019-07-15T11:15:00+00:00
6975,12.917348,77.622813,pm25,13.0,2019-07-15T11:30:00+00:00
6975,12.917348,77.622813,pm25,13.0,2019-07-15T11:45:00+00:00
6975,12.917348,77.622813,pm25,13.0,2019-07-15T12:00:00+00:00
6975,12.917348,77.622813,pm25,24.0,2019-07-15T12:15:00+00:00
6975,12.917348,77.622813,pm25,24.0,2019-07-15T12:30:00+00:00
6975,12.917348,77.622813,pm25,24.0,2019-07-15T12:45:00+00:00
6975,12.917348,77.622813,pm25,24.0,2019-07-15T13:00:00+00:00
6975,12.917348,77.622813,pm25,23.0,2019-07-15T13:15:00+00:00
6975,12.917348,77.622813,pm25,23.0,2019-07-15T13:30:00+00:00
6975,12.917348,77.622813,pm25,23.0,2019-07-15T13:45:00+00:00
6975,12.917348,77.622813,pm25,23.0,2019-07-15T14:00:00+00:00
6975,12.917348,77.622813,pm25,33.0,2019-07-15T14:30:00+00:00
6975,12.917348,77.622813,pm25,33.0,2019-07-15T14:45:00+00:00
6975,12.917348,77.622813,pm25,33.0,2019-07-15T15:00:00+00:00
6975,12.917348,77.622813,pm25,7.0,2019-07-15T15:15:00+00:00
6975,12.917348,77.622813,pm25,7.0,2019-07-15T15:30:00+00:00
6975,12.917348,77.622813,pm25,7.0,2019-07-15T15:45:00+00:00
6975,12.917348,77.622813,pm25,7.0,2019-07-15T16:00:00+00:00
6975,12.917348,77.622813,pm25,17.0,2019-07-15T16:15:00+00:00
6975,12.917348,77.622813,pm25,17.0,2019-07-15T16:30:00+00:00
6975,12.917348,77.622813,pm25,17.0,2019-07-15T16:45:00+00:00
6975,12.917348,77.622813,pm25,17.0,2019-07-15T17:00:00+00:00
6975,12.917348,77.622813,pm25,24.0,2019-07-15T17:15:00+00:00
6975,12.917348,77.622813,pm25,24.0,2019-07-15T17:30:00+00:00
6975,12.917348,77.622813,pm25,24.0,2019-07-15T17:45:00+00:00
6975,12.917348,77.622813,pm25,24.0,2019-07-15T18:00:00+00:00
6975,12.917348,77.622813,pm25,20.0,2019-07-15T18:15:00+00:00
6975,12.917348,77.622813,pm25,20.0,2019-07-15T18:30:00+00:00
6975,12.917348,77.622813,co,0.7,2019-07-14T18:45:00+00:00
6975,12.917348,77.622813,co,0.79,2019-07-14T19:00:00+00:00
6975,12.917348,77.622813,co,0.78,2019-07-14T19:15:00+00:00
6975,12.917348,77.622813,co,0.76,2019-07-14T19:30:00+00:00
6975,12.917348,77.622813,co,0.74,2019-07-14T19:45:00+00:00
6975,12.917348,77.622813,co,0.7,2019-07-14T20:00:00+00:00
6975,12.917348,77.622813,co,0.58,2019-07-14T20:15:00+00:00
6975,12.917348,77.622813,co,0.49,2019-07-14T20:30:00+00:00
6975,12.917348,77.622813,co,0.42,2019-07-14T20:45:00+00:00
6975,12.917348,77.622813,co,0.4,2019-07-14T21:00:00+00:00
6975,12.917348,77.622813,co,0.49,2019-07-14T21:15:00+00:00
6975,12.917348,77.622813,co,0.45,2019-07-14T21:30:00+00:00
6975,12.917348,77.622813,co,0.4,2019-07-14T21:45:00+00:00
6975,12.917348,77.622813,co,0.52,2019-07-14T23:00:00+00:00
6975,12.917348,77.622813,co,0.52,2019-07-14T23:15:00+00:00
6975,12.917348,77.622813,co,0.5,2019-07-14T23:30:00+00:00
6975,12.917348,77.622813,co,0.52,2019-07-14T23:45:00+00:00
6975,12.917348,77.622813,co,0.53,2019-07-15T00:00:00+00:00
6975,12.917348,77.622813,co,0.55,2019-07-15T00:15:00+00:00
6975,12.917348,77.622813,co,0.57,2019-07-15T00:30:00+00:00
6975,12.917348,77.622813,co,0.94,2019-07-15T01:00:00+00:00
6975,12.917348,77.622813,co,1.15,2019-07-15T01:15:00+00:00
6975,12.917348,77.622813,co,1.27,2019-07-15T01:30:00+00:00
6975,12.917348,77.622813,co,1.19,2019-07-15T01:45:00+00:00
6975,12.917348,77.622813,co,1.19,2019-07-15T02:00:00+00:00
6975,12.917348,77.622813,co,1.21,2019-07-15T02:15:00+00:00
6975,12.917348,77.622813,co,1.21,2019-07-15T02:30:00+00:00
6975,12.917348,77.622813,co,1.37,2019-07-15T02:45:00+00:00
6975,12.917348,77.622813,co,1.68,2019-07-15T03:00:00+00:00
6975,12.917348,77.622813,co,1.89,2019-07-15T03:15:00+00:00
6975,12.917348,77.622813,co,1.89,2019-07-15T03:30:00+00:00
6975,12.917348,77.622813,co,1.82,2019-07-15T04:00:00+00:00
6975,12.917348,77.622813,co,1.73,2019-07-15T04:15:00+00:00
6975,12.917348,77.622813,co,1.69,2019-07-15T04:30:00+00:00
6975,12.917348,77.622813,co,1.69,2019-07-15T04:45:00+00:00
6975,12.917348,77.622813,co,1.61,2019-07-15T05:00:00+00:00
6975,12.917348,77.622813,co,1.57,2019-07-15T05:15:00+00:00
6975,12.917348,77.622813,co,1.44,2019-07-15T05:45:00+00:00
6975,12.917348,77.622813,co,1.44,2019-07-15T06:00:00+00:00
6975,12.917348,77.622813,co,1.5,2019-07-15T06:15:00+00:00
6975,12.917348,77.622813,co,1.4,2019-07-15T06:30:00+00:00
6975,12.917348,77.622813,co,1.31,2019-07-15T06:45:00+00:00
6975,12.917348,77.622813,co,1.18,2019-07-15T07:00:00+00:00
6975,12.917348,77.622813,co,1.26,2019-07-15T07:15:00+00:00
6975,12.917348,77.622813,co,1.23,2019-07-15T07:30:00+00:00
6975,12.917348,77.622813,co,1.13,2019-07-15T07:45:00+00:00
6975,12.917348,77.622813,co,1.2,2019-07-15T08:00:00+00:00
6975,12.917348,77.622813,co,1.27,2019-07-15T08:15:00+00:00
6975,12.917348,77.622813,co,1.27,2019-07-15T08:30:00+00:00
6975,12.917348,77.622813,co,1.28,2019-07-15T08:45:00+00:00
6975,12.917348,77.622813,co,1.32,2019-07-15T09:00:00+00:00
6975,12.917348,77.622813,co,1.2,2019-07-15T09:15:00+00:00
6975,12.917348,77.622813,co,1.17,2019-07-15T09:30:00+00:00
6975,12.917348,77.622813,co,1.18,2019-07-15T09:45:00+00:00
6975,12.917348,77.622813,co,1.03,2019-07-15T10:00:00+00:00
6975,12.917348,77.622813,co,0.87,2019-07-15T10:15:00+00:00
6975,12.917348,77.622813,co,0.87,2019-07-15T10:30:00+00:00
6975,12.917348,77.622813,co,0.95,2019-07-15T10:45:00+00:00
6975,12.917348,77.622813,co,1.08,2019-07-15T11:00:00+00:00
6975,12.917348,77.622813,co,1.12,2019-07-15T11:15:00+00:00
6975,12.917348,77.622813,co,1.32,2019-07-15T11:30:00+00:00
6975,12.917348,77.622813,co,1.4,2019-07-15T11:45:00+00:00
6975,12.917348,77.622813,co,1.4,2019-07-15T12:00:00+00:00
6975,12.917348,77.622813,co,1.66,2019-07-15T12:15:00+00:00
6975,12.917348,77.622813,co,1.79,2019-07-15T12:30:00+00:00
6975,12.917348,77.622813,co,2.19,2019-07-15T12:45:00+00:00
6975,12.917348,77.622813,co,2.11,2019-07-15T13:00:00+00:00
6975,12.917348,77.622813,co,2.26,2019-07-15T13:15:00+00:00
6975,12.917348,77.622813,co,2.63,2019-07-15T13:30:00+00:00
6975,12.917348,77.622813,co,3.41,2019-07-15T14:00:00+00:00
6975,12.917348,77.622813,co,2.62,2019-07-15T14:45:00+00:00
6975,12.917348,77.622813,co,2.29,2019-07-15T15:00:00+00:00
6975,12.917348,77.622813,co,2.08,2019-07-15T15:15:00+00:00
6975,12.917348,77.622813,co,2.08,2019-07-15T15:30:00+00:00
6975,12.917348,77.622813,co,2.31,2019-07-15T15:45:00+00:00
6975,12.917348,77.622813,co,2.28,2019-07-15T16:00:00+00:00
6975,12.917348,77.622813,co,2.13,2019-07-15T16:15:00+00:00
6975,12.917348,77.622813,co,2.13,2019-07-15T16:30:00+00:00
6975,12.917348,77.622813,co,2.03,2019-07-15T16:45:00+00:00
6975,12.917348,77.622813,co,1.9,2019-07-15T17:00:00+00:00
6975,12.917348,77.622813,co,1.89,2019-07-15T17:15:00+00:00
6975,12.917348,77.622813,co,1.6,2019-07-15T17:30:00+00:00
6975,12.917348,77.622813,co,1.4,2019-07-15T17:45:00+00:00
6975,12.917348,77.622813,co,1.17,2019-07-15T18:00:00+00:00
6975,12.917348,77.622813,co,0.84,2019-07-15T18:30:00+00:00
6975,12.917348,77.622813,no2,41.2,2019-07-14T18:45:00+00:00
6975,12.917348,77.622813,no2,42.3,2019-07-14T19:00:00+00:00
6975,12.917348,77.622813,no2,39.9,2019-07-14T19:15:00+00:00
6975,12.917348,77.622813,no2,37.0,2019-07-14T19:30:00+00:00
6975,12.917348,77.622813,no2,35.2,2019-07-14T19:45:00+00:00
6975,12.917348,77.622813,no2,33.5,2019-07-14T20:00:00+00:00
6975,12.917348,77.622813,no2,32.5,2019-07-14T20:15:00+00:00
6975,12.917348,77.622813,no2,31.6,2019-07-14T20:30:00+00:00
6975,12.917348,77.622813,no2,31.2,2019-07-14T20:45:00+00:00
6975,12.917348,77.622813,no2,30.6,2019-07-14T21:00:00+00:00
6975,12.917348,77.622813,no2,29.7,2019-07-14T21:15:00+00:00
6975,12.917348,77.622813,no2,29.3,2019-07-14T21:30:00+00:00
6975,12.917348,77.622813,no2,29.3,2019-07-14T21:45:00+00:00
6975,12.917348,77.622813,no2,29.3,2019-07-14T22:00:00+00:00
6975,12.917348,77.622813,no2,29.1,2019-07-14T22:15:00+00:00
6975,12.917348,77.622813,no2,29.7,2019-07-14T22:30:00+00:00
6975,12.917348,77.622813,no2,30.6,2019-07-14T22:45:00+00:00
6975,12.917348,77.622813,no2,28.4,2019-07-14T23:00:00+00:00
6975,12.917348,77.622813,no2,34.0,2019-07-15T00:00:00+00:00
6975,12.917348,77.622813,no2,33.1,2019-07-15T00:15:00+00:00
6975,12.917348,77.622813,no2,33.1,2019-07-15T00:30:00+00:00
6975,12.917348,77.622813,no2,35.0,2019-07-15T00:45:00+00:00
6975,12.917348,77.622813,no2,36.3,2019-07-15T01:00:00+00:00
6975,12.917348,77.622813,no2,40.4,2019-07-15T01:15:00+00:00
6975,12.917348,77.622813,no2,44.7,2019-07-15T01:30:00+00:00
6975,12.917348,77.622813,no2,41.4,2019-07-15T01:45:00+00:00
6975,12.917348,77.622813,no2,41.7,2019-07-15T02:00:00+00:00
6975,12.917348,77.622813,no2,43.6,2019-07-15T02:15:00+00:00
6975,12.917348,77.622813,no2,43.2,2019-07-15T02:30:00+00:00
6975,12.917348,77.622813,no2,43.1,2019-07-15T02:45:00+00:00
6975,12.917348,77.622813,no2,41.7,2019-07-15T03:00:00+00:00
6975,12.917348,77.622813,no2,41.9,2019-07-15T03:15:00+00:00
6975,12.917348,77.622813,no2,42.3,2019-07-15T03:30:00+00:00
6975,12.917348,77.622813,no2,37.6,2019-07-15T04:00:00+00:00
6975,12.917348,77.622813,no2,42.3,2019-07-15T04:15:00+00:00
6975,12.917348,77.622813,no2,42.1,2019-07-15T04:30:00+00:00
6975,12.917348,77.622813,no2,43.4,2019-07-15T04:45:00+00:00
6975,12.917348,77.622813,no2,44.9,2019-07-15T05:00:00+00:00
6975,12.917348,77.622813,no2,45.5,2019-07-15T05:15:00+00:00
6975,12.917348,77.622813,no2,40.4,2019-07-15T05:45:00+00:00
6975,12.917348,77.622813,no2,36.5,2019-07-15T06:00:00+00:00
6975,12.917348,77.622813,no2,36.1,2019-07-15T06:15:00+00:00
6975,12.917348,77.622813,no2,39.9,2019-07-15T06:30:00+00:00
6975,12.917348,77.622813,no2,44.2,2019-07-15T06:45:00+00:00
6975,12.917348,77.622813,no2,47.2,2019-07-15T07:00:00+00:00
6975,12.917348,77.622813,no2,50.6,2019-07-15T07:15:00+00:00
6975,12.917348,77.622813,no2,53.4,2019-07-15T07:30:00+00:00
6975,12.917348,77.622813,no2,54.7,2019-07-15T07:45:00+00:00
6975,12.917348,77.622813,no2,55.8,2019-07-15T08:00:00+00:00
6975,12.917348,77.622813,no2,57.0,2019-07-15T08:15:00+00:00
6975,12.917348,77.622813,no2,59.4,2019-07-15T08:30:00+00:00
6975,12.917348,77.622813,no2,60.7,2019-07-15T08:45:00+00:00
6975,12.917348,77.622813,no2,63.5,2019-07-15T09:00:00+00:00
6975,12.917348,77.622813,no2,65.8,2019-07-15T09:15:00+00:00
6975,12.917348,77.622813,no2,66.6,2019-07-15T09:30:00+00:00
6975,12.917348,77.622813,no2,66.7,2019-07-15T09:45:00+00:00
6975,12.917348,77.622813,no2,64.3,2019-07-15T10:00:00+00:00
6975,12.917348,77.622813,no2,51.3,2019-07-15T10:15:00+00:00
6975,12.917348,77.622813,no2,58.5,2019-07-15T10:30:00+00:00
6975,12.917348,77.622813,no2,59.8,2019-07-15T10:45:00+00:00
6975,12.917348,77.622813,no2,63.4,2019-07-15T11:00:00+00:00
6975,12.917348,77.622813,no2,64.3,2019-07-15T11:15:00+00:00
6975,12.917348,77.622813,no2,64.5,2019-07-15T11:30:00+00:00
6975,12.917348,77.622813,no2,63.0,2019-07-15T11:45:00+00:00
6975,12.917348,77.622813,no2,61.3,2019-07-15T12:00:00+00:00
6975,12.917348,77.622813,no2,59.4,2019-07-15T12:15:00+00:00
6975,12.917348,77.622813,no2,61.1,2019-07-15T12:30:00+00:00
6975,12.917348,77.622813,no2,62.8,2019-07-15T12:45:00+00:00
6975,12.917348,77.622813,no2,62.0,2019-07-15T13:00:00+00:00
6975,12.917348,77.622813,no2,60.9,2019-07-15T13:15:00+00:00
6975,12.917348,77.622813,no2,60.5,2019-07-15T13:30:00+00:00
6975,12.917348,77.622813,no2,61.1,2019-07-15T13:45:00+00:00
6975,12.917348,77.622813,no2,62.4,2019-07-15T14:00:00+00:00
6975,12.917348,77.622813,no2,55.6,2019-07-15T14:30:00+00:00
6975,12.917348,77.622813,no2,53.4,2019-07-15T14:45:00+00:00
6975,12.917348,77.622813,no2,58.5,2019-07-15T15:00:00+00:00
6975,12.917348,77.622813,no2,54.3,2019-07-15T15:15:00+00:00
6975,12.917348,77.622813,no2,50.9,2019-07-15T15:30:00+00:00
6975,12.917348,77.622813,no2,51.3,2019-07-15T15:45:00+00:00
6975,12.917348,77.622813,no2,53.2,2019-07-15T16:00:00+00:00
6975,12.917348,77.622813,no2,53.6,2019-07-15T16:15:00+00:00
6975,12.917348,77.622813,no2,53.2,2019-07-15T16:30:00+00:00
6975,12.917348,77.622813,no2,54.1,2019-07-15T16:45:00+00:00
6975,12.917348,77.622813,no2,54.0,2019-07-15T17:00:00+00:00
6975,12.917348,77.622813,no2,53.6,2019-07-15T17:15:00+00:00
6975,12.917348,77.622813,no2,53.2,2019-07-15T17:30:00+00:00
6975,12.917348,77.622813,no2,51.1,2019-07-15T17:45:00+00:00
6975,12.917348,77.622813,no2,54.1,2019-07-15T18:00:00+00:00
6975,12.917348,77.622813,no2,56.4,2019-07-15T18:15:00+00:00
6975,12.917348,77.622813,no2,36.8,2019-07-15T18:30:00+00:00
6975,12.917348,77.622813,so2,5.8,2019-07-14T18:45:00+00:00
6975,12.917348,77.622813,so2,5.5,2019-07-14T19:00:00+00:00
6975,12.917348,77.622813,so2,4.7,2019-07-14T19:15:00+00:00
6975,12.917348,77.622813,so2,4.5,2019-07-14T19:30:00+00:00
6975,12.917348,77.622813,so2,4.2,2019-07-14T19:45:00+00:00
6975,12.917348,77.622813,so2,3.9,2019-07-14T20:00:00+00:00
6975,12.917348,77.622813,so2,4.5,2019-07-14T20:30:00+00:00
6975,12.917348,77.622813,so2,4.7,2019-07-14T20:45:00+00:00
6975,12.917348,77.622813,so2,5.0,2019-07-14T21:00:00+00:00
6975,12.917348,77.622813,so2,4.7,2019-07-14T21:15:00+00:00
6975,12.917348,77.622813,so2,4.2,2019-07-14T21:30:00+00:00
6975,12.917348,77.622813,so2,4.2,2019-07-14T21:45:00+00:00
6975,12.917348,77.622813,so2,4.2,2019-07-14T22:00:00+00:00
6975,12.917348,77.622813,so2,4.5,2019-07-14T22:30:00+00:00
6975,12.917348,77.622813,so2,5.2,2019-07-14T22:45:00+00:00
6975,12.917348,77.622813,so2,6.6,2019-07-14T23:00:00+00:00
6975,12.917348,77.622813,so2,8.1,2019-07-14T23:15:00+00:00
6975,12.917348,77.622813,so2,8.9,2019-07-14T23:30:00+00:00
6975,12.917348,77.622813,so2,8.9,2019-07-14T23:45:00+00:00
6975,12.917348,77.622813,so2,8.9,2019-07-15T00:00:00+00:00
6975,12.917348,77.622813,so2,7.3,2019-07-15T01:00:00+00:00
6975,12.917348,77.622813,so2,7.3,2019-07-15T01:15:00+00:00
6975,12.917348,77.622813,so2,7.6,2019-07-15T01:30:00+00:00
6975,12.917348,77.622813,so2,7.6,2019-07-15T01:45:00+00:00
6975,12.917348,77.622813,so2,7.3,2019-07-15T02:00:00+00:00
6975,12.917348,77.622813,so2,6.8,2019-07-15T02:30:00+00:00
6975,12.917348,77.622813,so2,6.3,2019-07-15T02:45:00+00:00
6975,12.917348,77.622813,so2,6.8,2019-07-15T03:00:00+00:00
6975,12.917348,77.622813,so2,6.3,2019-07-15T03:15:00+00:00
6975,12.917348,77.622813,so2,5.5,2019-07-15T03:30:00+00:00
6975,12.917348,77.622813,so2,4.5,2019-07-15T04:00:00+00:00
6975,12.917348,77.622813,so2,5.2,2019-07-15T04:30:00+00:00
6975,12.917348,77.622813,so2,6.0,2019-07-15T04:45:00+00:00
6975,12.917348,77.622813,so2,6.6,2019-07-15T05:00:00+00:00
6975,12.917348,77.622813,so2,5.8,2019-07-15T05:15:00+00:00
6975,12.917348,77.622813,so2,5.5,2019-07-15T05:45:00+00:00
6975,12.917348,77.622813,so2,5.0,2019-07-15T06:00:00+00:00
6975,12.917348,77.622813,so2,4.5,2019-07-15T06:30:00+00:00
6975,12.917348,77.622813,so2,3.4,2019-07-15T06:45:00+00:00
6975,12.917348,77.622813,so2,3.4,2019-07-15T07:00:00+00:00
6975,12.917348,77.622813,so2,3.7,2019-07-15T07:15:00+00:00
6975,12.917348,77.622813,so2,3.4,2019-07-15T07:30:00+00:00
6975,12.917348,77.622813,so2,2.9,2019-07-15T07:45:00+00:00
6975,12.917348,77.622813,so2,2.4,2019-07-15T08:00:00+00:00
6975,12.917348,77.622813,so2,2.6,2019-07-15T08:30:00+00:00
6975,12.917348,77.622813,so2,4.5,2019-07-15T08:45:00+00:00
6975,12.917348,77.622813,so2,4.7,2019-07-15T09:00:00+00:00
6975,12.917348,77.622813,so2,4.7,2019-07-15T09:15:00+00:00
6975,12.917348,77.622813,so2,4.7,2019-07-15T09:30:00+00:00
6975,12.917348,77.622813,so2,4.7,2019-07-15T09:45:00+00:00
6975,12.917348,77.622813,so2,4.5,2019-07-15T10:00:00+00:00
6975,12.917348,77.622813,so2,5.0,2019-07-15T10:30:00+00:00
6975,12.917348,77.622813,so2,5.2,2019-07-15T10:45:00+00:00
6975,12.917348,77.622813,so2,5.8,2019-07-15T11:00:00+00:00
6975,12.917348,77.622813,so2,6.0,2019-07-15T11:15:00+00:00
6975,12.917348,77.622813,so2,6.6,2019-07-15T11:30:00+00:00
6975,12.917348,77.622813,so2,6.8,2019-07-15T11:45:00+00:00
6975,12.917348,77.622813,so2,7.3,2019-07-15T12:00:00+00:00
6975,12.917348,77.622813,so2,6.3,2019-07-15T12:30:00+00:00
6975,12.917348,77.622813,so2,5.0,2019-07-15T12:45:00+00:00
6975,12.917348,77.622813,so2,4.7,2019-07-15T13:00:00+00:00
6975,12.917348,77.622813,so2,4.7,2019-07-15T13:15:00+00:00
6975,12.917348,77.622813,so2,4.7,2019-07-15T13:30:00+00:00
6975,12.917348,77.622813,so2,4.5,2019-07-15T13:45:00+00:00
6975,12.917348,77.622813,so2,3.9,2019-07-15T14:00:00+00:00
6975,12.917348,77.622813,so2,3.9,2019-07-15T14:30:00+00:00
6975,12.917348,77.622813,so2,3.7,2019-07-15T14:45:00+00:00
6975,12.917348,77.622813,so2,3.9,2019-07-15T15:00:00+00:00
6975,12.917348,77.622813,so2,3.7,2019-07-15T15:15:00+00:00
6975,12.917348,77.622813,so2,3.7,2019-07-15T15:30:00+00:00
6975,12.917348,77.622813,so2,3.7,2019-07-15T15:45:00+00:00
6975,12.917348,77.622813,so2,4.2,2019-07-15T16:00:00+00:00
6975,12.917348,77.622813,so2,4.5,2019-07-15T16:30:00+00:00
6975,12.917348,77.622813,so2,5.5,2019-07-15T16:45:00+00:00
6975,12.917348,77.622813,so2,5.5,2019-07-15T17:00:00+00:00
6975,12.917348,77.622813,so2,4.7,2019-07-15T17:15:00+00:00
6975,12.917348,77.622813,so2,4.7,2019-07-15T17:30:00+00:00
6975,12.917348,77.622813,so2,5.2,2019-07-15T17:45:00+00:00
6975,12.917348,77.622813,so2,6.3,2019-07-15T18:00:00+00:00
6975,12.917348,77.622813,so2,5.2,2019-07-15T18:30:00+00:00
6975,12.917348,77.622813,pm10,101.0,2019-07-15T18:45:00+00:00
6975,12.917348,77.622813,pm10,101.0,2019-07-15T19:00:00+00:00
6975,12.917348,77.622813,pm10,40.0,2019-07-15T19:15:00+00:00
6975,12.917348,77.622813,pm10,40.0,2019-07-15T19:30:00+00:00
6975,12.917348,77.622813,pm10,40.0,2019-07-15T19:45:00+00:00
6975,12.917348,77.622813,pm10,40.0,2019-07-15T20:00:00+00:00
6975,12.917348,77.622813,pm10,51.0,2019-07-15T20:15:00+00:00
6975,12.917348,77.622813,pm10,51.0,2019-07-15T20:30:00+00:00
6975,12.917348,77.622813,pm10,51.0,2019-07-15T20:45:00+00:00
6975,12.917348,77.622813,pm10,51.0,2019-07-15T21:00:00+00:00
6975,12.917348,77.622813,pm10,51.0,2019-07-15T21:15:00+00:00
6975,12.917348,77.622813,pm10,44.0,2019-07-15T21:30:00+00:00
6975,12.917348,77.622813,pm10,44.0,2019-07-15T21:45:00+00:00
6975,12.917348,77.622813,pm10,44.0,2019-07-15T22:00:00+00:00
6975,12.917348,77.622813,pm10,44.0,2019-07-15T22:15:00+00:00
6975,12.917348,77.622813,pm10,52.0,2019-07-15T22:30:00+00:00
6975,12.917348,77.622813,pm10,52.0,2019-07-15T22:45:00+00:00
6975,12.917348,77.622813,pm10,52.0,2019-07-15T23:00:00+00:00
6975,12.917348,77.622813,pm10,52.0,2019-07-15T23:15:00+00:00
6975,12.917348,77.622813,pm10,45.0,2019-07-15T23:30:00+00:00
6975,12.917348,77.622813,pm10,45.0,2019-07-15T23:45:00+00:00
6975,12.917348,77.622813,pm10,45.0,2019-07-16T00:00:00+00:00
6975,12.917348,77.622813,pm10,45.0,2019-07-16T00:15:00+00:00
6975,12.917348,77.622813,pm10,52.0,2019-07-16T00:30:00+00:00
6975,12.917348,77.622813,pm10,52.0,2019-07-16T00:45:00+00:00
6975,12.917348,77.622813,pm10,52.0,2019-07-16T01:00:00+00:00
6975,12.917348,77.622813,pm10,52.0,2019-07-16T01:15:00+00:00
6975,12.917348,77.622813,pm10,67.0,2019-07-16T01:30:00+00:00
6975,12.917348,77.622813,pm10,67.0,2019-07-16T01:45:00+00:00
6975,12.917348,77.622813,pm10,67.0,2019-07-16T02:00:00+00:00
6975,12.917348,77.622813,pm10,67.0,2019-07-16T02:15:00+00:00
6975,12.917348,77.622813,pm10,79.0,2019-07-16T02:30:00+00:00
6975,12.917348,77.622813,pm10,79.0,2019-07-16T02:45:00+00:00
6975,12.917348,77.622813,pm10,79.0,2019-07-16T03:00:00+00:00
6975,12.917348,77.622813,pm10,79.0,2019-07-16T03:15:00+00:00
6975,12.917348,77.622813,pm10,90.0,2019-07-16T03:30:00+00:00
6975,12.917348,77.622813,pm10,90.0,2019-07-16T03:45:00+00:00
6975,12.917348,77.622813,pm10,90.0,2019-07-16T04:00:00+00:00
6975,12.917348,77.622813,pm10,90.0,2019-07-16T04:15:00+00:00
6975,12.917348,77.622813,pm10,94.0,2019-07-16T04:45:00+00:00
6975,12.917348,77.622813,pm10,94.0,2019-07-16T05:00:00+00:00
6975,12.917348,77.622813,pm10,94.0,2019-07-16T05:15:00+00:00
6975,12.917348,77.622813,pm10,81.0,2019-07-16T05:30:00+00:00
6975,12.917348,77.622813,pm10,81.0,2019-07-16T05:45:00+00:00
6975,12.917348,77.622813,pm10,81.0,2019-07-16T06:00:00+00:00
6975,12.917348,77.622813,pm10,81.0,2019-07-16T06:15:00+00:00
6975,12.917348,77.622813,pm10,95.0,2019-07-16T06:30:00+00:00
6975,12.917348,77.622813,pm10,95.0,2019-07-16T06:45:00+00:00
6975,12.917348,77.622813,pm10,95.0,2019-07-16T07:00:00+00:00
6975,12.917348,77.622813,pm10,95.0,2019-07-16T07:15:00+00:00
6975,12.917348,77.622813,pm10,86.0,2019-07-16T07:30:00+00:00
6975,12.917348,77.622813,pm10,86.0,2019-07-16T07:45:00+00:00
6975,12.917348,77.622813,pm10,86.0,2019-07-16T08:00:00+00:00
6975,12.917348,77.622813,pm10,86.0,2019-07-16T08:15:00+00:00
6975,12.917348,77.622813,pm10,73.0,2019-07-16T08:30:00+00:00
6975,12.917348,77.622813,pm10,73.0,2019-07-16T08:45:00+00:00
6975,12.917348,77.622813,pm10,73.0,2019-07-16T09:15:00+00:00
6975,12.917348,77.622813,pm10,89.0,2019-07-16T09:45:00+00:00
6975,12.917348,77.622813,pm10,89.0,2019-07-16T10:00:00+00:00
6975,12.917348,77.622813,pm10,89.0,2019-07-16T10:15:00+00:00
6975,12.917348,77.622813,pm10,75.0,2019-07-16T10:30:00+00:00
6975,12.917348,77.622813,pm10,75.0,2019-07-16T10:45:00+00:00
6975,12.917348,77.622813,pm10,75.0,2019-07-16T11:00:00+00:00
6975,12.917348,77.622813,pm10,75.0,2019-07-16T11:15:00+00:00
6975,12.917348,77.622813,pm10,86.0,2019-07-16T11:30:00+00:00
6975,12.917348,77.622813,pm10,86.0,2019-07-16T11:45:00+00:00
6975,12.917348,77.622813,pm10,86.0,2019-07-16T12:00:00+00:00
6975,12.917348,77.622813,pm10,86.0,2019-07-16T12:15:00+00:00
6975,12.917348,77.622813,pm10,101.0,2019-07-16T12:30:00+00:00
6975,12.917348,77.622813,pm10,101.0,2019-07-16T12:45:00+00:00
6975,12.917348,77.622813,pm10,101.0,2019-07-16T13:00:00+00:00
6975,12.917348,77.622813,pm10,101.0,2019-07-16T13:15:00+00:00
6975,12.917348,77.622813,pm10,78.0,2019-07-16T13:30:00+00:00
6975,12.917348,77.622813,pm10,78.0,2019-07-16T13:45:00+00:00
6975,12.917348,77.622813,pm10,78.0,2019-07-16T14:00:00+00:00
6975,12.917348,77.622813,pm10,78.0,2019-07-16T14:15:00+00:00
6975,12.917348,77.622813,pm10,74.0,2019-07-16T14:30:00+00:00
6975,12.917348,77.622813,pm10,74.0,2019-07-16T14:45:00+00:00
6975,12.917348,77.622813,pm10,74.0,2019-07-16T15:00:00+00:00
6975,12.917348,77.622813,pm10,74.0,2019-07-16T15:15:00+00:00
6975,12.917348,77.622813,pm10,103.0,2019-07-16T15:30:00+00:00
6975,12.917348,77.622813,pm10,103.0,2019-07-16T15:45:00+00:00
6975,12.917348,77.622813,pm10,103.0,2019-07-16T16:00:00+00:00
6975,12.917348,77.622813,pm10,103.0,2019-07-16T16:15:00+00:00
6975,12.917348,77.622813,pm10,103.0,2019-07-16T16:30:00+00:00
6975,12.917348,77.622813,pm10,103.0,2019-07-16T16:45:00+00:00
6975,12.917348,77.622813,pm10,103.0,2019-07-16T17:00:00+00:00
6975,12.917348,77.622813,pm10,103.0,2019-07-16T17:15:00+00:00
6975,12.917348,77.622813,pm10,92.0,2019-07-16T17:30:00+00:00
6975,12.917348,77.622813,pm10,92.0,2019-07-16T17:45:00+00:00
6975,12.917348,77.622813,pm10,92.0,2019-07-16T18:00:00+00:00
6975,12.917348,77.622813,pm10,92.0,2019-07-16T18:15:00+00:00
6975,12.917348,77.622813,pm10,110.0,2019-07-16T18:30:00+00:00
6975,12.917348,77.622813,pm25,20.0,2019-07-15T18:45:00+00:00
6975,12.917348,77.622813,pm25,20.0,2019-07-15T19:00:00+00:00
6975,12.917348,77.622813,pm25,12.0,2019-07-15T19:15:00+00:00
6975,12.917348,77.622813,pm25,12.0,2019-07-15T19:30:00+00:00
6975,12.917348,77.622813,pm25,12.0,2019-07-15T19:45:00+00:00
6975,12.917348,77.622813,pm25,12.0,2019-07-15T20:00:00+00:00
6975,12.917348,77.622813,pm25,16.0,2019-07-15T20:15:00+00:00
6975,12.917348,77.622813,pm25,16.0,2019-07-15T20:30:00+00:00
6975,12.917348,77.622813,pm25,16.0,2019-07-15T20:45:00+00:00
6975,12.917348,77.622813,pm25,16.0,2019-07-15T21:00:00+00:00
6975,12.917348,77.622813,pm25,16.0,2019-07-15T21:15:00+00:00
6975,12.917348,77.622813,pm25,13.0,2019-07-15T21:30:00+00:00
6975,12.917348,77.622813,pm25,13.0,2019-07-15T21:45:00+00:00
6975,12.917348,77.622813,pm25,13.0,2019-07-15T22:00:00+00:00
6975,12.917348,77.622813,pm25,13.0,2019-07-15T22:15:00+00:00
6975,12.917348,77.622813,pm25,16.0,2019-07-15T22:30:00+00:00
6975,12.917348,77.622813,pm25,16.0,2019-07-15T22:45:00+00:00
6975,12.917348,77.622813,pm25,16.0,2019-07-15T23:00:00+00:00
6975,12.917348,77.622813,pm25,16.0,2019-07-15T23:15:00+00:00
6975,12.917348,77.622813,pm25,16.0,2019-07-15T23:30:00+00:00
6975,12.917348,77.622813,pm25,16.0,2019-07-15T23:45:00+00:00
6975,12.917348,77.622813,pm25,16.0,2019-07-16T00:00:00+00:00
6975,12.917348,77.622813,pm25,16.0,2019-07-16T00:15:00+00:00
6975,12.917348,77.622813,pm25,28.0,2019-07-16T00:30:00+00:00
6975,12.917348,77.622813,pm25,28.0,2019-07-16T00:45:00+00:00
6975,12.917348,77.622813,pm25,28.0,2019-07-16T01:00:00+00:00
6975,12.917348,77.622813,pm25,28.0,2019-07-16T01:15:00+00:00
6975,12.917348,77.622813,pm25,28.0,2019-07-16T01:30:00+00:00
6975,12.917348,77.622813,pm25,28.0,2019-07-16T01:45:00+00:00
6975,12.917348,77.622813,pm25,28.0,2019-07-16T02:00:00+00:00
6975,12.917348,77.622813,pm25,28.0,2019-07-16T02:15:00+00:00
6975,12.917348,77.622813,pm25,29.0,2019-07-16T02:30:00+00:00
6975,12.917348,77.622813,pm25,29.0,2019-07-16T02:45:00+00:00
6975,12.917348,77.622813,pm25,29.0,2019-07-16T03:00:00+00:00
6975,12.917348,77.622813,pm25,29.0,2019-07-16T03:15:00+00:00
6975,12.917348,77.622813,pm25,29.0,2019-07-16T03:30:00+00:00
6975,12.917348,77.622813,pm25,29.0,2019-07-16T03:45:00+00:00
6975,12.917348,77.622813,pm25,29.0,2019-07-16T04:00:00+00:00
6975,12.917348,77.622813,pm25,29.0,2019-07-16T04:15:00+00:00
6975,12.917348,77.622813,pm25,27.0,2019-07-16T04:45:00+00:00
6975,12.917348,77.622813,pm25,27.0,2019-07-16T05:00:00+00:00
6975,12.917348,77.622813,pm25,27.0,2019-07-16T05:15:00+00:00
6975,12.917348,77.622813,pm25,28.0,2019-07-16T05:30:00+00:00
6975,12.917348,77.622813,pm25,28.0,2019-07-16T05:45:00+00:00
6975,12.917348,77.622813,pm25,28.0,2019-07-16T06:00:00+00:00
6975,12.917348,77.622813,pm25,28.0,2019-07-16T06:15:00+00:00
6975,12.917348,77.622813,pm25,29.0,2019-07-16T06:30:00+00:00
6975,12.917348,77.622813,pm25,29.0,2019-07-16T06:45:00+00:00
6975,12.917348,77.622813,pm25,29.0,2019-07-16T07:00:00+00:00
6975,12.917348,77.622813,pm25,29.0,2019-07-16T07:15:00+00:00
6975,12.917348,77.622813,pm25,27.0,2019-07-16T07:30:00+00:00
6975,12.917348,77.622813,pm25,27.0,2019-07-16T07:45:00+00:00
6975,12.917348,77.622813,pm25,27.0,2019-07-16T08:00:00+00:00
6975,12.917348,77.622813,pm25,27.0,2019-07-16T08:15:00+00:00
6975,12.917348,77.622813,pm25,24.0,2019-07-16T08:30:00+00:00
6975,12.917348,77.622813,pm25,24.0,2019-07-16T08:45:00+00:00
6975,12.917348,77.622813,pm25,24.0,2019-07-16T09:15:00+00:00
6975,12.917348,77.622813,pm25,28.0,2019-07-16T09:45:00+00:00
6975,12.917348,77.622813,pm25,28.0,2019-07-16T10:00:00+00:00
6975,12.917348,77.622813,pm25,28.0,2019-07-16T10:15:00+00:00
6975,12.917348,77.622813,pm25,29.0,2019-07-16T10:30:00+00:00
6975,12.917348,77.622813,pm25,29.0,2019-07-16T10:45:00+00:00
6975,12.917348,77.622813,pm25,29.0,2019-07-16T11:00:00+00:00
6975,12.917348,77.622813,pm25,29.0,2019-07-16T11:15:00+00:00
6975,12.917348,77.622813,pm25,24.0,2019-07-16T11:30:00+00:00
6975,12.917348,77.622813,pm25,24.0,2019-07-16T11:45:00+00:00
6975,12.917348,77.622813,pm25,24.0,2019-07-16T12:00:00+00:00
6975,12.917348,77.622813,pm25,24.0,2019-07-16T12:15:00+00:00
6975,12.917348,77.622813,pm25,28.0,2019-07-16T12:30:00+00:00
6975,12.917348,77.622813,pm25,28.0,2019-07-16T12:45:00+00:00
6975,12.917348,77.622813,pm25,28.0,2019-07-16T13:00:00+00:00
6975,12.917348,77.622813,pm25,28.0,2019-07-16T13:15:00+00:00
6975,12.917348,77.622813,pm25,67.0,2019-07-16T13:30:00+00:00
6975,12.917348,77.622813,pm25,67.0,2019-07-16T13:45:00+00:00
6975,12.917348,77.622813,pm25,67.0,2019-07-16T14:00:00+00:00
6975,12.917348,77.622813,pm25,67.0,2019-07-16T14:15:00+00:00
6975,12.917348,77.622813,pm25,34.0,2019-07-16T14:30:00+00:00
6975,12.917348,77.622813,pm25,34.0,2019-07-16T14:45:00+00:00
6975,12.917348,77.622813,pm25,34.0,2019-07-16T15:00:00+00:00
6975,12.917348,77.622813,pm25,34.0,2019-07-16T15:15:00+00:00
6975,12.917348,77.622813,pm25,31.0,2019-07-16T15:30:00+00:00
6975,12.917348,77.622813,pm25,31.0,2019-07-16T15:45:00+00:00
6975,12.917348,77.622813,pm25,31.0,2019-07-16T16:00:00+00:00
6975,12.917348,77.622813,pm25,31.0,2019-07-16T16:15:00+00:00
6975,12.917348,77.622813,pm25,23.0,2019-07-16T16:30:00+00:00
6975,12.917348,77.622813,pm25,23.0,2019-07-16T16:45:00+00:00
6975,12.917348,77.622813,pm25,23.0,2019-07-16T17:00:00+00:00
6975,12.917348,77.622813,pm25,23.0,2019-07-16T17:15:00+00:00
6975,12.917348,77.622813,pm25,31.0,2019-07-16T17:30:00+00:00
6975,12.917348,77.622813,pm25,31.0,2019-07-16T17:45:00+00:00
6975,12.917348,77.622813,pm25,31.0,2019-07-16T18:00:00+00:00
6975,12.917348,77.622813,pm25,31.0,2019-07-16T18:15:00+00:00
6975,12.917348,77.622813,pm25,25.0,2019-07-16T18:30:00+00:00
6975,12.917348,77.622813,co,0.69,2019-07-15T18:45:00+00:00
6975,12.917348,77.622813,co,0.61,2019-07-15T19:00:00+00:00
6975,12.917348,77.622813,co,0.62,2019-07-15T19:15:00+00:00
6975,12.917348,77.622813,co,0.61,2019-07-15T19:30:00+00:00
6975,12.917348,77.622813,co,0.6,2019-07-15T19:45:00+00:00
6975,12.917348,77.622813,co,0.57,2019-07-15T20:00:00+00:00
6975,12.917348,77.622813,co,0.48,2019-07-15T20:15:00+00:00
6975,12.917348,77.622813,co,0.42,2019-07-15T20:45:00+00:00
6975,12.917348,77.622813,co,0.39,2019-07-15T21:00:00+00:00
6975,12.917348,77.622813,co,0.45,2019-07-15T21:15:00+00:00
6975,12.917348,77.622813,co,0.6,2019-07-15T21:30:00+00:00
6975,12.917348,77.622813,co,0.58,2019-07-15T21:45:00+00:00
6975,12.917348,77.622813,co,0.54,2019-07-15T22:00:00+00:00
6975,12.917348,77.622813,co,0.58,2019-07-15T23:00:00+00:00
6975,12.917348,77.622813,co,0.53,2019-07-15T23:15:00+00:00
6975,12.917348,77.622813,co,0.49,2019-07-15T23:30:00+00:00
6975,12.917348,77.622813,co,0.49,2019-07-15T23:45:00+00:00
6975,12.917348,77.622813,co,0.48,2019-07-16T00:00:00+00:00
6975,12.917348,77.622813,co,0.47,2019-07-16T00:15:00+00:00
6975,12.917348,77.622813,co,0.47,2019-07-16T00:30:00+00:00
6975,12.917348,77.622813,co,0.58,2019-07-16T00:45:00+00:00
6975,12.917348,77.622813,co,0.63,2019-07-16T01:00:00+00:00
6975,12.917348,77.622813,co,0.72,2019-07-16T01:15:00+00:00
6975,12.917348,77.622813,co,0.81,2019-07-16T01:30:00+00:00
6975,12.917348,77.622813,co,0.77,2019-07-16T01:45:00+00:00
6975,12.917348,77.622813,co,0.72,2019-07-16T02:00:00+00:00
6975,12.917348,77.622813,co,0.8,2019-07-16T02:15:00+00:00
6975,12.917348,77.622813,co,0.94,2019-07-16T02:30:00+00:00
6975,12.917348,77.622813,co,1.28,2019-07-16T02:45:00+00:00
6975,12.917348,77.622813,co,1.32,2019-07-16T03:00:00+00:00
6975,12.917348,77.622813,co,1.47,2019-07-16T03:15:00+00:00
6975,12.917348,77.622813,co,1.66,2019-07-16T03:30:00+00:00
6975,12.917348,77.622813,co,1.74,2019-07-16T03:45:00+00:00
6975,12.917348,77.622813,co,1.76,2019-07-16T04:00:00+00:00
6975,12.917348,77.622813,co,1.84,2019-07-16T04:15:00+00:00
6975,12.917348,77.622813,co,1.85,2019-07-16T04:45:00+00:00
6975,12.917348,77.622813,co,1.87,2019-07-16T05:00:00+00:00
6975,12.917348,77.622813,co,1.67,2019-07-16T05:30:00+00:00
6975,12.917348,77.622813,co,1.61,2019-07-16T05:45:00+00:00
6975,12.917348,77.622813,co,1.56,2019-07-16T06:00:00+00:00
6975,12.917348,77.622813,co,1.39,2019-07-16T06:15:00+00:00
6975,12.917348,77.622813,co,1.35,2019-07-16T06:30:00+00:00
6975,12.917348,77.622813,co,1.26,2019-07-16T06:45:00+00:00
6975,12.917348,77.622813,co,1.12,2019-07-16T07:00:00+00:00
6975,12.917348,77.622813,co,1.05,2019-07-16T07:15:00+00:00
6975,12.917348,77.622813,co,1.0,2019-07-16T07:30:00+00:00
6975,12.917348,77.622813,co,1.03,2019-07-16T07:45:00+00:00
6975,12.917348,77.622813,co,1.08,2019-07-16T08:00:00+00:00
6975,12.917348,77.622813,co,1.03,2019-07-16T08:15:00+00:00
6975,12.917348,77.622813,co,0.92,2019-07-16T08:30:00+00:00
6975,12.917348,77.622813,co,1.2,2019-07-16T09:15:00+00:00
6975,12.917348,77.622813,co,1.35,2019-07-16T09:45:00+00:00
6975,12.917348,77.622813,co,1.4,2019-07-16T10:00:00+00:00
6975,12.917348,77.622813,co,1.35,2019-07-16T10:15:00+00:00
6975,12.917348,77.622813,co,1.42,2019-07-16T10:30:00+00:00
6975,12.917348,77.622813,co,1.58,2019-07-16T10:45:00+00:00
6975,12.917348,77.622813,co,1.59,2019-07-16T11:00:00+00:00
6975,12.917348,77.622813,co,1.72,2019-07-16T11:15:00+00:00
6975,12.917348,77.622813,co,1.69,2019-07-16T11:30:00+00:00
6975,12.917348,77.622813,co,1.61,2019-07-16T11:45:00+00:00
6975,12.917348,77.622813,co,1.57,2019-07-16T12:00:00+00:00
6975,12.917348,77.622813,co,1.59,2019-07-16T12:15:00+00:00
6975,12.917348,77.622813,co,1.74,2019-07-16T12:30:00+00:00
6975,12.917348,77.622813,co,2.1,2019-07-16T12:45:00+00:00
6975,12.917348,77.622813,co,2.4,2019-07-16T13:00:00+00:00
6975,12.917348,77.622813,co,2.84,2019-07-16T13:15:00+00:00
6975,12.917348,77.622813,co,2.87,2019-07-16T13:45:00+00:00
6975,12.917348,77.622813,co,3.3,2019-07-16T14:00:00+00:00
6975,12.917348,77.622813,co,3.31,2019-07-16T14:15:00+00:00
6975,12.917348,77.622813,co,3.27,2019-07-16T14:30:00+00:00
6975,12.917348,77.622813,co,3.42,2019-07-16T14:45:00+00:00
6975,12.917348,77.622813,co,3.5,2019-07-16T15:00:00+00:00
6975,12.917348,77.622813,co,3.47,2019-07-16T15:15:00+00:00
6975,12.917348,77.622813,co,3.13,2019-07-16T15:30:00+00:00
6975,12.917348,77.622813,co,2.87,2019-07-16T15:45:00+00:00
6975,12.917348,77.622813,co,2.3,2019-07-16T16:00:00+00:00
6975,12.917348,77.622813,co,2.15,2019-07-16T16:15:00+00:00
6975,12.917348,77.622813,co,2.1,2019-07-16T16:30:00+00:00
6975,12.917348,77.622813,co,2.05,2019-07-16T16:45:00+00:00
6975,12.917348,77.622813,co,2.0,2019-07-16T17:00:00+00:00
6975,12.917348,77.622813,co,1.81,2019-07-16T17:15:00+00:00
6975,12.917348,77.622813,co,1.65,2019-07-16T17:30:00+00:00
6975,12.917348,77.622813,co,1.42,2019-07-16T17:45:00+00:00
6975,12.917348,77.622813,co,1.21,2019-07-16T18:00:00+00:00
6975,12.917348,77.622813,co,1.06,2019-07-16T18:30:00+00:00
6975,12.917348,77.622813,no2,52.8,2019-07-15T18:45:00+00:00
6975,12.917348,77.622813,no2,43.4,2019-07-15T19:00:00+00:00
6975,12.917348,77.622813,no2,40.0,2019-07-15T19:15:00+00:00
6975,12.917348,77.622813,no2,38.9,2019-07-15T19:30:00+00:00
6975,12.917348,77.622813,no2,37.8,2019-07-15T19:45:00+00:00
6975,12.917348,77.622813,no2,37.2,2019-07-15T20:00:00+00:00
6975,12.917348,77.622813,no2,35.7,2019-07-15T20:15:00+00:00
6975,12.917348,77.622813,no2,35.0,2019-07-15T20:30:00+00:00
6975,12.917348,77.622813,no2,34.4,2019-07-15T20:45:00+00:00
6975,12.917348,77.622813,no2,34.6,2019-07-15T21:00:00+00:00
6975,12.917348,77.622813,no2,34.4,2019-07-15T21:15:00+00:00
6975,12.917348,77.622813,no2,33.1,2019-07-15T21:30:00+00:00
6975,12.917348,77.622813,no2,32.7,2019-07-15T21:45:00+00:00
6975,12.917348,77.622813,no2,33.3,2019-07-15T22:00:00+00:00
6975,12.917348,77.622813,no2,32.9,2019-07-15T22:15:00+00:00
6975,12.917348,77.622813,no2,32.0,2019-07-15T22:30:00+00:00
6975,12.917348,77.622813,no2,32.3,2019-07-15T22:45:00+00:00
6975,12.917348,77.622813,no2,33.1,2019-07-15T23:00:00+00:00
6975,12.917348,77.622813,no2,35.2,2019-07-16T00:00:00+00:00
6975,12.917348,77.622813,no2,35.9,2019-07-16T00:15:00+00:00
6975,12.917348,77.622813,no2,35.9,2019-07-16T00:30:00+00:00
6975,12.917348,77.622813,no2,36.5,2019-07-16T00:45:00+00:00
6975,12.917348,77.622813,no2,36.8,2019-07-16T01:00:00+00:00
6975,12.917348,77.622813,no2,36.5,2019-07-16T01:15:00+00:00
6975,12.917348,77.622813,no2,36.3,2019-07-16T01:30:00+00:00
6975,12.917348,77.622813,no2,39.1,2019-07-16T01:45:00+00:00
6975,12.917348,77.622813,no2,39.1,2019-07-16T02:00:00+00:00
6975,12.917348,77.622813,no2,38.4,2019-07-16T02:15:00+00:00
6975,12.917348,77.622813,no2,38.7,2019-07-16T02:30:00+00:00
6975,12.917348,77.622813,no2,40.2,2019-07-16T02:45:00+00:00
6975,12.917348,77.622813,no2,41.4,2019-07-16T03:00:00+00:00
6975,12.917348,77.622813,no2,42.1,2019-07-16T03:15:00+00:00
6975,12.917348,77.622813,no2,42.9,2019-07-16T03:30:00+00:00
6975,12.917348,77.622813,no2,42.5,2019-07-16T03:45:00+00:00
6975,12.917348,77.622813,no2,42.9,2019-07-16T04:00:00+00:00
6975,12.917348,77.622813,no2,42.3,2019-07-16T04:15:00+00:00
6975,12.917348,77.622813,no2,47.8,2019-07-16T04:45:00+00:00
6975,12.917348,77.622813,no2,50.9,2019-07-16T05:00:00+00:00
6975,12.917348,77.622813,no2,52.5,2019-07-16T05:15:00+00:00
6975,12.917348,77.622813,no2,54.1,2019-07-16T05:30:00+00:00
6975,12.917348,77.622813,no2,56.2,2019-07-16T05:45:00+00:00
6975,12.917348,77.622813,no2,57.7,2019-07-16T06:00:00+00:00
6975,12.917348,77.622813,no2,58.1,2019-07-16T06:15:00+00:00
6975,12.917348,77.622813,no2,58.8,2019-07-16T06:30:00+00:00
6975,12.917348,77.622813,no2,59.8,2019-07-16T06:45:00+00:00
6975,12.917348,77.622813,no2,60.5,2019-07-16T07:00:00+00:00
6975,12.917348,77.622813,no2,62.6,2019-07-16T07:15:00+00:00
6975,12.917348,77.622813,no2,63.7,2019-07-16T07:30:00+00:00
6975,12.917348,77.622813,no2,65.4,2019-07-16T07:45:00+00:00
6975,12.917348,77.622813,no2,68.4,2019-07-16T08:00:00+00:00
6975,12.917348,77.622813,no2,69.4,2019-07-16T08:15:00+00:00
6975,12.917348,77.622813,no2,69.6,2019-07-16T08:30:00+00:00
6975,12.917348,77.622813,no2,69.4,2019-07-16T08:45:00+00:00
6975,12.917348,77.622813,no2,68.2,2019-07-16T09:15:00+00:00
6975,12.917348,77.622813,no2,66.2,2019-07-16T09:45:00+00:00
6975,12.917348,77.622813,no2,65.4,2019-07-16T10:00:00+00:00
6975,12.917348,77.622813,no2,67.3,2019-07-16T10:15:00+00:00
6975,12.917348,77.622813,no2,69.4,2019-07-16T10:30:00+00:00
6975,12.917348,77.622813,no2,69.6,2019-07-16T10:45:00+00:00
6975,12.917348,77.622813,no2,69.6,2019-07-16T11:00:00+00:00
6975,12.917348,77.622813,no2,67.7,2019-07-16T11:15:00+00:00
6975,12.917348,77.622813,no2,66.6,2019-07-16T11:30:00+00:00
6975,12.917348,77.622813,no2,67.1,2019-07-16T11:45:00+00:00
6975,12.917348,77.622813,no2,57.9,2019-07-16T12:00:00+00:00
6975,12.917348,77.622813,no2,56.8,2019-07-16T12:15:00+00:00
6975,12.917348,77.622813,no2,56.8,2019-07-16T12:30:00+00:00
6975,12.917348,77.622813,no2,36.8,2019-07-16T12:45:00+00:00
6975,12.917348,77.622813,no2,54.7,2019-07-16T13:00:00+00:00
6975,12.917348,77.622813,no2,54.5,2019-07-16T13:15:00+00:00
6975,12.917348,77.622813,no2,55.5,2019-07-16T13:30:00+00:00
6975,12.917348,77.622813,no2,53.4,2019-07-16T13:45:00+00:00
6975,12.917348,77.622813,no2,52.1,2019-07-16T14:00:00+00:00
6975,12.917348,77.622813,no2,51.9,2019-07-16T14:15:00+00:00
6975,12.917348,77.622813,no2,52.6,2019-07-16T14:30:00+00:00
6975,12.917348,77.622813,no2,51.5,2019-07-16T14:45:00+00:00
6975,12.917348,77.622813,no2,50.9,2019-07-16T15:00:00+00:00
6975,12.917348,77.622813,no2,49.8,2019-07-16T15:15:00+00:00
6975,12.917348,77.622813,no2,50.9,2019-07-16T15:30:00+00:00
6975,12.917348,77.622813,no2,52.3,2019-07-16T15:45:00+00:00
6975,12.917348,77.622813,no2,52.3,2019-07-16T16:00:00+00:00
6975,12.917348,77.622813,no2,51.1,2019-07-16T16:15:00+00:00
6975,12.917348,77.622813,no2,52.3,2019-07-16T16:30:00+00:00
6975,12.917348,77.622813,no2,51.9,2019-07-16T16:45:00+00:00
6975,12.917348,77.622813,no2,51.9,2019-07-16T17:00:00+00:00
6975,12.917348,77.622813,no2,51.7,2019-07-16T17:15:00+00:00
6975,12.917348,77.622813,no2,51.1,2019-07-16T17:30:00+00:00
6975,12.917348,77.622813,no2,49.8,2019-07-16T17:45:00+00:00
6975,12.917348,77.622813,no2,47.4,2019-07-16T18:00:00+00:00
6975,12.917348,77.622813,no2,45.9,2019-07-16T18:15:00+00:00
6975,12.917348,77.622813,no2,45.5,2019-07-16T18:30:00+00:00
6975,12.917348,77.622813,so2,4.2,2019-07-15T18:45:00+00:00
6975,12.917348,77.622813,so2,1.8,2019-07-15T19:00:00+00:00
6975,12.917348,77.622813,so2,1.8,2019-07-15T19:15:00+00:00
6975,12.917348,77.622813,so2,2.4,2019-07-15T19:30:00+00:00
6975,12.917348,77.622813,so2,3.9,2019-07-15T19:45:00+00:00
6975,12.917348,77.622813,so2,2.4,2019-07-15T20:00:00+00:00
6975,12.917348,77.622813,so2,3.7,2019-07-15T20:30:00+00:00
6975,12.917348,77.622813,so2,3.1,2019-07-15T20:45:00+00:00
6975,12.917348,77.622813,so2,2.1,2019-07-15T21:00:00+00:00
6975,12.917348,77.622813,so2,1.3,2019-07-15T21:15:00+00:00
6975,12.917348,77.622813,so2,2.4,2019-07-15T21:30:00+00:00
6975,12.917348,77.622813,so2,3.9,2019-07-15T21:45:00+00:00
6975,12.917348,77.622813,so2,3.9,2019-07-15T22:00:00+00:00
6975,12.917348,77.622813,so2,3.9,2019-07-15T22:30:00+00:00
6975,12.917348,77.622813,so2,4.2,2019-07-15T22:45:00+00:00
6975,12.917348,77.622813,so2,3.7,2019-07-15T23:00:00+00:00
6975,12.917348,77.622813,so2,2.9,2019-07-15T23:15:00+00:00
6975,12.917348,77.622813,so2,2.9,2019-07-15T23:30:00+00:00
6975,12.917348,77.622813,so2,2.9,2019-07-15T23:45:00+00:00
6975,12.917348,77.622813,so2,2.6,2019-07-16T00:00:00+00:00
6975,12.917348,77.622813,so2,6.0,2019-07-16T01:00:00+00:00
6975,12.917348,77.622813,so2,4.7,2019-07-16T01:15:00+00:00
6975,12.917348,77.622813,so2,4.2,2019-07-16T01:30:00+00:00
6975,12.917348,77.622813,so2,3.7,2019-07-16T01:45:00+00:00
6975,12.917348,77.622813,so2,3.9,2019-07-16T02:00:00+00:00
6975,12.917348,77.622813,so2,5.8,2019-07-16T02:30:00+00:00
6975,12.917348,77.622813,so2,7.3,2019-07-16T02:45:00+00:00
6975,12.917348,77.622813,so2,8.1,2019-07-16T03:00:00+00:00
6975,12.917348,77.622813,so2,8.4,2019-07-16T03:15:00+00:00
6975,12.917348,77.622813,so2,8.1,2019-07-16T03:30:00+00:00
6975,12.917348,77.622813,so2,8.1,2019-07-16T03:45:00+00:00
6975,12.917348,77.622813,so2,8.4,2019-07-16T04:00:00+00:00
6975,12.917348,77.622813,so2,3.7,2019-07-16T04:45:00+00:00
6975,12.917348,77.622813,so2,2.9,2019-07-16T05:00:00+00:00
6975,12.917348,77.622813,so2,2.4,2019-07-16T05:15:00+00:00
6975,12.917348,77.622813,so2,1.3,2019-07-16T05:30:00+00:00
6975,12.917348,77.622813,so2,1.3,2019-07-16T05:45:00+00:00
6975,12.917348,77.622813,so2,0.8,2019-07-16T06:00:00+00:00
6975,12.917348,77.622813,so2,2.4,2019-07-16T06:30:00+00:00
6975,12.917348,77.622813,so2,3.4,2019-07-16T06:45:00+00:00
6975,12.917348,77.622813,so2,3.9,2019-07-16T07:00:00+00:00
6975,12.917348,77.622813,so2,4.7,2019-07-16T07:15:00+00:00
6975,12.917348,77.622813,so2,6.0,2019-07-16T07:30:00+00:00
6975,12.917348,77.622813,so2,6.8,2019-07-16T07:45:00+00:00
6975,12.917348,77.622813,so2,6.3,2019-07-16T08:00:00+00:00
6975,12.917348,77.622813,so2,5.0,2019-07-16T08:30:00+00:00
6975,12.917348,77.622813,so2,4.7,2019-07-16T08:45:00+00:00
6975,12.917348,77.622813,so2,5.0,2019-07-16T09:15:00+00:00
6975,12.917348,77.622813,so2,6.0,2019-07-16T09:45:00+00:00
6975,12.917348,77.622813,so2,5.5,2019-07-16T10:00:00+00:00
6975,12.917348,77.622813,so2,5.5,2019-07-16T10:30:00+00:00
6975,12.917348,77.622813,so2,5.2,2019-07-16T10:45:00+00:00
6975,12.917348,77.622813,so2,5.5,2019-07-16T11:00:00+00:00
6975,12.917348,77.622813,so2,5.5,2019-07-16T11:15:00+00:00
6975,12.917348,77.622813,so2,6.3,2019-07-16T11:30:00+00:00
6975,12.917348,77.622813,so2,5.2,2019-07-16T11:45:00+00:00
6975,12.917348,77.622813,so2,4.7,2019-07-16T12:00:00+00:00
6975,12.917348,77.622813,so2,5.0,2019-07-16T12:30:00+00:00
6975,12.917348,77.622813,so2,5.0,2019-07-16T12:45:00+00:00
6975,12.917348,77.622813,so2,4.7,2019-07-16T13:00:00+00:00
6975,12.917348,77.622813,so2,5.2,2019-07-16T13:15:00+00:00
6975,12.917348,77.622813,so2,5.2,2019-07-16T13:30:00+00:00
6975,12.917348,77.622813,so2,4.7,2019-07-16T13:45:00+00:00
6975,12.917348,77.622813,so2,5.2,2019-07-16T14:00:00+00:00
6975,12.917348,77.622813,so2,5.5,2019-07-16T14:30:00+00:00
6975,12.917348,77.622813,so2,5.8,2019-07-16T14:45:00+00:00
6975,12.917348,77.622813,so2,6.3,2019-07-16T15:00:00+00:00
6975,12.917348,77.622813,so2,6.8,2019-07-16T15:15:00+00:00
6975,12.917348,77.622813,so2,6.8,2019-07-16T15:30:00+00:00
6975,12.917348,77.622813,so2,6.8,2019-07-16T15:45:00+00:00
6975,12.917348,77.622813,so2,6.8,2019-07-16T16:00:00+00:00
6975,12.917348,77.622813,so2,5.8,2019-07-16T16:30:00+00:00
6975,12.917348,77.622813,so2,3.9,2019-07-16T16:45:00+00:00
6975,12.917348,77.622813,so2,3.4,2019-07-16T17:00:00+00:00
6975,12.917348,77.622813,so2,4.5,2019-07-16T17:15:00+00:00
6975,12.917348,77.622813,so2,3.7,2019-07-16T17:30:00+00:00
6975,12.917348,77.622813,so2,3.1,2019-07-16T17:45:00+00:00
6975,12.917348,77.622813,so2,2.9,2019-07-16T18:00:00+00:00
6975,12.917348,77.622813,so2,3.1,2019-07-16T18:30:00+00:00
6983,12.938539,77.5901,pm10,12.0,2019-07-09T18:45:00+00:00
6983,12.938539,77.5901,pm10,12.0,2019-07-09T19:00:00+00:00
6983,12.938539,77.5901,pm10,11.0,2019-07-09T19:15:00+00:00
6983,12.938539,77.5901,pm10,11.0,2019-07-09T19:30:00+00:00
6983,12.938539,77.5901,pm10,11.0,2019-07-09T19:45:00+00:00
6983,12.938539,77.5901,pm10,11.0,2019-07-09T20:00:00+00:00
6983,12.938539,77.5901,pm10,12.0,2019-07-09T20:15:00+00:00
6983,12.938539,77.5901,pm10,12.0,2019-07-09T20:30:00+00:00
6983,12.938539,77.5901,pm10,12.0,2019-07-09T20:45:00+00:00
6983,12.938539,77.5901,pm10,12.0,2019-07-09T21:00:00+00:00
6983,12.938539,77.5901,pm10,14.0,2019-07-09T21:15:00+00:00
6983,12.938539,77.5901,pm10,14.0,2019-07-09T21:30:00+00:00
6983,12.938539,77.5901,pm10,14.0,2019-07-09T21:45:00+00:00
6983,12.938539,77.5901,pm10,14.0,2019-07-09T22:00:00+00:00
6983,12.938539,77.5901,pm10,12.0,2019-07-09T22:15:00+00:00
6983,12.938539,77.5901,pm10,12.0,2019-07-09T22:30:00+00:00
6983,12.938539,77.5901,pm10,12.0,2019-07-09T22:45:00+00:00
6983,12.938539,77.5901,pm10,12.0,2019-07-09T23:00:00+00:00
6983,12.938539,77.5901,pm10,15.0,2019-07-09T23:15:00+00:00
6983,12.938539,77.5901,pm10,15.0,2019-07-09T23:30:00+00:00
6983,12.938539,77.5901,pm10,15.0,2019-07-09T23:45:00+00:00
6983,12.938539,77.5901,pm10,15.0,2019-07-10T00:00:00+00:00
6983,12.938539,77.5901,pm10,16.0,2019-07-10T00:15:00+00:00
6983,12.938539,77.5901,pm10,16.0,2019-07-10T00:30:00+00:00
6983,12.938539,77.5901,pm10,16.0,2019-07-10T00:45:00+00:00
6983,12.938539,77.5901,pm10,16.0,2019-07-10T01:00:00+00:00
6983,12.938539,77.5901,pm10,31.0,2019-07-10T01:15:00+00:00
6983,12.938539,77.5901,pm10,31.0,2019-07-10T01:30:00+00:00
6983,12.938539,77.5901,pm10,31.0,2019-07-10T01:45:00+00:00
6983,12.938539,77.5901,pm10,31.0,2019-07-10T02:00:00+00:00
6983,12.938539,77.5901,pm10,32.0,2019-07-10T02:15:00+00:00
6983,12.938539,77.5901,pm10,32.0,2019-07-10T02:30:00+00:00
6983,12.938539,77.5901,pm10,32.0,2019-07-10T02:45:00+00:00
6983,12.938539,77.5901,pm10,32.0,2019-07-10T03:00:00+00:00
6983,12.938539,77.5901,pm10,75.0,2019-07-10T03:15:00+00:00
6983,12.938539,77.5901,pm10,75.0,2019-07-10T03:30:00+00:00
6983,12.938539,77.5901,pm10,75.0,2019-07-10T03:45:00+00:00
6983,12.938539,77.5901,pm10,75.0,2019-07-10T04:00:00+00:00
6983,12.938539,77.5901,pm10,28.0,2019-07-10T04:15:00+00:00
6983,12.938539,77.5901,pm10,28.0,2019-07-10T04:30:00+00:00
6983,12.938539,77.5901,pm10,28.0,2019-07-10T04:45:00+00:00
6983,12.938539,77.5901,pm10,28.0,2019-07-10T05:00:00+00:00
6983,12.938539,77.5901,pm10,36.0,2019-07-10T05:15:00+00:00
6983,12.938539,77.5901,pm10,36.0,2019-07-10T05:30:00+00:00
6983,12.938539,77.5901,pm10,36.0,2019-07-10T05:45:00+00:00
6983,12.938539,77.5901,pm10,36.0,2019-07-10T06:00:00+00:00
6983,12.938539,77.5901,pm10,38.0,2019-07-10T06:15:00+00:00
6983,12.938539,77.5901,pm10,38.0,2019-07-10T06:30:00+00:00
6983,12.938539,77.5901,pm10,38.0,2019-07-10T06:45:00+00:00
6983,12.938539,77.5901,pm10,38.0,2019-07-10T07:00:00+00:00
6983,12.938539,77.5901,pm10,35.0,2019-07-10T07:15:00+00:00
6983,12.938539,77.5901,pm10,35.0,2019-07-10T07:30:00+00:00
6983,12.938539,77.5901,pm10,35.0,2019-07-10T07:45:00+00:00
6983,12.938539,77.5901,pm10,35.0,2019-07-10T08:00:00+00:00
6983,12.938539,77.5901,pm10,42.0,2019-07-10T08:15:00+00:00
6983,12.938539,77.5901,pm10,42.0,2019-07-10T08:30:00+00:00
6983,12.938539,77.5901,pm10,42.0,2019-07-10T08:45:00+00:00
6983,12.938539,77.5901,pm10,42.0,2019-07-10T09:00:00+00:00
6983,12.938539,77.5901,pm10,33.0,2019-07-10T09:15:00+00:00
6983,12.938539,77.5901,pm10,33.0,2019-07-10T09:30:00+00:00
6983,12.938539,77.5901,pm10,33.0,2019-07-10T09:45:00+00:00
6983,12.938539,77.5901,pm10,33.0,2019-07-10T10:00:00+00:00
6983,12.938539,77.5901,pm10,42.0,2019-07-10T10:15:00+00:00
6983,12.938539,77.5901,pm10,42.0,2019-07-10T10:30:00+00:00
6983,12.938539,77.5901,pm10,42.0,2019-07-10T10:45:00+00:00
6983,12.938539,77.5901,pm10,42.0,2019-07-10T11:00:00+00:00
6983,12.938539,77.5901,pm10,38.0,2019-07-10T11:15:00+00:00
6983,12.938539,77.5901,pm10,38.0,2019-07-10T11:30:00+00:00
6983,12.938539,77.5901,pm10,38.0,2019-07-10T11:45:00+00:00
6983,12.938539,77.5901,pm10,38.0,2019-07-10T12:00:00+00:00
6983,12.938539,77.5901,pm10,40.0,2019-07-10T12:15:00+00:00
6983,12.938539,77.5901,pm10,40.0,2019-07-10T12:30:00+00:00
6983,12.938539,77.5901,pm10,40.0,2019-07-10T12:45:00+00:00
6983,12.938539,77.5901,pm10,40.0,2019-07-10T13:00:00+00:00
6983,12.938539,77.5901,pm10,28.0,2019-07-10T13:15:00+00:00
6983,12.938539,77.5901,pm10,28.0,2019-07-10T13:30:00+00:00
6983,12.938539,77.5901,pm10,28.0,2019-07-10T13:45:00+00:00
6983,12.938539,77.5901,pm10,28.0,2019-07-10T14:00:00+00:00
6983,12.938539,77.5901,pm10,40.0,2019-07-10T14:15:00+00:00
6983,12.938539,77.5901,pm10,40.0,2019-07-10T14:30:00+00:00
6983,12.938539,77.5901,pm10,40.0,2019-07-10T14:45:00+00:00
6983,12.938539,77.5901,pm10,40.0,2019-07-10T15:00:00+00:00
6983,12.938539,77.5901,pm10,33.0,2019-07-10T15:15:00+00:00
6983,12.938539,77.5901,pm10,33.0,2019-07-10T15:30:00+00:00
6983,12.938539,77.5901,pm10,33.0,2019-07-10T15:45:00+00:00
6983,12.938539,77.5901,pm10,33.0,2019-07-10T16:00:00+00:00
6983,12.938539,77.5901,pm10,26.0,2019-07-10T16:15:00+00:00
6983,12.938539,77.5901,pm10,26.0,2019-07-10T16:30:00+00:00
6983,12.938539,77.5901,pm10,26.0,2019-07-10T16:45:00+00:00
6983,12.938539,77.5901,pm10,26.0,2019-07-10T17:00:00+00:00
6983,12.938539,77.5901,pm10,26.0,2019-07-10T17:15:00+00:00
6983,12.938539,77.5901,pm10,26.0,2019-07-10T17:30:00+00:00
6983,12.938539,77.5901,pm10,26.0,2019-07-10T17:45:00+00:00
6983,12.938539,77.5901,pm10,26.0,2019-07-10T18:00:00+00:00
6983,12.938539,77.5901,pm10,35.0,2019-07-10T18:15:00+00:00
6983,12.938539,77.5901,pm10,35.0,2019-07-10T18:30:00+00:00
6983,12.938539,77.5901,pm25,10.0,2019-07-09T18:45:00+00:00
6983,12.938539,77.5901,pm25,10.0,2019-07-09T19:00:00+00:00
6983,12.938539,77.5901,pm25,6.0,2019-07-09T19:15:00+00:00
6983,12.938539,77.5901,pm25,6.0,2019-07-09T19:30:00+00:00
6983,12.938539,77.5901,pm25,6.0,2019-07-09T19:45:00+00:00
6983,12.938539,77.5901,pm25,6.0,2019-07-09T20:00:00+00:00
6983,12.938539,77.5901,pm25,3.0,2019-07-09T20:15:00+00:00
6983,12.938539,77.5901,pm25,3.0,2019-07-09T20:30:00+00:00
6983,12.938539,77.5901,pm25,3.0,2019-07-09T20:45:00+00:00
6983,12.938539,77.5901,pm25,3.0,2019-07-09T21:00:00+00:00
6983,12.938539,77.5901,pm25,6.0,2019-07-09T21:15:00+00:00
6983,12.938539,77.5901,pm25,6.0,2019-07-09T21:30:00+00:00
6983,12.938539,77.5901,pm25,6.0,2019-07-09T21:45:00+00:00
6983,12.938539,77.5901,pm25,6.0,2019-07-09T22:00:00+00:00
6983,12.938539,77.5901,pm25,7.0,2019-07-09T22:15:00+00:00
6983,12.938539,77.5901,pm25,7.0,2019-07-09T22:30:00+00:00
6983,12.938539,77.5901,pm25,7.0,2019-07-09T22:45:00+00:00
6983,12.938539,77.5901,pm25,7.0,2019-07-09T23:00:00+00:00
6983,12.938539,77.5901,pm25,13.0,2019-07-09T23:15:00+00:00
6983,12.938539,77.5901,pm25,13.0,2019-07-09T23:30:00+00:00
6983,12.938539,77.5901,pm25,13.0,2019-07-09T23:45:00+00:00
6983,12.938539,77.5901,pm25,13.0,2019-07-10T00:00:00+00:00
6983,12.938539,77.5901,pm25,7.0,2019-07-10T00:15:00+00:00
6983,12.938539,77.5901,pm25,7.0,2019-07-10T00:30:00+00:00
6983,12.938539,77.5901,pm25,7.0,2019-07-10T00:45:00+00:00
6983,12.938539,77.5901,pm25,7.0,2019-07-10T01:00:00+00:00
6983,12.938539,77.5901,pm25,10.0,2019-07-10T01:15:00+00:00
6983,12.938539,77.5901,pm25,10.0,2019-07-10T01:30:00+00:00
6983,12.938539,77.5901,pm25,10.0,2019-07-10T01:45:00+00:00
6983,12.938539,77.5901,pm25,10.0,2019-07-10T02:00:00+00:00
6983,12.938539,77.5901,pm25,10.0,2019-07-10T02:15:00+00:00
6983,12.938539,77.5901,pm25,10.0,2019-07-10T02:30:00+00:00
6983,12.938539,77.5901,pm25,10.0,2019-07-10T02:45:00+00:00
6983,12.938539,77.5901,pm25,10.0,2019-07-10T03:00:00+00:00
6983,12.938539,77.5901,pm25,10.0,2019-07-10T03:15:00+00:00
6983,12.938539,77.5901,pm25,10.0,2019-07-10T03:30:00+00:00
6983,12.938539,77.5901,pm25,10.0,2019-07-10T03:45:00+00:00
6983,12.938539,77.5901,pm25,10.0,2019-07-10T04:00:00+00:00
6983,12.938539,77.5901,pm25,8.0,2019-07-10T04:15:00+00:00
6983,12.938539,77.5901,pm25,8.0,2019-07-10T04:30:00+00:00
6983,12.938539,77.5901,pm25,8.0,2019-07-10T04:45:00+00:00
6983,12.938539,77.5901,pm25,8.0,2019-07-10T05:00:00+00:00
6983,12.938539,77.5901,pm25,11.0,2019-07-10T05:15:00+00:00
6983,12.938539,77.5901,pm25,11.0,2019-07-10T05:30:00+00:00
6983,12.938539,77.5901,pm25,11.0,2019-07-10T05:45:00+00:00
6983,12.938539,77.5901,pm25,11.0,2019-07-10T06:00:00+00:00
6983,12.938539,77.5901,pm25,11.0,2019-07-10T06:15:00+00:00
6983,12.938539,77.5901,pm25,11.0,2019-07-10T06:30:00+00:00
6983,12.938539,77.5901,pm25,11.0,2019-07-10T06:45:00+00:00
6983,12.938539,77.5901,pm25,11.0,2019-07-10T07:00:00+00:00
6983,12.938539,77.5901,pm25,12.0,2019-07-10T07:15:00+00:00
6983,12.938539,77.5901,pm25,12.0,2019-07-10T07:30:00+00:00
6983,12.938539,77.5901,pm25,12.0,2019-07-10T07:45:00+00:00
6983,12.938539,77.5901,pm25,12.0,2019-07-10T08:00:00+00:00
6983,12.938539,77.5901,pm25,7.0,2019-07-10T08:15:00+00:00
6983,12.938539,77.5901,pm25,7.0,2019-07-10T08:30:00+00:00
6983,12.938539,77.5901,pm25,7.0,2019-07-10T08:45:00+00:00
6983,12.938539,77.5901,pm25,7.0,2019-07-10T09:00:00+00:00
6983,12.938539,77.5901,pm25,5.0,2019-07-10T09:15:00+00:00
6983,12.938539,77.5901,pm25,5.0,2019-07-10T09:30:00+00:00
6983,12.938539,77.5901,pm25,5.0,2019-07-10T09:45:00+00:00
6983,12.938539,77.5901,pm25,5.0,2019-07-10T10:00:00+00:00
6983,12.938539,77.5901,pm25,7.0,2019-07-10T10:15:00+00:00
6983,12.938539,77.5901,pm25,7.0,2019-07-10T10:30:00+00:00
6983,12.938539,77.5901,pm25,7.0,2019-07-10T10:45:00+00:00
6983,12.938539,77.5901,pm25,7.0,2019-07-10T11:00:00+00:00
6983,12.938539,77.5901,pm25,15.0,2019-07-10T11:15:00+00:00
6983,12.938539,77.5901,pm25,15.0,2019-07-10T11:30:00+00:00
6983,12.938539,77.5901,pm25,15.0,2019-07-10T11:45:00+00:00
6983,12.938539,77.5901,pm25,15.0,2019-07-10T12:00:00+00:00
6983,12.938539,77.5901,pm25,10.0,2019-07-10T12:15:00+00:00
6983,12.938539,77.5901,pm25,10.0,2019-07-10T12:30:00+00:00
6983,12.938539,77.5901,pm25,10.0,2019-07-10T12:45:00+00:00
6983,12.938539,77.5901,pm25,10.0,2019-07-10T13:00:00+00:00
6983,12.938539,77.5901,pm25,8.0,2019-07-10T13:15:00+00:00
6983,12.938539,77.5901,pm25,8.0,2019-07-10T13:30:00+00:00
6983,12.938539,77.5901,pm25,8.0,2019-07-10T13:45:00+00:00
6983,12.938539,77.5901,pm25,8.0,2019-07-10T14:00:00+00:00
6983,12.938539,77.5901,pm25,7.0,2019-07-10T14:15:00+00:00
6983,12.938539,77.5901,pm25,7.0,2019-07-10T14:30:00+00:00
6983,12.938539,77.5901,pm25,7.0,2019-07-10T14:45:00+00:00
6983,12.938539,77.5901,pm25,7.0,2019-07-10T15:00:00+00:00
6983,12.938539,77.5901,pm25,13.0,2019-07-10T15:15:00+00:00
6983,12.938539,77.5901,pm25,13.0,2019-07-10T15:30:00+00:00
6983,12.938539,77.5901,pm25,13.0,2019-07-10T15:45:00+00:00
6983,12.938539,77.5901,pm25,13.0,2019-07-10T16:00:00+00:00
6983,12.938539,77.5901,pm25,9.0,2019-07-10T16:15:00+00:00
6983,12.938539,77.5901,pm25,9.0,2019-07-10T16:30:00+00:00
6983,12.938539,77.5901,pm25,9.0,2019-07-10T16:45:00+00:00
6983,12.938539,77.5901,pm25,9.0,2019-07-10T17:00:00+00:00
6983,12.938539,77.5901,pm25,11.0,2019-07-10T17:15:00+00:00
6983,12.938539,77.5901,pm25,11.0,2019-07-10T17:30:00+00:00
6983,12.938539,77.5901,pm25,11.0,2019-07-10T17:45:00+00:00
6983,12.938539,77.5901,pm25,11.0,2019-07-10T18:00:00+00:00
6983,12.938539,77.5901,pm25,13.0,2019-07-10T18:15:00+00:00
6983,12.938539,77.5901,pm25,13.0,2019-07-10T18:30:00+00:00
6983,12.938539,77.5901,co,0.3,2019-07-09T18:45:00+00:00
6983,12.938539,77.5901,co,0.31,2019-07-09T19:00:00+00:00
6983,12.938539,77.5901,co,0.3,2019-07-09T19:15:00+00:00
6983,12.938539,77.5901,co,0.26,2019-07-09T19:30:00+00:00
6983,12.938539,77.5901,co,0.26,2019-07-09T19:45:00+00:00
6983,12.938539,77.5901,co,0.26,2019-07-09T20:00:00+00:00
6983,12.938539,77.5901,co,0.26,2019-07-09T20:15:00+00:00
6983,12.938539,77.5901,co,0.25,2019-07-09T20:30:00+00:00
6983,12.938539,77.5901,co,0.25,2019-07-09T20:45:00+00:00
6983,12.938539,77.5901,co,0.26,2019-07-09T21:00:00+00:00
6983,12.938539,77.5901,co,0.26,2019-07-09T21:15:00+00:00
6983,12.938539,77.5901,co,0.27,2019-07-09T21:30:00+00:00
6983,12.938539,77.5901,co,0.29,2019-07-09T21:45:00+00:00
6983,12.938539,77.5901,co,0.29,2019-07-09T22:00:00+00:00
6983,12.938539,77.5901,co,0.32,2019-07-09T23:15:00+00:00
6983,12.938539,77.5901,co,0.32,2019-07-09T23:30:00+00:00
6983,12.938539,77.5901,co,0.32,2019-07-09T23:45:00+00:00
6983,12.938539,77.5901,co,0.32,2019-07-10T00:00:00+00:00
6983,12.938539,77.5901,co,0.34,2019-07-10T00:15:00+00:00
6983,12.938539,77.5901,co,0.35,2019-07-10T00:30:00+00:00
6983,12.938539,77.5901,co,0.4,2019-07-10T00:45:00+00:00
6983,12.938539,77.5901,co,0.41,2019-07-10T01:00:00+00:00
6983,12.938539,77.5901,co,0.41,2019-07-10T01:15:00+00:00
6983,12.938539,77.5901,co,0.47,2019-07-10T01:30:00+00:00
6983,12.938539,77.5901,co,0.44,2019-07-10T01:45:00+00:00
6983,12.938539,77.5901,co,0.49,2019-07-10T02:00:00+00:00
6983,12.938539,77.5901,co,0.48,2019-07-10T02:15:00+00:00
6983,12.938539,77.5901,co,0.47,2019-07-10T02:30:00+00:00
6983,12.938539,77.5901,co,0.47,2019-07-10T02:45:00+00:00
6983,12.938539,77.5901,co,0.49,2019-07-10T03:00:00+00:00
6983,12.938539,77.5901,co,0.52,2019-07-10T03:15:00+00:00
6983,12.938539,77.5901,co,0.52,2019-07-10T03:30:00+00:00
6983,12.938539,77.5901,co,0.47,2019-07-10T03:45:00+00:00
6983,12.938539,77.5901,co,0.52,2019-07-10T04:00:00+00:00
6983,12.938539,77.5901,co,0.49,2019-07-10T04:15:00+00:00
6983,12.938539,77.5901,co,0.45,2019-07-10T04:30:00+00:00
6983,12.938539,77.5901,co,0.48,2019-07-10T04:45:00+00:00
6983,12.938539,77.5901,co,0.45,2019-07-10T05:00:00+00:00
6983,12.938539,77.5901,co,0.55,2019-07-10T05:15:00+00:00
6983,12.938539,77.5901,co,0.46,2019-07-10T05:30:00+00:00
6983,12.938539,77.5901,co,0.5,2019-07-10T05:45:00+00:00
6983,12.938539,77.5901,co,0.48,2019-07-10T06:00:00+00:00
6983,12.938539,77.5901,co,0.46,2019-07-10T06:15:00+00:00
6983,12.938539,77.5901,co,0.5,2019-07-10T06:30:00+00:00
6983,12.938539,77.5901,co,0.49,2019-07-10T06:45:00+00:00
6983,12.938539,77.5901,co,0.52,2019-07-10T07:00:00+00:00
6983,12.938539,77.5901,co,0.47,2019-07-10T07:15:00+00:00
6983,12.938539,77.5901,co,0.48,2019-07-10T07:30:00+00:00
6983,12.938539,77.5901,co,0.46,2019-07-10T07:45:00+00:00
6983,12.938539,77.5901,co,0.4,2019-07-10T08:00:00+00:00
6983,12.938539,77.5901,co,0.47,2019-07-10T08:15:00+00:00
6983,12.938539,77.5901,co,0.4,2019-07-10T08:30:00+00:00
6983,12.938539,77.5901,co,0.47,2019-07-10T08:45:00+00:00
6983,12.938539,77.5901,co,0.41,2019-07-10T09:00:00+00:00
6983,12.938539,77.5901,co,0.46,2019-07-10T09:15:00+00:00
6983,12.938539,77.5901,co,0.47,2019-07-10T09:30:00+00:00
6983,12.938539,77.5901,co,0.42,2019-07-10T09:45:00+00:00
6983,12.938539,77.5901,co,0.44,2019-07-10T10:00:00+00:00
6983,12.938539,77.5901,co,0.42,2019-07-10T10:15:00+00:00
6983,12.938539,77.5901,co,0.45,2019-07-10T10:30:00+00:00
6983,12.938539,77.5901,co,0.39,2019-07-10T10:45:00+00:00
6983,12.938539,77.5901,co,0.38,2019-07-10T11:00:00+00:00
6983,12.938539,77.5901,co,0.4,2019-07-10T11:15:00+00:00
6983,12.938539,77.5901,co,0.42,2019-07-10T11:30:00+00:00
6983,12.938539,77.5901,co,0.4,2019-07-10T11:45:00+00:00
6983,12.938539,77.5901,co,0.38,2019-07-10T12:00:00+00:00
6983,12.938539,77.5901,co,0.44,2019-07-10T12:15:00+00:00
6983,12.938539,77.5901,co,0.4,2019-07-10T12:30:00+00:00
6983,12.938539,77.5901,co,0.45,2019-07-10T12:45:00+00:00
6983,12.938539,77.5901,co,0.45,2019-07-10T13:00:00+00:00
6983,12.938539,77.5901,co,0.45,2019-07-10T13:15:00+00:00
6983,12.938539,77.5901,co,0.45,2019-07-10T13:30:00+00:00
6983,12.938539,77.5901,co,0.39,2019-07-10T13:45:00+00:00
6983,12.938539,77.5901,co,0.44,2019-07-10T14:00:00+00:00
6983,12.938539,77.5901,co,0.5,2019-07-10T14:15:00+00:00
6983,12.938539,77.5901,co,0.56,2019-07-10T14:30:00+00:00
6983,12.938539,77.5901,co,0.62,2019-07-10T14:45:00+00:00
6983,12.938539,77.5901,co,0.56,2019-07-10T15:00:00+00:00
6983,12.938539,77.5901,co,0.57,2019-07-10T15:15:00+00:00
6983,12.938539,77.5901,co,0.54,2019-07-10T15:30:00+00:00
6983,12.938539,77.5901,co,0.53,2019-07-10T15:45:00+00:00
6983,12.938539,77.5901,co,0.49,2019-07-10T16:00:00+00:00
6983,12.938539,77.5901,co,0.52,2019-07-10T16:15:00+00:00
6983,12.938539,77.5901,co,0.52,2019-07-10T16:30:00+00:00
6983,12.938539,77.5901,co,0.49,2019-07-10T16:45:00+00:00
6983,12.938539,77.5901,co,0.45,2019-07-10T17:00:00+00:00
6983,12.938539,77.5901,co,0.42,2019-07-10T17:15:00+00:00
6983,12.938539,77.5901,co,0.41,2019-07-10T17:30:00+00:00
6983,12.938539,77.5901,co,0.4,2019-07-10T17:45:00+00:00
6983,12.938539,77.5901,co,0.4,2019-07-10T18:00:00+00:00
6983,12.938539,77.5901,co,0.3,2019-07-10T18:30:00+00:00
6983,12.938539,77.5901,no2,4.5,2019-07-09T18:45:00+00:00
6983,12.938539,77.5901,no2,4.3,2019-07-09T19:00:00+00:00
6983,12.938539,77.5901,no2,3.4,2019-07-09T19:15:00+00:00
6983,12.938539,77.5901,no2,2.6,2019-07-09T19:30:00+00:00
6983,12.938539,77.5901,no2,2.3,2019-07-09T19:45:00+00:00
6983,12.938539,77.5901,no2,1.9,2019-07-09T20:00:00+00:00
6983,12.938539,77.5901,no2,1.7,2019-07-09T20:15:00+00:00
6983,12.938539,77.5901,no2,1.5,2019-07-09T20:30:00+00:00
6983,12.938539,77.5901,no2,1.7,2019-07-09T20:45:00+00:00
6983,12.938539,77.5901,no2,1.9,2019-07-09T21:00:00+00:00
6983,12.938539,77.5901,no2,2.1,2019-07-09T21:15:00+00:00
6983,12.938539,77.5901,no2,2.1,2019-07-09T21:30:00+00:00
6983,12.938539,77.5901,no2,2.3,2019-07-09T21:45:00+00:00
6983,12.938539,77.5901,no2,2.6,2019-07-09T22:00:00+00:00
6983,12.938539,77.5901,no2,2.6,2019-07-09T22:15:00+00:00
6983,12.938539,77.5901,no2,3.0,2019-07-09T22:30:00+00:00
6983,12.938539,77.5901,no2,3.0,2019-07-09T22:45:00+00:00
6983,12.938539,77.5901,no2,3.0,2019-07-09T23:00:00+00:00
6983,12.938539,77.5901,no2,4.3,2019-07-10T00:15:00+00:00
6983,12.938539,77.5901,no2,5.5,2019-07-10T00:30:00+00:00
6983,12.938539,77.5901,no2,7.3,2019-07-10T00:45:00+00:00
6983,12.938539,77.5901,no2,8.1,2019-07-10T01:00:00+00:00
6983,12.938539,77.5901,no2,7.3,2019-07-10T01:15:00+00:00
6983,12.938539,77.5901,no2,8.5,2019-07-10T01:30:00+00:00
6983,12.938539,77.5901,no2,8.5,2019-07-10T01:45:00+00:00
6983,12.938539,77.5901,no2,8.8,2019-07-10T02:00:00+00:00
6983,12.938539,77.5901,no2,9.8,2019-07-10T02:15:00+00:00
6983,12.938539,77.5901,no2,9.0,2019-07-10T02:30:00+00:00
6983,12.938539,77.5901,no2,8.6,2019-07-10T02:45:00+00:00
6983,12.938539,77.5901,no2,8.3,2019-07-10T03:00:00+00:00
6983,12.938539,77.5901,no2,8.3,2019-07-10T03:15:00+00:00
6983,12.938539,77.5901,no2,7.5,2019-07-10T03:30:00+00:00
6983,12.938539,77.5901,no2,7.0,2019-07-10T03:45:00+00:00
6983,12.938539,77.5901,no2,6.8,2019-07-10T04:00:00+00:00
6983,12.938539,77.5901,no2,7.1,2019-07-10T04:15:00+00:00
6983,12.938539,77.5901,no2,6.2,2019-07-10T04:30:00+00:00
6983,12.938539,77.5901,no2,6.6,2019-07-10T04:45:00+00:00
6983,12.938539,77.5901,no2,7.0,2019-07-10T05:00:00+00:00
6983,12.938539,77.5901,no2,8.1,2019-07-10T05:15:00+00:00
6983,12.938539,77.5901,no2,7.9,2019-07-10T05:30:00+00:00
6983,12.938539,77.5901,no2,8.3,2019-07-10T05:45:00+00:00
6983,12.938539,77.5901,no2,7.7,2019-07-10T06:00:00+00:00
6983,12.938539,77.5901,no2,7.0,2019-07-10T06:15:00+00:00
6983,12.938539,77.5901,no2,6.6,2019-07-10T06:30:00+00:00
6983,12.938539,77.5901,no2,7.3,2019-07-10T06:45:00+00:00
6983,12.938539,77.5901,no2,7.1,2019-07-10T07:00:00+00:00
6983,12.938539,77.5901,no2,7.0,2019-07-10T07:15:00+00:00
6983,12.938539,77.5901,no2,6.6,2019-07-10T07:30:00+00:00
6983,12.938539,77.5901,no2,6.2,2019-07-10T07:45:00+00:00
6983,12.938539,77.5901,no2,5.5,2019-07-10T08:00:00+00:00
6983,12.938539,77.5901,no2,5.5,2019-07-10T08:15:00+00:00
6983,12.938539,77.5901,no2,5.5,2019-07-10T08:30:00+00:00
6983,12.938539,77.5901,no2,5.5,2019-07-10T08:45:00+00:00
6983,12.938539,77.5901,no2,5.8,2019-07-10T09:00:00+00:00
6983,12.938539,77.5901,no2,6.4,2019-07-10T09:15:00+00:00
6983,12.938539,77.5901,no2,6.8,2019-07-10T09:30:00+00:00
6983,12.938539,77.5901,no2,7.5,2019-07-10T09:45:00+00:00
6983,12.938539,77.5901,no2,8.3,2019-07-10T10:00:00+00:00
6983,12.938539,77.5901,no2,7.1,2019-07-10T10:15:00+00:00
6983,12.938539,77.5901,no2,7.1,2019-07-10T10:30:00+00:00
6983,12.938539,77.5901,no2,7.0,2019-07-10T10:45:00+00:00
6983,12.938539,77.5901,no2,7.3,2019-07-10T11:00:00+00:00
6983,12.938539,77.5901,no2,7.1,2019-07-10T11:15:00+00:00
6983,12.938539,77.5901,no2,7.5,2019-07-10T11:30:00+00:00
6983,12.938539,77.5901,no2,7.3,2019-07-10T11:45:00+00:00
6983,12.938539,77.5901,no2,7.1,2019-07-10T12:00:00+00:00
6983,12.938539,77.5901,no2,8.1,2019-07-10T12:15:00+00:00
6983,12.938539,77.5901,no2,8.1,2019-07-10T12:30:00+00:00
6983,12.938539,77.5901,no2,9.2,2019-07-10T12:45:00+00:00
6983,12.938539,77.5901,no2,9.8,2019-07-10T13:00:00+00:00
6983,12.938539,77.5901,no2,10.9,2019-07-10T13:15:00+00:00
6983,12.938539,77.5901,no2,11.3,2019-07-10T13:30:00+00:00
6983,12.938539,77.5901,no2,10.0,2019-07-10T13:45:00+00:00
6983,12.938539,77.5901,no2,10.0,2019-07-10T14:00:00+00:00
6983,12.938539,77.5901,no2,11.3,2019-07-10T14:15:00+00:00
6983,12.938539,77.5901,no2,12.0,2019-07-10T14:30:00+00:00
6983,12.938539,77.5901,no2,13.7,2019-07-10T14:45:00+00:00
6983,12.938539,77.5901,no2,14.7,2019-07-10T15:00:00+00:00
6983,12.938539,77.5901,no2,15.2,2019-07-10T15:15:00+00:00
6983,12.938539,77.5901,no2,14.9,2019-07-10T15:30:00+00:00
6983,12.938539,77.5901,no2,13.9,2019-07-10T15:45:00+00:00
6983,12.938539,77.5901,no2,12.4,2019-07-10T16:00:00+00:00
6983,12.938539,77.5901,no2,12.6,2019-07-10T16:15:00+00:00
6983,12.938539,77.5901,no2,12.2,2019-07-10T16:30:00+00:00
6983,12.938539,77.5901,no2,11.5,2019-07-10T16:45:00+00:00
6983,12.938539,77.5901,no2,10.3,2019-07-10T17:00:00+00:00
6983,12.938539,77.5901,no2,9.0,2019-07-10T17:15:00+00:00
6983,12.938539,77.5901,no2,7.7,2019-07-10T17:30:00+00:00
6983,12.938539,77.5901,no2,7.3,2019-07-10T17:45:00+00:00
6983,12.938539,77.5901,no2,7.3,2019-07-10T18:00:00+00:00
6983,12.938539,77.5901,no2,7.0,2019-07-10T18:15:00+00:00
6983,12.938539,77.5901,no2,7.0,2019-07-10T18:30:00+00:00
6983,12.938539,77.5901,so2,1.2,2019-07-09T18:45:00+00:00
6983,12.938539,77.5901,so2,0.9,2019-07-09T19:00:00+00:00
6983,12.938539,77.5901,so2,1.0,2019-07-09T19:15:00+00:00
6983,12.938539,77.5901,so2,1.1,2019-07-09T19:30:00+00:00
6983,12.938539,77.5901,so2,0.8,2019-07-09T19:45:00+00:00
6983,12.938539,77.5901,so2,0.8,2019-07-09T20:00:00+00:00
6983,12.938539,77.5901,so2,0.7,2019-07-09T20:15:00+00:00
6983,12.938539,77.5901,so2,0.8,2019-07-09T20:30:00+00:00
6983,12.938539,77.5901,so2,0.6,2019-07-09T20:45:00+00:00
6983,12.938539,77.5901,so2,0.6,2019-07-09T21:00:00+00:00
6983,12.938539,77.5901,so2,0.5,2019-07-09T21:15:00+00:00
6983,12.938539,77.5901,so2,0.8,2019-07-09T21:30:00+00:00
6983,12.938539,77.5901,so2,0.8,2019-07-09T21:45:00+00:00
6983,12.938539,77.5901,so2,0.7,2019-07-09T22:00:00+00:00
6983,12.938539,77.5901,so2,0.7,2019-07-09T22:15:00+00:00
6983,12.938539,77.5901,so2,1.1,2019-07-09T22:30:00+00:00
6983,12.938539,77.5901,so2,1.2,2019-07-09T22:45:00+00:00
6983,12.938539,77.5901,so2,1.2,2019-07-09T23:00:00+00:00
6983,12.938539,77.5901,so2,0.9,2019-07-09T23:15:00+00:00
6983,12.938539,77.5901,so2,0.9,2019-07-09T23:30:00+00:00
6983,12.938539,77.5901,so2,0.8,2019-07-09T23:45:00+00:00
6983,12.938539,77.5901,so2,0.9,2019-07-10T00:00:00+00:00
6983,12.938539,77.5901,so2,0.7,2019-07-10T01:00:00+00:00
6983,12.938539,77.5901,so2,0.6,2019-07-10T01:15:00+00:00
6983,12.938539,77.5901,so2,0.7,2019-07-10T01:30:00+00:00
6983,12.938539,77.5901,so2,0.7,2019-07-10T01:45:00+00:00
6983,12.938539,77.5901,so2,0.8,2019-07-10T02:00:00+00:00
6983,12.938539,77.5901,so2,0.9,2019-07-10T02:15:00+00:00
6983,12.938539,77.5901,so2,1.1,2019-07-10T02:30:00+00:00
6983,12.938539,77.5901,so2,1.1,2019-07-10T02:45:00+00:00
6983,12.938539,77.5901,so2,0.9,2019-07-10T03:00:00+00:00
6983,12.938539,77.5901,so2,0.6,2019-07-10T03:15:00+00:00
6983,12.938539,77.5901,so2,0.8,2019-07-10T03:30:00+00:00
6983,12.938539,77.5901,so2,0.7,2019-07-10T03:45:00+00:00
6983,12.938539,77.5901,so2,0.6,2019-07-10T04:00:00+00:00
6983,12.938539,77.5901,so2,0.8,2019-07-10T04:15:00+00:00
6983,12.938539,77.5901,so2,0.8,2019-07-10T04:30:00+00:00
6983,12.938539,77.5901,so2,0.8,2019-07-10T04:45:00+00:00
6983,12.938539,77.5901,so2,0.9,2019-07-10T05:00:00+00:00
6983,12.938539,77.5901,so2,0.9,2019-07-10T05:15:00+00:00
6983,12.938539,77.5901,so2,0.9,2019-07-10T05:30:00+00:00
6983,12.938539,77.5901,so2,1.0,2019-07-10T05:45:00+00:00
6983,12.938539,77.5901,so2,1.0,2019-07-10T06:00:00+00:00
6983,12.938539,77.5901,so2,0.8,2019-07-10T06:15:00+00:00
6983,12.938539,77.5901,so2,1.0,2019-07-10T06:30:00+00:00
6983,12.938539,77.5901,so2,1.2,2019-07-10T06:45:00+00:00
6983,12.938539,77.5901,so2,0.8,2019-07-10T07:00:00+00:00
6983,12.938539,77.5901,so2,0.6,2019-07-10T07:15:00+00:00
6983,12.938539,77.5901,so2,0.5,2019-07-10T07:30:00+00:00
6983,12.938539,77.5901,so2,0.3,2019-07-10T07:45:00+00:00
6983,12.938539,77.5901,so2,0.6,2019-07-10T08:00:00+00:00
6983,12.938539,77.5901,so2,0.7,2019-07-10T08:15:00+00:00
6983,12.938539,77.5901,so2,0.8,2019-07-10T08:30:00+00:00
6983,12.938539,77.5901,so2,1.1,2019-07-10T08:45:00+00:00
6983,12.938539,77.5901,so2,0.8,2019-07-10T09:00:00+00:00
6983,12.938539,77.5901,so2,0.8,2019-07-10T09:15:00+00:00
6983,12.938539,77.5901,so2,0.8,2019-07-10T09:30:00+00:00
6983,12.938539,77.5901,so2,0.9,2019-07-10T09:45:00+00:00
6983,12.938539,77.5901,so2,1.2,2019-07-10T10:00:00+00:00
6983,12.938539,77.5901,so2,1.3,2019-07-10T10:15:00+00:00
6983,12.938539,77.5901,so2,1.2,2019-07-10T10:30:00+00:00
6983,12.938539,77.5901,so2,1.1,2019-07-10T10:45:00+00:00
6983,12.938539,77.5901,so2,1.0,2019-07-10T11:00:00+00:00
6983,12.938539,77.5901,so2,1.0,2019-07-10T11:15:00+00:00
6983,12.938539,77.5901,so2,1.2,2019-07-10T11:30:00+00:00
6983,12.938539,77.5901,so2,0.9,2019-07-10T11:45:00+00:00
6983,12.938539,77.5901,so2,0.7,2019-07-10T12:00:00+00:00
6983,12.938539,77.5901,so2,0.9,2019-07-10T12:15:00+00:00
6983,12.938539,77.5901,so2,1.0,2019-07-10T12:30:00+00:00
6983,12.938539,77.5901,so2,0.7,2019-07-10T12:45:00+00:00
6983,12.938539,77.5901,so2,0.7,2019-07-10T13:00:00+00:00
6983,12.938539,77.5901,so2,0.7,2019-07-10T13:15:00+00:00
6983,12.938539,77.5901,so2,0.9,2019-07-10T13:30:00+00:00
6983,12.938539,77.5901,so2,0.8,2019-07-10T13:45:00+00:00
6983,12.938539,77.5901,so2,0.8,2019-07-10T14:00:00+00:00
6983,12.938539,77.5901,so2,0.8,2019-07-10T14:15:00+00:00
6983,12.938539,77.5901,so2,0.9,2019-07-10T14:30:00+00:00
6983,12.938539,77.5901,so2,0.8,2019-07-10T14:45:00+00:00
6983,12.938539,77.5901,so2,1.1,2019-07-10T15:00:00+00:00
6983,12.938539,77.5901,so2,0.9,2019-07-10T15:15:00+00:00
6983,12.938539,77.5901,so2,0.8,2019-07-10T15:30:00+00:00
6983,12.938539,77.5901,so2,0.7,2019-07-10T15:45:00+00:00
6983,12.938539,77.5901,so2,0.7,2019-07-10T16:00:00+00:00
6983,12.938539,77.5901,so2,0.8,2019-07-10T16:15:00+00:00
6983,12.938539,77.5901,so2,0.7,2019-07-10T16:30:00+00:00
6983,12.938539,77.5901,so2,0.6,2019-07-10T16:45:00+00:00
6983,12.938539,77.5901,so2,0.6,2019-07-10T17:00:00+00:00
6983,12.938539,77.5901,so2,0.7,2019-07-10T17:15:00+00:00
6983,12.938539,77.5901,so2,0.5,2019-07-10T17:30:00+00:00
6983,12.938539,77.5901,so2,0.5,2019-07-10T17:45:00+00:00
6983,12.938539,77.5901,so2,0.5,2019-07-10T18:00:00+00:00
6983,12.938539,77.5901,so2,1.7,2019-07-10T18:30:00+00:00
6983,12.938539,77.5901,pm10,35.0,2019-07-10T18:45:00+00:00
6983,12.938539,77.5901,pm10,35.0,2019-07-10T19:00:00+00:00
6983,12.938539,77.5901,pm10,21.0,2019-07-10T19:15:00+00:00
6983,12.938539,77.5901,pm10,21.0,2019-07-10T19:30:00+00:00
6983,12.938539,77.5901,pm10,21.0,2019-07-10T19:45:00+00:00
6983,12.938539,77.5901,pm10,21.0,2019-07-10T20:00:00+00:00
6983,12.938539,77.5901,pm10,18.0,2019-07-10T20:15:00+00:00
6983,12.938539,77.5901,pm10,18.0,2019-07-10T20:30:00+00:00
6983,12.938539,77.5901,pm10,18.0,2019-07-10T20:45:00+00:00
6983,12.938539,77.5901,pm10,18.0,2019-07-10T21:00:00+00:00
6983,12.938539,77.5901,pm10,25.0,2019-07-10T21:15:00+00:00
6983,12.938539,77.5901,pm10,25.0,2019-07-10T21:30:00+00:00
6983,12.938539,77.5901,pm10,25.0,2019-07-10T21:45:00+00:00
6983,12.938539,77.5901,pm10,28.0,2019-07-10T22:45:00+00:00
6983,12.938539,77.5901,pm10,23.0,2019-07-11T00:30:00+00:00
6983,12.938539,77.5901,pm10,23.0,2019-07-11T00:45:00+00:00
6983,12.938539,77.5901,pm10,23.0,2019-07-11T01:00:00+00:00
6983,12.938539,77.5901,pm10,25.0,2019-07-11T01:15:00+00:00
6983,12.938539,77.5901,pm10,25.0,2019-07-11T01:30:00+00:00
6983,12.938539,77.5901,pm10,25.0,2019-07-11T01:45:00+00:00
6983,12.938539,77.5901,pm10,25.0,2019-07-11T02:00:00+00:00
6983,12.938539,77.5901,pm10,32.0,2019-07-11T02:15:00+00:00
6983,12.938539,77.5901,pm10,32.0,2019-07-11T02:30:00+00:00
6983,12.938539,77.5901,pm10,32.0,2019-07-11T02:45:00+00:00
6983,12.938539,77.5901,pm10,32.0,2019-07-11T03:00:00+00:00
6983,12.938539,77.5901,pm10,46.0,2019-07-11T03:15:00+00:00
6983,12.938539,77.5901,pm10,46.0,2019-07-11T03:30:00+00:00
6983,12.938539,77.5901,pm10,46.0,2019-07-11T03:45:00+00:00
6983,12.938539,77.5901,pm10,46.0,2019-07-11T04:00:00+00:00
6983,12.938539,77.5901,pm10,37.0,2019-07-11T04:15:00+00:00
6983,12.938539,77.5901,pm10,37.0,2019-07-11T04:30:00+00:00
6983,12.938539,77.5901,pm10,37.0,2019-07-11T04:45:00+00:00
6983,12.938539,77.5901,pm10,37.0,2019-07-11T05:00:00+00:00
6983,12.938539,77.5901,pm10,38.0,2019-07-11T05:15:00+00:00
6983,12.938539,77.5901,pm10,38.0,2019-07-11T05:30:00+00:00
6983,12.938539,77.5901,pm10,38.0,2019-07-11T05:45:00+00:00
6983,12.938539,77.5901,pm10,38.0,2019-07-11T06:00:00+00:00
6983,12.938539,77.5901,pm10,41.0,2019-07-11T09:00:00+00:00
6983,12.938539,77.5901,pm10,43.0,2019-07-11T09:15:00+00:00
6983,12.938539,77.5901,pm10,43.0,2019-07-11T09:30:00+00:00
6983,12.938539,77.5901,pm10,43.0,2019-07-11T09:45:00+00:00
6983,12.938539,77.5901,pm10,43.0,2019-07-11T10:00:00+00:00
6983,12.938539,77.5901,pm10,32.0,2019-07-11T10:15:00+00:00
6983,12.938539,77.5901,pm10,32.0,2019-07-11T10:30:00+00:00
6983,12.938539,77.5901,pm10,32.0,2019-07-11T10:45:00+00:00
6983,12.938539,77.5901,pm10,32.0,2019-07-11T11:00:00+00:00
6983,12.938539,77.5901,pm10,34.0,2019-07-11T11:15:00+00:00
6983,12.938539,77.5901,pm10,34.0,2019-07-11T11:30:00+00:00
6983,12.938539,77.5901,pm10,34.0,2019-07-11T11:45:00+00:00
6983,12.938539,77.5901,pm10,34.0,2019-07-11T12:00:00+00:00
6983,12.938539,77.5901,pm10,48.0,2019-07-11T12:15:00+00:00
6983,12.938539,77.5901,pm10,48.0,2019-07-11T12:30:00+00:00
6983,12.938539,77.5901,pm10,48.0,2019-07-11T12:45:00+00:00
6983,12.938539,77.5901,pm10,48.0,2019-07-11T13:00:00+00:00
6983,12.938539,77.5901,pm10,52.0,2019-07-11T13:15:00+00:00
6983,12.938539,77.5901,pm10,52.0,2019-07-11T13:30:00+00:00
6983,12.938539,77.5901,pm10,52.0,2019-07-11T13:45:00+00:00
6983,12.938539,77.5901,pm10,52.0,2019-07-11T14:00:00+00:00
6983,12.938539,77.5901,pm10,54.0,2019-07-11T14:15:00+00:00
6983,12.938539,77.5901,pm10,54.0,2019-07-11T14:30:00+00:00
6983,12.938539,77.5901,pm10,54.0,2019-07-11T14:45:00+00:00
6983,12.938539,77.5901,pm10,54.0,2019-07-11T15:00:00+00:00
6983,12.938539,77.5901,pm10,56.0,2019-07-11T15:15:00+00:00
6983,12.938539,77.5901,pm10,56.0,2019-07-11T15:30:00+00:00
6983,12.938539,77.5901,pm10,56.0,2019-07-11T15:45:00+00:00
6983,12.938539,77.5901,pm10,56.0,2019-07-11T16:00:00+00:00
6983,12.938539,77.5901,pm10,27.0,2019-07-11T16:15:00+00:00
6983,12.938539,77.5901,pm10,27.0,2019-07-11T16:30:00+00:00
6983,12.938539,77.5901,pm10,27.0,2019-07-11T16:45:00+00:00
6983,12.938539,77.5901,pm10,27.0,2019-07-11T17:00:00+00:00
6983,12.938539,77.5901,pm10,31.0,2019-07-11T17:15:00+00:00
6983,12.938539,77.5901,pm10,31.0,2019-07-11T17:30:00+00:00
6983,12.938539,77.5901,pm10,31.0,2019-07-11T17:45:00+00:00
6983,12.938539,77.5901,pm10,31.0,2019-07-11T18:00:00+00:00
6983,12.938539,77.5901,pm10,25.0,2019-07-11T18:15:00+00:00
6983,12.938539,77.5901,pm10,25.0,2019-07-11T18:30:00+00:00
6983,12.938539,77.5901,pm25,13.0,2019-07-10T18:45:00+00:00
6983,12.938539,77.5901,pm25,13.0,2019-07-10T19:00:00+00:00
6983,12.938539,77.5901,pm25,9.0,2019-07-10T19:15:00+00:00
6983,12.938539,77.5901,pm25,9.0,2019-07-10T19:30:00+00:00
6983,12.938539,77.5901,pm25,9.0,2019-07-10T19:45:00+00:00
6983,12.938539,77.5901,pm25,9.0,2019-07-10T20:00:00+00:00
6983,12.938539,77.5901,pm25,9.0,2019-07-10T20:15:00+00:00
6983,12.938539,77.5901,pm25,9.0,2019-07-10T20:30:00+00:00
6983,12.938539,77.5901,pm25,9.0,2019-07-10T20:45:00+00:00
6983,12.938539,77.5901,pm25,9.0,2019-07-10T21:00:00+00:00
6983,12.938539,77.5901,pm25,8.0,2019-07-10T21:15:00+00:00
6983,12.938539,77.5901,pm25,8.0,2019-07-10T21:30:00+00:00
6983,12.938539,77.5901,pm25,8.0,2019-07-10T21:45:00+00:00
6983,12.938539,77.5901,pm25,9.0,2019-07-10T22:45:00+00:00
6983,12.938539,77.5901,pm25,11.0,2019-07-11T00:30:00+00:00
6983,12.938539,77.5901,pm25,11.0,2019-07-11T00:45:00+00:00
6983,12.938539,77.5901,pm25,11.0,2019-07-11T01:00:00+00:00
6983,12.938539,77.5901,pm25,10.0,2019-07-11T01:15:00+00:00
6983,12.938539,77.5901,pm25,10.0,2019-07-11T01:30:00+00:00
6983,12.938539,77.5901,pm25,10.0,2019-07-11T01:45:00+00:00
6983,12.938539,77.5901,pm25,10.0,2019-07-11T02:00:00+00:00
6983,12.938539,77.5901,pm25,12.0,2019-07-11T02:15:00+00:00
6983,12.938539,77.5901,pm25,12.0,2019-07-11T02:30:00+00:00
6983,12.938539,77.5901,pm25,12.0,2019-07-11T02:45:00+00:00
6983,12.938539,77.5901,pm25,12.0,2019-07-11T03:00:00+00:00
6983,12.938539,77.5901,pm25,17.0,2019-07-11T03:15:00+00:00
6983,12.938539,77.5901,pm25,17.0,2019-07-11T03:30:00+00:00
6983,12.938539,77.5901,pm25,17.0,2019-07-11T03:45:00+00:00
6983,12.938539,77.5901,pm25,17.0,2019-07-11T04:00:00+00:00
6983,12.938539,77.5901,pm25,13.0,2019-07-11T04:15:00+00:00
6983,12.938539,77.5901,pm25,13.0,2019-07-11T04:30:00+00:00
6983,12.938539,77.5901,pm25,13.0,2019-07-11T04:45:00+00:00
6983,12.938539,77.5901,pm25,13.0,2019-07-11T05:00:00+00:00
6983,12.938539,77.5901,pm25,12.0,2019-07-11T05:15:00+00:00
6983,12.938539,77.5901,pm25,12.0,2019-07-11T05:30:00+00:00
6983,12.938539,77.5901,pm25,12.0,2019-07-11T05:45:00+00:00
6983,12.938539,77.5901,pm25,12.0,2019-07-11T06:00:00+00:00
6983,12.938539,77.5901,pm25,13.0,2019-07-11T09:00:00+00:00
6983,12.938539,77.5901,pm25,16.0,2019-07-11T09:15:00+00:00
6983,12.938539,77.5901,pm25,16.0,2019-07-11T09:30:00+00:00
6983,12.938539,77.5901,pm25,16.0,2019-07-11T09:45:00+00:00
6983,12.938539,77.5901,pm25,16.0,2019-07-11T10:00:00+00:00
6983,12.938539,77.5901,pm25,10.0,2019-07-11T10:15:00+00:00
6983,12.938539,77.5901,pm25,10.0,2019-07-11T10:30:00+00:00
6983,12.938539,77.5901,pm25,10.0,2019-07-11T10:45:00+00:00
6983,12.938539,77.5901,pm25,10.0,2019-07-11T11:00:00+00:00
6983,12.938539,77.5901,pm25,10.0,2019-07-11T11:15:00+00:00
6983,12.938539,77.5901,pm25,10.0,2019-07-11T11:30:00+00:00
6983,12.938539,77.5901,pm25,10.0,2019-07-11T11:45:00+00:00
6983,12.938539,77.5901,pm25,10.0,2019-07-11T12:00:00+00:00
6983,12.938539,77.5901,pm25,22.0,2019-07-11T12:15:00+00:00
6983,12.938539,77.5901,pm25,22.0,2019-07-11T12:30:00+00:00
6983,12.938539,77.5901,pm25,22.0,2019-07-11T12:45:00+00:00
6983,12.938539,77.5901,pm25,22.0,2019-07-11T13:00:00+00:00
6983,12.938539,77.5901,pm25,21.0,2019-07-11T13:15:00+00:00
6983,12.938539,77.5901,pm25,21.0,2019-07-11T13:30:00+00:00
6983,12.938539,77.5901,pm25,21.0,2019-07-11T13:45:00+00:00
6983,12.938539,77.5901,pm25,21.0,2019-07-11T14:00:00+00:00
6983,12.938539,77.5901,pm25,15.0,2019-07-11T14:15:00+00:00
6983,12.938539,77.5901,pm25,15.0,2019-07-11T14:30:00+00:00
6983,12.938539,77.5901,pm25,15.0,2019-07-11T14:45:00+00:00
6983,12.938539,77.5901,pm25,15.0,2019-07-11T15:00:00+00:00
6983,12.938539,77.5901,pm25,14.0,2019-07-11T15:15:00+00:00
6983,12.938539,77.5901,pm25,14.0,2019-07-11T15:30:00+00:00
6983,12.938539,77.5901,pm25,14.0,2019-07-11T15:45:00+00:00
6983,12.938539,77.5901,pm25,14.0,2019-07-11T16:00:00+00:00
6983,12.938539,77.5901,pm25,15.0,2019-07-11T16:15:00+00:00
6983,12.938539,77.5901,pm25,15.0,2019-07-11T16:30:00+00:00
6983,12.938539,77.5901,pm25,15.0,2019-07-11T16:45:00+00:00
6983,12.938539,77.5901,pm25,15.0,2019-07-11T17:00:00+00:00
6983,12.938539,77.5901,pm25,13.0,2019-07-11T17:15:00+00:00
6983,12.938539,77.5901,pm25,13.0,2019-07-11T17:30:00+00:00
6983,12.938539,77.5901,pm25,13.0,2019-07-11T17:45:00+00:00
6983,12.938539,77.5901,pm25,13.0,2019-07-11T18:00:00+00:00
6983,12.938539,77.5901,pm25,9.0,2019-07-11T18:15:00+00:00
6983,12.938539,77.5901,pm25,9.0,2019-07-11T18:30:00+00:00
6983,12.938539,77.5901,co,0.29,2019-07-10T18:45:00+00:00
6983,12.938539,77.5901,co,0.26,2019-07-10T19:00:00+00:00
6983,12.938539,77.5901,co,0.29,2019-07-10T19:15:00+00:00
6983,12.938539,77.5901,co,0.3,2019-07-10T19:30:00+00:00
6983,12.938539,77.5901,co,0.29,2019-07-10T19:45:00+00:00
6983,12.938539,77.5901,co,0.27,2019-07-10T20:00:00+00:00
6983,12.938539,77.5901,co,0.27,2019-07-10T20:15:00+00:00
6983,12.938539,77.5901,co,0.25,2019-07-10T20:30:00+00:00
6983,12.938539,77.5901,co,0.26,2019-07-10T20:45:00+00:00
6983,12.938539,77.5901,co,0.25,2019-07-10T21:00:00+00:00
6983,12.938539,77.5901,co,0.26,2019-07-10T21:15:00+00:00
6983,12.938539,77.5901,co,0.25,2019-07-10T21:30:00+00:00
6983,12.938539,77.5901,co,0.24,2019-07-10T21:45:00+00:00
6983,12.938539,77.5901,co,0.25,2019-07-10T22:00:00+00:00
6983,12.938539,77.5901,co,0.25,2019-07-11T00:30:00+00:00
6983,12.938539,77.5901,co,0.25,2019-07-11T00:45:00+00:00
6983,12.938539,77.5901,co,0.3,2019-07-11T01:00:00+00:00
6983,12.938539,77.5901,co,0.33,2019-07-11T01:15:00+00:00
6983,12.938539,77.5901,co,0.35,2019-07-11T01:30:00+00:00
6983,12.938539,77.5901,co,0.39,2019-07-11T01:45:00+00:00
6983,12.938539,77.5901,co,0.44,2019-07-11T02:00:00+00:00
6983,12.938539,77.5901,co,0.47,2019-07-11T02:15:00+00:00
6983,12.938539,77.5901,co,0.5,2019-07-11T02:30:00+00:00
6983,12.938539,77.5901,co,0.57,2019-07-11T02:45:00+00:00
6983,12.938539,77.5901,co,0.54,2019-07-11T03:00:00+00:00
6983,12.938539,77.5901,co,0.55,2019-07-11T03:15:00+00:00
6983,12.938539,77.5901,co,0.52,2019-07-11T03:30:00+00:00
6983,12.938539,77.5901,co,0.46,2019-07-11T03:45:00+00:00
6983,12.938539,77.5901,co,0.48,2019-07-11T04:00:00+00:00
6983,12.938539,77.5901,co,0.45,2019-07-11T04:15:00+00:00
6983,12.938539,77.5901,co,0.44,2019-07-11T04:30:00+00:00
6983,12.938539,77.5901,co,0.39,2019-07-11T04:45:00+00:00
6983,12.938539,77.5901,co,0.4,2019-07-11T05:00:00+00:00
6983,12.938539,77.5901,co,0.31,2019-07-11T05:15:00+00:00
6983,12.938539,77.5901,co,0.34,2019-07-11T05:30:00+00:00
6983,12.938539,77.5901,co,0.29,2019-07-11T05:45:00+00:00
6983,12.938539,77.5901,co,0.33,2019-07-11T06:00:00+00:00
6983,12.938539,77.5901,co,0.53,2019-07-11T09:00:00+00:00
6983,12.938539,77.5901,co,0.48,2019-07-11T09:15:00+00:00
6983,12.938539,77.5901,co,0.41,2019-07-11T09:30:00+00:00
6983,12.938539,77.5901,co,0.44,2019-07-11T09:45:00+00:00
6983,12.938539,77.5901,co,0.39,2019-07-11T10:00:00+00:00
6983,12.938539,77.5901,co,0.44,2019-07-11T10:15:00+00:00
6983,12.938539,77.5901,co,0.35,2019-07-11T10:30:00+00:00
6983,12.938539,77.5901,co,0.42,2019-07-11T10:45:00+00:00
6983,12.938539,77.5901,co,0.48,2019-07-11T11:00:00+00:00
6983,12.938539,77.5901,co,0.39,2019-07-11T11:15:00+00:00
6983,12.938539,77.5901,co,0.44,2019-07-11T11:30:00+00:00
6983,12.938539,77.5901,co,0.52,2019-07-11T11:45:00+00:00
6983,12.938539,77.5901,co,0.48,2019-07-11T12:00:00+00:00
6983,12.938539,77.5901,co,0.41,2019-07-11T12:15:00+00:00
6983,12.938539,77.5901,co,0.49,2019-07-11T12:30:00+00:00
6983,12.938539,77.5901,co,0.71,2019-07-11T12:45:00+00:00
6983,12.938539,77.5901,co,0.85,2019-07-11T13:00:00+00:00
6983,12.938539,77.5901,co,0.81,2019-07-11T13:15:00+00:00
6983,12.938539,77.5901,co,0.92,2019-07-11T13:30:00+00:00
6983,12.938539,77.5901,co,0.86,2019-07-11T13:45:00+00:00
6983,12.938539,77.5901,co,0.82,2019-07-11T14:00:00+00:00
6983,12.938539,77.5901,co,1.09,2019-07-11T14:15:00+00:00
6983,12.938539,77.5901,co,1.29,2019-07-11T14:30:00+00:00
6983,12.938539,77.5901,co,1.24,2019-07-11T14:45:00+00:00
6983,12.938539,77.5901,co,0.5,2019-07-11T15:00:00+00:00
6983,12.938539,77.5901,co,0.42,2019-07-11T15:15:00+00:00
6983,12.938539,77.5901,co,0.46,2019-07-11T15:30:00+00:00
6983,12.938539,77.5901,co,0.5,2019-07-11T15:45:00+00:00
6983,12.938539,77.5901,co,0.54,2019-07-11T16:00:00+00:00
6983,12.938539,77.5901,co,0.61,2019-07-11T16:15:00+00:00
6983,12.938539,77.5901,co,0.72,2019-07-11T16:30:00+00:00
6983,12.938539,77.5901,co,0.56,2019-07-11T16:45:00+00:00
6983,12.938539,77.5901,co,0.37,2019-07-11T17:00:00+00:00
6983,12.938539,77.5901,co,0.31,2019-07-11T17:15:00+00:00
6983,12.938539,77.5901,co,0.3,2019-07-11T17:30:00+00:00
6983,12.938539,77.5901,co,0.27,2019-07-11T17:45:00+00:00
6983,12.938539,77.5901,co,0.26,2019-07-11T18:00:00+00:00
6983,12.938539,77.5901,co,0.25,2019-07-11T18:30:00+00:00
6983,12.938539,77.5901,no2,6.8,2019-07-10T18:45:00+00:00
6983,12.938539,77.5901,no2,6.6,2019-07-10T19:00:00+00:00
6983,12.938539,77.5901,no2,6.2,2019-07-10T19:15:00+00:00
6983,12.938539,77.5901,no2,5.8,2019-07-10T19:30:00+00:00
6983,12.938539,77.5901,no2,5.6,2019-07-10T19:45:00+00:00
6983,12.938539,77.5901,no2,5.1,2019-07-10T20:00:00+00:00
6983,12.938539,77.5901,no2,4.7,2019-07-10T20:15:00+00:00
6983,12.938539,77.5901,no2,4.3,2019-07-10T20:30:00+00:00
6983,12.938539,77.5901,no2,3.9,2019-07-10T20:45:00+00:00
6983,12.938539,77.5901,no2,3.9,2019-07-10T21:00:00+00:00
6983,12.938539,77.5901,no2,3.8,2019-07-10T21:15:00+00:00
6983,12.938539,77.5901,no2,3.9,2019-07-10T21:30:00+00:00
6983,12.938539,77.5901,no2,4.3,2019-07-10T21:45:00+00:00
6983,12.938539,77.5901,no2,3.0,2019-07-10T22:45:00+00:00
6983,12.938539,77.5901,no2,4.9,2019-07-11T00:30:00+00:00
6983,12.938539,77.5901,no2,4.7,2019-07-11T00:45:00+00:00
6983,12.938539,77.5901,no2,7.0,2019-07-11T01:00:00+00:00
6983,12.938539,77.5901,no2,8.8,2019-07-11T01:15:00+00:00
6983,12.938539,77.5901,no2,10.7,2019-07-11T01:30:00+00:00
6983,12.938539,77.5901,no2,13.0,2019-07-11T01:45:00+00:00
6983,12.938539,77.5901,no2,13.5,2019-07-11T02:00:00+00:00
6983,12.938539,77.5901,no2,14.3,2019-07-11T02:15:00+00:00
6983,12.938539,77.5901,no2,14.7,2019-07-11T02:30:00+00:00
6983,12.938539,77.5901,no2,14.9,2019-07-11T02:45:00+00:00
6983,12.938539,77.5901,no2,14.3,2019-07-11T03:00:00+00:00
6983,12.938539,77.5901,no2,12.8,2019-07-11T03:15:00+00:00
6983,12.938539,77.5901,no2,11.7,2019-07-11T03:30:00+00:00
6983,12.938539,77.5901,no2,11.1,2019-07-11T03:45:00+00:00
6983,12.938539,77.5901,no2,10.3,2019-07-11T04:00:00+00:00
6983,12.938539,77.5901,no2,10.0,2019-07-11T04:15:00+00:00
6983,12.938539,77.5901,no2,9.2,2019-07-11T04:30:00+00:00
6983,12.938539,77.5901,no2,7.7,2019-07-11T04:45:00+00:00
6983,12.938539,77.5901,no2,7.3,2019-07-11T05:00:00+00:00
6983,12.938539,77.5901,no2,6.6,2019-07-11T05:15:00+00:00
6983,12.938539,77.5901,no2,6.2,2019-07-11T05:30:00+00:00
6983,12.938539,77.5901,no2,6.2,2019-07-11T05:45:00+00:00
6983,12.938539,77.5901,no2,6.6,2019-07-11T06:00:00+00:00
6983,12.938539,77.5901,no2,9.2,2019-07-11T09:00:00+00:00
6983,12.938539,77.5901,no2,10.0,2019-07-11T09:15:00+00:00
6983,12.938539,77.5901,no2,9.4,2019-07-11T09:30:00+00:00
6983,12.938539,77.5901,no2,9.6,2019-07-11T09:45:00+00:00
6983,12.938539,77.5901,no2,9.2,2019-07-11T10:00:00+00:00
6983,12.938539,77.5901,no2,9.4,2019-07-11T10:15:00+00:00
6983,12.938539,77.5901,no2,8.8,2019-07-11T10:30:00+00:00
6983,12.938539,77.5901,no2,9.6,2019-07-11T10:45:00+00:00
6983,12.938539,77.5901,no2,12.0,2019-07-11T11:00:00+00:00
6983,12.938539,77.5901,no2,12.8,2019-07-11T11:15:00+00:00
6983,12.938539,77.5901,no2,13.2,2019-07-11T11:30:00+00:00
6983,12.938539,77.5901,no2,16.5,2019-07-11T11:45:00+00:00
6983,12.938539,77.5901,no2,17.5,2019-07-11T12:00:00+00:00
6983,12.938539,77.5901,no2,16.5,2019-07-11T12:15:00+00:00
6983,12.938539,77.5901,no2,15.8,2019-07-11T12:30:00+00:00
6983,12.938539,77.5901,no2,20.9,2019-07-11T12:45:00+00:00
6983,12.938539,77.5901,no2,28.4,2019-07-11T13:00:00+00:00
6983,12.938539,77.5901,no2,31.4,2019-07-11T13:15:00+00:00
6983,12.938539,77.5901,no2,34.8,2019-07-11T13:30:00+00:00
6983,12.938539,77.5901,no2,35.0,2019-07-11T13:45:00+00:00
6983,12.938539,77.5901,no2,32.9,2019-07-11T14:00:00+00:00
6983,12.938539,77.5901,no2,33.8,2019-07-11T14:15:00+00:00
6983,12.938539,77.5901,no2,36.1,2019-07-11T14:30:00+00:00
6983,12.938539,77.5901,no2,37.2,2019-07-11T14:45:00+00:00
6983,12.938539,77.5901,no2,22.2,2019-07-11T15:00:00+00:00
6983,12.938539,77.5901,no2,10.5,2019-07-11T15:15:00+00:00
6983,12.938539,77.5901,no2,10.5,2019-07-11T15:30:00+00:00
6983,12.938539,77.5901,no2,12.2,2019-07-11T15:45:00+00:00
6983,12.938539,77.5901,no2,14.5,2019-07-11T16:00:00+00:00
6983,12.938539,77.5901,no2,16.7,2019-07-11T16:15:00+00:00
6983,12.938539,77.5901,no2,20.5,2019-07-11T16:30:00+00:00
6983,12.938539,77.5901,no2,21.4,2019-07-11T16:45:00+00:00
6983,12.938539,77.5901,no2,17.1,2019-07-11T17:00:00+00:00
6983,12.938539,77.5901,no2,12.6,2019-07-11T17:15:00+00:00
6983,12.938539,77.5901,no2,10.3,2019-07-11T17:30:00+00:00
6983,12.938539,77.5901,no2,9.4,2019-07-11T17:45:00+00:00
6983,12.938539,77.5901,no2,8.3,2019-07-11T18:00:00+00:00
6983,12.938539,77.5901,no2,7.3,2019-07-11T18:15:00+00:00
6983,12.938539,77.5901,no2,5.8,2019-07-11T18:30:00+00:00
6983,12.938539,77.5901,so2,1.9,2019-07-10T18:45:00+00:00
6983,12.938539,77.5901,so2,1.7,2019-07-10T19:00:00+00:00
6983,12.938539,77.5901,so2,1.8,2019-07-10T19:15:00+00:00
6983,12.938539,77.5901,so2,1.7,2019-07-10T19:30:00+00:00
6983,12.938539,77.5901,so2,1.8,2019-07-10T19:45:00+00:00
6983,12.938539,77.5901,so2,1.7,2019-07-10T20:00:00+00:00
6983,12.938539,77.5901,so2,1.4,2019-07-10T20:15:00+00:00
6983,12.938539,77.5901,so2,1.5,2019-07-10T20:30:00+00:00
6983,12.938539,77.5901,so2,1.4,2019-07-10T20:45:00+00:00
6983,12.938539,77.5901,so2,1.5,2019-07-10T21:00:00+00:00
6983,12.938539,77.5901,so2,1.5,2019-07-10T21:15:00+00:00
6983,12.938539,77.5901,so2,1.7,2019-07-10T21:30:00+00:00
6983,12.938539,77.5901,so2,1.8,2019-07-10T21:45:00+00:00
6983,12.938539,77.5901,so2,1.9,2019-07-10T22:45:00+00:00
6983,12.938539,77.5901,so2,1.5,2019-07-11T01:00:00+00:00
6983,12.938539,77.5901,so2,1.7,2019-07-11T01:15:00+00:00
6983,12.938539,77.5901,so2,1.6,2019-07-11T01:30:00+00:00
6983,12.938539,77.5901,so2,1.5,2019-07-11T01:45:00+00:00
6983,12.938539,77.5901,so2,1.5,2019-07-11T02:00:00+00:00
6983,12.938539,77.5901,so2,1.6,2019-07-11T02:15:00+00:00
6983,12.938539,77.5901,so2,1.7,2019-07-11T02:30:00+00:00
6983,12.938539,77.5901,so2,1.8,2019-07-11T02:45:00+00:00
6983,12.938539,77.5901,so2,1.8,2019-07-11T03:00:00+00:00
6983,12.938539,77.5901,so2,1.7,2019-07-11T03:15:00+00:00
6983,12.938539,77.5901,so2,1.7,2019-07-11T03:30:00+00:00
6983,12.938539,77.5901,so2,1.6,2019-07-11T03:45:00+00:00
6983,12.938539,77.5901,so2,1.6,2019-07-11T04:00:00+00:00
6983,12.938539,77.5901,so2,1.6,2019-07-11T04:15:00+00:00
6983,12.938539,77.5901,so2,1.8,2019-07-11T04:30:00+00:00
6983,12.938539,77.5901,so2,1.7,2019-07-11T04:45:00+00:00
6983,12.938539,77.5901,so2,1.7,2019-07-11T05:00:00+00:00
6983,12.938539,77.5901,so2,1.5,2019-07-11T05:15:00+00:00
6983,12.938539,77.5901,so2,1.6,2019-07-11T05:30:00+00:00
6983,12.938539,77.5901,so2,1.4,2019-07-11T05:45:00+00:00
6983,12.938539,77.5901,so2,1.4,2019-07-11T06:00:00+00:00
6983,12.938539,77.5901,so2,1.3,2019-07-11T09:00:00+00:00
6983,12.938539,77.5901,so2,1.3,2019-07-11T09:15:00+00:00
6983,12.938539,77.5901,so2,1.2,2019-07-11T09:30:00+00:00
6983,12.938539,77.5901,so2,1.3,2019-07-11T09:45:00+00:00
6983,12.938539,77.5901,so2,1.4,2019-07-11T10:00:00+00:00
6983,12.938539,77.5901,so2,1.5,2019-07-11T10:15:00+00:00
6983,12.938539,77.5901,so2,1.8,2019-07-11T10:30:00+00:00
6983,12.938539,77.5901,so2,2.0,2019-07-11T10:45:00+00:00
6983,12.938539,77.5901,so2,1.9,2019-07-11T11:00:00+00:00
6983,12.938539,77.5901,so2,1.6,2019-07-11T11:15:00+00:00
6983,12.938539,77.5901,so2,1.5,2019-07-11T11:30:00+00:00
6983,12.938539,77.5901,so2,1.7,2019-07-11T11:45:00+00:00
6983,12.938539,77.5901,so2,1.5,2019-07-11T12:00:00+00:00
6983,12.938539,77.5901,so2,1.3,2019-07-11T12:15:00+00:00
6983,12.938539,77.5901,so2,1.6,2019-07-11T12:30:00+00:00
6983,12.938539,77.5901,so2,1.7,2019-07-11T12:45:00+00:00
6983,12.938539,77.5901,so2,1.7,2019-07-11T13:00:00+00:00
6983,12.938539,77.5901,so2,1.6,2019-07-11T13:15:00+00:00
6983,12.938539,77.5901,so2,1.7,2019-07-11T13:30:00+00:00
6983,12.938539,77.5901,so2,1.7,2019-07-11T13:45:00+00:00
6983,12.938539,77.5901,so2,1.6,2019-07-11T14:00:00+00:00
6983,12.938539,77.5901,so2,1.7,2019-07-11T14:15:00+00:00
6983,12.938539,77.5901,so2,1.9,2019-07-11T14:30:00+00:00
6983,12.938539,77.5901,so2,2.0,2019-07-11T14:45:00+00:00
6983,12.938539,77.5901,so2,2.0,2019-07-11T15:00:00+00:00
6983,12.938539,77.5901,so2,1.6,2019-07-11T15:15:00+00:00
6983,12.938539,77.5901,so2,1.4,2019-07-11T15:30:00+00:00
6983,12.938539,77.5901,so2,1.5,2019-07-11T15:45:00+00:00
6983,12.938539,77.5901,so2,1.4,2019-07-11T16:00:00+00:00
6983,12.938539,77.5901,so2,1.5,2019-07-11T16:15:00+00:00
6983,12.938539,77.5901,so2,1.4,2019-07-11T16:30:00+00:00
6983,12.938539,77.5901,so2,1.3,2019-07-11T16:45:00+00:00
6983,12.938539,77.5901,so2,1.6,2019-07-11T17:00:00+00:00
6983,12.938539,77.5901,so2,1.4,2019-07-11T17:15:00+00:00
6983,12.938539,77.5901,so2,1.4,2019-07-11T17:30:00+00:00
6983,12.938539,77.5901,so2,1.4,2019-07-11T17:45:00+00:00
6983,12.938539,77.5901,so2,1.5,2019-07-11T18:00:00+00:00
6983,12.938539,77.5901,so2,1.7,2019-07-11T18:30:00+00:00
6983,12.938539,77.5901,pm10,25.0,2019-07-11T18:45:00+00:00
6983,12.938539,77.5901,pm10,25.0,2019-07-11T19:00:00+00:00
6983,12.938539,77.5901,pm10,24.0,2019-07-11T19:15:00+00:00
6983,12.938539,77.5901,pm10,24.0,2019-07-11T19:30:00+00:00
6983,12.938539,77.5901,pm10,24.0,2019-07-11T19:45:00+00:00
6983,12.938539,77.5901,pm10,24.0,2019-07-11T20:00:00+00:00
6983,12.938539,77.5901,pm10,28.0,2019-07-11T20:15:00+00:00
6983,12.938539,77.5901,pm10,28.0,2019-07-11T20:30:00+00:00
6983,12.938539,77.5901,pm10,28.0,2019-07-11T20:45:00+00:00
6983,12.938539,77.5901,pm10,28.0,2019-07-11T21:00:00+00:00
6983,12.938539,77.5901,pm10,18.0,2019-07-11T21:15:00+00:00
6983,12.938539,77.5901,pm10,18.0,2019-07-11T21:30:00+00:00
6983,12.938539,77.5901,pm10,18.0,2019-07-11T21:45:00+00:00
6983,12.938539,77.5901,pm10,18.0,2019-07-11T22:00:00+00:00
6983,12.938539,77.5901,pm10,21.0,2019-07-11T22:15:00+00:00
6983,12.938539,77.5901,pm10,21.0,2019-07-11T22:30:00+00:00
6983,12.938539,77.5901,pm10,21.0,2019-07-11T22:45:00+00:00
6983,12.938539,77.5901,pm10,21.0,2019-07-11T23:00:00+00:00
6983,12.938539,77.5901,pm10,21.0,2019-07-11T23:15:00+00:00
6983,12.938539,77.5901,pm10,21.0,2019-07-11T23:30:00+00:00
6983,12.938539,77.5901,pm10,21.0,2019-07-11T23:45:00+00:00
6983,12.938539,77.5901,pm10,21.0,2019-07-12T00:00:00+00:00
6983,12.938539,77.5901,pm10,23.0,2019-07-12T00:15:00+00:00
6983,12.938539,77.5901,pm10,23.0,2019-07-12T00:30:00+00:00
6983,12.938539,77.5901,pm10,23.0,2019-07-12T00:45:00+00:00
6983,12.938539,77.5901,pm10,23.0,2019-07-12T01:00:00+00:00
6983,12.938539,77.5901,pm10,16.0,2019-07-12T01:15:00+00:00
6983,12.938539,77.5901,pm10,16.0,2019-07-12T01:30:00+00:00
6983,12.938539,77.5901,pm10,16.0,2019-07-12T01:45:00+00:00
6983,12.938539,77.5901,pm10,16.0,2019-07-12T02:00:00+00:00
6983,12.938539,77.5901,pm10,31.0,2019-07-12T02:15:00+00:00
6983,12.938539,77.5901,pm10,31.0,2019-07-12T02:30:00+00:00
6983,12.938539,77.5901,pm10,31.0,2019-07-12T02:45:00+00:00
6983,12.938539,77.5901,pm10,31.0,2019-07-12T03:00:00+00:00
6983,12.938539,77.5901,pm10,37.0,2019-07-12T03:15:00+00:00
6983,12.938539,77.5901,pm10,37.0,2019-07-12T03:30:00+00:00
6983,12.938539,77.5901,pm10,37.0,2019-07-12T03:45:00+00:00
6983,12.938539,77.5901,pm10,37.0,2019-07-12T04:00:00+00:00
6983,12.938539,77.5901,pm10,31.0,2019-07-12T04:15:00+00:00
6983,12.938539,77.5901,pm10,31.0,2019-07-12T04:30:00+00:00
6983,12.938539,77.5901,pm10,31.0,2019-07-12T04:45:00+00:00
6983,12.938539,77.5901,pm10,31.0,2019-07-12T05:00:00+00:00
6983,12.938539,77.5901,pm10,38.0,2019-07-12T05:15:00+00:00
6983,12.938539,77.5901,pm10,38.0,2019-07-12T05:30:00+00:00
6983,12.938539,77.5901,pm10,38.0,2019-07-12T05:45:00+00:00
6983,12.938539,77.5901,pm10,38.0,2019-07-12T06:00:00+00:00
6983,12.938539,77.5901,pm10,37.0,2019-07-12T06:15:00+00:00
6983,12.938539,77.5901,pm10,37.0,2019-07-12T06:30:00+00:00
6983,12.938539,77.5901,pm10,37.0,2019-07-12T06:45:00+00:00
6983,12.938539,77.5901,pm10,37.0,2019-07-12T07:00:00+00:00
6983,12.938539,77.5901,pm10,40.0,2019-07-12T07:15:00+00:00
6983,12.938539,77.5901,pm10,40.0,2019-07-12T07:30:00+00:00
6983,12.938539,77.5901,pm10,40.0,2019-07-12T07:45:00+00:00
6983,12.938539,77.5901,pm10,40.0,2019-07-12T08:00:00+00:00
6983,12.938539,77.5901,pm10,37.0,2019-07-12T08:15:00+00:00
6983,12.938539,77.5901,pm10,37.0,2019-07-12T08:30:00+00:00
6983,12.938539,77.5901,pm10,37.0,2019-07-12T08:45:00+00:00
6983,12.938539,77.5901,pm10,37.0,2019-07-12T09:00:00+00:00
6983,12.938539,77.5901,pm10,32.0,2019-07-12T09:15:00+00:00
6983,12.938539,77.5901,pm10,32.0,2019-07-12T09:30:00+00:00
6983,12.938539,77.5901,pm10,32.0,2019-07-12T09:45:00+00:00
6983,12.938539,77.5901,pm10,32.0,2019-07-12T10:00:00+00:00
6983,12.938539,77.5901,pm10,38.0,2019-07-12T10:15:00+00:00
6983,12.938539,77.5901,pm10,38.0,2019-07-12T10:30:00+00:00
6983,12.938539,77.5901,pm10,38.0,2019-07-12T10:45:00+00:00
6983,12.938539,77.5901,pm10,38.0,2019-07-12T11:00:00+00:00
6983,12.938539,77.5901,pm10,48.0,2019-07-12T11:15:00+00:00
6983,12.938539,77.5901,pm10,48.0,2019-07-12T11:30:00+00:00
6983,12.938539,77.5901,pm10,48.0,2019-07-12T11:45:00+00:00
6983,12.938539,77.5901,pm10,48.0,2019-07-12T12:00:00+00:00
6983,12.938539,77.5901,pm10,59.0,2019-07-12T12:15:00+00:00
6983,12.938539,77.5901,pm10,59.0,2019-07-12T12:30:00+00:00
6983,12.938539,77.5901,pm10,59.0,2019-07-12T12:45:00+00:00
6983,12.938539,77.5901,pm10,59.0,2019-07-12T13:00:00+00:00
6983,12.938539,77.5901,pm10,59.0,2019-07-12T13:15:00+00:00
6983,12.938539,77.5901,pm10,59.0,2019-07-12T13:30:00+00:00
6983,12.938539,77.5901,pm10,59.0,2019-07-12T13:45:00+00:00
6983,12.938539,77.5901,pm10,59.0,2019-07-12T14:00:00+00:00
6983,12.938539,77.5901,pm10,39.0,2019-07-12T14:15:00+00:00
6983,12.938539,77.5901,pm10,39.0,2019-07-12T14:30:00+00:00
6983,12.938539,77.5901,pm10,39.0,2019-07-12T14:45:00+00:00
6983,12.938539,77.5901,pm10,39.0,2019-07-12T15:00:00+00:00
6983,12.938539,77.5901,pm10,35.0,2019-07-12T15:15:00+00:00
6983,12.938539,77.5901,pm10,35.0,2019-07-12T15:30:00+00:00
6983,12.938539,77.5901,pm10,35.0,2019-07-12T15:45:00+00:00
6983,12.938539,77.5901,pm10,35.0,2019-07-12T16:00:00+00:00
6983,12.938539,77.5901,pm10,44.0,2019-07-12T16:15:00+00:00
6983,12.938539,77.5901,pm10,44.0,2019-07-12T16:45:00+00:00
6983,12.938539,77.5901,pm10,44.0,2019-07-12T17:00:00+00:00
6983,12.938539,77.5901,pm10,29.0,2019-07-12T17:15:00+00:00
6983,12.938539,77.5901,pm10,29.0,2019-07-12T17:30:00+00:00
6983,12.938539,77.5901,pm10,29.0,2019-07-12T17:45:00+00:00
6983,12.938539,77.5901,pm10,29.0,2019-07-12T18:00:00+00:00
6983,12.938539,77.5901,pm10,25.0,2019-07-12T18:15:00+00:00
6983,12.938539,77.5901,pm10,25.0,2019-07-12T18:30:00+00:00
6983,12.938539,77.5901,pm25,9.0,2019-07-11T18:45:00+00:00
6983,12.938539,77.5901,pm25,9.0,2019-07-11T19:00:00+00:00
6983,12.938539,77.5901,pm25,7.0,2019-07-11T19:15:00+00:00
6983,12.938539,77.5901,pm25,7.0,2019-07-11T19:30:00+00:00
6983,12.938539,77.5901,pm25,7.0,2019-07-11T19:45:00+00:00
6983,12.938539,77.5901,pm25,7.0,2019-07-11T20:00:00+00:00
6983,12.938539,77.5901,pm25,11.0,2019-07-11T20:15:00+00:00
6983,12.938539,77.5901,pm25,11.0,2019-07-11T20:30:00+00:00
6983,12.938539,77.5901,pm25,11.0,2019-07-11T20:45:00+00:00
6983,12.938539,77.5901,pm25,11.0,2019-07-11T21:00:00+00:00
6983,12.938539,77.5901,pm25,9.0,2019-07-11T21:15:00+00:00
6983,12.938539,77.5901,pm25,9.0,2019-07-11T21:30:00+00:00
6983,12.938539,77.5901,pm25,9.0,2019-07-11T21:45:00+00:00
6983,12.938539,77.5901,pm25,9.0,2019-07-11T22:00:00+00:00
6983,12.938539,77.5901,pm25,9.0,2019-07-11T22:15:00+00:00
6983,12.938539,77.5901,pm25,9.0,2019-07-11T22:30:00+00:00
6983,12.938539,77.5901,pm25,9.0,2019-07-11T22:45:00+00:00
6983,12.938539,77.5901,pm25,9.0,2019-07-11T23:00:00+00:00
6983,12.938539,77.5901,pm25,12.0,2019-07-11T23:15:00+00:00
6983,12.938539,77.5901,pm25,12.0,2019-07-11T23:30:00+00:00
6983,12.938539,77.5901,pm25,12.0,2019-07-11T23:45:00+00:00
6983,12.938539,77.5901,pm25,12.0,2019-07-12T00:00:00+00:00
6983,12.938539,77.5901,pm25,12.0,2019-07-12T00:15:00+00:00
6983,12.938539,77.5901,pm25,12.0,2019-07-12T00:30:00+00:00
6983,12.938539,77.5901,pm25,12.0,2019-07-12T00:45:00+00:00
6983,12.938539,77.5901,pm25,12.0,2019-07-12T01:00:00+00:00
6983,12.938539,77.5901,pm25,11.0,2019-07-12T01:15:00+00:00
6983,12.938539,77.5901,pm25,11.0,2019-07-12T01:30:00+00:00
6983,12.938539,77.5901,pm25,11.0,2019-07-12T01:45:00+00:00
6983,12.938539,77.5901,pm25,11.0,2019-07-12T02:00:00+00:00
6983,12.938539,77.5901,pm25,11.0,2019-07-12T02:15:00+00:00
6983,12.938539,77.5901,pm25,11.0,2019-07-12T02:30:00+00:00
6983,12.938539,77.5901,pm25,11.0,2019-07-12T02:45:00+00:00
6983,12.938539,77.5901,pm25,11.0,2019-07-12T03:00:00+00:00
6983,12.938539,77.5901,pm25,12.0,2019-07-12T03:15:00+00:00
6983,12.938539,77.5901,pm25,12.0,2019-07-12T03:30:00+00:00
6983,12.938539,77.5901,pm25,12.0,2019-07-12T03:45:00+00:00
6983,12.938539,77.5901,pm25,12.0,2019-07-12T04:00:00+00:00
6983,12.938539,77.5901,pm25,7.0,2019-07-12T04:15:00+00:00
6983,12.938539,77.5901,pm25,7.0,2019-07-12T04:30:00+00:00
6983,12.938539,77.5901,pm25,7.0,2019-07-12T04:45:00+00:00
6983,12.938539,77.5901,pm25,7.0,2019-07-12T05:00:00+00:00
6983,12.938539,77.5901,pm25,7.0,2019-07-12T05:15:00+00:00
6983,12.938539,77.5901,pm25,7.0,2019-07-12T05:30:00+00:00
6983,12.938539,77.5901,pm25,7.0,2019-07-12T05:45:00+00:00
6983,12.938539,77.5901,pm25,7.0,2019-07-12T06:00:00+00:00
6983,12.938539,77.5901,pm25,6.0,2019-07-12T06:15:00+00:00
6983,12.938539,77.5901,pm25,6.0,2019-07-12T06:30:00+00:00
6983,12.938539,77.5901,pm25,6.0,2019-07-12T06:45:00+00:00
6983,12.938539,77.5901,pm25,6.0,2019-07-12T07:00:00+00:00
6983,12.938539,77.5901,pm25,14.0,2019-07-12T07:15:00+00:00
6983,12.938539,77.5901,pm25,14.0,2019-07-12T07:30:00+00:00
6983,12.938539,77.5901,pm25,14.0,2019-07-12T07:45:00+00:00
6983,12.938539,77.5901,pm25,14.0,2019-07-12T08:00:00+00:00
6983,12.938539,77.5901,pm25,12.0,2019-07-12T08:15:00+00:00
6983,12.938539,77.5901,pm25,12.0,2019-07-12T08:30:00+00:00
6983,12.938539,77.5901,pm25,12.0,2019-07-12T08:45:00+00:00
6983,12.938539,77.5901,pm25,12.0,2019-07-12T09:00:00+00:00
6983,12.938539,77.5901,pm25,10.0,2019-07-12T09:15:00+00:00
6983,12.938539,77.5901,pm25,10.0,2019-07-12T09:30:00+00:00
6983,12.938539,77.5901,pm25,10.0,2019-07-12T09:45:00+00:00
6983,12.938539,77.5901,pm25,10.0,2019-07-12T10:00:00+00:00
6983,12.938539,77.5901,pm25,13.0,2019-07-12T10:15:00+00:00
6983,12.938539,77.5901,pm25,13.0,2019-07-12T10:30:00+00:00
6983,12.938539,77.5901,pm25,13.0,2019-07-12T10:45:00+00:00
6983,12.938539,77.5901,pm25,13.0,2019-07-12T11:00:00+00:00
6983,12.938539,77.5901,pm25,15.0,2019-07-12T11:15:00+00:00
6983,12.938539,77.5901,pm25,15.0,2019-07-12T11:30:00+00:00
6983,12.938539,77.5901,pm25,15.0,2019-07-12T11:45:00+00:00
6983,12.938539,77.5901,pm25,15.0,2019-07-12T12:00:00+00:00
6983,12.938539,77.5901,pm25,17.0,2019-07-12T12:15:00+00:00
6983,12.938539,77.5901,pm25,17.0,2019-07-12T12:30:00+00:00
6983,12.938539,77.5901,pm25,17.0,2019-07-12T12:45:00+00:00
6983,12.938539,77.5901,pm25,17.0,2019-07-12T13:00:00+00:00
6983,12.938539,77.5901,pm25,10.0,2019-07-12T13:15:00+00:00
6983,12.938539,77.5901,pm25,10.0,2019-07-12T13:30:00+00:00
6983,12.938539,77.5901,pm25,10.0,2019-07-12T13:45:00+00:00
6983,12.938539,77.5901,pm25,10.0,2019-07-12T14:00:00+00:00
6983,12.938539,77.5901,pm25,15.0,2019-07-12T14:15:00+00:00
6983,12.938539,77.5901,pm25,15.0,2019-07-12T14:30:00+00:00
6983,12.938539,77.5901,pm25,15.0,2019-07-12T14:45:00+00:00
6983,12.938539,77.5901,pm25,15.0,2019-07-12T15:00:00+00:00
6983,12.938539,77.5901,pm25,15.0,2019-07-12T15:15:00+00:00
6983,12.938539,77.5901,pm25,15.0,2019-07-12T15:30:00+00:00
6983,12.938539,77.5901,pm25,15.0,2019-07-12T15:45:00+00:00
6983,12.938539,77.5901,pm25,15.0,2019-07-12T16:00:00+00:00
6983,12.938539,77.5901,pm25,10.0,2019-07-12T16:15:00+00:00
6983,12.938539,77.5901,pm25,10.0,2019-07-12T16:45:00+00:00
6983,12.938539,77.5901,pm25,10.0,2019-07-12T17:00:00+00:00
6983,12.938539,77.5901,pm25,12.0,2019-07-12T17:15:00+00:00
6983,12.938539,77.5901,pm25,12.0,2019-07-12T17:30:00+00:00
6983,12.938539,77.5901,pm25,12.0,2019-07-12T17:45:00+00:00
6983,12.938539,77.5901,pm25,12.0,2019-07-12T18:00:00+00:00
6983,12.938539,77.5901,pm25,13.0,2019-07-12T18:15:00+00:00
6983,12.938539,77.5901,pm25,13.0,2019-07-12T18:30:00+00:00
6983,12.938539,77.5901,co,0.25,2019-07-11T18:45:00+00:00
6983,12.938539,77.5901,co,0.24,2019-07-11T19:00:00+00:00
6983,12.938539,77.5901,co,0.23,2019-07-11T19:15:00+00:00
6983,12.938539,77.5901,co,0.24,2019-07-11T19:30:00+00:00
6983,12.938539,77.5901,co,0.27,2019-07-11T19:45:00+00:00
6983,12.938539,77.5901,co,0.29,2019-07-11T20:00:00+00:00
6983,12.938539,77.5901,co,0.26,2019-07-11T20:15:00+00:00
6983,12.938539,77.5901,co,0.27,2019-07-11T20:30:00+00:00
6983,12.938539,77.5901,co,0.26,2019-07-11T20:45:00+00:00
6983,12.938539,77.5901,co,0.26,2019-07-11T21:00:00+00:00
6983,12.938539,77.5901,co,0.29,2019-07-11T21:15:00+00:00
6983,12.938539,77.5901,co,0.26,2019-07-11T21:30:00+00:00
6983,12.938539,77.5901,co,0.27,2019-07-11T21:45:00+00:00
6983,12.938539,77.5901,co,0.26,2019-07-11T22:00:00+00:00
6983,12.938539,77.5901,co,0.32,2019-07-11T23:15:00+00:00
6983,12.938539,77.5901,co,0.32,2019-07-11T23:30:00+00:00
6983,12.938539,77.5901,co,0.31,2019-07-11T23:45:00+00:00
6983,12.938539,77.5901,co,0.32,2019-07-12T00:00:00+00:00
6983,12.938539,77.5901,co,0.33,2019-07-12T00:15:00+00:00
6983,12.938539,77.5901,co,0.34,2019-07-12T00:30:00+00:00
6983,12.938539,77.5901,co,0.37,2019-07-12T00:45:00+00:00
6983,12.938539,77.5901,co,0.35,2019-07-12T01:00:00+00:00
6983,12.938539,77.5901,co,0.35,2019-07-12T01:15:00+00:00
6983,12.938539,77.5901,co,0.44,2019-07-12T01:30:00+00:00
6983,12.938539,77.5901,co,0.46,2019-07-12T01:45:00+00:00
6983,12.938539,77.5901,co,0.47,2019-07-12T02:00:00+00:00
6983,12.938539,77.5901,co,0.46,2019-07-12T02:15:00+00:00
6983,12.938539,77.5901,co,0.49,2019-07-12T02:30:00+00:00
6983,12.938539,77.5901,co,0.49,2019-07-12T02:45:00+00:00
6983,12.938539,77.5901,co,0.56,2019-07-12T03:00:00+00:00
6983,12.938539,77.5901,co,0.48,2019-07-12T03:15:00+00:00
6983,12.938539,77.5901,co,0.46,2019-07-12T03:30:00+00:00
6983,12.938539,77.5901,co,0.44,2019-07-12T03:45:00+00:00
6983,12.938539,77.5901,co,0.46,2019-07-12T04:00:00+00:00
6983,12.938539,77.5901,co,0.41,2019-07-12T04:15:00+00:00
6983,12.938539,77.5901,co,0.41,2019-07-12T04:30:00+00:00
6983,12.938539,77.5901,co,0.4,2019-07-12T04:45:00+00:00
6983,12.938539,77.5901,co,0.34,2019-07-12T05:00:00+00:00
6983,12.938539,77.5901,co,0.38,2019-07-12T05:15:00+00:00
6983,12.938539,77.5901,co,0.34,2019-07-12T05:30:00+00:00
6983,12.938539,77.5901,co,0.29,2019-07-12T05:45:00+00:00
6983,12.938539,77.5901,co,0.3,2019-07-12T06:00:00+00:00
6983,12.938539,77.5901,co,0.31,2019-07-12T06:15:00+00:00
6983,12.938539,77.5901,co,0.29,2019-07-12T06:30:00+00:00
6983,12.938539,77.5901,co,0.26,2019-07-12T06:45:00+00:00
6983,12.938539,77.5901,co,0.35,2019-07-12T07:00:00+00:00
6983,12.938539,77.5901,co,0.39,2019-07-12T07:15:00+00:00
6983,12.938539,77.5901,co,0.39,2019-07-12T07:30:00+00:00
6983,12.938539,77.5901,co,0.37,2019-07-12T07:45:00+00:00
6983,12.938539,77.5901,co,0.37,2019-07-12T08:00:00+00:00
6983,12.938539,77.5901,co,0.41,2019-07-12T08:15:00+00:00
6983,12.938539,77.5901,co,0.38,2019-07-12T08:30:00+00:00
6983,12.938539,77.5901,co,0.38,2019-07-12T08:45:00+00:00
6983,12.938539,77.5901,co,0.38,2019-07-12T09:00:00+00:00
6983,12.938539,77.5901,co,0.37,2019-07-12T09:15:00+00:00
6983,12.938539,77.5901,co,0.35,2019-07-12T09:30:00+00:00
6983,12.938539,77.5901,co,0.38,2019-07-12T09:45:00+00:00
6983,12.938539,77.5901,co,0.39,2019-07-12T10:00:00+00:00
6983,12.938539,77.5901,co,0.4,2019-07-12T10:15:00+00:00
6983,12.938539,77.5901,co,0.4,2019-07-12T10:30:00+00:00
6983,12.938539,77.5901,co,0.31,2019-07-12T10:45:00+00:00
6983,12.938539,77.5901,co,0.44,2019-07-12T11:00:00+00:00
6983,12.938539,77.5901,co,0.44,2019-07-12T11:15:00+00:00
6983,12.938539,77.5901,co,0.37,2019-07-12T11:30:00+00:00
6983,12.938539,77.5901,co,0.49,2019-07-12T11:45:00+00:00
6983,12.938539,77.5901,co,0.45,2019-07-12T12:00:00+00:00
6983,12.938539,77.5901,co,0.47,2019-07-12T12:15:00+00:00
6983,12.938539,77.5901,co,0.48,2019-07-12T12:30:00+00:00
6983,12.938539,77.5901,co,0.62,2019-07-12T12:45:00+00:00
6983,12.938539,77.5901,co,0.54,2019-07-12T13:00:00+00:00
6983,12.938539,77.5901,co,0.62,2019-07-12T13:15:00+00:00
6983,12.938539,77.5901,co,0.61,2019-07-12T13:30:00+00:00
6983,12.938539,77.5901,co,0.65,2019-07-12T13:45:00+00:00
6983,12.938539,77.5901,co,0.86,2019-07-12T14:00:00+00:00
6983,12.938539,77.5901,co,0.78,2019-07-12T14:15:00+00:00
6983,12.938539,77.5901,co,0.82,2019-07-12T14:30:00+00:00
6983,12.938539,77.5901,co,0.71,2019-07-12T14:45:00+00:00
6983,12.938539,77.5901,co,0.81,2019-07-12T15:00:00+00:00
6983,12.938539,77.5901,co,0.74,2019-07-12T15:15:00+00:00
6983,12.938539,77.5901,co,0.69,2019-07-12T15:30:00+00:00
6983,12.938539,77.5901,co,0.72,2019-07-12T15:45:00+00:00
6983,12.938539,77.5901,co,0.56,2019-07-12T16:00:00+00:00
6983,12.938539,77.5901,co,0.42,2019-07-12T16:15:00+00:00
6983,12.938539,77.5901,co,0.39,2019-07-12T16:45:00+00:00
6983,12.938539,77.5901,co,0.38,2019-07-12T17:00:00+00:00
6983,12.938539,77.5901,co,0.35,2019-07-12T17:15:00+00:00
6983,12.938539,77.5901,co,0.31,2019-07-12T17:30:00+00:00
6983,12.938539,77.5901,co,0.31,2019-07-12T17:45:00+00:00
6983,12.938539,77.5901,co,0.31,2019-07-12T18:00:00+00:00
6983,12.938539,77.5901,co,0.29,2019-07-12T18:30:00+00:00
6983,12.938539,77.5901,no2,5.1,2019-07-11T18:45:00+00:00
6983,12.938539,77.5901,no2,4.7,2019-07-11T19:00:00+00:00
6983,12.938539,77.5901,no2,5.1,2019-07-11T19:15:00+00:00
6983,12.938539,77.5901,no2,5.1,2019-07-11T19:30:00+00:00
6983,12.938539,77.5901,no2,5.3,2019-07-11T19:45:00+00:00
6983,12.938539,77.5901,no2,5.3,2019-07-11T20:00:00+00:00
6983,12.938539,77.5901,no2,5.3,2019-07-11T20:15:00+00:00
6983,12.938539,77.5901,no2,5.1,2019-07-11T20:30:00+00:00
6983,12.938539,77.5901,no2,4.9,2019-07-11T20:45:00+00:00
6983,12.938539,77.5901,no2,4.7,2019-07-11T21:00:00+00:00
6983,12.938539,77.5901,no2,4.9,2019-07-11T21:15:00+00:00
6983,12.938539,77.5901,no2,4.5,2019-07-11T21:30:00+00:00
6983,12.938539,77.5901,no2,5.3,2019-07-11T21:45:00+00:00
6983,12.938539,77.5901,no2,5.1,2019-07-11T22:00:00+00:00
6983,12.938539,77.5901,no2,4.7,2019-07-11T22:15:00+00:00
6983,12.938539,77.5901,no2,4.7,2019-07-11T22:30:00+00:00
6983,12.938539,77.5901,no2,4.7,2019-07-11T22:45:00+00:00
6983,12.938539,77.5901,no2,5.3,2019-07-11T23:00:00+00:00
6983,12.938539,77.5901,no2,6.4,2019-07-12T00:15:00+00:00
6983,12.938539,77.5901,no2,6.2,2019-07-12T00:30:00+00:00
6983,12.938539,77.5901,no2,6.0,2019-07-12T00:45:00+00:00
6983,12.938539,77.5901,no2,6.4,2019-07-12T01:00:00+00:00
6983,12.938539,77.5901,no2,7.0,2019-07-12T01:15:00+00:00
6983,12.938539,77.5901,no2,7.7,2019-07-12T01:30:00+00:00
6983,12.938539,77.5901,no2,7.7,2019-07-12T01:45:00+00:00
6983,12.938539,77.5901,no2,8.3,2019-07-12T02:00:00+00:00
6983,12.938539,77.5901,no2,8.1,2019-07-12T02:15:00+00:00
6983,12.938539,77.5901,no2,7.9,2019-07-12T02:30:00+00:00
6983,12.938539,77.5901,no2,8.1,2019-07-12T02:45:00+00:00
6983,12.938539,77.5901,no2,8.6,2019-07-12T03:00:00+00:00
6983,12.938539,77.5901,no2,7.9,2019-07-12T03:15:00+00:00
6983,12.938539,77.5901,no2,7.7,2019-07-12T03:30:00+00:00
6983,12.938539,77.5901,no2,6.6,2019-07-12T03:45:00+00:00
6983,12.938539,77.5901,no2,6.2,2019-07-12T04:00:00+00:00
6983,12.938539,77.5901,no2,6.4,2019-07-12T04:15:00+00:00
6983,12.938539,77.5901,no2,6.0,2019-07-12T04:30:00+00:00
6983,12.938539,77.5901,no2,5.5,2019-07-12T04:45:00+00:00
6983,12.938539,77.5901,no2,5.5,2019-07-12T05:00:00+00:00
6983,12.938539,77.5901,no2,5.5,2019-07-12T05:15:00+00:00
6983,12.938539,77.5901,no2,5.3,2019-07-12T05:30:00+00:00
6983,12.938539,77.5901,no2,4.9,2019-07-12T05:45:00+00:00
6983,12.938539,77.5901,no2,4.7,2019-07-12T06:00:00+00:00
6983,12.938539,77.5901,no2,4.9,2019-07-12T06:15:00+00:00
6983,12.938539,77.5901,no2,4.5,2019-07-12T06:30:00+00:00
6983,12.938539,77.5901,no2,4.1,2019-07-12T06:45:00+00:00
6983,12.938539,77.5901,no2,4.3,2019-07-12T07:00:00+00:00
6983,12.938539,77.5901,no2,5.1,2019-07-12T07:15:00+00:00
6983,12.938539,77.5901,no2,5.5,2019-07-12T07:30:00+00:00
6983,12.938539,77.5901,no2,5.6,2019-07-12T07:45:00+00:00
6983,12.938539,77.5901,no2,5.3,2019-07-12T08:00:00+00:00
6983,12.938539,77.5901,no2,5.8,2019-07-12T08:15:00+00:00
6983,12.938539,77.5901,no2,5.8,2019-07-12T08:30:00+00:00
6983,12.938539,77.5901,no2,5.5,2019-07-12T08:45:00+00:00
6983,12.938539,77.5901,no2,5.5,2019-07-12T09:00:00+00:00
6983,12.938539,77.5901,no2,5.3,2019-07-12T09:15:00+00:00
6983,12.938539,77.5901,no2,5.1,2019-07-12T09:30:00+00:00
6983,12.938539,77.5901,no2,5.1,2019-07-12T09:45:00+00:00
6983,12.938539,77.5901,no2,6.4,2019-07-12T10:00:00+00:00
6983,12.938539,77.5901,no2,6.8,2019-07-12T10:15:00+00:00
6983,12.938539,77.5901,no2,7.5,2019-07-12T10:30:00+00:00
6983,12.938539,77.5901,no2,7.7,2019-07-12T10:45:00+00:00
6983,12.938539,77.5901,no2,9.4,2019-07-12T11:00:00+00:00
6983,12.938539,77.5901,no2,10.2,2019-07-12T11:15:00+00:00
6983,12.938539,77.5901,no2,10.3,2019-07-12T11:30:00+00:00
6983,12.938539,77.5901,no2,13.0,2019-07-12T11:45:00+00:00
6983,12.938539,77.5901,no2,13.3,2019-07-12T12:00:00+00:00
6983,12.938539,77.5901,no2,13.9,2019-07-12T12:15:00+00:00
6983,12.938539,77.5901,no2,14.9,2019-07-12T12:30:00+00:00
6983,12.938539,77.5901,no2,16.9,2019-07-12T12:45:00+00:00
6983,12.938539,77.5901,no2,17.3,2019-07-12T13:00:00+00:00
6983,12.938539,77.5901,no2,16.5,2019-07-12T13:15:00+00:00
6983,12.938539,77.5901,no2,16.7,2019-07-12T13:30:00+00:00
6983,12.938539,77.5901,no2,17.7,2019-07-12T13:45:00+00:00
6983,12.938539,77.5901,no2,21.6,2019-07-12T14:00:00+00:00
6983,12.938539,77.5901,no2,24.1,2019-07-12T14:15:00+00:00
6983,12.938539,77.5901,no2,24.1,2019-07-12T14:30:00+00:00
6983,12.938539,77.5901,no2,23.1,2019-07-12T14:45:00+00:00
6983,12.938539,77.5901,no2,22.0,2019-07-12T15:00:00+00:00
6983,12.938539,77.5901,no2,22.0,2019-07-12T15:15:00+00:00
6983,12.938539,77.5901,no2,21.2,2019-07-12T15:30:00+00:00
6983,12.938539,77.5901,no2,21.2,2019-07-12T15:45:00+00:00
6983,12.938539,77.5901,no2,19.6,2019-07-12T16:00:00+00:00
6983,12.938539,77.5901,no2,11.7,2019-07-12T16:15:00+00:00
6983,12.938539,77.5901,no2,8.3,2019-07-12T16:45:00+00:00
6983,12.938539,77.5901,no2,8.5,2019-07-12T17:00:00+00:00
6983,12.938539,77.5901,no2,8.5,2019-07-12T17:15:00+00:00
6983,12.938539,77.5901,no2,7.7,2019-07-12T17:30:00+00:00
6983,12.938539,77.5901,no2,7.0,2019-07-12T17:45:00+00:00
6983,12.938539,77.5901,no2,7.0,2019-07-12T18:00:00+00:00
6983,12.938539,77.5901,no2,6.8,2019-07-12T18:15:00+00:00
6983,12.938539,77.5901,no2,6.0,2019-07-12T18:30:00+00:00
6983,12.938539,77.5901,so2,2.3,2019-07-11T18:45:00+00:00
6983,12.938539,77.5901,so2,2.4,2019-07-11T19:00:00+00:00
6983,12.938539,77.5901,so2,2.1,2019-07-11T19:15:00+00:00
6983,12.938539,77.5901,so2,2.0,2019-07-11T19:30:00+00:00
6983,12.938539,77.5901,so2,2.1,2019-07-11T19:45:00+00:00
6983,12.938539,77.5901,so2,2.1,2019-07-11T20:00:00+00:00
6983,12.938539,77.5901,so2,1.9,2019-07-11T20:15:00+00:00
6983,12.938539,77.5901,so2,1.9,2019-07-11T20:30:00+00:00
6983,12.938539,77.5901,so2,2.0,2019-07-11T20:45:00+00:00
6983,12.938539,77.5901,so2,1.8,2019-07-11T21:00:00+00:00
6983,12.938539,77.5901,so2,1.9,2019-07-11T21:15:00+00:00
6983,12.938539,77.5901,so2,1.9,2019-07-11T21:30:00+00:00
6983,12.938539,77.5901,so2,1.7,2019-07-11T21:45:00+00:00
6983,12.938539,77.5901,so2,1.8,2019-07-11T22:00:00+00:00
6983,12.938539,77.5901,so2,1.8,2019-07-11T22:15:00+00:00
6983,12.938539,77.5901,so2,1.8,2019-07-11T22:30:00+00:00
6983,12.938539,77.5901,so2,1.8,2019-07-11T22:45:00+00:00
6983,12.938539,77.5901,so2,2.2,2019-07-11T23:00:00+00:00
6983,12.938539,77.5901,so2,1.9,2019-07-11T23:15:00+00:00
6983,12.938539,77.5901,so2,1.6,2019-07-11T23:30:00+00:00
6983,12.938539,77.5901,so2,1.6,2019-07-11T23:45:00+00:00
6983,12.938539,77.5901,so2,1.7,2019-07-12T00:00:00+00:00
6983,12.938539,77.5901,so2,1.7,2019-07-12T01:00:00+00:00
6983,12.938539,77.5901,so2,1.9,2019-07-12T01:15:00+00:00
6983,12.938539,77.5901,so2,2.4,2019-07-12T01:30:00+00:00
6983,12.938539,77.5901,so2,2.4,2019-07-12T01:45:00+00:00
6983,12.938539,77.5901,so2,2.2,2019-07-12T02:00:00+00:00
6983,12.938539,77.5901,so2,2.1,2019-07-12T02:15:00+00:00
6983,12.938539,77.5901,so2,2.1,2019-07-12T02:30:00+00:00
6983,12.938539,77.5901,so2,2.3,2019-07-12T02:45:00+00:00
6983,12.938539,77.5901,so2,2.3,2019-07-12T03:00:00+00:00
6983,12.938539,77.5901,so2,2.2,2019-07-12T03:15:00+00:00
6983,12.938539,77.5901,so2,2.1,2019-07-12T03:30:00+00:00
6983,12.938539,77.5901,so2,2.0,2019-07-12T03:45:00+00:00
6983,12.938539,77.5901,so2,1.9,2019-07-12T04:00:00+00:00
6983,12.938539,77.5901,so2,1.8,2019-07-12T04:15:00+00:00
6983,12.938539,77.5901,so2,1.9,2019-07-12T04:30:00+00:00
6983,12.938539,77.5901,so2,1.9,2019-07-12T04:45:00+00:00
6983,12.938539,77.5901,so2,1.8,2019-07-12T05:00:00+00:00
6983,12.938539,77.5901,so2,2.0,2019-07-12T05:15:00+00:00
6983,12.938539,77.5901,so2,1.8,2019-07-12T05:30:00+00:00
6983,12.938539,77.5901,so2,1.9,2019-07-12T05:45:00+00:00
6983,12.938539,77.5901,so2,1.7,2019-07-12T06:00:00+00:00
6983,12.938539,77.5901,so2,1.8,2019-07-12T06:15:00+00:00
6983,12.938539,77.5901,so2,1.8,2019-07-12T06:30:00+00:00
6983,12.938539,77.5901,so2,1.7,2019-07-12T06:45:00+00:00
6983,12.938539,77.5901,so2,2.1,2019-07-12T07:00:00+00:00
6983,12.938539,77.5901,so2,2.3,2019-07-12T07:15:00+00:00
6983,12.938539,77.5901,so2,2.0,2019-07-12T07:30:00+00:00
6983,12.938539,77.5901,so2,1.6,2019-07-12T07:45:00+00:00
6983,12.938539,77.5901,so2,1.7,2019-07-12T08:00:00+00:00
6983,12.938539,77.5901,so2,1.8,2019-07-12T08:15:00+00:00
6983,12.938539,77.5901,so2,1.7,2019-07-12T08:30:00+00:00
6983,12.938539,77.5901,so2,1.7,2019-07-12T08:45:00+00:00
6983,12.938539,77.5901,so2,1.5,2019-07-12T09:00:00+00:00
6983,12.938539,77.5901,so2,1.6,2019-07-12T09:15:00+00:00
6983,12.938539,77.5901,so2,1.3,2019-07-12T09:30:00+00:00
6983,12.938539,77.5901,so2,1.1,2019-07-12T09:45:00+00:00
6983,12.938539,77.5901,so2,1.2,2019-07-12T10:00:00+00:00
6983,12.938539,77.5901,so2,1.3,2019-07-12T10:15:00+00:00
6983,12.938539,77.5901,so2,1.4,2019-07-12T10:30:00+00:00
6983,12.938539,77.5901,so2,1.4,2019-07-12T10:45:00+00:00
6983,12.938539,77.5901,so2,1.9,2019-07-12T11:00:00+00:00
6983,12.938539,77.5901,so2,2.4,2019-07-12T11:15:00+00:00
6983,12.938539,77.5901,so2,2.4,2019-07-12T11:30:00+00:00
6983,12.938539,77.5901,so2,2.1,2019-07-12T11:45:00+00:00
6983,12.938539,77.5901,so2,2.0,2019-07-12T12:00:00+00:00
6983,12.938539,77.5901,so2,2.1,2019-07-12T12:15:00+00:00
6983,12.938539,77.5901,so2,2.0,2019-07-12T12:30:00+00:00
6983,12.938539,77.5901,so2,1.7,2019-07-12T12:45:00+00:00
6983,12.938539,77.5901,so2,2.0,2019-07-12T13:00:00+00:00
6983,12.938539,77.5901,so2,1.7,2019-07-12T13:15:00+00:00
6983,12.938539,77.5901,so2,1.9,2019-07-12T13:30:00+00:00
6983,12.938539,77.5901,so2,1.9,2019-07-12T13:45:00+00:00
6983,12.938539,77.5901,so2,2.0,2019-07-12T14:00:00+00:00
6983,12.938539,77.5901,so2,1.9,2019-07-12T14:15:00+00:00
6983,12.938539,77.5901,so2,2.0,2019-07-12T14:30:00+00:00
6983,12.938539,77.5901,so2,1.9,2019-07-12T14:45:00+00:00
6983,12.938539,77.5901,so2,1.9,2019-07-12T15:00:00+00:00
6983,12.938539,77.5901,so2,2.2,2019-07-12T15:15:00+00:00
6983,12.938539,77.5901,so2,2.1,2019-07-12T15:30:00+00:00
6983,12.938539,77.5901,so2,1.9,2019-07-12T15:45:00+00:00
6983,12.938539,77.5901,so2,1.8,2019-07-12T16:00:00+00:00
6983,12.938539,77.5901,so2,1.5,2019-07-12T16:15:00+00:00
6983,12.938539,77.5901,so2,1.9,2019-07-12T16:45:00+00:00
6983,12.938539,77.5901,so2,1.7,2019-07-12T17:00:00+00:00
6983,12.938539,77.5901,so2,1.6,2019-07-12T17:15:00+00:00
6983,12.938539,77.5901,so2,1.8,2019-07-12T17:30:00+00:00
6983,12.938539,77.5901,so2,1.8,2019-07-12T17:45:00+00:00
6983,12.938539,77.5901,so2,1.4,2019-07-12T18:00:00+00:00
6983,12.938539,77.5901,so2,1.3,2019-07-12T18:30:00+00:00
6983,12.938539,77.5901,pm10,25.0,2019-07-12T18:45:00+00:00
6983,12.938539,77.5901,pm10,25.0,2019-07-12T19:00:00+00:00
6983,12.938539,77.5901,pm10,28.0,2019-07-12T19:15:00+00:00
6983,12.938539,77.5901,pm10,28.0,2019-07-12T19:30:00+00:00
6983,12.938539,77.5901,pm10,28.0,2019-07-12T19:45:00+00:00
6983,12.938539,77.5901,pm10,28.0,2019-07-12T20:00:00+00:00
6983,12.938539,77.5901,pm10,22.0,2019-07-12T20:15:00+00:00
6983,12.938539,77.5901,pm10,22.0,2019-07-12T20:30:00+00:00
6983,12.938539,77.5901,pm10,22.0,2019-07-12T20:45:00+00:00
6983,12.938539,77.5901,pm10,22.0,2019-07-12T21:00:00+00:00
6983,12.938539,77.5901,pm10,26.0,2019-07-12T21:15:00+00:00
6983,12.938539,77.5901,pm10,26.0,2019-07-12T21:30:00+00:00
6983,12.938539,77.5901,pm10,26.0,2019-07-12T21:45:00+00:00
6983,12.938539,77.5901,pm10,26.0,2019-07-12T22:00:00+00:00
6983,12.938539,77.5901,pm10,19.0,2019-07-12T22:15:00+00:00
6983,12.938539,77.5901,pm10,19.0,2019-07-12T22:30:00+00:00
6983,12.938539,77.5901,pm10,19.0,2019-07-12T22:45:00+00:00
6983,12.938539,77.5901,pm10,19.0,2019-07-12T23:00:00+00:00
6983,12.938539,77.5901,pm10,20.0,2019-07-12T23:15:00+00:00
6983,12.938539,77.5901,pm10,20.0,2019-07-12T23:30:00+00:00
6983,12.938539,77.5901,pm10,20.0,2019-07-12T23:45:00+00:00
6983,12.938539,77.5901,pm10,20.0,2019-07-13T00:00:00+00:00
6983,12.938539,77.5901,pm10,29.0,2019-07-13T00:15:00+00:00
6983,12.938539,77.5901,pm10,29.0,2019-07-13T00:30:00+00:00
6983,12.938539,77.5901,pm10,29.0,2019-07-13T00:45:00+00:00
6983,12.938539,77.5901,pm10,29.0,2019-07-13T01:00:00+00:00
6983,12.938539,77.5901,pm10,25.0,2019-07-13T01:15:00+00:00
6983,12.938539,77.5901,pm10,25.0,2019-07-13T01:30:00+00:00
6983,12.938539,77.5901,pm10,25.0,2019-07-13T01:45:00+00:00
6983,12.938539,77.5901,pm10,25.0,2019-07-13T02:00:00+00:00
6983,12.938539,77.5901,pm10,38.0,2019-07-13T02:15:00+00:00
6983,12.938539,77.5901,pm10,38.0,2019-07-13T02:30:00+00:00
6983,12.938539,77.5901,pm10,38.0,2019-07-13T02:45:00+00:00
6983,12.938539,77.5901,pm10,38.0,2019-07-13T03:00:00+00:00
6983,12.938539,77.5901,pm10,38.0,2019-07-13T03:15:00+00:00
6983,12.938539,77.5901,pm10,38.0,2019-07-13T03:30:00+00:00
6983,12.938539,77.5901,pm10,38.0,2019-07-13T03:45:00+00:00
6983,12.938539,77.5901,pm10,38.0,2019-07-13T04:00:00+00:00
6983,12.938539,77.5901,pm10,35.0,2019-07-13T04:15:00+00:00
6983,12.938539,77.5901,pm10,35.0,2019-07-13T04:30:00+00:00
6983,12.938539,77.5901,pm10,35.0,2019-07-13T04:45:00+00:00
6983,12.938539,77.5901,pm10,35.0,2019-07-13T05:00:00+00:00
6983,12.938539,77.5901,pm10,37.0,2019-07-13T05:15:00+00:00
6983,12.938539,77.5901,pm10,37.0,2019-07-13T05:30:00+00:00
6983,12.938539,77.5901,pm10,37.0,2019-07-13T05:45:00+00:00
6983,12.938539,77.5901,pm10,37.0,2019-07-13T06:00:00+00:00
6983,12.938539,77.5901,pm10,41.0,2019-07-13T06:15:00+00:00
6983,12.938539,77.5901,pm10,41.0,2019-07-13T06:30:00+00:00
6983,12.938539,77.5901,pm10,41.0,2019-07-13T06:45:00+00:00
6983,12.938539,77.5901,pm10,41.0,2019-07-13T07:00:00+00:00
6983,12.938539,77.5901,pm10,48.0,2019-07-13T07:15:00+00:00
6983,12.938539,77.5901,pm10,48.0,2019-07-13T07:30:00+00:00
6983,12.938539,77.5901,pm10,48.0,2019-07-13T07:45:00+00:00
6983,12.938539,77.5901,pm10,48.0,2019-07-13T08:00:00+00:00
6983,12.938539,77.5901,pm10,51.0,2019-07-13T08:15:00+00:00
6983,12.938539,77.5901,pm10,51.0,2019-07-13T08:30:00+00:00
6983,12.938539,77.5901,pm10,51.0,2019-07-13T08:45:00+00:00
6983,12.938539,77.5901,pm10,51.0,2019-07-13T09:00:00+00:00
6983,12.938539,77.5901,pm10,45.0,2019-07-13T09:15:00+00:00
6983,12.938539,77.5901,pm10,45.0,2019-07-13T09:30:00+00:00
6983,12.938539,77.5901,pm10,45.0,2019-07-13T09:45:00+00:00
6983,12.938539,77.5901,pm10,45.0,2019-07-13T10:00:00+00:00
6983,12.938539,77.5901,pm10,49.0,2019-07-13T10:15:00+00:00
6983,12.938539,77.5901,pm10,49.0,2019-07-13T10:30:00+00:00
6983,12.938539,77.5901,pm10,49.0,2019-07-13T10:45:00+00:00
6983,12.938539,77.5901,pm10,49.0,2019-07-13T11:00:00+00:00
6983,12.938539,77.5901,pm10,45.0,2019-07-13T11:15:00+00:00
6983,12.938539,77.5901,pm10,45.0,2019-07-13T11:30:00+00:00
6983,12.938539,77.5901,pm10,45.0,2019-07-13T11:45:00+00:00
6983,12.938539,77.5901,pm10,45.0,2019-07-13T12:00:00+00:00
6983,12.938539,77.5901,pm10,47.0,2019-07-13T12:15:00+00:00
6983,12.938539,77.5901,pm10,47.0,2019-07-13T12:30:00+00:00
6983,12.938539,77.5901,pm10,47.0,2019-07-13T12:45:00+00:00
6983,12.938539,77.5901,pm10,47.0,2019-07-13T13:00:00+00:00
6983,12.938539,77.5901,pm10,57.0,2019-07-13T13:15:00+00:00
6983,12.938539,77.5901,pm10,57.0,2019-07-13T13:30:00+00:00
6983,12.938539,77.5901,pm10,57.0,2019-07-13T13:45:00+00:00
6983,12.938539,77.5901,pm10,57.0,2019-07-13T14:00:00+00:00
6983,12.938539,77.5901,pm10,60.0,2019-07-13T14:15:00+00:00
6983,12.938539,77.5901,pm10,60.0,2019-07-13T14:30:00+00:00
6983,12.938539,77.5901,pm10,60.0,2019-07-13T14:45:00+00:00
6983,12.938539,77.5901,pm10,60.0,2019-07-13T15:00:00+00:00
6983,12.938539,77.5901,pm10,42.0,2019-07-13T15:15:00+00:00
6983,12.938539,77.5901,pm10,42.0,2019-07-13T15:30:00+00:00
6983,12.938539,77.5901,pm10,42.0,2019-07-13T15:45:00+00:00
6983,12.938539,77.5901,pm10,42.0,2019-07-13T16:00:00+00:00
6983,12.938539,77.5901,pm10,18.0,2019-07-13T16:15:00+00:00
6983,12.938539,77.5901,pm10,18.0,2019-07-13T16:30:00+00:00
6983,12.938539,77.5901,pm10,18.0,2019-07-13T16:45:00+00:00
6983,12.938539,77.5901,pm10,18.0,2019-07-13T17:00:00+00:00
6983,12.938539,77.5901,pm10,24.0,2019-07-13T17:15:00+00:00
6983,12.938539,77.5901,pm10,24.0,2019-07-13T17:30:00+00:00
6983,12.938539,77.5901,pm10,24.0,2019-07-13T17:45:00+00:00
6983,12.938539,77.5901,pm10,24.0,2019-07-13T18:00:00+00:00
6983,12.938539,77.5901,pm10,25.0,2019-07-13T18:15:00+00:00
6983,12.938539,77.5901,pm10,25.0,2019-07-13T18:30:00+00:00
6983,12.938539,77.5901,pm25,13.0,2019-07-12T18:45:00+00:00
6983,12.938539,77.5901,pm25,13.0,2019-07-12T19:00:00+00:00
6983,12.938539,77.5901,pm25,7.0,2019-07-12T19:15:00+00:00
6983,12.938539,77.5901,pm25,7.0,2019-07-12T19:30:00+00:00
6983,12.938539,77.5901,pm25,7.0,2019-07-12T19:45:00+00:00
6983,12.938539,77.5901,pm25,7.0,2019-07-12T20:00:00+00:00
6983,12.938539,77.5901,pm25,5.0,2019-07-12T20:15:00+00:00
6983,12.938539,77.5901,pm25,5.0,2019-07-12T20:30:00+00:00
6983,12.938539,77.5901,pm25,5.0,2019-07-12T20:45:00+00:00
6983,12.938539,77.5901,pm25,5.0,2019-07-12T21:00:00+00:00
6983,12.938539,77.5901,pm25,5.0,2019-07-12T21:15:00+00:00
6983,12.938539,77.5901,pm25,5.0,2019-07-12T21:30:00+00:00
6983,12.938539,77.5901,pm25,5.0,2019-07-12T21:45:00+00:00
6983,12.938539,77.5901,pm25,5.0,2019-07-12T22:00:00+00:00
6983,12.938539,77.5901,pm25,8.0,2019-07-12T22:15:00+00:00
6983,12.938539,77.5901,pm25,8.0,2019-07-12T22:30:00+00:00
6983,12.938539,77.5901,pm25,8.0,2019-07-12T22:45:00+00:00
6983,12.938539,77.5901,pm25,8.0,2019-07-12T23:00:00+00:00
6983,12.938539,77.5901,pm25,7.0,2019-07-12T23:15:00+00:00
6983,12.938539,77.5901,pm25,7.0,2019-07-12T23:30:00+00:00
6983,12.938539,77.5901,pm25,7.0,2019-07-12T23:45:00+00:00
6983,12.938539,77.5901,pm25,7.0,2019-07-13T00:00:00+00:00
6983,12.938539,77.5901,pm25,6.0,2019-07-13T00:15:00+00:00
6983,12.938539,77.5901,pm25,6.0,2019-07-13T00:30:00+00:00
6983,12.938539,77.5901,pm25,6.0,2019-07-13T00:45:00+00:00
6983,12.938539,77.5901,pm25,6.0,2019-07-13T01:00:00+00:00
6983,12.938539,77.5901,pm25,9.0,2019-07-13T01:15:00+00:00
6983,12.938539,77.5901,pm25,9.0,2019-07-13T01:30:00+00:00
6983,12.938539,77.5901,pm25,9.0,2019-07-13T01:45:00+00:00
6983,12.938539,77.5901,pm25,9.0,2019-07-13T02:00:00+00:00
6983,12.938539,77.5901,pm25,13.0,2019-07-13T02:15:00+00:00
6983,12.938539,77.5901,pm25,13.0,2019-07-13T02:30:00+00:00
6983,12.938539,77.5901,pm25,13.0,2019-07-13T02:45:00+00:00
6983,12.938539,77.5901,pm25,13.0,2019-07-13T03:00:00+00:00
6983,12.938539,77.5901,pm25,10.0,2019-07-13T03:15:00+00:00
6983,12.938539,77.5901,pm25,10.0,2019-07-13T03:30:00+00:00
6983,12.938539,77.5901,pm25,10.0,2019-07-13T03:45:00+00:00
6983,12.938539,77.5901,pm25,10.0,2019-07-13T04:00:00+00:00
6983,12.938539,77.5901,pm25,10.0,2019-07-13T04:15:00+00:00
6983,12.938539,77.5901,pm25,10.0,2019-07-13T04:30:00+00:00
6983,12.938539,77.5901,pm25,10.0,2019-07-13T04:45:00+00:00
6983,12.938539,77.5901,pm25,10.0,2019-07-13T05:00:00+00:00
6983,12.938539,77.5901,pm25,10.0,2019-07-13T05:15:00+00:00
6983,12.938539,77.5901,pm25,10.0,2019-07-13T05:30:00+00:00
6983,12.938539,77.5901,pm25,10.0,2019-07-13T05:45:00+00:00
6983,12.938539,77.5901,pm25,10.0,2019-07-13T06:00:00+00:00
6983,12.938539,77.5901,pm25,12.0,2019-07-13T06:15:00+00:00
6983,12.938539,77.5901,pm25,12.0,2019-07-13T06:30:00+00:00
6983,12.938539,77.5901,pm25,12.0,2019-07-13T06:45:00+00:00
6983,12.938539,77.5901,pm25,12.0,2019-07-13T07:00:00+00:00
6983,12.938539,77.5901,pm25,17.0,2019-07-13T07:15:00+00:00
6983,12.938539,77.5901,pm25,17.0,2019-07-13T07:30:00+00:00
6983,12.938539,77.5901,pm25,17.0,2019-07-13T07:45:00+00:00
6983,12.938539,77.5901,pm25,17.0,2019-07-13T08:00:00+00:00
6983,12.938539,77.5901,pm25,15.0,2019-07-13T08:15:00+00:00
6983,12.938539,77.5901,pm25,15.0,2019-07-13T08:30:00+00:00
6983,12.938539,77.5901,pm25,15.0,2019-07-13T08:45:00+00:00
6983,12.938539,77.5901,pm25,15.0,2019-07-13T09:00:00+00:00
6983,12.938539,77.5901,pm25,13.0,2019-07-13T09:15:00+00:00
6983,12.938539,77.5901,pm25,13.0,2019-07-13T09:30:00+00:00
6983,12.938539,77.5901,pm25,13.0,2019-07-13T09:45:00+00:00
6983,12.938539,77.5901,pm25,13.0,2019-07-13T10:00:00+00:00
6983,12.938539,77.5901,pm25,13.0,2019-07-13T10:15:00+00:00
6983,12.938539,77.5901,pm25,13.0,2019-07-13T10:30:00+00:00
6983,12.938539,77.5901,pm25,13.0,2019-07-13T10:45:00+00:00
6983,12.938539,77.5901,pm25,13.0,2019-07-13T11:00:00+00:00
6983,12.938539,77.5901,pm25,12.0,2019-07-13T11:15:00+00:00
6983,12.938539,77.5901,pm25,12.0,2019-07-13T11:30:00+00:00
6983,12.938539,77.5901,pm25,12.0,2019-07-13T11:45:00+00:00
6983,12.938539,77.5901,pm25,12.0,2019-07-13T12:00:00+00:00
6983,12.938539,77.5901,pm25,16.0,2019-07-13T12:15:00+00:00
6983,12.938539,77.5901,pm25,16.0,2019-07-13T12:30:00+00:00
6983,12.938539,77.5901,pm25,16.0,2019-07-13T12:45:00+00:00
6983,12.938539,77.5901,pm25,16.0,2019-07-13T13:00:00+00:00
6983,12.938539,77.5901,pm25,17.0,2019-07-13T13:15:00+00:00
6983,12.938539,77.5901,pm25,17.0,2019-07-13T13:30:00+00:00
6983,12.938539,77.5901,pm25,17.0,2019-07-13T13:45:00+00:00
6983,12.938539,77.5901,pm25,17.0,2019-07-13T14:00:00+00:00
6983,12.938539,77.5901,pm25,23.0,2019-07-13T14:15:00+00:00
6983,12.938539,77.5901,pm25,23.0,2019-07-13T14:30:00+00:00
6983,12.938539,77.5901,pm25,23.0,2019-07-13T14:45:00+00:00
6983,12.938539,77.5901,pm25,23.0,2019-07-13T15:00:00+00:00
6983,12.938539,77.5901,pm25,12.0,2019-07-13T15:15:00+00:00
6983,12.938539,77.5901,pm25,12.0,2019-07-13T15:30:00+00:00
6983,12.938539,77.5901,pm25,12.0,2019-07-13T15:45:00+00:00
6983,12.938539,77.5901,pm25,12.0,2019-07-13T16:00:00+00:00
6983,12.938539,77.5901,pm25,9.0,2019-07-13T16:15:00+00:00
6983,12.938539,77.5901,pm25,9.0,2019-07-13T16:30:00+00:00
6983,12.938539,77.5901,pm25,9.0,2019-07-13T16:45:00+00:00
6983,12.938539,77.5901,pm25,9.0,2019-07-13T17:00:00+00:00
6983,12.938539,77.5901,pm25,10.0,2019-07-13T17:15:00+00:00
6983,12.938539,77.5901,pm25,10.0,2019-07-13T17:30:00+00:00
6983,12.938539,77.5901,pm25,10.0,2019-07-13T17:45:00+00:00
6983,12.938539,77.5901,pm25,10.0,2019-07-13T18:00:00+00:00
6983,12.938539,77.5901,pm25,8.0,2019-07-13T18:15:00+00:00
6983,12.938539,77.5901,pm25,8.0,2019-07-13T18:30:00+00:00
6983,12.938539,77.5901,co,0.24,2019-07-12T18:45:00+00:00
6983,12.938539,77.5901,co,0.26,2019-07-12T19:00:00+00:00
6983,12.938539,77.5901,co,0.23,2019-07-12T19:15:00+00:00
6983,12.938539,77.5901,co,0.22,2019-07-12T19:30:00+00:00
6983,12.938539,77.5901,co,0.24,2019-07-12T19:45:00+00:00
6983,12.938539,77.5901,co,0.24,2019-07-12T20:00:00+00:00
6983,12.938539,77.5901,co,0.24,2019-07-12T20:15:00+00:00
6983,12.938539,77.5901,co,0.21,2019-07-12T20:30:00+00:00
6983,12.938539,77.5901,co,0.22,2019-07-12T20:45:00+00:00
6983,12.938539,77.5901,co,0.22,2019-07-12T21:00:00+00:00
6983,12.938539,77.5901,co,0.23,2019-07-12T21:15:00+00:00
6983,12.938539,77.5901,co,0.21,2019-07-12T21:30:00+00:00
6983,12.938539,77.5901,co,0.21,2019-07-12T21:45:00+00:00
6983,12.938539,77.5901,co,0.21,2019-07-12T22:00:00+00:00
6983,12.938539,77.5901,co,0.29,2019-07-12T23:15:00+00:00
6983,12.938539,77.5901,co,0.29,2019-07-12T23:30:00+00:00
6983,12.938539,77.5901,co,0.29,2019-07-12T23:45:00+00:00
6983,12.938539,77.5901,co,0.29,2019-07-13T00:00:00+00:00
6983,12.938539,77.5901,co,0.29,2019-07-13T00:15:00+00:00
6983,12.938539,77.5901,co,0.32,2019-07-13T00:30:00+00:00
6983,12.938539,77.5901,co,0.33,2019-07-13T00:45:00+00:00
6983,12.938539,77.5901,co,0.35,2019-07-13T01:00:00+00:00
6983,12.938539,77.5901,co,0.37,2019-07-13T01:15:00+00:00
6983,12.938539,77.5901,co,0.4,2019-07-13T01:30:00+00:00
6983,12.938539,77.5901,co,0.42,2019-07-13T01:45:00+00:00
6983,12.938539,77.5901,co,0.48,2019-07-13T02:00:00+00:00
6983,12.938539,77.5901,co,0.5,2019-07-13T02:15:00+00:00
6983,12.938539,77.5901,co,0.49,2019-07-13T02:30:00+00:00
6983,12.938539,77.5901,co,0.5,2019-07-13T02:45:00+00:00
6983,12.938539,77.5901,co,0.46,2019-07-13T03:00:00+00:00
6983,12.938539,77.5901,co,0.46,2019-07-13T03:15:00+00:00
6983,12.938539,77.5901,co,0.4,2019-07-13T03:30:00+00:00
6983,12.938539,77.5901,co,0.37,2019-07-13T03:45:00+00:00
6983,12.938539,77.5901,co,0.37,2019-07-13T04:00:00+00:00
6983,12.938539,77.5901,co,0.35,2019-07-13T04:15:00+00:00
6983,12.938539,77.5901,co,0.41,2019-07-13T04:30:00+00:00
6983,12.938539,77.5901,co,0.37,2019-07-13T04:45:00+00:00
6983,12.938539,77.5901,co,0.35,2019-07-13T05:00:00+00:00
6983,12.938539,77.5901,co,0.35,2019-07-13T05:15:00+00:00
6983,12.938539,77.5901,co,0.37,2019-07-13T05:30:00+00:00
6983,12.938539,77.5901,co,0.4,2019-07-13T05:45:00+00:00
6983,12.938539,77.5901,co,0.35,2019-07-13T06:00:00+00:00
6983,12.938539,77.5901,co,0.39,2019-07-13T06:15:00+00:00
6983,12.938539,77.5901,co,0.4,2019-07-13T06:30:00+00:00
6983,12.938539,77.5901,co,0.33,2019-07-13T06:45:00+00:00
6983,12.938539,77.5901,co,0.37,2019-07-13T07:00:00+00:00
6983,12.938539,77.5901,co,0.4,2019-07-13T07:15:00+00:00
6983,12.938539,77.5901,co,0.39,2019-07-13T07:30:00+00:00
6983,12.938539,77.5901,co,0.35,2019-07-13T07:45:00+00:00
6983,12.938539,77.5901,co,0.35,2019-07-13T08:00:00+00:00
6983,12.938539,77.5901,co,0.38,2019-07-13T08:15:00+00:00
6983,12.938539,77.5901,co,0.4,2019-07-13T08:30:00+00:00
6983,12.938539,77.5901,co,0.41,2019-07-13T08:45:00+00:00
6983,12.938539,77.5901,co,0.45,2019-07-13T09:00:00+00:00
6983,12.938539,77.5901,co,0.44,2019-07-13T09:15:00+00:00
6983,12.938539,77.5901,co,0.34,2019-07-13T09:30:00+00:00
6983,12.938539,77.5901,co,0.41,2019-07-13T09:45:00+00:00
6983,12.938539,77.5901,co,0.38,2019-07-13T10:00:00+00:00
6983,12.938539,77.5901,co,0.33,2019-07-13T10:15:00+00:00
6983,12.938539,77.5901,co,0.33,2019-07-13T10:30:00+00:00
6983,12.938539,77.5901,co,0.31,2019-07-13T10:45:00+00:00
6983,12.938539,77.5901,co,0.31,2019-07-13T11:00:00+00:00
6983,12.938539,77.5901,co,0.34,2019-07-13T11:15:00+00:00
6983,12.938539,77.5901,co,0.38,2019-07-13T11:30:00+00:00
6983,12.938539,77.5901,co,0.32,2019-07-13T11:45:00+00:00
6983,12.938539,77.5901,co,0.34,2019-07-13T12:00:00+00:00
6983,12.938539,77.5901,co,0.37,2019-07-13T12:15:00+00:00
6983,12.938539,77.5901,co,0.48,2019-07-13T12:30:00+00:00
6983,12.938539,77.5901,co,0.48,2019-07-13T12:45:00+00:00
6983,12.938539,77.5901,co,0.64,2019-07-13T13:00:00+00:00
6983,12.938539,77.5901,co,0.66,2019-07-13T13:15:00+00:00
6983,12.938539,77.5901,co,0.55,2019-07-13T13:30:00+00:00
6983,12.938539,77.5901,co,0.54,2019-07-13T13:45:00+00:00
6983,12.938539,77.5901,co,0.56,2019-07-13T14:00:00+00:00
6983,12.938539,77.5901,co,0.6,2019-07-13T14:15:00+00:00
6983,12.938539,77.5901,co,0.6,2019-07-13T14:30:00+00:00
6983,12.938539,77.5901,co,0.55,2019-07-13T14:45:00+00:00
6983,12.938539,77.5901,co,0.46,2019-07-13T15:00:00+00:00
6983,12.938539,77.5901,co,0.56,2019-07-13T15:15:00+00:00
6983,12.938539,77.5901,co,0.47,2019-07-13T15:30:00+00:00
6983,12.938539,77.5901,co,0.49,2019-07-13T15:45:00+00:00
6983,12.938539,77.5901,co,0.56,2019-07-13T16:00:00+00:00
6983,12.938539,77.5901,co,0.53,2019-07-13T16:15:00+00:00
6983,12.938539,77.5901,co,0.53,2019-07-13T16:30:00+00:00
6983,12.938539,77.5901,co,0.54,2019-07-13T16:45:00+00:00
6983,12.938539,77.5901,co,0.5,2019-07-13T17:00:00+00:00
6983,12.938539,77.5901,co,0.46,2019-07-13T17:15:00+00:00
6983,12.938539,77.5901,co,0.46,2019-07-13T17:30:00+00:00
6983,12.938539,77.5901,co,0.47,2019-07-13T17:45:00+00:00
6983,12.938539,77.5901,co,0.45,2019-07-13T18:00:00+00:00
6983,12.938539,77.5901,co,0.33,2019-07-13T18:30:00+00:00
6983,12.938539,77.5901,no2,5.5,2019-07-12T18:45:00+00:00
6983,12.938539,77.5901,no2,5.3,2019-07-12T19:00:00+00:00
6983,12.938539,77.5901,no2,4.7,2019-07-12T19:15:00+00:00
6983,12.938539,77.5901,no2,4.5,2019-07-12T19:30:00+00:00
6983,12.938539,77.5901,no2,4.7,2019-07-12T19:45:00+00:00
6983,12.938539,77.5901,no2,4.3,2019-07-12T20:00:00+00:00
6983,12.938539,77.5901,no2,3.9,2019-07-12T20:15:00+00:00
6983,12.938539,77.5901,no2,3.9,2019-07-12T20:30:00+00:00
6983,12.938539,77.5901,no2,3.8,2019-07-12T20:45:00+00:00
6983,12.938539,77.5901,no2,3.0,2019-07-12T21:00:00+00:00
6983,12.938539,77.5901,no2,3.0,2019-07-12T21:15:00+00:00
6983,12.938539,77.5901,no2,2.8,2019-07-12T21:30:00+00:00
6983,12.938539,77.5901,no2,2.6,2019-07-12T21:45:00+00:00
6983,12.938539,77.5901,no2,2.1,2019-07-12T22:00:00+00:00
6983,12.938539,77.5901,no2,2.6,2019-07-12T22:15:00+00:00
6983,12.938539,77.5901,no2,3.0,2019-07-12T22:30:00+00:00
6983,12.938539,77.5901,no2,3.8,2019-07-12T22:45:00+00:00
6983,12.938539,77.5901,no2,3.9,2019-07-12T23:00:00+00:00
6983,12.938539,77.5901,no2,4.5,2019-07-13T00:15:00+00:00
6983,12.938539,77.5901,no2,5.1,2019-07-13T00:30:00+00:00
6983,12.938539,77.5901,no2,5.5,2019-07-13T00:45:00+00:00
6983,12.938539,77.5901,no2,6.0,2019-07-13T01:00:00+00:00
6983,12.938539,77.5901,no2,6.0,2019-07-13T01:15:00+00:00
6983,12.938539,77.5901,no2,6.6,2019-07-13T01:30:00+00:00
6983,12.938539,77.5901,no2,7.3,2019-07-13T01:45:00+00:00
6983,12.938539,77.5901,no2,8.3,2019-07-13T02:00:00+00:00
6983,12.938539,77.5901,no2,9.6,2019-07-13T02:15:00+00:00
6983,12.938539,77.5901,no2,9.2,2019-07-13T02:30:00+00:00
6983,12.938539,77.5901,no2,8.6,2019-07-13T02:45:00+00:00
6983,12.938539,77.5901,no2,8.3,2019-07-13T03:00:00+00:00
6983,12.938539,77.5901,no2,7.5,2019-07-13T03:15:00+00:00
6983,12.938539,77.5901,no2,6.6,2019-07-13T03:30:00+00:00
6983,12.938539,77.5901,no2,5.8,2019-07-13T03:45:00+00:00
6983,12.938539,77.5901,no2,5.6,2019-07-13T04:00:00+00:00
6983,12.938539,77.5901,no2,5.1,2019-07-13T04:15:00+00:00
6983,12.938539,77.5901,no2,4.9,2019-07-13T04:30:00+00:00
6983,12.938539,77.5901,no2,4.9,2019-07-13T04:45:00+00:00
6983,12.938539,77.5901,no2,5.1,2019-07-13T05:00:00+00:00
6983,12.938539,77.5901,no2,5.5,2019-07-13T05:15:00+00:00
6983,12.938539,77.5901,no2,5.5,2019-07-13T05:30:00+00:00
6983,12.938539,77.5901,no2,5.6,2019-07-13T05:45:00+00:00
6983,12.938539,77.5901,no2,5.6,2019-07-13T06:00:00+00:00
6983,12.938539,77.5901,no2,6.2,2019-07-13T06:15:00+00:00
6983,12.938539,77.5901,no2,6.2,2019-07-13T06:30:00+00:00
6983,12.938539,77.5901,no2,6.2,2019-07-13T06:45:00+00:00
6983,12.938539,77.5901,no2,5.8,2019-07-13T07:00:00+00:00
6983,12.938539,77.5901,no2,5.5,2019-07-13T07:15:00+00:00
6983,12.938539,77.5901,no2,5.6,2019-07-13T07:30:00+00:00
6983,12.938539,77.5901,no2,5.1,2019-07-13T07:45:00+00:00
6983,12.938539,77.5901,no2,4.5,2019-07-13T08:00:00+00:00
6983,12.938539,77.5901,no2,4.7,2019-07-13T08:15:00+00:00
6983,12.938539,77.5901,no2,5.1,2019-07-13T08:30:00+00:00
6983,12.938539,77.5901,no2,5.5,2019-07-13T08:45:00+00:00
6983,12.938539,77.5901,no2,6.8,2019-07-13T09:00:00+00:00
6983,12.938539,77.5901,no2,7.3,2019-07-13T09:15:00+00:00
6983,12.938539,77.5901,no2,6.4,2019-07-13T09:30:00+00:00
6983,12.938539,77.5901,no2,6.0,2019-07-13T09:45:00+00:00
6983,12.938539,77.5901,no2,5.5,2019-07-13T10:00:00+00:00
6983,12.938539,77.5901,no2,4.7,2019-07-13T10:15:00+00:00
6983,12.938539,77.5901,no2,4.7,2019-07-13T10:30:00+00:00
6983,12.938539,77.5901,no2,4.3,2019-07-13T10:45:00+00:00
6983,12.938539,77.5901,no2,5.5,2019-07-13T11:00:00+00:00
6983,12.938539,77.5901,no2,6.0,2019-07-13T11:15:00+00:00
6983,12.938539,77.5901,no2,6.6,2019-07-13T11:30:00+00:00
6983,12.938539,77.5901,no2,7.1,2019-07-13T11:45:00+00:00
6983,12.938539,77.5901,no2,7.3,2019-07-13T12:00:00+00:00
6983,12.938539,77.5901,no2,7.7,2019-07-13T12:15:00+00:00
6983,12.938539,77.5901,no2,9.8,2019-07-13T12:30:00+00:00
6983,12.938539,77.5901,no2,12.4,2019-07-13T12:45:00+00:00
6983,12.938539,77.5901,no2,16.4,2019-07-13T13:00:00+00:00
6983,12.938539,77.5901,no2,20.1,2019-07-13T13:15:00+00:00
6983,12.938539,77.5901,no2,18.8,2019-07-13T13:30:00+00:00
6983,12.938539,77.5901,no2,17.7,2019-07-13T13:45:00+00:00
6983,12.938539,77.5901,no2,17.1,2019-07-13T14:00:00+00:00
6983,12.938539,77.5901,no2,18.0,2019-07-13T14:15:00+00:00
6983,12.938539,77.5901,no2,18.2,2019-07-13T14:30:00+00:00
6983,12.938539,77.5901,no2,16.7,2019-07-13T14:45:00+00:00
6983,12.938539,77.5901,no2,14.7,2019-07-13T15:00:00+00:00
6983,12.938539,77.5901,no2,12.8,2019-07-13T15:15:00+00:00
6983,12.938539,77.5901,no2,11.8,2019-07-13T15:30:00+00:00
6983,12.938539,77.5901,no2,12.2,2019-07-13T15:45:00+00:00
6983,12.938539,77.5901,no2,13.5,2019-07-13T16:00:00+00:00
6983,12.938539,77.5901,no2,13.3,2019-07-13T16:15:00+00:00
6983,12.938539,77.5901,no2,12.8,2019-07-13T16:30:00+00:00
6983,12.938539,77.5901,no2,12.4,2019-07-13T16:45:00+00:00
6983,12.938539,77.5901,no2,11.8,2019-07-13T17:00:00+00:00
6983,12.938539,77.5901,no2,10.7,2019-07-13T17:15:00+00:00
6983,12.938539,77.5901,no2,9.8,2019-07-13T17:30:00+00:00
6983,12.938539,77.5901,no2,10.2,2019-07-13T17:45:00+00:00
6983,12.938539,77.5901,no2,10.3,2019-07-13T18:00:00+00:00
6983,12.938539,77.5901,no2,9.6,2019-07-13T18:15:00+00:00
6983,12.938539,77.5901,no2,8.6,2019-07-13T18:30:00+00:00
6983,12.938539,77.5901,so2,1.1,2019-07-12T18:45:00+00:00
6983,12.938539,77.5901,so2,1.1,2019-07-12T19:00:00+00:00
6983,12.938539,77.5901,so2,1.2,2019-07-12T19:15:00+00:00
6983,12.938539,77.5901,so2,1.4,2019-07-12T19:30:00+00:00
6983,12.938539,77.5901,so2,1.4,2019-07-12T19:45:00+00:00
6983,12.938539,77.5901,so2,1.1,2019-07-12T20:00:00+00:00
6983,12.938539,77.5901,so2,1.3,2019-07-12T20:15:00+00:00
6983,12.938539,77.5901,so2,1.3,2019-07-12T20:30:00+00:00
6983,12.938539,77.5901,so2,1.2,2019-07-12T20:45:00+00:00
6983,12.938539,77.5901,so2,1.1,2019-07-12T21:00:00+00:00
6983,12.938539,77.5901,so2,0.9,2019-07-12T21:15:00+00:00
6983,12.938539,77.5901,so2,1.0,2019-07-12T21:30:00+00:00
6983,12.938539,77.5901,so2,1.0,2019-07-12T21:45:00+00:00
6983,12.938539,77.5901,so2,1.2,2019-07-12T22:00:00+00:00
6983,12.938539,77.5901,so2,1.2,2019-07-12T22:15:00+00:00
6983,12.938539,77.5901,so2,1.2,2019-07-12T22:30:00+00:00
6983,12.938539,77.5901,so2,1.2,2019-07-12T22:45:00+00:00
6983,12.938539,77.5901,so2,1.3,2019-07-12T23:00:00+00:00
6983,12.938539,77.5901,so2,1.4,2019-07-12T23:15:00+00:00
6983,12.938539,77.5901,so2,1.3,2019-07-12T23:30:00+00:00
6983,12.938539,77.5901,so2,1.0,2019-07-12T23:45:00+00:00
6983,12.938539,77.5901,so2,1.0,2019-07-13T00:00:00+00:00
6983,12.938539,77.5901,so2,0.9,2019-07-13T01:00:00+00:00
6983,12.938539,77.5901,so2,1.0,2019-07-13T01:15:00+00:00
6983,12.938539,77.5901,so2,1.0,2019-07-13T01:30:00+00:00
6983,12.938539,77.5901,so2,1.0,2019-07-13T01:45:00+00:00
6983,12.938539,77.5901,so2,1.0,2019-07-13T02:00:00+00:00
6983,12.938539,77.5901,so2,0.9,2019-07-13T02:15:00+00:00
6983,12.938539,77.5901,so2,0.9,2019-07-13T02:30:00+00:00
6983,12.938539,77.5901,so2,1.0,2019-07-13T02:45:00+00:00
6983,12.938539,77.5901,so2,1.1,2019-07-13T03:00:00+00:00
6983,12.938539,77.5901,so2,1.5,2019-07-13T03:15:00+00:00
6983,12.938539,77.5901,so2,1.4,2019-07-13T03:30:00+00:00
6983,12.938539,77.5901,so2,1.3,2019-07-13T03:45:00+00:00
6983,12.938539,77.5901,so2,1.2,2019-07-13T04:00:00+00:00
6983,12.938539,77.5901,so2,1.1,2019-07-13T04:15:00+00:00
6983,12.938539,77.5901,so2,1.5,2019-07-13T04:30:00+00:00
6983,12.938539,77.5901,so2,1.2,2019-07-13T04:45:00+00:00
6983,12.938539,77.5901,so2,1.4,2019-07-13T05:00:00+00:00
6983,12.938539,77.5901,so2,1.4,2019-07-13T05:15:00+00:00
6983,12.938539,77.5901,so2,1.2,2019-07-13T05:30:00+00:00
6983,12.938539,77.5901,so2,1.1,2019-07-13T05:45:00+00:00
6983,12.938539,77.5901,so2,1.2,2019-07-13T06:00:00+00:00
6983,12.938539,77.5901,so2,1.2,2019-07-13T06:15:00+00:00
6983,12.938539,77.5901,so2,1.3,2019-07-13T06:30:00+00:00
6983,12.938539,77.5901,so2,1.4,2019-07-13T06:45:00+00:00
6983,12.938539,77.5901,so2,1.3,2019-07-13T07:00:00+00:00
6983,12.938539,77.5901,so2,1.5,2019-07-13T07:15:00+00:00
6983,12.938539,77.5901,so2,1.5,2019-07-13T07:30:00+00:00
6983,12.938539,77.5901,so2,1.2,2019-07-13T07:45:00+00:00
6983,12.938539,77.5901,so2,0.9,2019-07-13T08:00:00+00:00
6983,12.938539,77.5901,so2,1.1,2019-07-13T08:15:00+00:00
6983,12.938539,77.5901,so2,1.2,2019-07-13T08:30:00+00:00
6983,12.938539,77.5901,so2,0.9,2019-07-13T08:45:00+00:00
6983,12.938539,77.5901,so2,0.8,2019-07-13T09:00:00+00:00
6983,12.938539,77.5901,so2,0.6,2019-07-13T09:15:00+00:00
6983,12.938539,77.5901,so2,0.9,2019-07-13T09:30:00+00:00
6983,12.938539,77.5901,so2,1.1,2019-07-13T09:45:00+00:00
6983,12.938539,77.5901,so2,0.9,2019-07-13T10:00:00+00:00
6983,12.938539,77.5901,so2,1.0,2019-07-13T10:15:00+00:00
6983,12.938539,77.5901,so2,1.0,2019-07-13T10:30:00+00:00
6983,12.938539,77.5901,so2,0.9,2019-07-13T10:45:00+00:00
6983,12.938539,77.5901,so2,0.9,2019-07-13T11:00:00+00:00
6983,12.938539,77.5901,so2,1.2,2019-07-13T11:15:00+00:00
6983,12.938539,77.5901,so2,1.5,2019-07-13T11:30:00+00:00
6983,12.938539,77.5901,so2,1.7,2019-07-13T11:45:00+00:00
6983,12.938539,77.5901,so2,1.5,2019-07-13T12:00:00+00:00
6983,12.938539,77.5901,so2,1.7,2019-07-13T12:15:00+00:00
6983,12.938539,77.5901,so2,1.9,2019-07-13T12:30:00+00:00
6983,12.938539,77.5901,so2,1.8,2019-07-13T12:45:00+00:00
6983,12.938539,77.5901,so2,1.7,2019-07-13T13:00:00+00:00
6983,12.938539,77.5901,so2,1.8,2019-07-13T13:15:00+00:00
6983,12.938539,77.5901,so2,1.6,2019-07-13T13:30:00+00:00
6983,12.938539,77.5901,so2,1.4,2019-07-13T13:45:00+00:00
6983,12.938539,77.5901,so2,1.3,2019-07-13T14:00:00+00:00
6983,12.938539,77.5901,so2,1.4,2019-07-13T14:15:00+00:00
6983,12.938539,77.5901,so2,1.3,2019-07-13T14:30:00+00:00
6983,12.938539,77.5901,so2,1.5,2019-07-13T14:45:00+00:00
6983,12.938539,77.5901,so2,1.5,2019-07-13T15:00:00+00:00
6983,12.938539,77.5901,so2,1.5,2019-07-13T15:15:00+00:00
6983,12.938539,77.5901,so2,1.8,2019-07-13T15:30:00+00:00
6983,12.938539,77.5901,so2,1.6,2019-07-13T15:45:00+00:00
6983,12.938539,77.5901,so2,1.2,2019-07-13T16:00:00+00:00
6983,12.938539,77.5901,so2,1.2,2019-07-13T16:15:00+00:00
6983,12.938539,77.5901,so2,1.3,2019-07-13T16:30:00+00:00
6983,12.938539,77.5901,so2,1.2,2019-07-13T16:45:00+00:00
6983,12.938539,77.5901,so2,1.2,2019-07-13T17:00:00+00:00
6983,12.938539,77.5901,so2,1.2,2019-07-13T17:15:00+00:00
6983,12.938539,77.5901,so2,1.0,2019-07-13T17:30:00+00:00
6983,12.938539,77.5901,so2,1.2,2019-07-13T17:45:00+00:00
6983,12.938539,77.5901,so2,1.1,2019-07-13T18:00:00+00:00
6983,12.938539,77.5901,so2,1.3,2019-07-13T18:30:00+00:00
6983,12.938539,77.5901,pm10,25.0,2019-07-13T18:45:00+00:00
6983,12.938539,77.5901,pm10,25.0,2019-07-13T19:00:00+00:00
6983,12.938539,77.5901,pm10,16.0,2019-07-13T19:15:00+00:00
6983,12.938539,77.5901,pm10,16.0,2019-07-13T19:30:00+00:00
6983,12.938539,77.5901,pm10,16.0,2019-07-13T19:45:00+00:00
6983,12.938539,77.5901,pm10,16.0,2019-07-13T20:00:00+00:00
6983,12.938539,77.5901,pm10,15.0,2019-07-13T20:15:00+00:00
6983,12.938539,77.5901,pm10,15.0,2019-07-13T20:30:00+00:00
6983,12.938539,77.5901,pm10,15.0,2019-07-13T21:00:00+00:00
6983,12.938539,77.5901,pm10,19.0,2019-07-13T21:15:00+00:00
6983,12.938539,77.5901,pm10,19.0,2019-07-13T21:30:00+00:00
6983,12.938539,77.5901,pm10,19.0,2019-07-13T21:45:00+00:00
6983,12.938539,77.5901,pm10,19.0,2019-07-13T22:00:00+00:00
6983,12.938539,77.5901,pm10,22.0,2019-07-13T22:15:00+00:00
6983,12.938539,77.5901,pm10,22.0,2019-07-13T22:30:00+00:00
6983,12.938539,77.5901,pm10,22.0,2019-07-13T22:45:00+00:00
6983,12.938539,77.5901,pm10,22.0,2019-07-13T23:00:00+00:00
6983,12.938539,77.5901,pm10,22.0,2019-07-13T23:15:00+00:00
6983,12.938539,77.5901,pm10,22.0,2019-07-13T23:30:00+00:00
6983,12.938539,77.5901,pm10,22.0,2019-07-13T23:45:00+00:00
6983,12.938539,77.5901,pm10,22.0,2019-07-14T00:00:00+00:00
6983,12.938539,77.5901,pm10,25.0,2019-07-14T00:15:00+00:00
6983,12.938539,77.5901,pm10,25.0,2019-07-14T00:30:00+00:00
6983,12.938539,77.5901,pm10,25.0,2019-07-14T00:45:00+00:00
6983,12.938539,77.5901,pm10,25.0,2019-07-14T01:00:00+00:00
6983,12.938539,77.5901,pm10,34.0,2019-07-14T01:15:00+00:00
6983,12.938539,77.5901,pm10,34.0,2019-07-14T01:30:00+00:00
6983,12.938539,77.5901,pm10,34.0,2019-07-14T01:45:00+00:00
6983,12.938539,77.5901,pm10,34.0,2019-07-14T02:00:00+00:00
6983,12.938539,77.5901,pm10,40.0,2019-07-14T02:15:00+00:00
6983,12.938539,77.5901,pm10,40.0,2019-07-14T02:30:00+00:00
6983,12.938539,77.5901,pm10,40.0,2019-07-14T02:45:00+00:00
6983,12.938539,77.5901,pm10,40.0,2019-07-14T03:00:00+00:00
6983,12.938539,77.5901,pm10,33.0,2019-07-14T03:15:00+00:00
6983,12.938539,77.5901,pm10,33.0,2019-07-14T03:30:00+00:00
6983,12.938539,77.5901,pm10,33.0,2019-07-14T03:45:00+00:00
6983,12.938539,77.5901,pm10,33.0,2019-07-14T04:45:00+00:00
6983,12.938539,77.5901,pm10,33.0,2019-07-14T05:00:00+00:00
6983,12.938539,77.5901,pm10,26.0,2019-07-14T05:15:00+00:00
6983,12.938539,77.5901,pm10,26.0,2019-07-14T05:30:00+00:00
6983,12.938539,77.5901,pm10,26.0,2019-07-14T05:45:00+00:00
6983,12.938539,77.5901,pm10,26.0,2019-07-14T06:00:00+00:00
6983,12.938539,77.5901,pm10,24.0,2019-07-14T06:15:00+00:00
6983,12.938539,77.5901,pm10,24.0,2019-07-14T06:30:00+00:00
6983,12.938539,77.5901,pm10,24.0,2019-07-14T06:45:00+00:00
6983,12.938539,77.5901,pm10,24.0,2019-07-14T07:00:00+00:00
6983,12.938539,77.5901,pm10,37.0,2019-07-14T07:15:00+00:00
6983,12.938539,77.5901,pm10,37.0,2019-07-14T07:30:00+00:00
6983,12.938539,77.5901,pm10,37.0,2019-07-14T07:45:00+00:00
6983,12.938539,77.5901,pm10,37.0,2019-07-14T08:00:00+00:00
6983,12.938539,77.5901,pm10,33.0,2019-07-14T08:15:00+00:00
6983,12.938539,77.5901,pm10,33.0,2019-07-14T08:30:00+00:00
6983,12.938539,77.5901,pm10,33.0,2019-07-14T08:45:00+00:00
6983,12.938539,77.5901,pm10,33.0,2019-07-14T09:00:00+00:00
6983,12.938539,77.5901,pm10,39.0,2019-07-14T09:15:00+00:00
6983,12.938539,77.5901,pm10,39.0,2019-07-14T09:30:00+00:00
6983,12.938539,77.5901,pm10,39.0,2019-07-14T09:45:00+00:00
6983,12.938539,77.5901,pm10,39.0,2019-07-14T10:00:00+00:00
6983,12.938539,77.5901,pm10,36.0,2019-07-14T10:15:00+00:00
6983,12.938539,77.5901,pm10,36.0,2019-07-14T10:30:00+00:00
6983,12.938539,77.5901,pm10,36.0,2019-07-14T10:45:00+00:00
6983,12.938539,77.5901,pm10,36.0,2019-07-14T11:00:00+00:00
6983,12.938539,77.5901,pm10,37.0,2019-07-14T11:15:00+00:00
6983,12.938539,77.5901,pm10,37.0,2019-07-14T11:30:00+00:00
6983,12.938539,77.5901,pm10,37.0,2019-07-14T11:45:00+00:00
6983,12.938539,77.5901,pm10,37.0,2019-07-14T12:00:00+00:00
6983,12.938539,77.5901,pm10,42.0,2019-07-14T12:15:00+00:00
6983,12.938539,77.5901,pm10,42.0,2019-07-14T12:30:00+00:00
6983,12.938539,77.5901,pm10,42.0,2019-07-14T12:45:00+00:00
6983,12.938539,77.5901,pm10,42.0,2019-07-14T13:00:00+00:00
6983,12.938539,77.5901,pm10,43.0,2019-07-14T13:15:00+00:00
6983,12.938539,77.5901,pm10,43.0,2019-07-14T13:30:00+00:00
6983,12.938539,77.5901,pm10,43.0,2019-07-14T13:45:00+00:00
6983,12.938539,77.5901,pm10,43.0,2019-07-14T14:00:00+00:00
6983,12.938539,77.5901,pm10,29.0,2019-07-14T14:15:00+00:00
6983,12.938539,77.5901,pm10,29.0,2019-07-14T14:30:00+00:00
6983,12.938539,77.5901,pm10,29.0,2019-07-14T14:45:00+00:00
6983,12.938539,77.5901,pm10,29.0,2019-07-14T15:00:00+00:00
6983,12.938539,77.5901,pm10,20.0,2019-07-14T15:15:00+00:00
6983,12.938539,77.5901,pm10,20.0,2019-07-14T15:30:00+00:00
6983,12.938539,77.5901,pm10,20.0,2019-07-14T15:45:00+00:00
6983,12.938539,77.5901,pm10,20.0,2019-07-14T16:00:00+00:00
6983,12.938539,77.5901,pm10,19.0,2019-07-14T16:15:00+00:00
6983,12.938539,77.5901,pm10,19.0,2019-07-14T16:30:00+00:00
6983,12.938539,77.5901,pm10,19.0,2019-07-14T16:45:00+00:00
6983,12.938539,77.5901,pm10,19.0,2019-07-14T17:00:00+00:00
6983,12.938539,77.5901,pm10,20.0,2019-07-14T17:15:00+00:00
6983,12.938539,77.5901,pm10,20.0,2019-07-14T17:30:00+00:00
6983,12.938539,77.5901,pm10,20.0,2019-07-14T17:45:00+00:00
6983,12.938539,77.5901,pm10,20.0,2019-07-14T18:00:00+00:00
6983,12.938539,77.5901,pm10,20.0,2019-07-14T18:15:00+00:00
6983,12.938539,77.5901,pm10,20.0,2019-07-14T18:30:00+00:00
6983,12.938539,77.5901,pm25,8.0,2019-07-13T18:45:00+00:00
6983,12.938539,77.5901,pm25,8.0,2019-07-13T19:00:00+00:00
6983,12.938539,77.5901,pm25,4.0,2019-07-13T19:15:00+00:00
6983,12.938539,77.5901,pm25,4.0,2019-07-13T19:30:00+00:00
6983,12.938539,77.5901,pm25,4.0,2019-07-13T19:45:00+00:00
6983,12.938539,77.5901,pm25,4.0,2019-07-13T20:00:00+00:00
6983,12.938539,77.5901,pm25,3.0,2019-07-13T20:15:00+00:00
6983,12.938539,77.5901,pm25,3.0,2019-07-13T20:30:00+00:00
6983,12.938539,77.5901,pm25,3.0,2019-07-13T21:00:00+00:00
6983,12.938539,77.5901,pm25,4.0,2019-07-13T21:15:00+00:00
6983,12.938539,77.5901,pm25,4.0,2019-07-13T21:30:00+00:00
6983,12.938539,77.5901,pm25,4.0,2019-07-13T21:45:00+00:00
6983,12.938539,77.5901,pm25,4.0,2019-07-13T22:00:00+00:00
6983,12.938539,77.5901,pm25,5.0,2019-07-13T22:15:00+00:00
6983,12.938539,77.5901,pm25,5.0,2019-07-13T22:30:00+00:00
6983,12.938539,77.5901,pm25,5.0,2019-07-13T22:45:00+00:00
6983,12.938539,77.5901,pm25,5.0,2019-07-13T23:00:00+00:00
6983,12.938539,77.5901,pm25,9.0,2019-07-13T23:15:00+00:00
6983,12.938539,77.5901,pm25,9.0,2019-07-13T23:30:00+00:00
6983,12.938539,77.5901,pm25,9.0,2019-07-13T23:45:00+00:00
6983,12.938539,77.5901,pm25,9.0,2019-07-14T00:00:00+00:00
6983,12.938539,77.5901,pm25,8.0,2019-07-14T00:15:00+00:00
6983,12.938539,77.5901,pm25,8.0,2019-07-14T00:30:00+00:00
6983,12.938539,77.5901,pm25,8.0,2019-07-14T00:45:00+00:00
6983,12.938539,77.5901,pm25,8.0,2019-07-14T01:00:00+00:00
6983,12.938539,77.5901,pm25,10.0,2019-07-14T01:15:00+00:00
6983,12.938539,77.5901,pm25,10.0,2019-07-14T01:30:00+00:00
6983,12.938539,77.5901,pm25,10.0,2019-07-14T01:45:00+00:00
6983,12.938539,77.5901,pm25,10.0,2019-07-14T02:00:00+00:00
6983,12.938539,77.5901,pm25,10.0,2019-07-14T02:15:00+00:00
6983,12.938539,77.5901,pm25,10.0,2019-07-14T02:30:00+00:00
6983,12.938539,77.5901,pm25,10.0,2019-07-14T02:45:00+00:00
6983,12.938539,77.5901,pm25,10.0,2019-07-14T03:00:00+00:00
6983,12.938539,77.5901,pm25,10.0,2019-07-14T03:15:00+00:00
6983,12.938539,77.5901,pm25,10.0,2019-07-14T03:30:00+00:00
6983,12.938539,77.5901,pm25,10.0,2019-07-14T03:45:00+00:00
6983,12.938539,77.5901,pm25,12.0,2019-07-14T04:45:00+00:00
6983,12.938539,77.5901,pm25,12.0,2019-07-14T05:00:00+00:00
6983,12.938539,77.5901,pm25,10.0,2019-07-14T05:15:00+00:00
6983,12.938539,77.5901,pm25,10.0,2019-07-14T05:30:00+00:00
6983,12.938539,77.5901,pm25,10.0,2019-07-14T05:45:00+00:00
6983,12.938539,77.5901,pm25,10.0,2019-07-14T06:00:00+00:00
6983,12.938539,77.5901,pm25,10.0,2019-07-14T06:15:00+00:00
6983,12.938539,77.5901,pm25,10.0,2019-07-14T06:30:00+00:00
6983,12.938539,77.5901,pm25,10.0,2019-07-14T06:45:00+00:00
6983,12.938539,77.5901,pm25,10.0,2019-07-14T07:00:00+00:00
6983,12.938539,77.5901,pm25,15.0,2019-07-14T07:15:00+00:00
6983,12.938539,77.5901,pm25,15.0,2019-07-14T07:30:00+00:00
6983,12.938539,77.5901,pm25,15.0,2019-07-14T07:45:00+00:00
6983,12.938539,77.5901,pm25,15.0,2019-07-14T08:00:00+00:00
6983,12.938539,77.5901,pm25,14.0,2019-07-14T08:15:00+00:00
6983,12.938539,77.5901,pm25,14.0,2019-07-14T08:30:00+00:00
6983,12.938539,77.5901,pm25,14.0,2019-07-14T08:45:00+00:00
6983,12.938539,77.5901,pm25,14.0,2019-07-14T09:00:00+00:00
6983,12.938539,77.5901,pm25,16.0,2019-07-14T09:15:00+00:00
6983,12.938539,77.5901,pm25,16.0,2019-07-14T09:30:00+00:00
6983,12.938539,77.5901,pm25,16.0,2019-07-14T09:45:00+00:00
6983,12.938539,77.5901,pm25,16.0,2019-07-14T10:00:00+00:00
6983,12.938539,77.5901,pm25,13.0,2019-07-14T10:15:00+00:00
6983,12.938539,77.5901,pm25,13.0,2019-07-14T10:30:00+00:00
6983,12.938539,77.5901,pm25,13.0,2019-07-14T10:45:00+00:00
6983,12.938539,77.5901,pm25,13.0,2019-07-14T11:00:00+00:00
6983,12.938539,77.5901,pm25,10.0,2019-07-14T11:15:00+00:00
6983,12.938539,77.5901,pm25,10.0,2019-07-14T11:30:00+00:00
6983,12.938539,77.5901,pm25,10.0,2019-07-14T11:45:00+00:00
6983,12.938539,77.5901,pm25,10.0,2019-07-14T12:00:00+00:00
6983,12.938539,77.5901,pm25,8.0,2019-07-14T12:15:00+00:00
6983,12.938539,77.5901,pm25,8.0,2019-07-14T12:30:00+00:00
6983,12.938539,77.5901,pm25,8.0,2019-07-14T12:45:00+00:00
6983,12.938539,77.5901,pm25,8.0,2019-07-14T13:00:00+00:00
6983,12.938539,77.5901,pm25,16.0,2019-07-14T13:15:00+00:00
6983,12.938539,77.5901,pm25,16.0,2019-07-14T13:30:00+00:00
6983,12.938539,77.5901,pm25,16.0,2019-07-14T13:45:00+00:00
6983,12.938539,77.5901,pm25,16.0,2019-07-14T14:00:00+00:00
6983,12.938539,77.5901,pm25,8.0,2019-07-14T14:15:00+00:00
6983,12.938539,77.5901,pm25,8.0,2019-07-14T14:30:00+00:00
6983,12.938539,77.5901,pm25,8.0,2019-07-14T14:45:00+00:00
6983,12.938539,77.5901,pm25,8.0,2019-07-14T15:00:00+00:00
6983,12.938539,77.5901,pm25,10.0,2019-07-14T15:15:00+00:00
6983,12.938539,77.5901,pm25,10.0,2019-07-14T15:30:00+00:00
6983,12.938539,77.5901,pm25,10.0,2019-07-14T15:45:00+00:00
6983,12.938539,77.5901,pm25,10.0,2019-07-14T16:00:00+00:00
6983,12.938539,77.5901,pm25,8.0,2019-07-14T16:15:00+00:00
6983,12.938539,77.5901,pm25,8.0,2019-07-14T16:30:00+00:00
6983,12.938539,77.5901,pm25,8.0,2019-07-14T16:45:00+00:00
6983,12.938539,77.5901,pm25,8.0,2019-07-14T17:00:00+00:00
6983,12.938539,77.5901,pm25,7.0,2019-07-14T17:15:00+00:00
6983,12.938539,77.5901,pm25,7.0,2019-07-14T17:30:00+00:00
6983,12.938539,77.5901,pm25,7.0,2019-07-14T17:45:00+00:00
6983,12.938539,77.5901,pm25,7.0,2019-07-14T18:00:00+00:00
6983,12.938539,77.5901,pm25,7.0,2019-07-14T18:15:00+00:00
6983,12.938539,77.5901,pm25,7.0,2019-07-14T18:30:00+00:00
6983,12.938539,77.5901,co,0.3,2019-07-13T18:45:00+00:00
6983,12.938539,77.5901,co,0.24,2019-07-13T19:00:00+00:00
6983,12.938539,77.5901,co,0.25,2019-07-13T19:15:00+00:00
6983,12.938539,77.5901,co,0.23,2019-07-13T19:30:00+00:00
6983,12.938539,77.5901,co,0.21,2019-07-13T19:45:00+00:00
6983,12.938539,77.5901,co,0.22,2019-07-13T20:00:00+00:00
6983,12.938539,77.5901,co,0.23,2019-07-13T20:15:00+00:00
6983,12.938539,77.5901,co,0.19,2019-07-13T20:30:00+00:00
6983,12.938539,77.5901,co,0.21,2019-07-13T21:00:00+00:00
6983,12.938539,77.5901,co,0.23,2019-07-13T21:15:00+00:00
6983,12.938539,77.5901,co,0.22,2019-07-13T21:30:00+00:00
6983,12.938539,77.5901,co,0.22,2019-07-13T21:45:00+00:00
6983,12.938539,77.5901,co,0.19,2019-07-13T22:00:00+00:00
6983,12.938539,77.5901,co,0.25,2019-07-13T23:15:00+00:00
6983,12.938539,77.5901,co,0.26,2019-07-13T23:30:00+00:00
6983,12.938539,77.5901,co,0.27,2019-07-13T23:45:00+00:00
6983,12.938539,77.5901,co,0.27,2019-07-14T00:00:00+00:00
6983,12.938539,77.5901,co,0.29,2019-07-14T00:15:00+00:00
6983,12.938539,77.5901,co,0.31,2019-07-14T00:30:00+00:00
6983,12.938539,77.5901,co,0.32,2019-07-14T00:45:00+00:00
6983,12.938539,77.5901,co,0.37,2019-07-14T01:00:00+00:00
6983,12.938539,77.5901,co,0.4,2019-07-14T01:15:00+00:00
6983,12.938539,77.5901,co,0.41,2019-07-14T01:30:00+00:00
6983,12.938539,77.5901,co,0.37,2019-07-14T01:45:00+00:00
6983,12.938539,77.5901,co,0.4,2019-07-14T02:00:00+00:00
6983,12.938539,77.5901,co,0.39,2019-07-14T02:15:00+00:00
6983,12.938539,77.5901,co,0.38,2019-07-14T02:30:00+00:00
6983,12.938539,77.5901,co,0.37,2019-07-14T02:45:00+00:00
6983,12.938539,77.5901,co,0.33,2019-07-14T03:00:00+00:00
6983,12.938539,77.5901,co,0.39,2019-07-14T03:15:00+00:00
6983,12.938539,77.5901,co,0.38,2019-07-14T03:30:00+00:00
6983,12.938539,77.5901,co,0.34,2019-07-14T03:45:00+00:00
6983,12.938539,77.5901,co,0.3,2019-07-14T04:45:00+00:00
6983,12.938539,77.5901,co,0.3,2019-07-14T05:00:00+00:00
6983,12.938539,77.5901,co,0.33,2019-07-14T05:15:00+00:00
6983,12.938539,77.5901,co,0.29,2019-07-14T05:30:00+00:00
6983,12.938539,77.5901,co,0.25,2019-07-14T05:45:00+00:00
6983,12.938539,77.5901,co,0.3,2019-07-14T06:00:00+00:00
6983,12.938539,77.5901,co,0.29,2019-07-14T06:15:00+00:00
6983,12.938539,77.5901,co,0.31,2019-07-14T06:30:00+00:00
6983,12.938539,77.5901,co,0.24,2019-07-14T06:45:00+00:00
6983,12.938539,77.5901,co,0.3,2019-07-14T07:00:00+00:00
6983,12.938539,77.5901,co,0.24,2019-07-14T07:15:00+00:00
6983,12.938539,77.5901,co,0.33,2019-07-14T07:30:00+00:00
6983,12.938539,77.5901,co,0.32,2019-07-14T07:45:00+00:00
6983,12.938539,77.5901,co,0.32,2019-07-14T08:00:00+00:00
6983,12.938539,77.5901,co,0.31,2019-07-14T08:15:00+00:00
6983,12.938539,77.5901,co,0.27,2019-07-14T08:30:00+00:00
6983,12.938539,77.5901,co,0.29,2019-07-14T08:45:00+00:00
6983,12.938539,77.5901,co,0.27,2019-07-14T09:00:00+00:00
6983,12.938539,77.5901,co,0.27,2019-07-14T09:15:00+00:00
6983,12.938539,77.5901,co,0.27,2019-07-14T09:30:00+00:00
6983,12.938539,77.5901,co,0.26,2019-07-14T09:45:00+00:00
6983,12.938539,77.5901,co,0.25,2019-07-14T10:00:00+00:00
6983,12.938539,77.5901,co,0.26,2019-07-14T10:15:00+00:00
6983,12.938539,77.5901,co,0.27,2019-07-14T10:30:00+00:00
6983,12.938539,77.5901,co,0.29,2019-07-14T10:45:00+00:00
6983,12.938539,77.5901,co,0.29,2019-07-14T11:00:00+00:00
6983,12.938539,77.5901,co,0.21,2019-07-14T11:15:00+00:00
6983,12.938539,77.5901,co,0.25,2019-07-14T11:30:00+00:00
6983,12.938539,77.5901,co,0.27,2019-07-14T11:45:00+00:00
6983,12.938539,77.5901,co,0.27,2019-07-14T12:00:00+00:00
6983,12.938539,77.5901,co,0.35,2019-07-14T12:15:00+00:00
6983,12.938539,77.5901,co,0.4,2019-07-14T12:30:00+00:00
6983,12.938539,77.5901,co,0.4,2019-07-14T12:45:00+00:00
6983,12.938539,77.5901,co,0.38,2019-07-14T13:00:00+00:00
6983,12.938539,77.5901,co,0.45,2019-07-14T13:15:00+00:00
6983,12.938539,77.5901,co,0.37,2019-07-14T13:30:00+00:00
6983,12.938539,77.5901,co,0.32,2019-07-14T13:45:00+00:00
6983,12.938539,77.5901,co,0.35,2019-07-14T14:00:00+00:00
6983,12.938539,77.5901,co,0.37,2019-07-14T14:15:00+00:00
6983,12.938539,77.5901,co,0.33,2019-07-14T14:30:00+00:00
6983,12.938539,77.5901,co,0.34,2019-07-14T14:45:00+00:00
6983,12.938539,77.5901,co,0.33,2019-07-14T15:00:00+00:00
6983,12.938539,77.5901,co,0.41,2019-07-14T15:15:00+00:00
6983,12.938539,77.5901,co,0.45,2019-07-14T15:30:00+00:00
6983,12.938539,77.5901,co,0.41,2019-07-14T15:45:00+00:00
6983,12.938539,77.5901,co,0.38,2019-07-14T16:00:00+00:00
6983,12.938539,77.5901,co,0.41,2019-07-14T16:15:00+00:00
6983,12.938539,77.5901,co,0.41,2019-07-14T16:30:00+00:00
6983,12.938539,77.5901,co,0.37,2019-07-14T16:45:00+00:00
6983,12.938539,77.5901,co,0.37,2019-07-14T17:00:00+00:00
6983,12.938539,77.5901,co,0.37,2019-07-14T17:15:00+00:00
6983,12.938539,77.5901,co,0.34,2019-07-14T17:30:00+00:00
6983,12.938539,77.5901,co,0.33,2019-07-14T17:45:00+00:00
6983,12.938539,77.5901,co,0.35,2019-07-14T18:00:00+00:00
6983,12.938539,77.5901,co,0.3,2019-07-14T18:30:00+00:00
6983,12.938539,77.5901,no2,7.5,2019-07-13T18:45:00+00:00
6983,12.938539,77.5901,no2,6.0,2019-07-13T19:00:00+00:00
6983,12.938539,77.5901,no2,5.1,2019-07-13T19:15:00+00:00
6983,12.938539,77.5901,no2,4.3,2019-07-13T19:30:00+00:00
6983,12.938539,77.5901,no2,3.8,2019-07-13T19:45:00+00:00
6983,12.938539,77.5901,no2,3.6,2019-07-13T20:00:00+00:00
6983,12.938539,77.5901,no2,2.8,2019-07-13T20:15:00+00:00
6983,12.938539,77.5901,no2,2.3,2019-07-13T20:30:00+00:00
6983,12.938539,77.5901,no2,3.2,2019-07-13T21:00:00+00:00
6983,12.938539,77.5901,no2,3.2,2019-07-13T21:15:00+00:00
6983,12.938539,77.5901,no2,3.2,2019-07-13T21:30:00+00:00
6983,12.938539,77.5901,no2,3.0,2019-07-13T21:45:00+00:00
6983,12.938539,77.5901,no2,2.8,2019-07-13T22:00:00+00:00
6983,12.938539,77.5901,no2,3.4,2019-07-13T22:15:00+00:00
6983,12.938539,77.5901,no2,3.2,2019-07-13T22:30:00+00:00
6983,12.938539,77.5901,no2,3.2,2019-07-13T22:45:00+00:00
6983,12.938539,77.5901,no2,3.2,2019-07-13T23:00:00+00:00
6983,12.938539,77.5901,no2,5.1,2019-07-14T00:15:00+00:00
6983,12.938539,77.5901,no2,5.3,2019-07-14T00:30:00+00:00
6983,12.938539,77.5901,no2,6.4,2019-07-14T00:45:00+00:00
6983,12.938539,77.5901,no2,6.4,2019-07-14T01:00:00+00:00
6983,12.938539,77.5901,no2,6.4,2019-07-14T01:15:00+00:00
6983,12.938539,77.5901,no2,6.4,2019-07-14T01:30:00+00:00
6983,12.938539,77.5901,no2,6.0,2019-07-14T01:45:00+00:00
6983,12.938539,77.5901,no2,6.0,2019-07-14T02:00:00+00:00
6983,12.938539,77.5901,no2,5.5,2019-07-14T02:15:00+00:00
6983,12.938539,77.5901,no2,5.3,2019-07-14T02:30:00+00:00
6983,12.938539,77.5901,no2,5.3,2019-07-14T02:45:00+00:00
6983,12.938539,77.5901,no2,4.9,2019-07-14T03:00:00+00:00
6983,12.938539,77.5901,no2,5.3,2019-07-14T03:15:00+00:00
6983,12.938539,77.5901,no2,5.6,2019-07-14T03:30:00+00:00
6983,12.938539,77.5901,no2,5.5,2019-07-14T03:45:00+00:00
6983,12.938539,77.5901,no2,4.5,2019-07-14T04:45:00+00:00
6983,12.938539,77.5901,no2,4.3,2019-07-14T05:00:00+00:00
6983,12.938539,77.5901,no2,4.1,2019-07-14T05:15:00+00:00
6983,12.938539,77.5901,no2,3.9,2019-07-14T05:30:00+00:00
6983,12.938539,77.5901,no2,4.1,2019-07-14T05:45:00+00:00
6983,12.938539,77.5901,no2,4.5,2019-07-14T06:00:00+00:00
6983,12.938539,77.5901,no2,4.7,2019-07-14T06:15:00+00:00
6983,12.938539,77.5901,no2,4.7,2019-07-14T06:30:00+00:00
6983,12.938539,77.5901,no2,4.3,2019-07-14T06:45:00+00:00
6983,12.938539,77.5901,no2,4.1,2019-07-14T07:00:00+00:00
6983,12.938539,77.5901,no2,3.9,2019-07-14T07:15:00+00:00
6983,12.938539,77.5901,no2,3.9,2019-07-14T07:30:00+00:00
6983,12.938539,77.5901,no2,4.1,2019-07-14T07:45:00+00:00
6983,12.938539,77.5901,no2,3.9,2019-07-14T08:00:00+00:00
6983,12.938539,77.5901,no2,3.8,2019-07-14T08:15:00+00:00
6983,12.938539,77.5901,no2,3.2,2019-07-14T08:30:00+00:00
6983,12.938539,77.5901,no2,2.8,2019-07-14T08:45:00+00:00
6983,12.938539,77.5901,no2,3.2,2019-07-14T09:00:00+00:00
6983,12.938539,77.5901,no2,3.4,2019-07-14T09:15:00+00:00
6983,12.938539,77.5901,no2,3.2,2019-07-14T09:30:00+00:00
6983,12.938539,77.5901,no2,3.2,2019-07-14T09:45:00+00:00
6983,12.938539,77.5901,no2,3.4,2019-07-14T10:00:00+00:00
6983,12.938539,77.5901,no2,3.6,2019-07-14T10:15:00+00:00
6983,12.938539,77.5901,no2,3.8,2019-07-14T10:30:00+00:00
6983,12.938539,77.5901,no2,3.9,2019-07-14T10:45:00+00:00
6983,12.938539,77.5901,no2,4.3,2019-07-14T11:00:00+00:00
6983,12.938539,77.5901,no2,5.1,2019-07-14T11:15:00+00:00
6983,12.938539,77.5901,no2,5.5,2019-07-14T11:30:00+00:00
6983,12.938539,77.5901,no2,5.8,2019-07-14T11:45:00+00:00
6983,12.938539,77.5901,no2,6.8,2019-07-14T12:00:00+00:00
6983,12.938539,77.5901,no2,7.7,2019-07-14T12:15:00+00:00
6983,12.938539,77.5901,no2,9.6,2019-07-14T12:30:00+00:00
6983,12.938539,77.5901,no2,11.1,2019-07-14T12:45:00+00:00
6983,12.938539,77.5901,no2,11.7,2019-07-14T13:00:00+00:00
6983,12.938539,77.5901,no2,12.6,2019-07-14T13:15:00+00:00
6983,12.938539,77.5901,no2,10.5,2019-07-14T13:30:00+00:00
6983,12.938539,77.5901,no2,8.5,2019-07-14T13:45:00+00:00
6983,12.938539,77.5901,no2,8.8,2019-07-14T14:00:00+00:00
6983,12.938539,77.5901,no2,10.2,2019-07-14T14:15:00+00:00
6983,12.938539,77.5901,no2,9.2,2019-07-14T14:30:00+00:00
6983,12.938539,77.5901,no2,8.8,2019-07-14T14:45:00+00:00
6983,12.938539,77.5901,no2,9.0,2019-07-14T15:00:00+00:00
6983,12.938539,77.5901,no2,9.8,2019-07-14T15:15:00+00:00
6983,12.938539,77.5901,no2,10.5,2019-07-14T15:30:00+00:00
6983,12.938539,77.5901,no2,11.5,2019-07-14T15:45:00+00:00
6983,12.938539,77.5901,no2,10.2,2019-07-14T16:00:00+00:00
6983,12.938539,77.5901,no2,10.2,2019-07-14T16:15:00+00:00
6983,12.938539,77.5901,no2,10.3,2019-07-14T16:30:00+00:00
6983,12.938539,77.5901,no2,9.6,2019-07-14T16:45:00+00:00
6983,12.938539,77.5901,no2,9.0,2019-07-14T17:00:00+00:00
6983,12.938539,77.5901,no2,8.8,2019-07-14T17:15:00+00:00
6983,12.938539,77.5901,no2,8.8,2019-07-14T17:30:00+00:00
6983,12.938539,77.5901,no2,8.6,2019-07-14T17:45:00+00:00
6983,12.938539,77.5901,no2,8.6,2019-07-14T18:00:00+00:00
6983,12.938539,77.5901,no2,8.1,2019-07-14T18:15:00+00:00
6983,12.938539,77.5901,no2,7.1,2019-07-14T18:30:00+00:00
6983,12.938539,77.5901,so2,1.6,2019-07-13T18:45:00+00:00
6983,12.938539,77.5901,so2,1.7,2019-07-13T19:00:00+00:00
6983,12.938539,77.5901,so2,2.5,2019-07-13T19:15:00+00:00
6983,12.938539,77.5901,so2,2.5,2019-07-13T19:30:00+00:00
6983,12.938539,77.5901,so2,2.4,2019-07-13T19:45:00+00:00
6983,12.938539,77.5901,so2,2.1,2019-07-13T20:00:00+00:00
6983,12.938539,77.5901,so2,2.1,2019-07-13T20:15:00+00:00
6983,12.938539,77.5901,so2,2.1,2019-07-13T20:30:00+00:00
6983,12.938539,77.5901,so2,2.1,2019-07-13T21:00:00+00:00
6983,12.938539,77.5901,so2,2.0,2019-07-13T21:15:00+00:00
6983,12.938539,77.5901,so2,2.0,2019-07-13T21:30:00+00:00
6983,12.938539,77.5901,so2,2.0,2019-07-13T21:45:00+00:00
6983,12.938539,77.5901,so2,1.8,2019-07-13T22:00:00+00:00
6983,12.938539,77.5901,so2,2.1,2019-07-13T22:15:00+00:00
6983,12.938539,77.5901,so2,2.0,2019-07-13T22:30:00+00:00
6983,12.938539,77.5901,so2,2.0,2019-07-13T22:45:00+00:00
6983,12.938539,77.5901,so2,2.0,2019-07-13T23:00:00+00:00
6983,12.938539,77.5901,so2,1.7,2019-07-13T23:15:00+00:00
6983,12.938539,77.5901,so2,2.2,2019-07-13T23:30:00+00:00
6983,12.938539,77.5901,so2,2.1,2019-07-13T23:45:00+00:00
6983,12.938539,77.5901,so2,1.9,2019-07-14T00:00:00+00:00
6983,12.938539,77.5901,so2,2.2,2019-07-14T01:00:00+00:00
6983,12.938539,77.5901,so2,2.1,2019-07-14T01:15:00+00:00
6983,12.938539,77.5901,so2,1.8,2019-07-14T01:30:00+00:00
6983,12.938539,77.5901,so2,1.7,2019-07-14T01:45:00+00:00
6983,12.938539,77.5901,so2,1.9,2019-07-14T02:00:00+00:00
6983,12.938539,77.5901,so2,1.9,2019-07-14T02:15:00+00:00
6983,12.938539,77.5901,so2,2.0,2019-07-14T02:30:00+00:00
6983,12.938539,77.5901,so2,2.2,2019-07-14T02:45:00+00:00
6983,12.938539,77.5901,so2,2.0,2019-07-14T03:00:00+00:00
6983,12.938539,77.5901,so2,2.4,2019-07-14T03:15:00+00:00
6983,12.938539,77.5901,so2,2.3,2019-07-14T03:30:00+00:00
6983,12.938539,77.5901,so2,2.5,2019-07-14T03:45:00+00:00
6983,12.938539,77.5901,so2,1.8,2019-07-14T04:45:00+00:00
6983,12.938539,77.5901,so2,2.1,2019-07-14T05:00:00+00:00
6983,12.938539,77.5901,so2,2.1,2019-07-14T05:15:00+00:00
6983,12.938539,77.5901,so2,2.0,2019-07-14T05:30:00+00:00
6983,12.938539,77.5901,so2,2.1,2019-07-14T05:45:00+00:00
6983,12.938539,77.5901,so2,2.1,2019-07-14T06:00:00+00:00
6983,12.938539,77.5901,so2,2.0,2019-07-14T06:15:00+00:00
6983,12.938539,77.5901,so2,2.2,2019-07-14T06:30:00+00:00
6983,12.938539,77.5901,so2,1.9,2019-07-14T06:45:00+00:00
6983,12.938539,77.5901,so2,1.9,2019-07-14T07:00:00+00:00
6983,12.938539,77.5901,so2,2.0,2019-07-14T07:15:00+00:00
6983,12.938539,77.5901,so2,2.4,2019-07-14T07:30:00+00:00
6983,12.938539,77.5901,so2,2.1,2019-07-14T07:45:00+00:00
6983,12.938539,77.5901,so2,2.0,2019-07-14T08:00:00+00:00
6983,12.938539,77.5901,so2,1.9,2019-07-14T08:15:00+00:00
6983,12.938539,77.5901,so2,2.0,2019-07-14T08:30:00+00:00
6983,12.938539,77.5901,so2,1.8,2019-07-14T08:45:00+00:00
6983,12.938539,77.5901,so2,1.8,2019-07-14T09:00:00+00:00
6983,12.938539,77.5901,so2,1.8,2019-07-14T09:15:00+00:00
6983,12.938539,77.5901,so2,1.7,2019-07-14T09:30:00+00:00
6983,12.938539,77.5901,so2,1.7,2019-07-14T09:45:00+00:00
6983,12.938539,77.5901,so2,1.5,2019-07-14T10:00:00+00:00
6983,12.938539,77.5901,so2,1.6,2019-07-14T10:15:00+00:00
6983,12.938539,77.5901,so2,1.5,2019-07-14T10:30:00+00:00
6983,12.938539,77.5901,so2,1.7,2019-07-14T10:45:00+00:00
6983,12.938539,77.5901,so2,1.7,2019-07-14T11:00:00+00:00
6983,12.938539,77.5901,so2,1.8,2019-07-14T11:15:00+00:00
6983,12.938539,77.5901,so2,2.1,2019-07-14T11:30:00+00:00
6983,12.938539,77.5901,so2,2.6,2019-07-14T11:45:00+00:00
6983,12.938539,77.5901,so2,2.5,2019-07-14T12:00:00+00:00
6983,12.938539,77.5901,so2,2.3,2019-07-14T12:15:00+00:00
6983,12.938539,77.5901,so2,2.2,2019-07-14T12:30:00+00:00
6983,12.938539,77.5901,so2,2.1,2019-07-14T12:45:00+00:00
6983,12.938539,77.5901,so2,1.8,2019-07-14T13:00:00+00:00
6983,12.938539,77.5901,so2,2.2,2019-07-14T13:15:00+00:00
6983,12.938539,77.5901,so2,2.0,2019-07-14T13:30:00+00:00
6983,12.938539,77.5901,so2,2.0,2019-07-14T13:45:00+00:00
6983,12.938539,77.5901,so2,1.8,2019-07-14T14:00:00+00:00
6983,12.938539,77.5901,so2,1.9,2019-07-14T14:15:00+00:00
6983,12.938539,77.5901,so2,2.0,2019-07-14T14:30:00+00:00
6983,12.938539,77.5901,so2,2.1,2019-07-14T14:45:00+00:00
6983,12.938539,77.5901,so2,2.1,2019-07-14T15:00:00+00:00
6983,12.938539,77.5901,so2,2.0,2019-07-14T15:15:00+00:00
6983,12.938539,77.5901,so2,2.6,2019-07-14T15:30:00+00:00
6983,12.938539,77.5901,so2,2.1,2019-07-14T15:45:00+00:00
6983,12.938539,77.5901,so2,1.8,2019-07-14T16:00:00+00:00
6983,12.938539,77.5901,so2,1.9,2019-07-14T16:15:00+00:00
6983,12.938539,77.5901,so2,1.9,2019-07-14T16:30:00+00:00
6983,12.938539,77.5901,so2,1.7,2019-07-14T16:45:00+00:00
6983,12.938539,77.5901,so2,1.6,2019-07-14T17:00:00+00:00
6983,12.938539,77.5901,so2,1.9,2019-07-14T17:15:00+00:00
6983,12.938539,77.5901,so2,1.8,2019-07-14T17:30:00+00:00
6983,12.938539,77.5901,so2,1.8,2019-07-14T17:45:00+00:00
6983,12.938539,77.5901,so2,1.8,2019-07-14T18:00:00+00:00
6983,12.938539,77.5901,so2,1.4,2019-07-14T18:30:00+00:00
6983,12.938539,77.5901,pm10,20.0,2019-07-14T18:45:00+00:00
6983,12.938539,77.5901,pm10,20.0,2019-07-14T19:00:00+00:00
6983,12.938539,77.5901,pm10,16.0,2019-07-14T19:15:00+00:00
6983,12.938539,77.5901,pm10,16.0,2019-07-14T19:30:00+00:00
6983,12.938539,77.5901,pm10,16.0,2019-07-14T19:45:00+00:00
6983,12.938539,77.5901,pm10,16.0,2019-07-14T20:00:00+00:00
6983,12.938539,77.5901,pm10,19.0,2019-07-14T20:15:00+00:00
6983,12.938539,77.5901,pm10,19.0,2019-07-14T20:30:00+00:00
6983,12.938539,77.5901,pm10,19.0,2019-07-14T20:45:00+00:00
6983,12.938539,77.5901,pm10,19.0,2019-07-14T21:00:00+00:00
6983,12.938539,77.5901,pm10,20.0,2019-07-14T21:15:00+00:00
6983,12.938539,77.5901,pm10,20.0,2019-07-14T21:30:00+00:00
6983,12.938539,77.5901,pm10,20.0,2019-07-14T21:45:00+00:00
6983,12.938539,77.5901,pm10,20.0,2019-07-14T22:00:00+00:00
6983,12.938539,77.5901,pm10,27.0,2019-07-14T22:15:00+00:00
6983,12.938539,77.5901,pm10,27.0,2019-07-14T22:30:00+00:00
6983,12.938539,77.5901,pm10,27.0,2019-07-14T22:45:00+00:00
6983,12.938539,77.5901,pm10,27.0,2019-07-14T23:00:00+00:00
6983,12.938539,77.5901,pm10,26.0,2019-07-14T23:15:00+00:00
6983,12.938539,77.5901,pm10,26.0,2019-07-14T23:30:00+00:00
6983,12.938539,77.5901,pm10,26.0,2019-07-14T23:45:00+00:00
6983,12.938539,77.5901,pm10,26.0,2019-07-15T00:00:00+00:00
6983,12.938539,77.5901,pm10,24.0,2019-07-15T00:15:00+00:00
6983,12.938539,77.5901,pm10,24.0,2019-07-15T00:30:00+00:00
6983,12.938539,77.5901,pm10,24.0,2019-07-15T00:45:00+00:00
6983,12.938539,77.5901,pm10,24.0,2019-07-15T01:00:00+00:00
6983,12.938539,77.5901,pm10,25.0,2019-07-15T01:15:00+00:00
6983,12.938539,77.5901,pm10,25.0,2019-07-15T01:30:00+00:00
6983,12.938539,77.5901,pm10,25.0,2019-07-15T01:45:00+00:00
6983,12.938539,77.5901,pm10,25.0,2019-07-15T02:00:00+00:00
6983,12.938539,77.5901,pm10,32.0,2019-07-15T02:15:00+00:00
6983,12.938539,77.5901,pm10,32.0,2019-07-15T02:30:00+00:00
6983,12.938539,77.5901,pm10,32.0,2019-07-15T02:45:00+00:00
6983,12.938539,77.5901,pm10,32.0,2019-07-15T03:00:00+00:00
6983,12.938539,77.5901,pm10,36.0,2019-07-15T03:15:00+00:00
6983,12.938539,77.5901,pm10,36.0,2019-07-15T03:30:00+00:00
6983,12.938539,77.5901,pm10,36.0,2019-07-15T03:45:00+00:00
6983,12.938539,77.5901,pm10,36.0,2019-07-15T04:00:00+00:00
6983,12.938539,77.5901,pm10,36.0,2019-07-15T04:15:00+00:00
6983,12.938539,77.5901,pm10,36.0,2019-07-15T04:30:00+00:00
6983,12.938539,77.5901,pm10,36.0,2019-07-15T04:45:00+00:00
6983,12.938539,77.5901,pm10,36.0,2019-07-15T05:00:00+00:00
6983,12.938539,77.5901,pm10,35.0,2019-07-15T05:15:00+00:00
6983,12.938539,77.5901,pm10,35.0,2019-07-15T05:30:00+00:00
6983,12.938539,77.5901,pm10,35.0,2019-07-15T05:45:00+00:00
6983,12.938539,77.5901,pm10,35.0,2019-07-15T06:00:00+00:00
6983,12.938539,77.5901,pm10,30.0,2019-07-15T06:15:00+00:00
6983,12.938539,77.5901,pm10,30.0,2019-07-15T06:30:00+00:00
6983,12.938539,77.5901,pm10,30.0,2019-07-15T06:45:00+00:00
6983,12.938539,77.5901,pm10,30.0,2019-07-15T07:00:00+00:00
6983,12.938539,77.5901,pm10,35.0,2019-07-15T07:15:00+00:00
6983,12.938539,77.5901,pm10,35.0,2019-07-15T07:30:00+00:00
6983,12.938539,77.5901,pm10,35.0,2019-07-15T07:45:00+00:00
6983,12.938539,77.5901,pm10,35.0,2019-07-15T08:00:00+00:00
6983,12.938539,77.5901,pm10,29.0,2019-07-15T08:15:00+00:00
6983,12.938539,77.5901,pm10,29.0,2019-07-15T08:30:00+00:00
6983,12.938539,77.5901,pm10,29.0,2019-07-15T08:45:00+00:00
6983,12.938539,77.5901,pm10,29.0,2019-07-15T09:00:00+00:00
6983,12.938539,77.5901,pm10,37.0,2019-07-15T09:15:00+00:00
6983,12.938539,77.5901,pm10,37.0,2019-07-15T09:30:00+00:00
6983,12.938539,77.5901,pm10,37.0,2019-07-15T09:45:00+00:00
6983,12.938539,77.5901,pm10,37.0,2019-07-15T10:00:00+00:00
6983,12.938539,77.5901,pm10,32.0,2019-07-15T10:15:00+00:00
6983,12.938539,77.5901,pm10,32.0,2019-07-15T10:30:00+00:00
6983,12.938539,77.5901,pm10,32.0,2019-07-15T10:45:00+00:00
6983,12.938539,77.5901,pm10,32.0,2019-07-15T11:00:00+00:00
6983,12.938539,77.5901,pm10,27.0,2019-07-15T11:15:00+00:00
6983,12.938539,77.5901,pm10,27.0,2019-07-15T11:30:00+00:00
6983,12.938539,77.5901,pm10,27.0,2019-07-15T11:45:00+00:00
6983,12.938539,77.5901,pm10,27.0,2019-07-15T12:00:00+00:00
6983,12.938539,77.5901,pm10,23.0,2019-07-15T12:15:00+00:00
6983,12.938539,77.5901,pm10,23.0,2019-07-15T12:30:00+00:00
6983,12.938539,77.5901,pm10,23.0,2019-07-15T12:45:00+00:00
6983,12.938539,77.5901,pm10,23.0,2019-07-15T13:00:00+00:00
6983,12.938539,77.5901,pm10,38.0,2019-07-15T13:15:00+00:00
6983,12.938539,77.5901,pm10,38.0,2019-07-15T13:30:00+00:00
6983,12.938539,77.5901,pm10,38.0,2019-07-15T13:45:00+00:00
6983,12.938539,77.5901,pm10,38.0,2019-07-15T14:00:00+00:00
6983,12.938539,77.5901,pm10,46.0,2019-07-15T14:15:00+00:00
6983,12.938539,77.5901,pm10,46.0,2019-07-15T14:30:00+00:00
6983,12.938539,77.5901,pm10,46.0,2019-07-15T14:45:00+00:00
6983,12.938539,77.5901,pm10,46.0,2019-07-15T15:00:00+00:00
6983,12.938539,77.5901,pm10,21.0,2019-07-15T15:15:00+00:00
6983,12.938539,77.5901,pm10,21.0,2019-07-15T15:30:00+00:00
6983,12.938539,77.5901,pm10,21.0,2019-07-15T15:45:00+00:00
6983,12.938539,77.5901,pm10,21.0,2019-07-15T16:00:00+00:00
6983,12.938539,77.5901,pm10,24.0,2019-07-15T16:15:00+00:00
6983,12.938539,77.5901,pm10,24.0,2019-07-15T16:30:00+00:00
6983,12.938539,77.5901,pm10,24.0,2019-07-15T16:45:00+00:00
6983,12.938539,77.5901,pm10,24.0,2019-07-15T17:00:00+00:00
6983,12.938539,77.5901,pm10,21.0,2019-07-15T17:15:00+00:00
6983,12.938539,77.5901,pm10,21.0,2019-07-15T17:30:00+00:00
6983,12.938539,77.5901,pm10,21.0,2019-07-15T17:45:00+00:00
6983,12.938539,77.5901,pm10,21.0,2019-07-15T18:00:00+00:00
6983,12.938539,77.5901,pm10,22.0,2019-07-15T18:15:00+00:00
6983,12.938539,77.5901,pm10,22.0,2019-07-15T18:30:00+00:00
6983,12.938539,77.5901,pm25,7.0,2019-07-14T18:45:00+00:00
6983,12.938539,77.5901,pm25,7.0,2019-07-14T19:00:00+00:00
6983,12.938539,77.5901,pm25,5.0,2019-07-14T19:15:00+00:00
6983,12.938539,77.5901,pm25,5.0,2019-07-14T19:30:00+00:00
6983,12.938539,77.5901,pm25,5.0,2019-07-14T19:45:00+00:00
6983,12.938539,77.5901,pm25,5.0,2019-07-14T20:00:00+00:00
6983,12.938539,77.5901,pm25,5.0,2019-07-14T20:15:00+00:00
6983,12.938539,77.5901,pm25,5.0,2019-07-14T20:30:00+00:00
6983,12.938539,77.5901,pm25,5.0,2019-07-14T20:45:00+00:00
6983,12.938539,77.5901,pm25,5.0,2019-07-14T21:00:00+00:00
6983,12.938539,77.5901,pm25,7.0,2019-07-14T21:15:00+00:00
6983,12.938539,77.5901,pm25,7.0,2019-07-14T21:30:00+00:00
6983,12.938539,77.5901,pm25,7.0,2019-07-14T21:45:00+00:00
6983,12.938539,77.5901,pm25,7.0,2019-07-14T22:00:00+00:00
6983,12.938539,77.5901,pm25,10.0,2019-07-14T22:15:00+00:00
6983,12.938539,77.5901,pm25,10.0,2019-07-14T22:30:00+00:00
6983,12.938539,77.5901,pm25,10.0,2019-07-14T22:45:00+00:00
6983,12.938539,77.5901,pm25,10.0,2019-07-14T23:00:00+00:00
6983,12.938539,77.5901,pm25,8.0,2019-07-14T23:15:00+00:00
6983,12.938539,77.5901,pm25,8.0,2019-07-14T23:30:00+00:00
6983,12.938539,77.5901,pm25,8.0,2019-07-14T23:45:00+00:00
6983,12.938539,77.5901,pm25,8.0,2019-07-15T00:00:00+00:00
6983,12.938539,77.5901,pm25,11.0,2019-07-15T00:15:00+00:00
6983,12.938539,77.5901,pm25,11.0,2019-07-15T00:30:00+00:00
6983,12.938539,77.5901,pm25,11.0,2019-07-15T00:45:00+00:00
6983,12.938539,77.5901,pm25,11.0,2019-07-15T01:00:00+00:00
6983,12.938539,77.5901,pm25,11.0,2019-07-15T01:15:00+00:00
6983,12.938539,77.5901,pm25,11.0,2019-07-15T01:30:00+00:00
6983,12.938539,77.5901,pm25,11.0,2019-07-15T01:45:00+00:00
6983,12.938539,77.5901,pm25,11.0,2019-07-15T02:00:00+00:00
6983,12.938539,77.5901,pm25,8.0,2019-07-15T02:15:00+00:00
6983,12.938539,77.5901,pm25,8.0,2019-07-15T02:30:00+00:00
6983,12.938539,77.5901,pm25,8.0,2019-07-15T02:45:00+00:00
6983,12.938539,77.5901,pm25,8.0,2019-07-15T03:00:00+00:00
6983,12.938539,77.5901,pm25,13.0,2019-07-15T03:15:00+00:00
6983,12.938539,77.5901,pm25,13.0,2019-07-15T03:30:00+00:00
6983,12.938539,77.5901,pm25,13.0,2019-07-15T03:45:00+00:00
6983,12.938539,77.5901,pm25,13.0,2019-07-15T04:00:00+00:00
6983,12.938539,77.5901,pm25,15.0,2019-07-15T04:15:00+00:00
6983,12.938539,77.5901,pm25,15.0,2019-07-15T04:30:00+00:00
6983,12.938539,77.5901,pm25,15.0,2019-07-15T04:45:00+00:00
6983,12.938539,77.5901,pm25,15.0,2019-07-15T05:00:00+00:00
6983,12.938539,77.5901,pm25,14.0,2019-07-15T05:15:00+00:00
6983,12.938539,77.5901,pm25,14.0,2019-07-15T05:30:00+00:00
6983,12.938539,77.5901,pm25,14.0,2019-07-15T05:45:00+00:00
6983,12.938539,77.5901,pm25,14.0,2019-07-15T06:00:00+00:00
6983,12.938539,77.5901,pm25,10.0,2019-07-15T06:15:00+00:00
6983,12.938539,77.5901,pm25,10.0,2019-07-15T06:30:00+00:00
6983,12.938539,77.5901,pm25,10.0,2019-07-15T06:45:00+00:00
6983,12.938539,77.5901,pm25,10.0,2019-07-15T07:00:00+00:00
6983,12.938539,77.5901,pm25,14.0,2019-07-15T07:15:00+00:00
6983,12.938539,77.5901,pm25,14.0,2019-07-15T07:30:00+00:00
6983,12.938539,77.5901,pm25,14.0,2019-07-15T07:45:00+00:00
6983,12.938539,77.5901,pm25,14.0,2019-07-15T08:00:00+00:00
6983,12.938539,77.5901,pm25,14.0,2019-07-15T08:15:00+00:00
6983,12.938539,77.5901,pm25,14.0,2019-07-15T08:30:00+00:00
6983,12.938539,77.5901,pm25,14.0,2019-07-15T08:45:00+00:00
6983,12.938539,77.5901,pm25,14.0,2019-07-15T09:00:00+00:00
6983,12.938539,77.5901,pm25,15.0,2019-07-15T09:15:00+00:00
6983,12.938539,77.5901,pm25,15.0,2019-07-15T09:30:00+00:00
6983,12.938539,77.5901,pm25,15.0,2019-07-15T09:45:00+00:00
6983,12.938539,77.5901,pm25,15.0,2019-07-15T10:00:00+00:00
6983,12.938539,77.5901,pm25,7.0,2019-07-15T10:15:00+00:00
6983,12.938539,77.5901,pm25,7.0,2019-07-15T10:30:00+00:00
6983,12.938539,77.5901,pm25,7.0,2019-07-15T10:45:00+00:00
6983,12.938539,77.5901,pm25,7.0,2019-07-15T11:00:00+00:00
6983,12.938539,77.5901,pm25,7.0,2019-07-15T11:15:00+00:00
6983,12.938539,77.5901,pm25,7.0,2019-07-15T11:30:00+00:00
6983,12.938539,77.5901,pm25,7.0,2019-07-15T11:45:00+00:00
6983,12.938539,77.5901,pm25,7.0,2019-07-15T12:00:00+00:00
6983,12.938539,77.5901,pm25,6.0,2019-07-15T12:15:00+00:00
6983,12.938539,77.5901,pm25,6.0,2019-07-15T12:30:00+00:00
6983,12.938539,77.5901,pm25,6.0,2019-07-15T12:45:00+00:00
6983,12.938539,77.5901,pm25,6.0,2019-07-15T13:00:00+00:00
6983,12.938539,77.5901,pm25,5.0,2019-07-15T13:15:00+00:00
6983,12.938539,77.5901,pm25,5.0,2019-07-15T13:30:00+00:00
6983,12.938539,77.5901,pm25,5.0,2019-07-15T13:45:00+00:00
6983,12.938539,77.5901,pm25,5.0,2019-07-15T14:00:00+00:00
6983,12.938539,77.5901,pm25,11.0,2019-07-15T14:15:00+00:00
6983,12.938539,77.5901,pm25,11.0,2019-07-15T14:30:00+00:00
6983,12.938539,77.5901,pm25,11.0,2019-07-15T14:45:00+00:00
6983,12.938539,77.5901,pm25,11.0,2019-07-15T15:00:00+00:00
6983,12.938539,77.5901,pm25,8.0,2019-07-15T15:15:00+00:00
6983,12.938539,77.5901,pm25,8.0,2019-07-15T15:30:00+00:00
6983,12.938539,77.5901,pm25,8.0,2019-07-15T15:45:00+00:00
6983,12.938539,77.5901,pm25,8.0,2019-07-15T16:00:00+00:00
6983,12.938539,77.5901,pm25,9.0,2019-07-15T16:15:00+00:00
6983,12.938539,77.5901,pm25,9.0,2019-07-15T16:30:00+00:00
6983,12.938539,77.5901,pm25,9.0,2019-07-15T16:45:00+00:00
6983,12.938539,77.5901,pm25,9.0,2019-07-15T17:00:00+00:00
6983,12.938539,77.5901,pm25,12.0,2019-07-15T17:15:00+00:00
6983,12.938539,77.5901,pm25,12.0,2019-07-15T17:30:00+00:00
6983,12.938539,77.5901,pm25,12.0,2019-07-15T17:45:00+00:00
6983,12.938539,77.5901,pm25,12.0,2019-07-15T18:00:00+00:00
6983,12.938539,77.5901,pm25,9.0,2019-07-15T18:15:00+00:00
6983,12.938539,77.5901,pm25,9.0,2019-07-15T18:30:00+00:00
6983,12.938539,77.5901,co,0.29,2019-07-14T18:45:00+00:00
6983,12.938539,77.5901,co,0.26,2019-07-14T19:00:00+00:00
6983,12.938539,77.5901,co,0.25,2019-07-14T19:15:00+00:00
6983,12.938539,77.5901,co,0.24,2019-07-14T19:30:00+00:00
6983,12.938539,77.5901,co,0.23,2019-07-14T19:45:00+00:00
6983,12.938539,77.5901,co,0.21,2019-07-14T20:00:00+00:00
6983,12.938539,77.5901,co,0.24,2019-07-14T20:15:00+00:00
6983,12.938539,77.5901,co,0.23,2019-07-14T20:30:00+00:00
6983,12.938539,77.5901,co,0.23,2019-07-14T20:45:00+00:00
6983,12.938539,77.5901,co,0.23,2019-07-14T21:00:00+00:00
6983,12.938539,77.5901,co,0.24,2019-07-14T21:15:00+00:00
6983,12.938539,77.5901,co,0.24,2019-07-14T21:30:00+00:00
6983,12.938539,77.5901,co,0.26,2019-07-14T21:45:00+00:00
6983,12.938539,77.5901,co,0.26,2019-07-14T22:00:00+00:00
6983,12.938539,77.5901,co,0.24,2019-07-14T23:15:00+00:00
6983,12.938539,77.5901,co,0.25,2019-07-14T23:30:00+00:00
6983,12.938539,77.5901,co,0.26,2019-07-14T23:45:00+00:00
6983,12.938539,77.5901,co,0.27,2019-07-15T00:00:00+00:00
6983,12.938539,77.5901,co,0.27,2019-07-15T00:15:00+00:00
6983,12.938539,77.5901,co,0.29,2019-07-15T00:30:00+00:00
6983,12.938539,77.5901,co,0.29,2019-07-15T00:45:00+00:00
6983,12.938539,77.5901,co,0.33,2019-07-15T01:00:00+00:00
6983,12.938539,77.5901,co,0.32,2019-07-15T01:15:00+00:00
6983,12.938539,77.5901,co,0.37,2019-07-15T01:30:00+00:00
6983,12.938539,77.5901,co,0.34,2019-07-15T01:45:00+00:00
6983,12.938539,77.5901,co,0.4,2019-07-15T02:00:00+00:00
6983,12.938539,77.5901,co,0.34,2019-07-15T02:15:00+00:00
6983,12.938539,77.5901,co,0.39,2019-07-15T02:30:00+00:00
6983,12.938539,77.5901,co,0.37,2019-07-15T02:45:00+00:00
6983,12.938539,77.5901,co,0.38,2019-07-15T03:00:00+00:00
6983,12.938539,77.5901,co,0.39,2019-07-15T03:15:00+00:00
6983,12.938539,77.5901,co,0.48,2019-07-15T03:30:00+00:00
6983,12.938539,77.5901,co,0.41,2019-07-15T03:45:00+00:00
6983,12.938539,77.5901,co,0.42,2019-07-15T04:00:00+00:00
6983,12.938539,77.5901,co,0.4,2019-07-15T04:15:00+00:00
6983,12.938539,77.5901,co,0.38,2019-07-15T04:30:00+00:00
6983,12.938539,77.5901,co,0.31,2019-07-15T04:45:00+00:00
6983,12.938539,77.5901,co,0.3,2019-07-15T05:00:00+00:00
6983,12.938539,77.5901,co,0.32,2019-07-15T05:15:00+00:00
6983,12.938539,77.5901,co,0.3,2019-07-15T05:30:00+00:00
6983,12.938539,77.5901,co,0.24,2019-07-15T05:45:00+00:00
6983,12.938539,77.5901,co,0.23,2019-07-15T06:00:00+00:00
6983,12.938539,77.5901,co,0.31,2019-07-15T06:15:00+00:00
6983,12.938539,77.5901,co,0.3,2019-07-15T06:30:00+00:00
6983,12.938539,77.5901,co,0.29,2019-07-15T06:45:00+00:00
6983,12.938539,77.5901,co,0.34,2019-07-15T07:00:00+00:00
6983,12.938539,77.5901,co,0.31,2019-07-15T07:15:00+00:00
6983,12.938539,77.5901,co,0.33,2019-07-15T07:30:00+00:00
6983,12.938539,77.5901,co,0.41,2019-07-15T07:45:00+00:00
6983,12.938539,77.5901,co,0.39,2019-07-15T08:00:00+00:00
6983,12.938539,77.5901,co,0.37,2019-07-15T08:15:00+00:00
6983,12.938539,77.5901,co,0.38,2019-07-15T08:30:00+00:00
6983,12.938539,77.5901,co,0.39,2019-07-15T08:45:00+00:00
6983,12.938539,77.5901,co,0.33,2019-07-15T09:00:00+00:00
6983,12.938539,77.5901,co,0.33,2019-07-15T09:15:00+00:00
6983,12.938539,77.5901,co,0.32,2019-07-15T09:30:00+00:00
6983,12.938539,77.5901,co,0.33,2019-07-15T09:45:00+00:00
6983,12.938539,77.5901,co,0.32,2019-07-15T10:00:00+00:00
6983,12.938539,77.5901,co,0.31,2019-07-15T10:15:00+00:00
6983,12.938539,77.5901,co,0.32,2019-07-15T10:30:00+00:00
6983,12.938539,77.5901,co,0.32,2019-07-15T10:45:00+00:00
6983,12.938539,77.5901,co,0.31,2019-07-15T11:00:00+00:00
6983,12.938539,77.5901,co,0.3,2019-07-15T11:15:00+00:00
6983,12.938539,77.5901,co,0.25,2019-07-15T11:30:00+00:00
6983,12.938539,77.5901,co,0.27,2019-07-15T11:45:00+00:00
6983,12.938539,77.5901,co,0.29,2019-07-15T12:00:00+00:00
6983,12.938539,77.5901,co,0.32,2019-07-15T12:15:00+00:00
6983,12.938539,77.5901,co,0.42,2019-07-15T12:30:00+00:00
6983,12.938539,77.5901,co,0.49,2019-07-15T12:45:00+00:00
6983,12.938539,77.5901,co,0.5,2019-07-15T13:00:00+00:00
6983,12.938539,77.5901,co,0.53,2019-07-15T13:15:00+00:00
6983,12.938539,77.5901,co,0.58,2019-07-15T13:30:00+00:00
6983,12.938539,77.5901,co,0.65,2019-07-15T13:45:00+00:00
6983,12.938539,77.5901,co,0.81,2019-07-15T14:00:00+00:00
6983,12.938539,77.5901,co,0.56,2019-07-15T14:15:00+00:00
6983,12.938539,77.5901,co,0.48,2019-07-15T14:30:00+00:00
6983,12.938539,77.5901,co,0.46,2019-07-15T14:45:00+00:00
6983,12.938539,77.5901,co,0.62,2019-07-15T15:00:00+00:00
6983,12.938539,77.5901,co,0.65,2019-07-15T15:15:00+00:00
6983,12.938539,77.5901,co,0.6,2019-07-15T15:30:00+00:00
6983,12.938539,77.5901,co,0.69,2019-07-15T15:45:00+00:00
6983,12.938539,77.5901,co,0.69,2019-07-15T16:00:00+00:00
6983,12.938539,77.5901,co,0.57,2019-07-15T16:15:00+00:00
6983,12.938539,77.5901,co,0.49,2019-07-15T16:30:00+00:00
6983,12.938539,77.5901,co,0.46,2019-07-15T16:45:00+00:00
6983,12.938539,77.5901,co,0.44,2019-07-15T17:00:00+00:00
6983,12.938539,77.5901,co,0.41,2019-07-15T17:15:00+00:00
6983,12.938539,77.5901,co,0.39,2019-07-15T17:30:00+00:00
6983,12.938539,77.5901,co,0.34,2019-07-15T17:45:00+00:00
6983,12.938539,77.5901,co,0.3,2019-07-15T18:00:00+00:00
6983,12.938539,77.5901,co,0.45,2019-07-15T18:30:00+00:00
6983,12.938539,77.5901,no2,6.4,2019-07-14T18:45:00+00:00
6983,12.938539,77.5901,no2,5.5,2019-07-14T19:00:00+00:00
6983,12.938539,77.5901,no2,4.9,2019-07-14T19:15:00+00:00
6983,12.938539,77.5901,no2,4.7,2019-07-14T19:30:00+00:00
6983,12.938539,77.5901,no2,4.7,2019-07-14T19:45:00+00:00
6983,12.938539,77.5901,no2,4.3,2019-07-14T20:00:00+00:00
6983,12.938539,77.5901,no2,4.3,2019-07-14T20:15:00+00:00
6983,12.938539,77.5901,no2,4.5,2019-07-14T20:30:00+00:00
6983,12.938539,77.5901,no2,4.5,2019-07-14T20:45:00+00:00
6983,12.938539,77.5901,no2,4.3,2019-07-14T21:00:00+00:00
6983,12.938539,77.5901,no2,4.5,2019-07-14T21:15:00+00:00
6983,12.938539,77.5901,no2,4.5,2019-07-14T21:30:00+00:00
6983,12.938539,77.5901,no2,4.9,2019-07-14T21:45:00+00:00
6983,12.938539,77.5901,no2,4.9,2019-07-14T22:00:00+00:00
6983,12.938539,77.5901,no2,4.5,2019-07-14T22:15:00+00:00
6983,12.938539,77.5901,no2,4.3,2019-07-14T22:30:00+00:00
6983,12.938539,77.5901,no2,4.1,2019-07-14T22:45:00+00:00
6983,12.938539,77.5901,no2,3.9,2019-07-14T23:00:00+00:00
6983,12.938539,77.5901,no2,4.1,2019-07-15T00:15:00+00:00
6983,12.938539,77.5901,no2,4.7,2019-07-15T00:30:00+00:00
6983,12.938539,77.5901,no2,5.6,2019-07-15T00:45:00+00:00
6983,12.938539,77.5901,no2,6.2,2019-07-15T01:00:00+00:00
6983,12.938539,77.5901,no2,7.0,2019-07-15T01:15:00+00:00
6983,12.938539,77.5901,no2,7.7,2019-07-15T01:30:00+00:00
6983,12.938539,77.5901,no2,7.7,2019-07-15T01:45:00+00:00
6983,12.938539,77.5901,no2,7.9,2019-07-15T02:00:00+00:00
6983,12.938539,77.5901,no2,7.5,2019-07-15T02:15:00+00:00
6983,12.938539,77.5901,no2,7.1,2019-07-15T02:30:00+00:00
6983,12.938539,77.5901,no2,7.1,2019-07-15T02:45:00+00:00
6983,12.938539,77.5901,no2,6.8,2019-07-15T03:00:00+00:00
6983,12.938539,77.5901,no2,6.6,2019-07-15T03:15:00+00:00
6983,12.938539,77.5901,no2,7.0,2019-07-15T03:30:00+00:00
6983,12.938539,77.5901,no2,7.0,2019-07-15T03:45:00+00:00
6983,12.938539,77.5901,no2,7.1,2019-07-15T04:00:00+00:00
6983,12.938539,77.5901,no2,6.8,2019-07-15T04:15:00+00:00
6983,12.938539,77.5901,no2,6.6,2019-07-15T04:30:00+00:00
6983,12.938539,77.5901,no2,6.4,2019-07-15T04:45:00+00:00
6983,12.938539,77.5901,no2,6.0,2019-07-15T05:00:00+00:00
6983,12.938539,77.5901,no2,5.6,2019-07-15T05:15:00+00:00
6983,12.938539,77.5901,no2,5.5,2019-07-15T05:30:00+00:00
6983,12.938539,77.5901,no2,5.1,2019-07-15T05:45:00+00:00
6983,12.938539,77.5901,no2,5.1,2019-07-15T06:00:00+00:00
6983,12.938539,77.5901,no2,4.5,2019-07-15T06:15:00+00:00
6983,12.938539,77.5901,no2,4.9,2019-07-15T06:30:00+00:00
6983,12.938539,77.5901,no2,5.3,2019-07-15T06:45:00+00:00
6983,12.938539,77.5901,no2,6.2,2019-07-15T07:00:00+00:00
6983,12.938539,77.5901,no2,6.8,2019-07-15T07:15:00+00:00
6983,12.938539,77.5901,no2,7.1,2019-07-15T07:30:00+00:00
6983,12.938539,77.5901,no2,8.5,2019-07-15T07:45:00+00:00
6983,12.938539,77.5901,no2,8.6,2019-07-15T08:00:00+00:00
6983,12.938539,77.5901,no2,8.3,2019-07-15T08:15:00+00:00
6983,12.938539,77.5901,no2,8.3,2019-07-15T08:30:00+00:00
6983,12.938539,77.5901,no2,8.6,2019-07-15T08:45:00+00:00
6983,12.938539,77.5901,no2,7.1,2019-07-15T09:00:00+00:00
6983,12.938539,77.5901,no2,6.2,2019-07-15T09:15:00+00:00
6983,12.938539,77.5901,no2,6.2,2019-07-15T09:30:00+00:00
6983,12.938539,77.5901,no2,6.8,2019-07-15T09:45:00+00:00
6983,12.938539,77.5901,no2,7.0,2019-07-15T10:00:00+00:00
6983,12.938539,77.5901,no2,7.1,2019-07-15T10:15:00+00:00
6983,12.938539,77.5901,no2,7.1,2019-07-15T10:30:00+00:00
6983,12.938539,77.5901,no2,7.7,2019-07-15T10:45:00+00:00
6983,12.938539,77.5901,no2,8.3,2019-07-15T11:00:00+00:00
6983,12.938539,77.5901,no2,8.5,2019-07-15T11:15:00+00:00
6983,12.938539,77.5901,no2,7.3,2019-07-15T11:30:00+00:00
6983,12.938539,77.5901,no2,7.3,2019-07-15T11:45:00+00:00
6983,12.938539,77.5901,no2,7.5,2019-07-15T12:00:00+00:00
6983,12.938539,77.5901,no2,8.1,2019-07-15T12:15:00+00:00
6983,12.938539,77.5901,no2,9.6,2019-07-15T12:30:00+00:00
6983,12.938539,77.5901,no2,13.3,2019-07-15T12:45:00+00:00
6983,12.938539,77.5901,no2,14.5,2019-07-15T13:00:00+00:00
6983,12.938539,77.5901,no2,16.2,2019-07-15T13:15:00+00:00
6983,12.938539,77.5901,no2,17.1,2019-07-15T13:30:00+00:00
6983,12.938539,77.5901,no2,19.9,2019-07-15T13:45:00+00:00
6983,12.938539,77.5901,no2,24.4,2019-07-15T14:00:00+00:00
6983,12.938539,77.5901,no2,22.0,2019-07-15T14:15:00+00:00
6983,12.938539,77.5901,no2,17.3,2019-07-15T14:30:00+00:00
6983,12.938539,77.5901,no2,15.2,2019-07-15T14:45:00+00:00
6983,12.938539,77.5901,no2,16.9,2019-07-15T15:00:00+00:00
6983,12.938539,77.5901,no2,19.2,2019-07-15T15:15:00+00:00
6983,12.938539,77.5901,no2,18.8,2019-07-15T15:30:00+00:00
6983,12.938539,77.5901,no2,19.2,2019-07-15T15:45:00+00:00
6983,12.938539,77.5901,no2,19.4,2019-07-15T16:00:00+00:00
6983,12.938539,77.5901,no2,17.5,2019-07-15T16:15:00+00:00
6983,12.938539,77.5901,no2,15.2,2019-07-15T16:30:00+00:00
6983,12.938539,77.5901,no2,13.5,2019-07-15T16:45:00+00:00
6983,12.938539,77.5901,no2,12.8,2019-07-15T17:00:00+00:00
6983,12.938539,77.5901,no2,11.7,2019-07-15T17:15:00+00:00
6983,12.938539,77.5901,no2,11.1,2019-07-15T17:30:00+00:00
6983,12.938539,77.5901,no2,10.0,2019-07-15T17:45:00+00:00
6983,12.938539,77.5901,no2,8.6,2019-07-15T18:00:00+00:00
6983,12.938539,77.5901,no2,8.6,2019-07-15T18:15:00+00:00
6983,12.938539,77.5901,no2,9.2,2019-07-15T18:30:00+00:00
6983,12.938539,77.5901,so2,1.1,2019-07-14T18:45:00+00:00
6983,12.938539,77.5901,so2,1.0,2019-07-14T19:00:00+00:00
6983,12.938539,77.5901,so2,0.9,2019-07-14T19:15:00+00:00
6983,12.938539,77.5901,so2,1.3,2019-07-14T19:30:00+00:00
6983,12.938539,77.5901,so2,1.5,2019-07-14T19:45:00+00:00
6983,12.938539,77.5901,so2,1.5,2019-07-14T20:00:00+00:00
6983,12.938539,77.5901,so2,1.2,2019-07-14T20:15:00+00:00
6983,12.938539,77.5901,so2,1.3,2019-07-14T20:30:00+00:00
6983,12.938539,77.5901,so2,1.3,2019-07-14T20:45:00+00:00
6983,12.938539,77.5901,so2,1.3,2019-07-14T21:00:00+00:00
6983,12.938539,77.5901,so2,1.9,2019-07-14T21:15:00+00:00
6983,12.938539,77.5901,so2,1.5,2019-07-14T21:30:00+00:00
6983,12.938539,77.5901,so2,1.5,2019-07-14T21:45:00+00:00
6983,12.938539,77.5901,so2,1.3,2019-07-14T22:00:00+00:00
6983,12.938539,77.5901,so2,1.5,2019-07-14T22:15:00+00:00
6983,12.938539,77.5901,so2,1.4,2019-07-14T22:30:00+00:00
6983,12.938539,77.5901,so2,1.3,2019-07-14T22:45:00+00:00
6983,12.938539,77.5901,so2,1.4,2019-07-14T23:00:00+00:00
6983,12.938539,77.5901,so2,1.5,2019-07-14T23:15:00+00:00
6983,12.938539,77.5901,so2,1.5,2019-07-14T23:30:00+00:00
6983,12.938539,77.5901,so2,1.7,2019-07-14T23:45:00+00:00
6983,12.938539,77.5901,so2,1.4,2019-07-15T00:00:00+00:00
6983,12.938539,77.5901,so2,1.5,2019-07-15T01:00:00+00:00
6983,12.938539,77.5901,so2,1.4,2019-07-15T01:15:00+00:00
6983,12.938539,77.5901,so2,1.4,2019-07-15T01:30:00+00:00
6983,12.938539,77.5901,so2,1.5,2019-07-15T01:45:00+00:00
6983,12.938539,77.5901,so2,1.4,2019-07-15T02:00:00+00:00
6983,12.938539,77.5901,so2,1.4,2019-07-15T02:15:00+00:00
6983,12.938539,77.5901,so2,1.3,2019-07-15T02:30:00+00:00
6983,12.938539,77.5901,so2,1.4,2019-07-15T02:45:00+00:00
6983,12.938539,77.5901,so2,1.5,2019-07-15T03:00:00+00:00
6983,12.938539,77.5901,so2,1.6,2019-07-15T03:15:00+00:00
6983,12.938539,77.5901,so2,1.9,2019-07-15T03:30:00+00:00
6983,12.938539,77.5901,so2,1.8,2019-07-15T03:45:00+00:00
6983,12.938539,77.5901,so2,1.7,2019-07-15T04:00:00+00:00
6983,12.938539,77.5901,so2,1.7,2019-07-15T04:15:00+00:00
6983,12.938539,77.5901,so2,1.7,2019-07-15T04:30:00+00:00
6983,12.938539,77.5901,so2,1.6,2019-07-15T04:45:00+00:00
6983,12.938539,77.5901,so2,1.5,2019-07-15T05:00:00+00:00
6983,12.938539,77.5901,so2,1.3,2019-07-15T05:15:00+00:00
6983,12.938539,77.5901,so2,1.4,2019-07-15T05:30:00+00:00
6983,12.938539,77.5901,so2,1.5,2019-07-15T05:45:00+00:00
6983,12.938539,77.5901,so2,1.5,2019-07-15T06:00:00+00:00
6983,12.938539,77.5901,so2,1.7,2019-07-15T06:15:00+00:00
6983,12.938539,77.5901,so2,1.6,2019-07-15T06:30:00+00:00
6983,12.938539,77.5901,so2,1.5,2019-07-15T06:45:00+00:00
6983,12.938539,77.5901,so2,1.2,2019-07-15T07:00:00+00:00
6983,12.938539,77.5901,so2,1.3,2019-07-15T07:15:00+00:00
6983,12.938539,77.5901,so2,1.4,2019-07-15T07:30:00+00:00
6983,12.938539,77.5901,so2,1.7,2019-07-15T07:45:00+00:00
6983,12.938539,77.5901,so2,1.5,2019-07-15T08:00:00+00:00
6983,12.938539,77.5901,so2,1.4,2019-07-15T08:15:00+00:00
6983,12.938539,77.5901,so2,1.4,2019-07-15T08:30:00+00:00
6983,12.938539,77.5901,so2,1.4,2019-07-15T08:45:00+00:00
6983,12.938539,77.5901,so2,1.2,2019-07-15T09:00:00+00:00
6983,12.938539,77.5901,so2,1.1,2019-07-15T09:15:00+00:00
6983,12.938539,77.5901,so2,1.1,2019-07-15T09:30:00+00:00
6983,12.938539,77.5901,so2,0.8,2019-07-15T09:45:00+00:00
6983,12.938539,77.5901,so2,0.9,2019-07-15T10:00:00+00:00
6983,12.938539,77.5901,so2,0.8,2019-07-15T10:15:00+00:00
6983,12.938539,77.5901,so2,0.8,2019-07-15T10:30:00+00:00
6983,12.938539,77.5901,so2,0.8,2019-07-15T10:45:00+00:00
6983,12.938539,77.5901,so2,0.8,2019-07-15T11:00:00+00:00
6983,12.938539,77.5901,so2,0.8,2019-07-15T11:15:00+00:00
6983,12.938539,77.5901,so2,1.1,2019-07-15T11:30:00+00:00
6983,12.938539,77.5901,so2,1.2,2019-07-15T11:45:00+00:00
6983,12.938539,77.5901,so2,1.7,2019-07-15T12:00:00+00:00
6983,12.938539,77.5901,so2,1.9,2019-07-15T12:15:00+00:00
6983,12.938539,77.5901,so2,2.0,2019-07-15T12:30:00+00:00
6983,12.938539,77.5901,so2,1.9,2019-07-15T12:45:00+00:00
6983,12.938539,77.5901,so2,1.9,2019-07-15T13:00:00+00:00
6983,12.938539,77.5901,so2,1.8,2019-07-15T13:15:00+00:00
6983,12.938539,77.5901,so2,1.6,2019-07-15T13:30:00+00:00
6983,12.938539,77.5901,so2,1.5,2019-07-15T13:45:00+00:00
6983,12.938539,77.5901,so2,1.5,2019-07-15T14:00:00+00:00
6983,12.938539,77.5901,so2,1.7,2019-07-15T14:15:00+00:00
6983,12.938539,77.5901,so2,1.7,2019-07-15T14:30:00+00:00
6983,12.938539,77.5901,so2,1.6,2019-07-15T14:45:00+00:00
6983,12.938539,77.5901,so2,1.5,2019-07-15T15:00:00+00:00
6983,12.938539,77.5901,so2,1.5,2019-07-15T15:15:00+00:00
6983,12.938539,77.5901,so2,1.5,2019-07-15T15:30:00+00:00
6983,12.938539,77.5901,so2,1.7,2019-07-15T15:45:00+00:00
6983,12.938539,77.5901,so2,1.5,2019-07-15T16:00:00+00:00
6983,12.938539,77.5901,so2,1.4,2019-07-15T16:15:00+00:00
6983,12.938539,77.5901,so2,1.2,2019-07-15T16:30:00+00:00
6983,12.938539,77.5901,so2,1.2,2019-07-15T16:45:00+00:00
6983,12.938539,77.5901,so2,1.1,2019-07-15T17:00:00+00:00
6983,12.938539,77.5901,so2,1.2,2019-07-15T17:15:00+00:00
6983,12.938539,77.5901,so2,1.3,2019-07-15T17:30:00+00:00
6983,12.938539,77.5901,so2,1.4,2019-07-15T17:45:00+00:00
6983,12.938539,77.5901,so2,1.4,2019-07-15T18:00:00+00:00
6983,12.938539,77.5901,so2,1.3,2019-07-15T18:30:00+00:00
6983,12.938539,77.5901,pm10,22.0,2019-07-15T18:45:00+00:00
6983,12.938539,77.5901,pm10,22.0,2019-07-15T19:00:00+00:00
6983,12.938539,77.5901,pm10,23.0,2019-07-15T19:15:00+00:00
6983,12.938539,77.5901,pm10,23.0,2019-07-15T19:30:00+00:00
6983,12.938539,77.5901,pm10,23.0,2019-07-15T19:45:00+00:00
6983,12.938539,77.5901,pm10,23.0,2019-07-15T20:00:00+00:00
6983,12.938539,77.5901,pm10,23.0,2019-07-15T20:15:00+00:00
6983,12.938539,77.5901,pm10,23.0,2019-07-15T20:30:00+00:00
6983,12.938539,77.5901,pm10,23.0,2019-07-15T20:45:00+00:00
6983,12.938539,77.5901,pm10,23.0,2019-07-15T21:00:00+00:00
6983,12.938539,77.5901,pm10,22.0,2019-07-15T21:15:00+00:00
6983,12.938539,77.5901,pm10,22.0,2019-07-15T21:30:00+00:00
6983,12.938539,77.5901,pm10,22.0,2019-07-15T21:45:00+00:00
6983,12.938539,77.5901,pm10,22.0,2019-07-15T22:00:00+00:00
6983,12.938539,77.5901,pm10,27.0,2019-07-15T22:15:00+00:00
6983,12.938539,77.5901,pm10,27.0,2019-07-15T22:30:00+00:00
6983,12.938539,77.5901,pm10,27.0,2019-07-15T22:45:00+00:00
6983,12.938539,77.5901,pm10,27.0,2019-07-15T23:00:00+00:00
6983,12.938539,77.5901,pm10,28.0,2019-07-15T23:15:00+00:00
6983,12.938539,77.5901,pm10,28.0,2019-07-15T23:30:00+00:00
6983,12.938539,77.5901,pm10,28.0,2019-07-15T23:45:00+00:00
6983,12.938539,77.5901,pm10,28.0,2019-07-16T00:00:00+00:00
6983,12.938539,77.5901,pm10,31.0,2019-07-16T00:15:00+00:00
6983,12.938539,77.5901,pm10,31.0,2019-07-16T00:30:00+00:00
6983,12.938539,77.5901,pm10,31.0,2019-07-16T00:45:00+00:00
6983,12.938539,77.5901,pm10,31.0,2019-07-16T01:00:00+00:00
6983,12.938539,77.5901,pm10,36.0,2019-07-16T01:15:00+00:00
6983,12.938539,77.5901,pm10,36.0,2019-07-16T01:30:00+00:00
6983,12.938539,77.5901,pm10,36.0,2019-07-16T01:45:00+00:00
6983,12.938539,77.5901,pm10,36.0,2019-07-16T02:00:00+00:00
6983,12.938539,77.5901,pm10,45.0,2019-07-16T02:15:00+00:00
6983,12.938539,77.5901,pm10,45.0,2019-07-16T02:30:00+00:00
6983,12.938539,77.5901,pm10,45.0,2019-07-16T02:45:00+00:00
6983,12.938539,77.5901,pm10,45.0,2019-07-16T03:00:00+00:00
6983,12.938539,77.5901,pm10,46.0,2019-07-16T03:15:00+00:00
6983,12.938539,77.5901,pm10,46.0,2019-07-16T03:30:00+00:00
6983,12.938539,77.5901,pm10,46.0,2019-07-16T03:45:00+00:00
6983,12.938539,77.5901,pm10,46.0,2019-07-16T04:00:00+00:00
6983,12.938539,77.5901,pm10,52.0,2019-07-16T04:15:00+00:00
6983,12.938539,77.5901,pm10,52.0,2019-07-16T04:45:00+00:00
6983,12.938539,77.5901,pm10,52.0,2019-07-16T05:00:00+00:00
6983,12.938539,77.5901,pm10,50.0,2019-07-16T05:15:00+00:00
6983,12.938539,77.5901,pm10,50.0,2019-07-16T05:30:00+00:00
6983,12.938539,77.5901,pm10,50.0,2019-07-16T05:45:00+00:00
6983,12.938539,77.5901,pm10,50.0,2019-07-16T06:00:00+00:00
6983,12.938539,77.5901,pm10,39.0,2019-07-16T06:15:00+00:00
6983,12.938539,77.5901,pm10,39.0,2019-07-16T06:30:00+00:00
6983,12.938539,77.5901,pm10,39.0,2019-07-16T06:45:00+00:00
6983,12.938539,77.5901,pm10,39.0,2019-07-16T07:00:00+00:00
6983,12.938539,77.5901,pm10,42.0,2019-07-16T07:15:00+00:00
6983,12.938539,77.5901,pm10,42.0,2019-07-16T07:30:00+00:00
6983,12.938539,77.5901,pm10,42.0,2019-07-16T07:45:00+00:00
6983,12.938539,77.5901,pm10,42.0,2019-07-16T08:00:00+00:00
6983,12.938539,77.5901,pm10,43.0,2019-07-16T08:15:00+00:00
6983,12.938539,77.5901,pm10,43.0,2019-07-16T08:30:00+00:00
6983,12.938539,77.5901,pm10,43.0,2019-07-16T08:45:00+00:00
6983,12.938539,77.5901,pm10,47.0,2019-07-16T09:15:00+00:00
6983,12.938539,77.5901,pm10,47.0,2019-07-16T09:30:00+00:00
6983,12.938539,77.5901,pm10,47.0,2019-07-16T09:45:00+00:00
6983,12.938539,77.5901,pm10,47.0,2019-07-16T10:00:00+00:00
6983,12.938539,77.5901,pm10,45.0,2019-07-16T10:15:00+00:00
6983,12.938539,77.5901,pm10,45.0,2019-07-16T10:30:00+00:00
6983,12.938539,77.5901,pm10,45.0,2019-07-16T10:45:00+00:00
6983,12.938539,77.5901,pm10,45.0,2019-07-16T11:00:00+00:00
6983,12.938539,77.5901,pm10,53.0,2019-07-16T11:15:00+00:00
6983,12.938539,77.5901,pm10,53.0,2019-07-16T11:30:00+00:00
6983,12.938539,77.5901,pm10,53.0,2019-07-16T11:45:00+00:00
6983,12.938539,77.5901,pm10,53.0,2019-07-16T12:00:00+00:00
6983,12.938539,77.5901,pm10,58.0,2019-07-16T12:15:00+00:00
6983,12.938539,77.5901,pm10,58.0,2019-07-16T12:30:00+00:00
6983,12.938539,77.5901,pm10,58.0,2019-07-16T12:45:00+00:00
6983,12.938539,77.5901,pm10,58.0,2019-07-16T13:00:00+00:00
6983,12.938539,77.5901,pm10,47.0,2019-07-16T13:15:00+00:00
6983,12.938539,77.5901,pm10,47.0,2019-07-16T13:30:00+00:00
6983,12.938539,77.5901,pm10,47.0,2019-07-16T13:45:00+00:00
6983,12.938539,77.5901,pm10,47.0,2019-07-16T14:00:00+00:00
6983,12.938539,77.5901,pm10,40.0,2019-07-16T14:15:00+00:00
6983,12.938539,77.5901,pm10,40.0,2019-07-16T14:30:00+00:00
6983,12.938539,77.5901,pm10,40.0,2019-07-16T14:45:00+00:00
6983,12.938539,77.5901,pm10,40.0,2019-07-16T15:00:00+00:00
6983,12.938539,77.5901,pm10,46.0,2019-07-16T15:15:00+00:00
6983,12.938539,77.5901,pm10,46.0,2019-07-16T15:30:00+00:00
6983,12.938539,77.5901,pm10,46.0,2019-07-16T15:45:00+00:00
6983,12.938539,77.5901,pm10,46.0,2019-07-16T16:00:00+00:00
6983,12.938539,77.5901,pm10,40.0,2019-07-16T16:15:00+00:00
6983,12.938539,77.5901,pm10,40.0,2019-07-16T16:30:00+00:00
6983,12.938539,77.5901,pm10,40.0,2019-07-16T16:45:00+00:00
6983,12.938539,77.5901,pm10,40.0,2019-07-16T17:00:00+00:00
6983,12.938539,77.5901,pm10,32.0,2019-07-16T17:15:00+00:00
6983,12.938539,77.5901,pm10,32.0,2019-07-16T17:30:00+00:00
6983,12.938539,77.5901,pm10,32.0,2019-07-16T17:45:00+00:00
6983,12.938539,77.5901,pm10,32.0,2019-07-16T18:00:00+00:00
6983,12.938539,77.5901,pm10,33.0,2019-07-16T18:15:00+00:00
6983,12.938539,77.5901,pm10,33.0,2019-07-16T18:30:00+00:00
6983,12.938539,77.5901,pm25,9.0,2019-07-15T18:45:00+00:00
6983,12.938539,77.5901,pm25,9.0,2019-07-15T19:00:00+00:00
6983,12.938539,77.5901,pm25,6.0,2019-07-15T19:15:00+00:00
6983,12.938539,77.5901,pm25,6.0,2019-07-15T19:30:00+00:00
6983,12.938539,77.5901,pm25,6.0,2019-07-15T19:45:00+00:00
6983,12.938539,77.5901,pm25,6.0,2019-07-15T20:00:00+00:00
6983,12.938539,77.5901,pm25,8.0,2019-07-15T20:15:00+00:00
6983,12.938539,77.5901,pm25,8.0,2019-07-15T20:30:00+00:00
6983,12.938539,77.5901,pm25,8.0,2019-07-15T20:45:00+00:00
6983,12.938539,77.5901,pm25,8.0,2019-07-15T21:00:00+00:00
6983,12.938539,77.5901,pm25,10.0,2019-07-15T21:15:00+00:00
6983,12.938539,77.5901,pm25,10.0,2019-07-15T21:30:00+00:00
6983,12.938539,77.5901,pm25,10.0,2019-07-15T21:45:00+00:00
6983,12.938539,77.5901,pm25,10.0,2019-07-15T22:00:00+00:00
6983,12.938539,77.5901,pm25,12.0,2019-07-15T22:15:00+00:00
6983,12.938539,77.5901,pm25,12.0,2019-07-15T22:30:00+00:00
6983,12.938539,77.5901,pm25,12.0,2019-07-15T22:45:00+00:00
6983,12.938539,77.5901,pm25,12.0,2019-07-15T23:00:00+00:00
6983,12.938539,77.5901,pm25,10.0,2019-07-15T23:15:00+00:00
6983,12.938539,77.5901,pm25,10.0,2019-07-15T23:30:00+00:00
6983,12.938539,77.5901,pm25,10.0,2019-07-15T23:45:00+00:00
6983,12.938539,77.5901,pm25,10.0,2019-07-16T00:00:00+00:00
6983,12.938539,77.5901,pm25,12.0,2019-07-16T00:15:00+00:00
6983,12.938539,77.5901,pm25,12.0,2019-07-16T00:30:00+00:00
6983,12.938539,77.5901,pm25,12.0,2019-07-16T00:45:00+00:00
6983,12.938539,77.5901,pm25,12.0,2019-07-16T01:00:00+00:00
6983,12.938539,77.5901,pm25,21.0,2019-07-16T01:15:00+00:00
6983,12.938539,77.5901,pm25,21.0,2019-07-16T01:30:00+00:00
6983,12.938539,77.5901,pm25,21.0,2019-07-16T01:45:00+00:00
6983,12.938539,77.5901,pm25,21.0,2019-07-16T02:00:00+00:00
6983,12.938539,77.5901,pm25,21.0,2019-07-16T02:15:00+00:00
6983,12.938539,77.5901,pm25,21.0,2019-07-16T02:30:00+00:00
6983,12.938539,77.5901,pm25,21.0,2019-07-16T02:45:00+00:00
6983,12.938539,77.5901,pm25,21.0,2019-07-16T03:00:00+00:00
6983,12.938539,77.5901,pm25,18.0,2019-07-16T03:15:00+00:00
6983,12.938539,77.5901,pm25,18.0,2019-07-16T03:30:00+00:00
6983,12.938539,77.5901,pm25,18.0,2019-07-16T03:45:00+00:00
6983,12.938539,77.5901,pm25,18.0,2019-07-16T04:00:00+00:00
6983,12.938539,77.5901,pm25,17.0,2019-07-16T04:15:00+00:00
6983,12.938539,77.5901,pm25,17.0,2019-07-16T04:45:00+00:00
6983,12.938539,77.5901,pm25,17.0,2019-07-16T05:00:00+00:00
6983,12.938539,77.5901,pm25,20.0,2019-07-16T05:15:00+00:00
6983,12.938539,77.5901,pm25,20.0,2019-07-16T05:30:00+00:00
6983,12.938539,77.5901,pm25,20.0,2019-07-16T05:45:00+00:00
6983,12.938539,77.5901,pm25,20.0,2019-07-16T06:00:00+00:00
6983,12.938539,77.5901,pm25,16.0,2019-07-16T06:15:00+00:00
6983,12.938539,77.5901,pm25,16.0,2019-07-16T06:30:00+00:00
6983,12.938539,77.5901,pm25,16.0,2019-07-16T06:45:00+00:00
6983,12.938539,77.5901,pm25,16.0,2019-07-16T07:00:00+00:00
6983,12.938539,77.5901,pm25,17.0,2019-07-16T07:15:00+00:00
6983,12.938539,77.5901,pm25,17.0,2019-07-16T07:30:00+00:00
6983,12.938539,77.5901,pm25,17.0,2019-07-16T07:45:00+00:00
6983,12.938539,77.5901,pm25,17.0,2019-07-16T08:00:00+00:00
6983,12.938539,77.5901,pm25,16.0,2019-07-16T08:15:00+00:00
6983,12.938539,77.5901,pm25,16.0,2019-07-16T08:30:00+00:00
6983,12.938539,77.5901,pm25,16.0,2019-07-16T08:45:00+00:00
6983,12.938539,77.5901,pm25,14.0,2019-07-16T09:15:00+00:00
6983,12.938539,77.5901,pm25,14.0,2019-07-16T09:30:00+00:00
6983,12.938539,77.5901,pm25,14.0,2019-07-16T09:45:00+00:00
6983,12.938539,77.5901,pm25,14.0,2019-07-16T10:00:00+00:00
6983,12.938539,77.5901,pm25,21.0,2019-07-16T10:15:00+00:00
6983,12.938539,77.5901,pm25,21.0,2019-07-16T10:30:00+00:00
6983,12.938539,77.5901,pm25,21.0,2019-07-16T10:45:00+00:00
6983,12.938539,77.5901,pm25,21.0,2019-07-16T11:00:00+00:00
6983,12.938539,77.5901,pm25,24.0,2019-07-16T11:15:00+00:00
6983,12.938539,77.5901,pm25,24.0,2019-07-16T11:30:00+00:00
6983,12.938539,77.5901,pm25,24.0,2019-07-16T11:45:00+00:00
6983,12.938539,77.5901,pm25,24.0,2019-07-16T12:00:00+00:00
6983,12.938539,77.5901,pm25,16.0,2019-07-16T12:15:00+00:00
6983,12.938539,77.5901,pm25,16.0,2019-07-16T12:30:00+00:00
6983,12.938539,77.5901,pm25,16.0,2019-07-16T12:45:00+00:00
6983,12.938539,77.5901,pm25,16.0,2019-07-16T13:00:00+00:00
6983,12.938539,77.5901,pm25,14.0,2019-07-16T13:15:00+00:00
6983,12.938539,77.5901,pm25,14.0,2019-07-16T13:30:00+00:00
6983,12.938539,77.5901,pm25,14.0,2019-07-16T13:45:00+00:00
6983,12.938539,77.5901,pm25,14.0,2019-07-16T14:00:00+00:00
6983,12.938539,77.5901,pm25,14.0,2019-07-16T14:15:00+00:00
6983,12.938539,77.5901,pm25,14.0,2019-07-16T14:30:00+00:00
6983,12.938539,77.5901,pm25,14.0,2019-07-16T14:45:00+00:00
6983,12.938539,77.5901,pm25,14.0,2019-07-16T15:00:00+00:00
6983,12.938539,77.5901,pm25,15.0,2019-07-16T15:15:00+00:00
6983,12.938539,77.5901,pm25,15.0,2019-07-16T15:30:00+00:00
6983,12.938539,77.5901,pm25,15.0,2019-07-16T15:45:00+00:00
6983,12.938539,77.5901,pm25,15.0,2019-07-16T16:00:00+00:00
6983,12.938539,77.5901,pm25,16.0,2019-07-16T16:15:00+00:00
6983,12.938539,77.5901,pm25,16.0,2019-07-16T16:30:00+00:00
6983,12.938539,77.5901,pm25,16.0,2019-07-16T16:45:00+00:00
6983,12.938539,77.5901,pm25,16.0,2019-07-16T17:00:00+00:00
6983,12.938539,77.5901,pm25,18.0,2019-07-16T17:15:00+00:00
6983,12.938539,77.5901,pm25,18.0,2019-07-16T17:30:00+00:00
6983,12.938539,77.5901,pm25,18.0,2019-07-16T17:45:00+00:00
6983,12.938539,77.5901,pm25,18.0,2019-07-16T18:00:00+00:00
6983,12.938539,77.5901,pm25,13.0,2019-07-16T18:15:00+00:00
6983,12.938539,77.5901,pm25,13.0,2019-07-16T18:30:00+00:00
6983,12.938539,77.5901,co,0.39,2019-07-15T18:45:00+00:00
6983,12.938539,77.5901,co,0.37,2019-07-15T19:00:00+00:00
6983,12.938539,77.5901,co,0.38,2019-07-15T19:15:00+00:00
6983,12.938539,77.5901,co,0.37,2019-07-15T19:30:00+00:00
6983,12.938539,77.5901,co,0.34,2019-07-15T19:45:00+00:00
6983,12.938539,77.5901,co,0.34,2019-07-15T20:00:00+00:00
6983,12.938539,77.5901,co,0.35,2019-07-15T20:15:00+00:00
6983,12.938539,77.5901,co,0.33,2019-07-15T20:30:00+00:00
6983,12.938539,77.5901,co,0.33,2019-07-15T20:45:00+00:00
6983,12.938539,77.5901,co,0.32,2019-07-15T21:00:00+00:00
6983,12.938539,77.5901,co,0.33,2019-07-15T21:15:00+00:00
6983,12.938539,77.5901,co,0.33,2019-07-15T21:30:00+00:00
6983,12.938539,77.5901,co,0.34,2019-07-15T21:45:00+00:00
6983,12.938539,77.5901,co,0.32,2019-07-15T22:00:00+00:00
6983,12.938539,77.5901,co,0.33,2019-07-15T23:15:00+00:00
6983,12.938539,77.5901,co,0.34,2019-07-15T23:30:00+00:00
6983,12.938539,77.5901,co,0.38,2019-07-15T23:45:00+00:00
6983,12.938539,77.5901,co,0.4,2019-07-16T00:00:00+00:00
6983,12.938539,77.5901,co,0.4,2019-07-16T00:15:00+00:00
6983,12.938539,77.5901,co,0.42,2019-07-16T00:30:00+00:00
6983,12.938539,77.5901,co,0.46,2019-07-16T00:45:00+00:00
6983,12.938539,77.5901,co,0.49,2019-07-16T01:00:00+00:00
6983,12.938539,77.5901,co,0.49,2019-07-16T01:15:00+00:00
6983,12.938539,77.5901,co,0.48,2019-07-16T01:30:00+00:00
6983,12.938539,77.5901,co,0.52,2019-07-16T01:45:00+00:00
6983,12.938539,77.5901,co,0.52,2019-07-16T02:00:00+00:00
6983,12.938539,77.5901,co,0.55,2019-07-16T02:15:00+00:00
6983,12.938539,77.5901,co,0.57,2019-07-16T02:30:00+00:00
6983,12.938539,77.5901,co,0.53,2019-07-16T02:45:00+00:00
6983,12.938539,77.5901,co,0.62,2019-07-16T03:00:00+00:00
6983,12.938539,77.5901,co,0.61,2019-07-16T03:15:00+00:00
6983,12.938539,77.5901,co,0.57,2019-07-16T03:30:00+00:00
6983,12.938539,77.5901,co,0.6,2019-07-16T03:45:00+00:00
6983,12.938539,77.5901,co,0.62,2019-07-16T04:00:00+00:00
6983,12.938539,77.5901,co,0.53,2019-07-16T04:15:00+00:00
6983,12.938539,77.5901,co,0.58,2019-07-16T04:45:00+00:00
6983,12.938539,77.5901,co,0.6,2019-07-16T05:00:00+00:00
6983,12.938539,77.5901,co,0.5,2019-07-16T05:15:00+00:00
6983,12.938539,77.5901,co,0.53,2019-07-16T05:30:00+00:00
6983,12.938539,77.5901,co,0.41,2019-07-16T05:45:00+00:00
6983,12.938539,77.5901,co,0.38,2019-07-16T06:00:00+00:00
6983,12.938539,77.5901,co,0.42,2019-07-16T06:15:00+00:00
6983,12.938539,77.5901,co,0.4,2019-07-16T06:30:00+00:00
6983,12.938539,77.5901,co,0.35,2019-07-16T06:45:00+00:00
6983,12.938539,77.5901,co,0.39,2019-07-16T07:00:00+00:00
6983,12.938539,77.5901,co,0.4,2019-07-16T07:15:00+00:00
6983,12.938539,77.5901,co,0.37,2019-07-16T07:30:00+00:00
6983,12.938539,77.5901,co,0.44,2019-07-16T07:45:00+00:00
6983,12.938539,77.5901,co,0.42,2019-07-16T08:00:00+00:00
6983,12.938539,77.5901,co,0.4,2019-07-16T08:15:00+00:00
6983,12.938539,77.5901,co,0.31,2019-07-16T08:30:00+00:00
6983,12.938539,77.5901,co,0.34,2019-07-16T08:45:00+00:00
6983,12.938539,77.5901,co,0.39,2019-07-16T09:15:00+00:00
6983,12.938539,77.5901,co,0.38,2019-07-16T09:30:00+00:00
6983,12.938539,77.5901,co,0.42,2019-07-16T09:45:00+00:00
6983,12.938539,77.5901,co,0.38,2019-07-16T10:00:00+00:00
6983,12.938539,77.5901,co,0.47,2019-07-16T10:15:00+00:00
6983,12.938539,77.5901,co,0.48,2019-07-16T10:30:00+00:00
6983,12.938539,77.5901,co,0.5,2019-07-16T10:45:00+00:00
6983,12.938539,77.5901,co,0.47,2019-07-16T11:00:00+00:00
6983,12.938539,77.5901,co,0.45,2019-07-16T11:15:00+00:00
6983,12.938539,77.5901,co,0.37,2019-07-16T11:30:00+00:00
6983,12.938539,77.5901,co,0.39,2019-07-16T11:45:00+00:00
6983,12.938539,77.5901,co,0.47,2019-07-16T12:00:00+00:00
6983,12.938539,77.5901,co,0.47,2019-07-16T12:15:00+00:00
6983,12.938539,77.5901,co,0.52,2019-07-16T12:30:00+00:00
6983,12.938539,77.5901,co,0.5,2019-07-16T12:45:00+00:00
6983,12.938539,77.5901,co,0.52,2019-07-16T13:00:00+00:00
6983,12.938539,77.5901,co,0.5,2019-07-16T13:15:00+00:00
6983,12.938539,77.5901,co,0.56,2019-07-16T13:30:00+00:00
6983,12.938539,77.5901,co,0.52,2019-07-16T13:45:00+00:00
6983,12.938539,77.5901,co,0.57,2019-07-16T14:00:00+00:00
6983,12.938539,77.5901,co,0.66,2019-07-16T14:15:00+00:00
6983,12.938539,77.5901,co,0.69,2019-07-16T14:30:00+00:00
6983,12.938539,77.5901,co,0.66,2019-07-16T14:45:00+00:00
6983,12.938539,77.5901,co,0.7,2019-07-16T15:00:00+00:00
6983,12.938539,77.5901,co,0.66,2019-07-16T15:15:00+00:00
6983,12.938539,77.5901,co,0.66,2019-07-16T15:30:00+00:00
6983,12.938539,77.5901,co,0.73,2019-07-16T15:45:00+00:00
6983,12.938539,77.5901,co,0.71,2019-07-16T16:00:00+00:00
6983,12.938539,77.5901,co,0.63,2019-07-16T16:15:00+00:00
6983,12.938539,77.5901,co,0.78,2019-07-16T16:30:00+00:00
6983,12.938539,77.5901,co,0.79,2019-07-16T16:45:00+00:00
6983,12.938539,77.5901,co,0.76,2019-07-16T17:00:00+00:00
6983,12.938539,77.5901,co,0.69,2019-07-16T17:15:00+00:00
6983,12.938539,77.5901,co,0.62,2019-07-16T17:30:00+00:00
6983,12.938539,77.5901,co,0.58,2019-07-16T17:45:00+00:00
6983,12.938539,77.5901,co,0.5,2019-07-16T18:00:00+00:00
6983,12.938539,77.5901,co,0.32,2019-07-16T18:30:00+00:00
6983,12.938539,77.5901,no2,7.5,2019-07-15T18:45:00+00:00
6983,12.938539,77.5901,no2,5.6,2019-07-15T19:00:00+00:00
6983,12.938539,77.5901,no2,4.7,2019-07-15T19:15:00+00:00
6983,12.938539,77.5901,no2,4.7,2019-07-15T19:30:00+00:00
6983,12.938539,77.5901,no2,4.5,2019-07-15T19:45:00+00:00
6983,12.938539,77.5901,no2,4.1,2019-07-15T20:00:00+00:00
6983,12.938539,77.5901,no2,3.8,2019-07-15T20:15:00+00:00
6983,12.938539,77.5901,no2,3.8,2019-07-15T20:30:00+00:00
6983,12.938539,77.5901,no2,3.6,2019-07-15T20:45:00+00:00
6983,12.938539,77.5901,no2,3.2,2019-07-15T21:00:00+00:00
6983,12.938539,77.5901,no2,3.4,2019-07-15T21:15:00+00:00
6983,12.938539,77.5901,no2,3.6,2019-07-15T21:30:00+00:00
6983,12.938539,77.5901,no2,3.6,2019-07-15T21:45:00+00:00
6983,12.938539,77.5901,no2,3.4,2019-07-15T22:00:00+00:00
6983,12.938539,77.5901,no2,3.0,2019-07-15T22:15:00+00:00
6983,12.938539,77.5901,no2,2.8,2019-07-15T22:30:00+00:00
6983,12.938539,77.5901,no2,3.0,2019-07-15T22:45:00+00:00
6983,12.938539,77.5901,no2,3.2,2019-07-15T23:00:00+00:00
6983,12.938539,77.5901,no2,6.4,2019-07-16T00:15:00+00:00
6983,12.938539,77.5901,no2,6.6,2019-07-16T00:30:00+00:00
6983,12.938539,77.5901,no2,7.7,2019-07-16T00:45:00+00:00
6983,12.938539,77.5901,no2,9.2,2019-07-16T01:00:00+00:00
6983,12.938539,77.5901,no2,9.6,2019-07-16T01:15:00+00:00
6983,12.938539,77.5901,no2,9.4,2019-07-16T01:30:00+00:00
6983,12.938539,77.5901,no2,9.4,2019-07-16T01:45:00+00:00
6983,12.938539,77.5901,no2,9.4,2019-07-16T02:00:00+00:00
6983,12.938539,77.5901,no2,9.4,2019-07-16T02:15:00+00:00
6983,12.938539,77.5901,no2,9.0,2019-07-16T02:30:00+00:00
6983,12.938539,77.5901,no2,8.5,2019-07-16T02:45:00+00:00
6983,12.938539,77.5901,no2,8.1,2019-07-16T03:00:00+00:00
6983,12.938539,77.5901,no2,8.3,2019-07-16T03:15:00+00:00
6983,12.938539,77.5901,no2,8.5,2019-07-16T03:30:00+00:00
6983,12.938539,77.5901,no2,8.3,2019-07-16T03:45:00+00:00
6983,12.938539,77.5901,no2,8.1,2019-07-16T04:00:00+00:00
6983,12.938539,77.5901,no2,7.9,2019-07-16T04:15:00+00:00
6983,12.938539,77.5901,no2,9.4,2019-07-16T04:45:00+00:00
6983,12.938539,77.5901,no2,9.6,2019-07-16T05:00:00+00:00
6983,12.938539,77.5901,no2,8.8,2019-07-16T05:15:00+00:00
6983,12.938539,77.5901,no2,7.7,2019-07-16T05:30:00+00:00
6983,12.938539,77.5901,no2,6.8,2019-07-16T05:45:00+00:00
6983,12.938539,77.5901,no2,5.8,2019-07-16T06:00:00+00:00
6983,12.938539,77.5901,no2,5.3,2019-07-16T06:15:00+00:00
6983,12.938539,77.5901,no2,4.9,2019-07-16T06:30:00+00:00
6983,12.938539,77.5901,no2,4.9,2019-07-16T06:45:00+00:00
6983,12.938539,77.5901,no2,4.5,2019-07-16T07:00:00+00:00
6983,12.938539,77.5901,no2,4.7,2019-07-16T07:15:00+00:00
6983,12.938539,77.5901,no2,4.9,2019-07-16T07:30:00+00:00
6983,12.938539,77.5901,no2,5.1,2019-07-16T07:45:00+00:00
6983,12.938539,77.5901,no2,4.7,2019-07-16T08:00:00+00:00
6983,12.938539,77.5901,no2,4.1,2019-07-16T08:15:00+00:00
6983,12.938539,77.5901,no2,3.8,2019-07-16T08:30:00+00:00
6983,12.938539,77.5901,no2,4.3,2019-07-16T08:45:00+00:00
6983,12.938539,77.5901,no2,4.7,2019-07-16T09:15:00+00:00
6983,12.938539,77.5901,no2,5.1,2019-07-16T09:30:00+00:00
6983,12.938539,77.5901,no2,6.4,2019-07-16T09:45:00+00:00
6983,12.938539,77.5901,no2,6.0,2019-07-16T10:00:00+00:00
6983,12.938539,77.5901,no2,6.2,2019-07-16T10:15:00+00:00
6983,12.938539,77.5901,no2,7.9,2019-07-16T10:30:00+00:00
6983,12.938539,77.5901,no2,8.3,2019-07-16T10:45:00+00:00
6983,12.938539,77.5901,no2,8.3,2019-07-16T11:00:00+00:00
6983,12.938539,77.5901,no2,7.5,2019-07-16T11:15:00+00:00
6983,12.938539,77.5901,no2,6.6,2019-07-16T11:30:00+00:00
6983,12.938539,77.5901,no2,6.2,2019-07-16T11:45:00+00:00
6983,12.938539,77.5901,no2,7.5,2019-07-16T12:00:00+00:00
6983,12.938539,77.5901,no2,10.0,2019-07-16T12:15:00+00:00
6983,12.938539,77.5901,no2,11.8,2019-07-16T12:30:00+00:00
6983,12.938539,77.5901,no2,12.2,2019-07-16T12:45:00+00:00
6983,12.938539,77.5901,no2,11.5,2019-07-16T13:00:00+00:00
6983,12.938539,77.5901,no2,11.1,2019-07-16T13:15:00+00:00
6983,12.938539,77.5901,no2,12.2,2019-07-16T13:30:00+00:00
6983,12.938539,77.5901,no2,12.4,2019-07-16T13:45:00+00:00
6983,12.938539,77.5901,no2,12.8,2019-07-16T14:00:00+00:00
6983,12.938539,77.5901,no2,14.7,2019-07-16T14:15:00+00:00
6983,12.938539,77.5901,no2,16.4,2019-07-16T14:30:00+00:00
6983,12.938539,77.5901,no2,16.7,2019-07-16T14:45:00+00:00
6983,12.938539,77.5901,no2,17.1,2019-07-16T15:00:00+00:00
6983,12.938539,77.5901,no2,17.5,2019-07-16T15:15:00+00:00
6983,12.938539,77.5901,no2,17.3,2019-07-16T15:30:00+00:00
6983,12.938539,77.5901,no2,16.4,2019-07-16T15:45:00+00:00
6983,12.938539,77.5901,no2,16.0,2019-07-16T16:00:00+00:00
6983,12.938539,77.5901,no2,15.4,2019-07-16T16:15:00+00:00
6983,12.938539,77.5901,no2,16.4,2019-07-16T16:30:00+00:00
6983,12.938539,77.5901,no2,17.1,2019-07-16T16:45:00+00:00
6983,12.938539,77.5901,no2,18.0,2019-07-16T17:00:00+00:00
6983,12.938539,77.5901,no2,18.2,2019-07-16T17:15:00+00:00
6983,12.938539,77.5901,no2,16.7,2019-07-16T17:30:00+00:00
6983,12.938539,77.5901,no2,14.9,2019-07-16T17:45:00+00:00
6983,12.938539,77.5901,no2,13.0,2019-07-16T18:00:00+00:00
6983,12.938539,77.5901,no2,11.3,2019-07-16T18:15:00+00:00
6983,12.938539,77.5901,no2,9.6,2019-07-16T18:30:00+00:00
6983,12.938539,77.5901,so2,1.2,2019-07-15T18:45:00+00:00
6983,12.938539,77.5901,so2,1.2,2019-07-15T19:00:00+00:00
6983,12.938539,77.5901,so2,1.3,2019-07-15T19:15:00+00:00
6983,12.938539,77.5901,so2,1.4,2019-07-15T19:30:00+00:00
6983,12.938539,77.5901,so2,1.5,2019-07-15T19:45:00+00:00
6983,12.938539,77.5901,so2,1.5,2019-07-15T20:00:00+00:00
6983,12.938539,77.5901,so2,1.4,2019-07-15T20:15:00+00:00
6983,12.938539,77.5901,so2,1.2,2019-07-15T20:30:00+00:00
6983,12.938539,77.5901,so2,1.2,2019-07-15T20:45:00+00:00
6983,12.938539,77.5901,so2,1.3,2019-07-15T21:00:00+00:00
6983,12.938539,77.5901,so2,1.2,2019-07-15T21:15:00+00:00
6983,12.938539,77.5901,so2,1.2,2019-07-15T21:30:00+00:00
6983,12.938539,77.5901,so2,1.2,2019-07-15T21:45:00+00:00
6983,12.938539,77.5901,so2,1.1,2019-07-15T22:00:00+00:00
6983,12.938539,77.5901,so2,1.3,2019-07-15T22:15:00+00:00
6983,12.938539,77.5901,so2,1.2,2019-07-15T22:30:00+00:00
6983,12.938539,77.5901,so2,1.2,2019-07-15T22:45:00+00:00
6983,12.938539,77.5901,so2,1.0,2019-07-15T23:00:00+00:00
6983,12.938539,77.5901,so2,1.2,2019-07-15T23:15:00+00:00
6983,12.938539,77.5901,so2,1.3,2019-07-15T23:30:00+00:00
6983,12.938539,77.5901,so2,1.3,2019-07-15T23:45:00+00:00
6983,12.938539,77.5901,so2,1.4,2019-07-16T00:00:00+00:00
6983,12.938539,77.5901,so2,1.2,2019-07-16T01:00:00+00:00
6983,12.938539,77.5901,so2,1.2,2019-07-16T01:15:00+00:00
6983,12.938539,77.5901,so2,1.3,2019-07-16T01:30:00+00:00
6983,12.938539,77.5901,so2,1.3,2019-07-16T01:45:00+00:00
6983,12.938539,77.5901,so2,1.2,2019-07-16T02:00:00+00:00
6983,12.938539,77.5901,so2,1.2,2019-07-16T02:15:00+00:00
6983,12.938539,77.5901,so2,1.0,2019-07-16T02:30:00+00:00
6983,12.938539,77.5901,so2,1.1,2019-07-16T02:45:00+00:00
6983,12.938539,77.5901,so2,1.1,2019-07-16T03:00:00+00:00
6983,12.938539,77.5901,so2,1.2,2019-07-16T03:15:00+00:00
6983,12.938539,77.5901,so2,1.3,2019-07-16T03:30:00+00:00
6983,12.938539,77.5901,so2,1.6,2019-07-16T03:45:00+00:00
6983,12.938539,77.5901,so2,1.6,2019-07-16T04:00:00+00:00
6983,12.938539,77.5901,so2,1.4,2019-07-16T04:15:00+00:00
6983,12.938539,77.5901,so2,1.5,2019-07-16T04:45:00+00:00
6983,12.938539,77.5901,so2,1.5,2019-07-16T05:00:00+00:00
6983,12.938539,77.5901,so2,1.5,2019-07-16T05:15:00+00:00
6983,12.938539,77.5901,so2,1.4,2019-07-16T05:30:00+00:00
6983,12.938539,77.5901,so2,1.3,2019-07-16T05:45:00+00:00
6983,12.938539,77.5901,so2,1.1,2019-07-16T06:00:00+00:00
6983,12.938539,77.5901,so2,1.4,2019-07-16T06:15:00+00:00
6983,12.938539,77.5901,so2,1.4,2019-07-16T06:30:00+00:00
6983,12.938539,77.5901,so2,1.2,2019-07-16T06:45:00+00:00
6983,12.938539,77.5901,so2,1.2,2019-07-16T07:00:00+00:00
6983,12.938539,77.5901,so2,1.2,2019-07-16T07:15:00+00:00
6983,12.938539,77.5901,so2,1.4,2019-07-16T07:30:00+00:00
6983,12.938539,77.5901,so2,1.4,2019-07-16T07:45:00+00:00
6983,12.938539,77.5901,so2,1.5,2019-07-16T08:00:00+00:00
6983,12.938539,77.5901,so2,1.4,2019-07-16T08:15:00+00:00
6983,12.938539,77.5901,so2,1.2,2019-07-16T08:30:00+00:00
6983,12.938539,77.5901,so2,1.5,2019-07-16T08:45:00+00:00
6983,12.938539,77.5901,so2,1.6,2019-07-16T09:15:00+00:00
6983,12.938539,77.5901,so2,1.6,2019-07-16T09:30:00+00:00
6983,12.938539,77.5901,so2,1.7,2019-07-16T09:45:00+00:00
6983,12.938539,77.5901,so2,1.2,2019-07-16T10:00:00+00:00
6983,12.938539,77.5901,so2,0.9,2019-07-16T10:15:00+00:00
6983,12.938539,77.5901,so2,0.8,2019-07-16T10:30:00+00:00
6983,12.938539,77.5901,so2,1.2,2019-07-16T10:45:00+00:00
6983,12.938539,77.5901,so2,1.2,2019-07-16T11:00:00+00:00
6983,12.938539,77.5901,so2,1.5,2019-07-16T11:15:00+00:00
6983,12.938539,77.5901,so2,1.5,2019-07-16T11:30:00+00:00
6983,12.938539,77.5901,so2,1.7,2019-07-16T11:45:00+00:00
6983,12.938539,77.5901,so2,1.5,2019-07-16T12:00:00+00:00
6983,12.938539,77.5901,so2,1.4,2019-07-16T12:15:00+00:00
6983,12.938539,77.5901,so2,1.4,2019-07-16T12:30:00+00:00
6983,12.938539,77.5901,so2,1.3,2019-07-16T12:45:00+00:00
6983,12.938539,77.5901,so2,1.2,2019-07-16T13:00:00+00:00
6983,12.938539,77.5901,so2,1.0,2019-07-16T13:15:00+00:00
6983,12.938539,77.5901,so2,1.2,2019-07-16T13:30:00+00:00
6983,12.938539,77.5901,so2,1.1,2019-07-16T13:45:00+00:00
6983,12.938539,77.5901,so2,0.9,2019-07-16T14:00:00+00:00
6983,12.938539,77.5901,so2,1.1,2019-07-16T14:15:00+00:00
6983,12.938539,77.5901,so2,1.2,2019-07-16T14:30:00+00:00
6983,12.938539,77.5901,so2,1.2,2019-07-16T14:45:00+00:00
6983,12.938539,77.5901,so2,1.1,2019-07-16T15:00:00+00:00
6983,12.938539,77.5901,so2,1.0,2019-07-16T15:15:00+00:00
6983,12.938539,77.5901,so2,1.3,2019-07-16T15:30:00+00:00
6983,12.938539,77.5901,so2,1.3,2019-07-16T15:45:00+00:00
6983,12.938539,77.5901,so2,1.2,2019-07-16T16:00:00+00:00
6983,12.938539,77.5901,so2,1.3,2019-07-16T16:15:00+00:00
6983,12.938539,77.5901,so2,1.2,2019-07-16T16:30:00+00:00
6983,12.938539,77.5901,so2,1.2,2019-07-16T16:45:00+00:00
6983,12.938539,77.5901,so2,1.1,2019-07-16T17:00:00+00:00
6983,12.938539,77.5901,so2,1.2,2019-07-16T17:15:00+00:00
6983,12.938539,77.5901,so2,1.2,2019-07-16T17:30:00+00:00
6983,12.938539,77.5901,so2,1.2,2019-07-16T17:45:00+00:00
6983,12.938539,77.5901,so2,1.3,2019-07-16T18:00:00+00:00
6983,12.938539,77.5901,so2,1.4,2019-07-16T18:30:00+00:00
6984,13.029152,77.585901,pm10,14.0,2019-07-09T18:45:00+00:00
6984,13.029152,77.585901,pm10,14.0,2019-07-09T19:00:00+00:00
6984,13.029152,77.585901,pm10,14.0,2019-07-09T19:15:00+00:00
6984,13.029152,77.585901,pm10,14.0,2019-07-09T19:30:00+00:00
6984,13.029152,77.585901,pm10,14.0,2019-07-09T19:45:00+00:00
6984,13.029152,77.585901,pm10,14.0,2019-07-09T20:00:00+00:00
6984,13.029152,77.585901,pm10,10.0,2019-07-09T20:15:00+00:00
6984,13.029152,77.585901,pm10,10.0,2019-07-09T20:30:00+00:00
6984,13.029152,77.585901,pm10,10.0,2019-07-09T20:45:00+00:00
6984,13.029152,77.585901,pm10,10.0,2019-07-09T21:00:00+00:00
6984,13.029152,77.585901,pm10,8.0,2019-07-09T21:15:00+00:00
6984,13.029152,77.585901,pm10,8.0,2019-07-09T21:30:00+00:00
6984,13.029152,77.585901,pm10,8.0,2019-07-09T21:45:00+00:00
6984,13.029152,77.585901,pm10,8.0,2019-07-09T22:00:00+00:00
6984,13.029152,77.585901,pm10,11.0,2019-07-09T22:15:00+00:00
6984,13.029152,77.585901,pm10,11.0,2019-07-09T22:30:00+00:00
6984,13.029152,77.585901,pm10,11.0,2019-07-09T22:45:00+00:00
6984,13.029152,77.585901,pm10,11.0,2019-07-09T23:00:00+00:00
6984,13.029152,77.585901,pm10,16.0,2019-07-09T23:15:00+00:00
6984,13.029152,77.585901,pm10,16.0,2019-07-09T23:30:00+00:00
6984,13.029152,77.585901,pm10,16.0,2019-07-09T23:45:00+00:00
6984,13.029152,77.585901,pm10,16.0,2019-07-10T00:00:00+00:00
6984,13.029152,77.585901,pm10,19.0,2019-07-10T00:15:00+00:00
6984,13.029152,77.585901,pm10,19.0,2019-07-10T00:30:00+00:00
6984,13.029152,77.585901,pm10,19.0,2019-07-10T00:45:00+00:00
6984,13.029152,77.585901,pm10,19.0,2019-07-10T01:00:00+00:00
6984,13.029152,77.585901,pm10,19.0,2019-07-10T01:15:00+00:00
6984,13.029152,77.585901,pm10,19.0,2019-07-10T01:30:00+00:00
6984,13.029152,77.585901,pm10,19.0,2019-07-10T01:45:00+00:00
6984,13.029152,77.585901,pm10,19.0,2019-07-10T02:00:00+00:00
6984,13.029152,77.585901,pm10,25.0,2019-07-10T02:15:00+00:00
6984,13.029152,77.585901,pm10,25.0,2019-07-10T02:30:00+00:00
6984,13.029152,77.585901,pm10,25.0,2019-07-10T02:45:00+00:00
6984,13.029152,77.585901,pm10,25.0,2019-07-10T03:00:00+00:00
6984,13.029152,77.585901,pm10,30.0,2019-07-10T03:15:00+00:00
6984,13.029152,77.585901,pm10,30.0,2019-07-10T03:30:00+00:00
6984,13.029152,77.585901,pm10,30.0,2019-07-10T03:45:00+00:00
6984,13.029152,77.585901,pm10,30.0,2019-07-10T04:00:00+00:00
6984,13.029152,77.585901,pm10,24.0,2019-07-10T04:15:00+00:00
6984,13.029152,77.585901,pm10,24.0,2019-07-10T04:30:00+00:00
6984,13.029152,77.585901,pm10,24.0,2019-07-10T04:45:00+00:00
6984,13.029152,77.585901,pm10,24.0,2019-07-10T05:00:00+00:00
6984,13.029152,77.585901,pm10,32.0,2019-07-10T05:15:00+00:00
6984,13.029152,77.585901,pm10,32.0,2019-07-10T05:30:00+00:00
6984,13.029152,77.585901,pm10,32.0,2019-07-10T05:45:00+00:00
6984,13.029152,77.585901,pm10,32.0,2019-07-10T06:00:00+00:00
6984,13.029152,77.585901,pm10,32.0,2019-07-10T06:15:00+00:00
6984,13.029152,77.585901,pm10,32.0,2019-07-10T06:30:00+00:00
6984,13.029152,77.585901,pm10,32.0,2019-07-10T06:45:00+00:00
6984,13.029152,77.585901,pm10,32.0,2019-07-10T07:00:00+00:00
6984,13.029152,77.585901,pm10,32.0,2019-07-10T07:15:00+00:00
6984,13.029152,77.585901,pm10,32.0,2019-07-10T07:30:00+00:00
6984,13.029152,77.585901,pm10,32.0,2019-07-10T07:45:00+00:00
6984,13.029152,77.585901,pm10,32.0,2019-07-10T08:00:00+00:00
6984,13.029152,77.585901,pm10,25.0,2019-07-10T08:15:00+00:00
6984,13.029152,77.585901,pm10,25.0,2019-07-10T08:30:00+00:00
6984,13.029152,77.585901,pm10,25.0,2019-07-10T08:45:00+00:00
6984,13.029152,77.585901,pm10,25.0,2019-07-10T09:00:00+00:00
6984,13.029152,77.585901,pm10,26.0,2019-07-10T09:15:00+00:00
6984,13.029152,77.585901,pm10,26.0,2019-07-10T09:30:00+00:00
6984,13.029152,77.585901,pm10,26.0,2019-07-10T09:45:00+00:00
6984,13.029152,77.585901,pm10,26.0,2019-07-10T10:00:00+00:00
6984,13.029152,77.585901,pm10,32.0,2019-07-10T10:15:00+00:00
6984,13.029152,77.585901,pm10,32.0,2019-07-10T10:30:00+00:00
6984,13.029152,77.585901,pm10,32.0,2019-07-10T10:45:00+00:00
6984,13.029152,77.585901,pm10,32.0,2019-07-10T11:00:00+00:00
6984,13.029152,77.585901,pm10,35.0,2019-07-10T11:15:00+00:00
6984,13.029152,77.585901,pm10,35.0,2019-07-10T11:30:00+00:00
6984,13.029152,77.585901,pm10,35.0,2019-07-10T11:45:00+00:00
6984,13.029152,77.585901,pm10,35.0,2019-07-10T12:00:00+00:00
6984,13.029152,77.585901,pm10,34.0,2019-07-10T12:15:00+00:00
6984,13.029152,77.585901,pm10,34.0,2019-07-10T12:30:00+00:00
6984,13.029152,77.585901,pm10,34.0,2019-07-10T12:45:00+00:00
6984,13.029152,77.585901,pm10,34.0,2019-07-10T13:00:00+00:00
6984,13.029152,77.585901,pm10,28.0,2019-07-10T13:15:00+00:00
6984,13.029152,77.585901,pm10,28.0,2019-07-10T13:30:00+00:00
6984,13.029152,77.585901,pm10,28.0,2019-07-10T13:45:00+00:00
6984,13.029152,77.585901,pm10,28.0,2019-07-10T14:00:00+00:00
6984,13.029152,77.585901,pm10,30.0,2019-07-10T14:15:00+00:00
6984,13.029152,77.585901,pm10,30.0,2019-07-10T14:30:00+00:00
6984,13.029152,77.585901,pm10,30.0,2019-07-10T14:45:00+00:00
6984,13.029152,77.585901,pm10,30.0,2019-07-10T15:00:00+00:00
6984,13.029152,77.585901,pm10,23.0,2019-07-10T15:15:00+00:00
6984,13.029152,77.585901,pm10,23.0,2019-07-10T15:30:00+00:00
6984,13.029152,77.585901,pm10,23.0,2019-07-10T15:45:00+00:00
6984,13.029152,77.585901,pm10,23.0,2019-07-10T16:00:00+00:00
6984,13.029152,77.585901,pm10,25.0,2019-07-10T16:15:00+00:00
6984,13.029152,77.585901,pm10,25.0,2019-07-10T16:30:00+00:00
6984,13.029152,77.585901,pm10,25.0,2019-07-10T16:45:00+00:00
6984,13.029152,77.585901,pm10,25.0,2019-07-10T17:00:00+00:00
6984,13.029152,77.585901,pm10,20.0,2019-07-10T17:15:00+00:00
6984,13.029152,77.585901,pm10,20.0,2019-07-10T17:30:00+00:00
6984,13.029152,77.585901,pm10,20.0,2019-07-10T17:45:00+00:00
6984,13.029152,77.585901,pm10,20.0,2019-07-10T18:00:00+00:00
6984,13.029152,77.585901,pm10,20.0,2019-07-10T18:15:00+00:00
6984,13.029152,77.585901,pm10,20.0,2019-07-10T18:30:00+00:00
6984,13.029152,77.585901,pm25,3.0,2019-07-09T18:45:00+00:00
6984,13.029152,77.585901,pm25,3.0,2019-07-09T19:00:00+00:00
6984,13.029152,77.585901,pm25,4.0,2019-07-09T19:15:00+00:00
6984,13.029152,77.585901,pm25,4.0,2019-07-09T19:30:00+00:00
6984,13.029152,77.585901,pm25,4.0,2019-07-09T19:45:00+00:00
6984,13.029152,77.585901,pm25,4.0,2019-07-09T20:00:00+00:00
6984,13.029152,77.585901,pm25,4.0,2019-07-09T20:15:00+00:00
6984,13.029152,77.585901,pm25,4.0,2019-07-09T20:30:00+00:00
6984,13.029152,77.585901,pm25,4.0,2019-07-09T20:45:00+00:00
6984,13.029152,77.585901,pm25,4.0,2019-07-09T21:00:00+00:00
6984,13.029152,77.585901,pm25,5.0,2019-07-09T21:15:00+00:00
6984,13.029152,77.585901,pm25,5.0,2019-07-09T21:30:00+00:00
6984,13.029152,77.585901,pm25,5.0,2019-07-09T21:45:00+00:00
6984,13.029152,77.585901,pm25,5.0,2019-07-09T22:00:00+00:00
6984,13.029152,77.585901,pm25,5.0,2019-07-09T22:15:00+00:00
6984,13.029152,77.585901,pm25,5.0,2019-07-09T22:30:00+00:00
6984,13.029152,77.585901,pm25,5.0,2019-07-09T22:45:00+00:00
6984,13.029152,77.585901,pm25,5.0,2019-07-09T23:00:00+00:00
6984,13.029152,77.585901,pm25,7.0,2019-07-09T23:15:00+00:00
6984,13.029152,77.585901,pm25,7.0,2019-07-09T23:30:00+00:00
6984,13.029152,77.585901,pm25,7.0,2019-07-09T23:45:00+00:00
6984,13.029152,77.585901,pm25,7.0,2019-07-10T00:00:00+00:00
6984,13.029152,77.585901,pm25,6.0,2019-07-10T00:15:00+00:00
6984,13.029152,77.585901,pm25,6.0,2019-07-10T00:30:00+00:00
6984,13.029152,77.585901,pm25,6.0,2019-07-10T00:45:00+00:00
6984,13.029152,77.585901,pm25,6.0,2019-07-10T01:00:00+00:00
6984,13.029152,77.585901,pm25,6.0,2019-07-10T01:15:00+00:00
6984,13.029152,77.585901,pm25,6.0,2019-07-10T01:30:00+00:00
6984,13.029152,77.585901,pm25,6.0,2019-07-10T01:45:00+00:00
6984,13.029152,77.585901,pm25,6.0,2019-07-10T02:00:00+00:00
6984,13.029152,77.585901,pm25,11.0,2019-07-10T02:15:00+00:00
6984,13.029152,77.585901,pm25,11.0,2019-07-10T02:30:00+00:00
6984,13.029152,77.585901,pm25,11.0,2019-07-10T02:45:00+00:00
6984,13.029152,77.585901,pm25,11.0,2019-07-10T03:00:00+00:00
6984,13.029152,77.585901,pm25,11.0,2019-07-10T03:15:00+00:00
6984,13.029152,77.585901,pm25,11.0,2019-07-10T03:30:00+00:00
6984,13.029152,77.585901,pm25,11.0,2019-07-10T03:45:00+00:00
6984,13.029152,77.585901,pm25,11.0,2019-07-10T04:00:00+00:00
6984,13.029152,77.585901,pm25,10.0,2019-07-10T04:15:00+00:00
6984,13.029152,77.585901,pm25,10.0,2019-07-10T04:30:00+00:00
6984,13.029152,77.585901,pm25,10.0,2019-07-10T04:45:00+00:00
6984,13.029152,77.585901,pm25,10.0,2019-07-10T05:00:00+00:00
6984,13.029152,77.585901,pm25,9.0,2019-07-10T05:15:00+00:00
6984,13.029152,77.585901,pm25,9.0,2019-07-10T05:30:00+00:00
6984,13.029152,77.585901,pm25,9.0,2019-07-10T05:45:00+00:00
6984,13.029152,77.585901,pm25,9.0,2019-07-10T06:00:00+00:00
6984,13.029152,77.585901,pm25,10.0,2019-07-10T06:15:00+00:00
6984,13.029152,77.585901,pm25,10.0,2019-07-10T06:30:00+00:00
6984,13.029152,77.585901,pm25,10.0,2019-07-10T06:45:00+00:00
6984,13.029152,77.585901,pm25,10.0,2019-07-10T07:00:00+00:00
6984,13.029152,77.585901,pm25,18.0,2019-07-10T07:15:00+00:00
6984,13.029152,77.585901,pm25,18.0,2019-07-10T07:30:00+00:00
6984,13.029152,77.585901,pm25,18.0,2019-07-10T07:45:00+00:00
6984,13.029152,77.585901,pm25,18.0,2019-07-10T08:00:00+00:00
6984,13.029152,77.585901,pm25,11.0,2019-07-10T08:15:00+00:00
6984,13.029152,77.585901,pm25,11.0,2019-07-10T08:30:00+00:00
6984,13.029152,77.585901,pm25,11.0,2019-07-10T08:45:00+00:00
6984,13.029152,77.585901,pm25,11.0,2019-07-10T09:00:00+00:00
6984,13.029152,77.585901,pm25,10.0,2019-07-10T09:15:00+00:00
6984,13.029152,77.585901,pm25,10.0,2019-07-10T09:30:00+00:00
6984,13.029152,77.585901,pm25,10.0,2019-07-10T09:45:00+00:00
6984,13.029152,77.585901,pm25,10.0,2019-07-10T10:00:00+00:00
6984,13.029152,77.585901,pm25,11.0,2019-07-10T10:15:00+00:00
6984,13.029152,77.585901,pm25,11.0,2019-07-10T10:30:00+00:00
6984,13.029152,77.585901,pm25,11.0,2019-07-10T10:45:00+00:00
6984,13.029152,77.585901,pm25,11.0,2019-07-10T11:00:00+00:00
6984,13.029152,77.585901,pm25,11.0,2019-07-10T11:15:00+00:00
6984,13.029152,77.585901,pm25,11.0,2019-07-10T11:30:00+00:00
6984,13.029152,77.585901,pm25,11.0,2019-07-10T11:45:00+00:00
6984,13.029152,77.585901,pm25,11.0,2019-07-10T12:00:00+00:00
6984,13.029152,77.585901,pm25,17.0,2019-07-10T12:15:00+00:00
6984,13.029152,77.585901,pm25,17.0,2019-07-10T12:30:00+00:00
6984,13.029152,77.585901,pm25,17.0,2019-07-10T12:45:00+00:00
6984,13.029152,77.585901,pm25,17.0,2019-07-10T13:00:00+00:00
6984,13.029152,77.585901,pm25,16.0,2019-07-10T13:15:00+00:00
6984,13.029152,77.585901,pm25,16.0,2019-07-10T13:30:00+00:00
6984,13.029152,77.585901,pm25,16.0,2019-07-10T13:45:00+00:00
6984,13.029152,77.585901,pm25,16.0,2019-07-10T14:00:00+00:00
6984,13.029152,77.585901,pm25,13.0,2019-07-10T14:15:00+00:00
6984,13.029152,77.585901,pm25,13.0,2019-07-10T14:30:00+00:00
6984,13.029152,77.585901,pm25,13.0,2019-07-10T14:45:00+00:00
6984,13.029152,77.585901,pm25,13.0,2019-07-10T15:00:00+00:00
6984,13.029152,77.585901,pm25,14.0,2019-07-10T15:15:00+00:00
6984,13.029152,77.585901,pm25,14.0,2019-07-10T15:30:00+00:00
6984,13.029152,77.585901,pm25,14.0,2019-07-10T15:45:00+00:00
6984,13.029152,77.585901,pm25,14.0,2019-07-10T16:00:00+00:00
6984,13.029152,77.585901,pm25,13.0,2019-07-10T16:15:00+00:00
6984,13.029152,77.585901,pm25,13.0,2019-07-10T16:30:00+00:00
6984,13.029152,77.585901,pm25,13.0,2019-07-10T16:45:00+00:00
6984,13.029152,77.585901,pm25,13.0,2019-07-10T17:00:00+00:00
6984,13.029152,77.585901,pm25,12.0,2019-07-10T17:15:00+00:00
6984,13.029152,77.585901,pm25,12.0,2019-07-10T17:30:00+00:00
6984,13.029152,77.585901,pm25,12.0,2019-07-10T17:45:00+00:00
6984,13.029152,77.585901,pm25,12.0,2019-07-10T18:00:00+00:00
6984,13.029152,77.585901,pm25,10.0,2019-07-10T18:15:00+00:00
6984,13.029152,77.585901,pm25,10.0,2019-07-10T18:30:00+00:00
6984,13.029152,77.585901,co,1.37,2019-07-09T18:45:00+00:00
6984,13.029152,77.585901,co,1.32,2019-07-09T19:00:00+00:00
6984,13.029152,77.585901,co,1.32,2019-07-09T19:15:00+00:00
6984,13.029152,77.585901,co,1.29,2019-07-09T19:30:00+00:00
6984,13.029152,77.585901,co,1.32,2019-07-09T19:45:00+00:00
6984,13.029152,77.585901,co,1.28,2019-07-09T20:00:00+00:00
6984,13.029152,77.585901,co,1.29,2019-07-09T20:15:00+00:00
6984,13.029152,77.585901,co,1.31,2019-07-09T20:30:00+00:00
6984,13.029152,77.585901,co,1.29,2019-07-09T20:45:00+00:00
6984,13.029152,77.585901,co,1.34,2019-07-09T21:00:00+00:00
6984,13.029152,77.585901,co,1.33,2019-07-09T21:15:00+00:00
6984,13.029152,77.585901,co,1.32,2019-07-09T21:30:00+00:00
6984,13.029152,77.585901,co,1.34,2019-07-09T21:45:00+00:00
6984,13.029152,77.585901,co,1.32,2019-07-09T22:00:00+00:00
6984,13.029152,77.585901,co,1.36,2019-07-09T22:15:00+00:00
6984,13.029152,77.585901,co,1.28,2019-07-09T22:30:00+00:00
6984,13.029152,77.585901,co,1.36,2019-07-09T23:30:00+00:00
6984,13.029152,77.585901,co,1.33,2019-07-09T23:45:00+00:00
6984,13.029152,77.585901,co,1.31,2019-07-10T00:00:00+00:00
6984,13.029152,77.585901,co,1.39,2019-07-10T00:15:00+00:00
6984,13.029152,77.585901,co,1.45,2019-07-10T00:30:00+00:00
6984,13.029152,77.585901,co,1.48,2019-07-10T00:45:00+00:00
6984,13.029152,77.585901,co,1.51,2019-07-10T01:00:00+00:00
6984,13.029152,77.585901,co,1.53,2019-07-10T01:15:00+00:00
6984,13.029152,77.585901,co,1.61,2019-07-10T01:30:00+00:00
6984,13.029152,77.585901,co,1.56,2019-07-10T01:45:00+00:00
6984,13.029152,77.585901,co,1.53,2019-07-10T02:00:00+00:00
6984,13.029152,77.585901,co,1.53,2019-07-10T02:15:00+00:00
6984,13.029152,77.585901,co,1.61,2019-07-10T02:30:00+00:00
6984,13.029152,77.585901,co,1.63,2019-07-10T02:45:00+00:00
6984,13.029152,77.585901,co,1.67,2019-07-10T03:00:00+00:00
6984,13.029152,77.585901,co,1.72,2019-07-10T03:15:00+00:00
6984,13.029152,77.585901,co,1.74,2019-07-10T03:30:00+00:00
6984,13.029152,77.585901,co,1.63,2019-07-10T03:45:00+00:00
6984,13.029152,77.585901,co,1.6,2019-07-10T04:00:00+00:00
6984,13.029152,77.585901,co,1.61,2019-07-10T04:15:00+00:00
6984,13.029152,77.585901,co,1.42,2019-07-10T04:30:00+00:00
6984,13.029152,77.585901,co,1.49,2019-07-10T04:45:00+00:00
6984,13.029152,77.585901,co,1.43,2019-07-10T05:00:00+00:00
6984,13.029152,77.585901,co,1.48,2019-07-10T05:15:00+00:00
6984,13.029152,77.585901,co,1.5,2019-07-10T05:30:00+00:00
6984,13.029152,77.585901,co,1.4,2019-07-10T05:45:00+00:00
6984,13.029152,77.585901,co,1.42,2019-07-10T06:00:00+00:00
6984,13.029152,77.585901,co,1.37,2019-07-10T06:15:00+00:00
6984,13.029152,77.585901,co,1.43,2019-07-10T06:30:00+00:00
6984,13.029152,77.585901,co,1.35,2019-07-10T06:45:00+00:00
6984,13.029152,77.585901,co,1.28,2019-07-10T07:00:00+00:00
6984,13.029152,77.585901,co,1.25,2019-07-10T07:15:00+00:00
6984,13.029152,77.585901,co,1.28,2019-07-10T07:30:00+00:00
6984,13.029152,77.585901,co,1.24,2019-07-10T07:45:00+00:00
6984,13.029152,77.585901,co,1.19,2019-07-10T08:00:00+00:00
6984,13.029152,77.585901,co,1.23,2019-07-10T08:15:00+00:00
6984,13.029152,77.585901,co,1.25,2019-07-10T08:30:00+00:00
6984,13.029152,77.585901,co,1.31,2019-07-10T08:45:00+00:00
6984,13.029152,77.585901,co,1.19,2019-07-10T09:00:00+00:00
6984,13.029152,77.585901,co,1.26,2019-07-10T09:15:00+00:00
6984,13.029152,77.585901,co,1.33,2019-07-10T09:30:00+00:00
6984,13.029152,77.585901,co,1.24,2019-07-10T09:45:00+00:00
6984,13.029152,77.585901,co,1.21,2019-07-10T10:00:00+00:00
6984,13.029152,77.585901,co,1.23,2019-07-10T10:15:00+00:00
6984,13.029152,77.585901,co,1.31,2019-07-10T10:30:00+00:00
6984,13.029152,77.585901,co,1.33,2019-07-10T10:45:00+00:00
6984,13.029152,77.585901,co,1.41,2019-07-10T11:00:00+00:00
6984,13.029152,77.585901,co,1.35,2019-07-10T11:15:00+00:00
6984,13.029152,77.585901,co,1.41,2019-07-10T11:30:00+00:00
6984,13.029152,77.585901,co,1.49,2019-07-10T11:45:00+00:00
6984,13.029152,77.585901,co,1.47,2019-07-10T12:00:00+00:00
6984,13.029152,77.585901,co,1.37,2019-07-10T12:15:00+00:00
6984,13.029152,77.585901,co,1.41,2019-07-10T12:30:00+00:00
6984,13.029152,77.585901,co,1.32,2019-07-10T12:45:00+00:00
6984,13.029152,77.585901,co,1.41,2019-07-10T13:00:00+00:00
6984,13.029152,77.585901,co,1.43,2019-07-10T13:15:00+00:00
6984,13.029152,77.585901,co,1.43,2019-07-10T13:30:00+00:00
6984,13.029152,77.585901,co,1.42,2019-07-10T13:45:00+00:00
6984,13.029152,77.585901,co,1.31,2019-07-10T14:00:00+00:00
6984,13.029152,77.585901,co,1.32,2019-07-10T14:15:00+00:00
6984,13.029152,77.585901,co,1.19,2019-07-10T14:30:00+00:00
6984,13.029152,77.585901,co,1.36,2019-07-10T14:45:00+00:00
6984,13.029152,77.585901,co,1.37,2019-07-10T15:00:00+00:00
6984,13.029152,77.585901,co,1.42,2019-07-10T15:15:00+00:00
6984,13.029152,77.585901,co,1.42,2019-07-10T15:30:00+00:00
6984,13.029152,77.585901,co,1.58,2019-07-10T15:45:00+00:00
6984,13.029152,77.585901,co,1.4,2019-07-10T16:00:00+00:00
6984,13.029152,77.585901,co,1.39,2019-07-10T16:15:00+00:00
6984,13.029152,77.585901,co,1.19,2019-07-10T16:30:00+00:00
6984,13.029152,77.585901,co,1.26,2019-07-10T16:45:00+00:00
6984,13.029152,77.585901,co,1.24,2019-07-10T17:00:00+00:00
6984,13.029152,77.585901,co,1.03,2019-07-10T17:15:00+00:00
6984,13.029152,77.585901,co,1.17,2019-07-10T17:30:00+00:00
6984,13.029152,77.585901,co,1.28,2019-07-10T17:45:00+00:00
6984,13.029152,77.585901,co,1.21,2019-07-10T18:00:00+00:00
6984,13.029152,77.585901,co,1.48,2019-07-10T18:30:00+00:00
6984,13.029152,77.585901,no2,4.0,2019-07-09T18:45:00+00:00
6984,13.029152,77.585901,no2,3.3,2019-07-09T19:00:00+00:00
6984,13.029152,77.585901,no2,2.2,2019-07-09T19:15:00+00:00
6984,13.029152,77.585901,no2,1.4,2019-07-09T19:30:00+00:00
6984,13.029152,77.585901,no2,1.3,2019-07-09T19:45:00+00:00
6984,13.029152,77.585901,no2,1.3,2019-07-09T20:00:00+00:00
6984,13.029152,77.585901,no2,1.4,2019-07-09T20:15:00+00:00
6984,13.029152,77.585901,no2,1.0,2019-07-09T20:30:00+00:00
6984,13.029152,77.585901,no2,0.4,2019-07-09T20:45:00+00:00
6984,13.029152,77.585901,no2,0.5,2019-07-09T21:00:00+00:00
6984,13.029152,77.585901,no2,0.7,2019-07-09T21:15:00+00:00
6984,13.029152,77.585901,no2,0.7,2019-07-09T21:30:00+00:00
6984,13.029152,77.585901,no2,0.8,2019-07-09T21:45:00+00:00
6984,13.029152,77.585901,no2,1.2,2019-07-09T22:00:00+00:00
6984,13.029152,77.585901,no2,1.1,2019-07-09T22:15:00+00:00
6984,13.029152,77.585901,no2,1.5,2019-07-09T22:30:00+00:00
6984,13.029152,77.585901,no2,2.0,2019-07-09T22:45:00+00:00
6984,13.029152,77.585901,no2,2.1,2019-07-09T23:00:00+00:00
6984,13.029152,77.585901,no2,2.8,2019-07-09T23:15:00+00:00
6984,13.029152,77.585901,no2,3.6,2019-07-09T23:30:00+00:00
6984,13.029152,77.585901,no2,8.1,2019-07-10T00:30:00+00:00
6984,13.029152,77.585901,no2,7.4,2019-07-10T00:45:00+00:00
6984,13.029152,77.585901,no2,7.8,2019-07-10T01:00:00+00:00
6984,13.029152,77.585901,no2,8.8,2019-07-10T01:15:00+00:00
6984,13.029152,77.585901,no2,9.3,2019-07-10T01:30:00+00:00
6984,13.029152,77.585901,no2,9.6,2019-07-10T01:45:00+00:00
6984,13.029152,77.585901,no2,8.7,2019-07-10T02:00:00+00:00
6984,13.029152,77.585901,no2,8.1,2019-07-10T02:15:00+00:00
6984,13.029152,77.585901,no2,8.0,2019-07-10T02:30:00+00:00
6984,13.029152,77.585901,no2,8.4,2019-07-10T02:45:00+00:00
6984,13.029152,77.585901,no2,9.5,2019-07-10T03:00:00+00:00
6984,13.029152,77.585901,no2,10.4,2019-07-10T03:15:00+00:00
6984,13.029152,77.585901,no2,9.6,2019-07-10T03:30:00+00:00
6984,13.029152,77.585901,no2,9.0,2019-07-10T03:45:00+00:00
6984,13.029152,77.585901,no2,8.6,2019-07-10T04:00:00+00:00
6984,13.029152,77.585901,no2,7.8,2019-07-10T04:15:00+00:00
6984,13.029152,77.585901,no2,6.9,2019-07-10T04:30:00+00:00
6984,13.029152,77.585901,no2,6.7,2019-07-10T04:45:00+00:00
6984,13.029152,77.585901,no2,7.5,2019-07-10T05:00:00+00:00
6984,13.029152,77.585901,no2,7.7,2019-07-10T05:15:00+00:00
6984,13.029152,77.585901,no2,8.0,2019-07-10T05:30:00+00:00
6984,13.029152,77.585901,no2,8.3,2019-07-10T05:45:00+00:00
6984,13.029152,77.585901,no2,8.5,2019-07-10T06:00:00+00:00
6984,13.029152,77.585901,no2,9.1,2019-07-10T06:15:00+00:00
6984,13.029152,77.585901,no2,9.5,2019-07-10T06:30:00+00:00
6984,13.029152,77.585901,no2,8.9,2019-07-10T06:45:00+00:00
6984,13.029152,77.585901,no2,7.5,2019-07-10T07:00:00+00:00
6984,13.029152,77.585901,no2,6.8,2019-07-10T07:15:00+00:00
6984,13.029152,77.585901,no2,6.5,2019-07-10T07:30:00+00:00
6984,13.029152,77.585901,no2,5.8,2019-07-10T07:45:00+00:00
6984,13.029152,77.585901,no2,5.2,2019-07-10T08:00:00+00:00
6984,13.029152,77.585901,no2,5.5,2019-07-10T08:15:00+00:00
6984,13.029152,77.585901,no2,4.6,2019-07-10T08:30:00+00:00
6984,13.029152,77.585901,no2,3.7,2019-07-10T08:45:00+00:00
6984,13.029152,77.585901,no2,4.2,2019-07-10T09:00:00+00:00
6984,13.029152,77.585901,no2,4.8,2019-07-10T09:15:00+00:00
6984,13.029152,77.585901,no2,4.9,2019-07-10T09:30:00+00:00
6984,13.029152,77.585901,no2,5.2,2019-07-10T09:45:00+00:00
6984,13.029152,77.585901,no2,5.5,2019-07-10T10:00:00+00:00
6984,13.029152,77.585901,no2,5.2,2019-07-10T10:15:00+00:00
6984,13.029152,77.585901,no2,4.7,2019-07-10T10:30:00+00:00
6984,13.029152,77.585901,no2,5.1,2019-07-10T10:45:00+00:00
6984,13.029152,77.585901,no2,6.5,2019-07-10T11:00:00+00:00
6984,13.029152,77.585901,no2,6.4,2019-07-10T11:15:00+00:00
6984,13.029152,77.585901,no2,6.9,2019-07-10T11:30:00+00:00
6984,13.029152,77.585901,no2,8.9,2019-07-10T11:45:00+00:00
6984,13.029152,77.585901,no2,10.2,2019-07-10T12:00:00+00:00
6984,13.029152,77.585901,no2,10.2,2019-07-10T12:15:00+00:00
6984,13.029152,77.585901,no2,9.2,2019-07-10T12:30:00+00:00
6984,13.029152,77.585901,no2,8.4,2019-07-10T12:45:00+00:00
6984,13.029152,77.585901,no2,8.0,2019-07-10T13:00:00+00:00
6984,13.029152,77.585901,no2,8.7,2019-07-10T13:15:00+00:00
6984,13.029152,77.585901,no2,10.5,2019-07-10T13:30:00+00:00
6984,13.029152,77.585901,no2,11.7,2019-07-10T13:45:00+00:00
6984,13.029152,77.585901,no2,10.8,2019-07-10T14:00:00+00:00
6984,13.029152,77.585901,no2,9.8,2019-07-10T14:15:00+00:00
6984,13.029152,77.585901,no2,8.6,2019-07-10T14:30:00+00:00
6984,13.029152,77.585901,no2,9.2,2019-07-10T14:45:00+00:00
6984,13.029152,77.585901,no2,10.4,2019-07-10T15:00:00+00:00
6984,13.029152,77.585901,no2,11.1,2019-07-10T15:15:00+00:00
6984,13.029152,77.585901,no2,11.0,2019-07-10T15:30:00+00:00
6984,13.029152,77.585901,no2,11.2,2019-07-10T15:45:00+00:00
6984,13.029152,77.585901,no2,11.0,2019-07-10T16:00:00+00:00
6984,13.029152,77.585901,no2,10.3,2019-07-10T16:15:00+00:00
6984,13.029152,77.585901,no2,9.6,2019-07-10T16:30:00+00:00
6984,13.029152,77.585901,no2,8.3,2019-07-10T16:45:00+00:00
6984,13.029152,77.585901,no2,7.5,2019-07-10T17:00:00+00:00
6984,13.029152,77.585901,no2,6.5,2019-07-10T17:15:00+00:00
6984,13.029152,77.585901,no2,5.4,2019-07-10T17:30:00+00:00
6984,13.029152,77.585901,no2,4.3,2019-07-10T17:45:00+00:00
6984,13.029152,77.585901,no2,4.2,2019-07-10T18:00:00+00:00
6984,13.029152,77.585901,no2,5.5,2019-07-10T18:15:00+00:00
6984,13.029152,77.585901,no2,5.8,2019-07-10T18:30:00+00:00
6984,13.029152,77.585901,so2,0.1,2019-07-09T18:45:00+00:00
6984,13.029152,77.585901,so2,0.6,2019-07-09T19:00:00+00:00
6984,13.029152,77.585901,so2,0.4,2019-07-09T19:15:00+00:00
6984,13.029152,77.585901,so2,0.2,2019-07-09T19:30:00+00:00
6984,13.029152,77.585901,so2,0.2,2019-07-09T20:00:00+00:00
6984,13.029152,77.585901,so2,0.5,2019-07-09T20:15:00+00:00
6984,13.029152,77.585901,so2,0.2,2019-07-09T21:15:00+00:00
6984,13.029152,77.585901,so2,0.4,2019-07-09T22:15:00+00:00
6984,13.029152,77.585901,so2,0.7,2019-07-09T23:00:00+00:00
6984,13.029152,77.585901,so2,1.5,2019-07-09T23:15:00+00:00
6984,13.029152,77.585901,so2,0.9,2019-07-09T23:30:00+00:00
6984,13.029152,77.585901,so2,1.1,2019-07-10T00:15:00+00:00
6984,13.029152,77.585901,so2,0.7,2019-07-10T00:30:00+00:00
6984,13.029152,77.585901,so2,5.3,2019-07-10T01:30:00+00:00
6984,13.029152,77.585901,so2,0.3,2019-07-10T03:00:00+00:00
6984,13.029152,77.585901,so2,1.3,2019-07-10T03:45:00+00:00
6984,13.029152,77.585901,so2,1.9,2019-07-10T04:30:00+00:00
6984,13.029152,77.585901,so2,4.2,2019-07-10T04:45:00+00:00
6984,13.029152,77.585901,so2,4.8,2019-07-10T05:00:00+00:00
6984,13.029152,77.585901,so2,4.4,2019-07-10T05:15:00+00:00
6984,13.029152,77.585901,so2,3.2,2019-07-10T05:30:00+00:00
6984,13.029152,77.585901,so2,3.3,2019-07-10T05:45:00+00:00
6984,13.029152,77.585901,so2,3.9,2019-07-10T06:00:00+00:00
6984,13.029152,77.585901,so2,5.3,2019-07-10T06:15:00+00:00
6984,13.029152,77.585901,so2,4.4,2019-07-10T06:30:00+00:00
6984,13.029152,77.585901,so2,3.4,2019-07-10T06:45:00+00:00
6984,13.029152,77.585901,so2,3.2,2019-07-10T07:00:00+00:00
6984,13.029152,77.585901,so2,3.5,2019-07-10T07:15:00+00:00
6984,13.029152,77.585901,so2,3.3,2019-07-10T07:30:00+00:00
6984,13.029152,77.585901,so2,2.8,2019-07-10T07:45:00+00:00
6984,13.029152,77.585901,so2,3.0,2019-07-10T08:00:00+00:00
6984,13.029152,77.585901,so2,2.9,2019-07-10T08:15:00+00:00
6984,13.029152,77.585901,so2,2.9,2019-07-10T08:30:00+00:00
6984,13.029152,77.585901,so2,2.4,2019-07-10T08:45:00+00:00
6984,13.029152,77.585901,so2,2.2,2019-07-10T09:00:00+00:00
6984,13.029152,77.585901,so2,3.2,2019-07-10T09:15:00+00:00
6984,13.029152,77.585901,so2,4.2,2019-07-10T09:30:00+00:00
6984,13.029152,77.585901,so2,4.5,2019-07-10T09:45:00+00:00
6984,13.029152,77.585901,so2,3.7,2019-07-10T10:00:00+00:00
6984,13.029152,77.585901,so2,3.7,2019-07-10T10:15:00+00:00
6984,13.029152,77.585901,so2,3.0,2019-07-10T10:30:00+00:00
6984,13.029152,77.585901,so2,3.5,2019-07-10T10:45:00+00:00
6984,13.029152,77.585901,so2,2.5,2019-07-10T11:00:00+00:00
6984,13.029152,77.585901,so2,2.6,2019-07-10T11:15:00+00:00
6984,13.029152,77.585901,so2,2.4,2019-07-10T11:30:00+00:00
6984,13.029152,77.585901,so2,2.1,2019-07-10T11:45:00+00:00
6984,13.029152,77.585901,so2,3.8,2019-07-10T12:00:00+00:00
6984,13.029152,77.585901,so2,3.8,2019-07-10T12:15:00+00:00
6984,13.029152,77.585901,so2,3.1,2019-07-10T12:30:00+00:00
6984,13.029152,77.585901,so2,2.8,2019-07-10T12:45:00+00:00
6984,13.029152,77.585901,so2,2.7,2019-07-10T13:00:00+00:00
6984,13.029152,77.585901,so2,2.4,2019-07-10T13:15:00+00:00
6984,13.029152,77.585901,so2,2.4,2019-07-10T13:30:00+00:00
6984,13.029152,77.585901,so2,2.8,2019-07-10T13:45:00+00:00
6984,13.029152,77.585901,so2,2.8,2019-07-10T14:00:00+00:00
6984,13.029152,77.585901,so2,2.5,2019-07-10T14:15:00+00:00
6984,13.029152,77.585901,so2,2.8,2019-07-10T14:30:00+00:00
6984,13.029152,77.585901,so2,3.1,2019-07-10T14:45:00+00:00
6984,13.029152,77.585901,so2,3.2,2019-07-10T15:00:00+00:00
6984,13.029152,77.585901,so2,3.2,2019-07-10T15:15:00+00:00
6984,13.029152,77.585901,so2,2.6,2019-07-10T15:30:00+00:00
6984,13.029152,77.585901,so2,1.7,2019-07-10T15:45:00+00:00
6984,13.029152,77.585901,so2,2.3,2019-07-10T16:00:00+00:00
6984,13.029152,77.585901,so2,3.6,2019-07-10T16:15:00+00:00
6984,13.029152,77.585901,so2,2.7,2019-07-10T16:30:00+00:00
6984,13.029152,77.585901,so2,1.4,2019-07-10T16:45:00+00:00
6984,13.029152,77.585901,so2,2.5,2019-07-10T17:00:00+00:00
6984,13.029152,77.585901,so2,2.4,2019-07-10T17:15:00+00:00
6984,13.029152,77.585901,so2,1.8,2019-07-10T17:30:00+00:00
6984,13.029152,77.585901,so2,2.0,2019-07-10T17:45:00+00:00
6984,13.029152,77.585901,so2,3.2,2019-07-10T18:00:00+00:00
6984,13.029152,77.585901,so2,3.0,2019-07-10T18:30:00+00:00
6984,13.029152,77.585901,pm10,20.0,2019-07-10T18:45:00+00:00
6984,13.029152,77.585901,pm10,20.0,2019-07-10T19:00:00+00:00
6984,13.029152,77.585901,pm10,17.0,2019-07-10T19:15:00+00:00
6984,13.029152,77.585901,pm10,17.0,2019-07-10T19:30:00+00:00
6984,13.029152,77.585901,pm10,17.0,2019-07-10T19:45:00+00:00
6984,13.029152,77.585901,pm10,17.0,2019-07-10T20:00:00+00:00
6984,13.029152,77.585901,pm10,17.0,2019-07-10T20:15:00+00:00
6984,13.029152,77.585901,pm10,17.0,2019-07-10T20:30:00+00:00
6984,13.029152,77.585901,pm10,17.0,2019-07-10T20:45:00+00:00
6984,13.029152,77.585901,pm10,17.0,2019-07-10T21:00:00+00:00
6984,13.029152,77.585901,pm10,18.0,2019-07-10T21:15:00+00:00
6984,13.029152,77.585901,pm10,18.0,2019-07-10T21:30:00+00:00
6984,13.029152,77.585901,pm10,18.0,2019-07-10T21:45:00+00:00
6984,13.029152,77.585901,pm10,15.0,2019-07-10T22:45:00+00:00
6984,13.029152,77.585901,pm10,16.0,2019-07-11T00:30:00+00:00
6984,13.029152,77.585901,pm10,16.0,2019-07-11T00:45:00+00:00
6984,13.029152,77.585901,pm10,16.0,2019-07-11T01:00:00+00:00
6984,13.029152,77.585901,pm10,26.0,2019-07-11T01:15:00+00:00
6984,13.029152,77.585901,pm10,26.0,2019-07-11T01:30:00+00:00
6984,13.029152,77.585901,pm10,26.0,2019-07-11T01:45:00+00:00
6984,13.029152,77.585901,pm10,26.0,2019-07-11T02:00:00+00:00
6984,13.029152,77.585901,pm10,24.0,2019-07-11T02:15:00+00:00
6984,13.029152,77.585901,pm10,24.0,2019-07-11T02:30:00+00:00
6984,13.029152,77.585901,pm10,24.0,2019-07-11T02:45:00+00:00
6984,13.029152,77.585901,pm10,24.0,2019-07-11T03:00:00+00:00
6984,13.029152,77.585901,pm10,35.0,2019-07-11T03:15:00+00:00
6984,13.029152,77.585901,pm10,35.0,2019-07-11T03:30:00+00:00
6984,13.029152,77.585901,pm10,35.0,2019-07-11T03:45:00+00:00
6984,13.029152,77.585901,pm10,35.0,2019-07-11T04:00:00+00:00
6984,13.029152,77.585901,pm10,28.0,2019-07-11T04:15:00+00:00
6984,13.029152,77.585901,pm10,28.0,2019-07-11T04:30:00+00:00
6984,13.029152,77.585901,pm10,28.0,2019-07-11T04:45:00+00:00
6984,13.029152,77.585901,pm10,28.0,2019-07-11T05:00:00+00:00
6984,13.029152,77.585901,pm10,37.0,2019-07-11T05:15:00+00:00
6984,13.029152,77.585901,pm10,37.0,2019-07-11T05:30:00+00:00
6984,13.029152,77.585901,pm10,37.0,2019-07-11T05:45:00+00:00
6984,13.029152,77.585901,pm10,37.0,2019-07-11T06:00:00+00:00
6984,13.029152,77.585901,pm10,21.0,2019-07-11T06:15:00+00:00
6984,13.029152,77.585901,pm10,21.0,2019-07-11T06:30:00+00:00
6984,13.029152,77.585901,pm10,21.0,2019-07-11T06:45:00+00:00
6984,13.029152,77.585901,pm10,21.0,2019-07-11T07:00:00+00:00
6984,13.029152,77.585901,pm10,29.0,2019-07-11T07:15:00+00:00
6984,13.029152,77.585901,pm10,29.0,2019-07-11T07:30:00+00:00
6984,13.029152,77.585901,pm10,29.0,2019-07-11T07:45:00+00:00
6984,13.029152,77.585901,pm10,29.0,2019-07-11T08:00:00+00:00
6984,13.029152,77.585901,pm10,26.0,2019-07-11T08:15:00+00:00
6984,13.029152,77.585901,pm10,26.0,2019-07-11T08:30:00+00:00
6984,13.029152,77.585901,pm10,26.0,2019-07-11T08:45:00+00:00
6984,13.029152,77.585901,pm10,26.0,2019-07-11T09:00:00+00:00
6984,13.029152,77.585901,pm10,27.0,2019-07-11T09:15:00+00:00
6984,13.029152,77.585901,pm10,27.0,2019-07-11T09:30:00+00:00
6984,13.029152,77.585901,pm10,27.0,2019-07-11T09:45:00+00:00
6984,13.029152,77.585901,pm10,27.0,2019-07-11T10:00:00+00:00
6984,13.029152,77.585901,pm10,24.0,2019-07-11T10:15:00+00:00
6984,13.029152,77.585901,pm10,24.0,2019-07-11T10:30:00+00:00
6984,13.029152,77.585901,pm10,24.0,2019-07-11T10:45:00+00:00
6984,13.029152,77.585901,pm10,24.0,2019-07-11T11:00:00+00:00
6984,13.029152,77.585901,pm10,33.0,2019-07-11T11:15:00+00:00
6984,13.029152,77.585901,pm10,33.0,2019-07-11T11:30:00+00:00
6984,13.029152,77.585901,pm10,33.0,2019-07-11T11:45:00+00:00
6984,13.029152,77.585901,pm10,33.0,2019-07-11T12:00:00+00:00
6984,13.029152,77.585901,pm10,38.0,2019-07-11T12:15:00+00:00
6984,13.029152,77.585901,pm10,38.0,2019-07-11T12:30:00+00:00
6984,13.029152,77.585901,pm10,38.0,2019-07-11T12:45:00+00:00
6984,13.029152,77.585901,pm10,38.0,2019-07-11T13:00:00+00:00
6984,13.029152,77.585901,pm25,10.0,2019-07-10T18:45:00+00:00
6984,13.029152,77.585901,pm25,10.0,2019-07-10T19:00:00+00:00
6984,13.029152,77.585901,pm25,6.0,2019-07-10T19:15:00+00:00
6984,13.029152,77.585901,pm25,6.0,2019-07-10T19:30:00+00:00
6984,13.029152,77.585901,pm25,6.0,2019-07-10T19:45:00+00:00
6984,13.029152,77.585901,pm25,6.0,2019-07-10T20:00:00+00:00
6984,13.029152,77.585901,pm25,5.0,2019-07-10T20:15:00+00:00
6984,13.029152,77.585901,pm25,5.0,2019-07-10T20:30:00+00:00
6984,13.029152,77.585901,pm25,5.0,2019-07-10T20:45:00+00:00
6984,13.029152,77.585901,pm25,5.0,2019-07-10T21:00:00+00:00
6984,13.029152,77.585901,pm25,6.0,2019-07-10T21:15:00+00:00
6984,13.029152,77.585901,pm25,6.0,2019-07-10T21:30:00+00:00
6984,13.029152,77.585901,pm25,6.0,2019-07-10T21:45:00+00:00
6984,13.029152,77.585901,pm25,8.0,2019-07-10T22:45:00+00:00
6984,13.029152,77.585901,pm25,10.0,2019-07-11T00:30:00+00:00
6984,13.029152,77.585901,pm25,10.0,2019-07-11T00:45:00+00:00
6984,13.029152,77.585901,pm25,10.0,2019-07-11T01:00:00+00:00
6984,13.029152,77.585901,pm25,10.0,2019-07-11T01:15:00+00:00
6984,13.029152,77.585901,pm25,10.0,2019-07-11T01:30:00+00:00
6984,13.029152,77.585901,pm25,10.0,2019-07-11T01:45:00+00:00
6984,13.029152,77.585901,pm25,10.0,2019-07-11T02:00:00+00:00
6984,13.029152,77.585901,pm25,18.0,2019-07-11T02:15:00+00:00
6984,13.029152,77.585901,pm25,18.0,2019-07-11T02:30:00+00:00
6984,13.029152,77.585901,pm25,18.0,2019-07-11T02:45:00+00:00
6984,13.029152,77.585901,pm25,18.0,2019-07-11T03:00:00+00:00
6984,13.029152,77.585901,pm25,18.0,2019-07-11T03:15:00+00:00
6984,13.029152,77.585901,pm25,18.0,2019-07-11T03:30:00+00:00
6984,13.029152,77.585901,pm25,18.0,2019-07-11T03:45:00+00:00
6984,13.029152,77.585901,pm25,18.0,2019-07-11T04:00:00+00:00
6984,13.029152,77.585901,pm25,9.0,2019-07-11T04:15:00+00:00
6984,13.029152,77.585901,pm25,9.0,2019-07-11T04:30:00+00:00
6984,13.029152,77.585901,pm25,9.0,2019-07-11T04:45:00+00:00
6984,13.029152,77.585901,pm25,9.0,2019-07-11T05:00:00+00:00
6984,13.029152,77.585901,pm25,11.0,2019-07-11T05:15:00+00:00
6984,13.029152,77.585901,pm25,11.0,2019-07-11T05:30:00+00:00
6984,13.029152,77.585901,pm25,11.0,2019-07-11T05:45:00+00:00
6984,13.029152,77.585901,pm25,11.0,2019-07-11T06:00:00+00:00
6984,13.029152,77.585901,pm25,11.0,2019-07-11T06:15:00+00:00
6984,13.029152,77.585901,pm25,11.0,2019-07-11T06:30:00+00:00
6984,13.029152,77.585901,pm25,11.0,2019-07-11T06:45:00+00:00
6984,13.029152,77.585901,pm25,11.0,2019-07-11T07:00:00+00:00
6984,13.029152,77.585901,pm25,12.0,2019-07-11T07:15:00+00:00
6984,13.029152,77.585901,pm25,12.0,2019-07-11T07:30:00+00:00
6984,13.029152,77.585901,pm25,12.0,2019-07-11T07:45:00+00:00
6984,13.029152,77.585901,pm25,12.0,2019-07-11T08:00:00+00:00
6984,13.029152,77.585901,pm25,12.0,2019-07-11T08:15:00+00:00
6984,13.029152,77.585901,pm25,12.0,2019-07-11T08:30:00+00:00
6984,13.029152,77.585901,pm25,12.0,2019-07-11T08:45:00+00:00
6984,13.029152,77.585901,pm25,12.0,2019-07-11T09:00:00+00:00
6984,13.029152,77.585901,pm25,8.0,2019-07-11T09:15:00+00:00
6984,13.029152,77.585901,pm25,8.0,2019-07-11T09:30:00+00:00
6984,13.029152,77.585901,pm25,8.0,2019-07-11T09:45:00+00:00
6984,13.029152,77.585901,pm25,8.0,2019-07-11T10:00:00+00:00
6984,13.029152,77.585901,pm25,11.0,2019-07-11T10:15:00+00:00
6984,13.029152,77.585901,pm25,11.0,2019-07-11T10:30:00+00:00
6984,13.029152,77.585901,pm25,11.0,2019-07-11T10:45:00+00:00
6984,13.029152,77.585901,pm25,11.0,2019-07-11T11:00:00+00:00
6984,13.029152,77.585901,pm25,19.0,2019-07-11T11:15:00+00:00
6984,13.029152,77.585901,pm25,19.0,2019-07-11T11:30:00+00:00
6984,13.029152,77.585901,pm25,19.0,2019-07-11T11:45:00+00:00
6984,13.029152,77.585901,pm25,19.0,2019-07-11T12:00:00+00:00
6984,13.029152,77.585901,pm25,25.0,2019-07-11T12:15:00+00:00
6984,13.029152,77.585901,pm25,25.0,2019-07-11T12:30:00+00:00
6984,13.029152,77.585901,pm25,25.0,2019-07-11T12:45:00+00:00
6984,13.029152,77.585901,pm25,25.0,2019-07-11T13:00:00+00:00
6984,13.029152,77.585901,pm25,15.0,2019-07-11T13:15:00+00:00
6984,13.029152,77.585901,pm25,15.0,2019-07-11T13:30:00+00:00
6984,13.029152,77.585901,pm25,15.0,2019-07-11T13:45:00+00:00
6984,13.029152,77.585901,pm25,15.0,2019-07-11T14:00:00+00:00
6984,13.029152,77.585901,pm25,26.0,2019-07-11T14:15:00+00:00
6984,13.029152,77.585901,pm25,26.0,2019-07-11T14:30:00+00:00
6984,13.029152,77.585901,pm25,26.0,2019-07-11T14:45:00+00:00
6984,13.029152,77.585901,pm25,26.0,2019-07-11T15:00:00+00:00
6984,13.029152,77.585901,pm25,19.0,2019-07-11T15:15:00+00:00
6984,13.029152,77.585901,pm25,19.0,2019-07-11T15:30:00+00:00
6984,13.029152,77.585901,pm25,19.0,2019-07-11T15:45:00+00:00
6984,13.029152,77.585901,pm25,19.0,2019-07-11T16:00:00+00:00
6984,13.029152,77.585901,pm25,13.0,2019-07-11T16:15:00+00:00
6984,13.029152,77.585901,pm25,13.0,2019-07-11T16:30:00+00:00
6984,13.029152,77.585901,pm25,13.0,2019-07-11T16:45:00+00:00
6984,13.029152,77.585901,pm25,13.0,2019-07-11T17:00:00+00:00
6984,13.029152,77.585901,pm25,14.0,2019-07-11T17:15:00+00:00
6984,13.029152,77.585901,pm25,14.0,2019-07-11T17:30:00+00:00
6984,13.029152,77.585901,pm25,14.0,2019-07-11T17:45:00+00:00
6984,13.029152,77.585901,pm25,14.0,2019-07-11T18:00:00+00:00
6984,13.029152,77.585901,pm25,15.0,2019-07-11T18:15:00+00:00
6984,13.029152,77.585901,pm25,15.0,2019-07-11T18:30:00+00:00
6984,13.029152,77.585901,co,1.35,2019-07-10T18:45:00+00:00
6984,13.029152,77.585901,co,1.47,2019-07-10T19:00:00+00:00
6984,13.029152,77.585901,co,1.45,2019-07-10T19:15:00+00:00
6984,13.029152,77.585901,co,1.52,2019-07-10T19:30:00+00:00
6984,13.029152,77.585901,co,1.43,2019-07-10T19:45:00+00:00
6984,13.029152,77.585901,co,1.44,2019-07-10T20:00:00+00:00
6984,13.029152,77.585901,co,1.43,2019-07-10T20:15:00+00:00
6984,13.029152,77.585901,co,1.49,2019-07-10T20:30:00+00:00
6984,13.029152,77.585901,co,1.45,2019-07-10T20:45:00+00:00
6984,13.029152,77.585901,co,1.52,2019-07-10T21:00:00+00:00
6984,13.029152,77.585901,co,1.41,2019-07-10T21:15:00+00:00
6984,13.029152,77.585901,co,1.56,2019-07-10T21:30:00+00:00
6984,13.029152,77.585901,co,1.49,2019-07-10T21:45:00+00:00
6984,13.029152,77.585901,co,1.34,2019-07-10T22:00:00+00:00
6984,13.029152,77.585901,co,1.36,2019-07-11T00:30:00+00:00
6984,13.029152,77.585901,co,1.43,2019-07-11T00:45:00+00:00
6984,13.029152,77.585901,co,1.56,2019-07-11T01:00:00+00:00
6984,13.029152,77.585901,co,1.71,2019-07-11T01:15:00+00:00
6984,13.029152,77.585901,co,1.72,2019-07-11T01:30:00+00:00
6984,13.029152,77.585901,co,1.77,2019-07-11T01:45:00+00:00
6984,13.029152,77.585901,co,1.83,2019-07-11T02:00:00+00:00
6984,13.029152,77.585901,co,1.82,2019-07-11T02:15:00+00:00
6984,13.029152,77.585901,co,1.97,2019-07-11T02:30:00+00:00
6984,13.029152,77.585901,co,1.9,2019-07-11T02:45:00+00:00
6984,13.029152,77.585901,co,1.74,2019-07-11T03:00:00+00:00
6984,13.029152,77.585901,co,1.6,2019-07-11T03:15:00+00:00
6984,13.029152,77.585901,co,1.71,2019-07-11T03:30:00+00:00
6984,13.029152,77.585901,co,1.53,2019-07-11T03:45:00+00:00
6984,13.029152,77.585901,co,1.6,2019-07-11T04:00:00+00:00
6984,13.029152,77.585901,co,1.51,2019-07-11T04:15:00+00:00
6984,13.029152,77.585901,co,1.72,2019-07-11T05:15:00+00:00
6984,13.029152,77.585901,co,1.81,2019-07-11T05:30:00+00:00
6984,13.029152,77.585901,co,1.8,2019-07-11T05:45:00+00:00
6984,13.029152,77.585901,co,1.67,2019-07-11T06:15:00+00:00
6984,13.029152,77.585901,co,1.31,2019-07-11T07:00:00+00:00
6984,13.029152,77.585901,co,1.42,2019-07-11T07:15:00+00:00
6984,13.029152,77.585901,co,1.41,2019-07-11T07:30:00+00:00
6984,13.029152,77.585901,co,1.33,2019-07-11T07:45:00+00:00
6984,13.029152,77.585901,co,1.49,2019-07-11T08:15:00+00:00
6984,13.029152,77.585901,co,1.45,2019-07-11T08:30:00+00:00
6984,13.029152,77.585901,co,1.56,2019-07-11T08:45:00+00:00
6984,13.029152,77.585901,co,1.56,2019-07-11T09:00:00+00:00
6984,13.029152,77.585901,co,1.58,2019-07-11T09:15:00+00:00
6984,13.029152,77.585901,co,1.56,2019-07-11T09:30:00+00:00
6984,13.029152,77.585901,co,1.0,2019-07-11T10:00:00+00:00
6984,13.029152,77.585901,co,0.88,2019-07-11T10:15:00+00:00
6984,13.029152,77.585901,co,0.92,2019-07-11T10:30:00+00:00
6984,13.029152,77.585901,co,0.88,2019-07-11T10:45:00+00:00
6984,13.029152,77.585901,co,1.01,2019-07-11T11:00:00+00:00
6984,13.029152,77.585901,co,0.95,2019-07-11T11:15:00+00:00
6984,13.029152,77.585901,co,1.05,2019-07-11T11:30:00+00:00
6984,13.029152,77.585901,co,0.98,2019-07-11T11:45:00+00:00
6984,13.029152,77.585901,co,0.95,2019-07-11T12:00:00+00:00
6984,13.029152,77.585901,co,1.02,2019-07-11T12:15:00+00:00
6984,13.029152,77.585901,co,1.01,2019-07-11T12:30:00+00:00
6984,13.029152,77.585901,co,1.06,2019-07-11T12:45:00+00:00
6984,13.029152,77.585901,co,1.09,2019-07-11T13:00:00+00:00
6984,13.029152,77.585901,co,1.03,2019-07-11T13:15:00+00:00
6984,13.029152,77.585901,co,1.17,2019-07-11T13:30:00+00:00
6984,13.029152,77.585901,co,1.39,2019-07-11T13:45:00+00:00
6984,13.029152,77.585901,co,1.8,2019-07-11T14:00:00+00:00
6984,13.029152,77.585901,co,1.69,2019-07-11T14:15:00+00:00
6984,13.029152,77.585901,co,1.81,2019-07-11T14:30:00+00:00
6984,13.029152,77.585901,co,1.34,2019-07-11T14:45:00+00:00
6984,13.029152,77.585901,co,1.06,2019-07-11T15:00:00+00:00
6984,13.029152,77.585901,co,1.04,2019-07-11T15:15:00+00:00
6984,13.029152,77.585901,co,1.03,2019-07-11T15:30:00+00:00
6984,13.029152,77.585901,co,0.97,2019-07-11T15:45:00+00:00
6984,13.029152,77.585901,co,1.05,2019-07-11T16:00:00+00:00
6984,13.029152,77.585901,co,1.15,2019-07-11T16:15:00+00:00
6984,13.029152,77.585901,co,1.1,2019-07-11T16:30:00+00:00
6984,13.029152,77.585901,co,1.01,2019-07-11T16:45:00+00:00
6984,13.029152,77.585901,co,0.93,2019-07-11T17:00:00+00:00
6984,13.029152,77.585901,co,0.7,2019-07-11T17:15:00+00:00
6984,13.029152,77.585901,co,0.93,2019-07-11T17:30:00+00:00
6984,13.029152,77.585901,co,1.19,2019-07-11T17:45:00+00:00
6984,13.029152,77.585901,co,0.89,2019-07-11T18:00:00+00:00
6984,13.029152,77.585901,co,1.24,2019-07-11T18:30:00+00:00
6984,13.029152,77.585901,no2,4.6,2019-07-10T18:45:00+00:00
6984,13.029152,77.585901,no2,4.2,2019-07-10T19:00:00+00:00
6984,13.029152,77.585901,no2,3.5,2019-07-10T19:15:00+00:00
6984,13.029152,77.585901,no2,3.2,2019-07-10T19:30:00+00:00
6984,13.029152,77.585901,no2,3.1,2019-07-10T19:45:00+00:00
6984,13.029152,77.585901,no2,3.2,2019-07-10T20:00:00+00:00
6984,13.029152,77.585901,no2,2.8,2019-07-10T20:15:00+00:00
6984,13.029152,77.585901,no2,2.7,2019-07-10T20:30:00+00:00
6984,13.029152,77.585901,no2,2.5,2019-07-10T20:45:00+00:00
6984,13.029152,77.585901,no2,2.1,2019-07-10T21:00:00+00:00
6984,13.029152,77.585901,no2,1.9,2019-07-10T21:15:00+00:00
6984,13.029152,77.585901,no2,1.8,2019-07-10T21:30:00+00:00
6984,13.029152,77.585901,no2,1.7,2019-07-10T21:45:00+00:00
6984,13.029152,77.585901,no2,2.9,2019-07-10T22:45:00+00:00
6984,13.029152,77.585901,no2,2.4,2019-07-11T00:30:00+00:00
6984,13.029152,77.585901,no2,2.9,2019-07-11T00:45:00+00:00
6984,13.029152,77.585901,no2,3.6,2019-07-11T01:00:00+00:00
6984,13.029152,77.585901,no2,4.2,2019-07-11T01:15:00+00:00
6984,13.029152,77.585901,no2,5.5,2019-07-11T01:30:00+00:00
6984,13.029152,77.585901,no2,6.9,2019-07-11T01:45:00+00:00
6984,13.029152,77.585901,no2,9.0,2019-07-11T02:00:00+00:00
6984,13.029152,77.585901,no2,10.8,2019-07-11T02:15:00+00:00
6984,13.029152,77.585901,no2,11.8,2019-07-11T02:30:00+00:00
6984,13.029152,77.585901,no2,12.5,2019-07-11T02:45:00+00:00
6984,13.029152,77.585901,no2,11.2,2019-07-11T03:00:00+00:00
6984,13.029152,77.585901,no2,10.3,2019-07-11T03:15:00+00:00
6984,13.029152,77.585901,no2,10.1,2019-07-11T03:30:00+00:00
6984,13.029152,77.585901,no2,9.0,2019-07-11T03:45:00+00:00
6984,13.029152,77.585901,no2,7.9,2019-07-11T04:00:00+00:00
6984,13.029152,77.585901,no2,7.4,2019-07-11T04:15:00+00:00
6984,13.029152,77.585901,no2,6.9,2019-07-11T04:30:00+00:00
6984,13.029152,77.585901,no2,7.1,2019-07-11T04:45:00+00:00
6984,13.029152,77.585901,no2,7.3,2019-07-11T05:00:00+00:00
6984,13.029152,77.585901,no2,6.8,2019-07-11T05:15:00+00:00
6984,13.029152,77.585901,no2,7.0,2019-07-11T05:30:00+00:00
6984,13.029152,77.585901,no2,6.6,2019-07-11T05:45:00+00:00
6984,13.029152,77.585901,no2,6.9,2019-07-11T06:00:00+00:00
6984,13.029152,77.585901,no2,6.6,2019-07-11T06:15:00+00:00
6984,13.029152,77.585901,no2,6.4,2019-07-11T06:30:00+00:00
6984,13.029152,77.585901,no2,5.8,2019-07-11T06:45:00+00:00
6984,13.029152,77.585901,no2,5.2,2019-07-11T07:00:00+00:00
6984,13.029152,77.585901,no2,5.4,2019-07-11T07:15:00+00:00
6984,13.029152,77.585901,no2,5.5,2019-07-11T07:30:00+00:00
6984,13.029152,77.585901,no2,4.9,2019-07-11T07:45:00+00:00
6984,13.029152,77.585901,no2,4.1,2019-07-11T08:00:00+00:00
6984,13.029152,77.585901,no2,4.5,2019-07-11T08:15:00+00:00
6984,13.029152,77.585901,no2,5.5,2019-07-11T08:30:00+00:00
6984,13.029152,77.585901,no2,4.9,2019-07-11T08:45:00+00:00
6984,13.029152,77.585901,no2,5.0,2019-07-11T09:00:00+00:00
6984,13.029152,77.585901,no2,7.3,2019-07-11T09:15:00+00:00
6984,13.029152,77.585901,no2,6.4,2019-07-11T09:30:00+00:00
6984,13.029152,77.585901,no2,5.8,2019-07-11T09:45:00+00:00
6984,13.029152,77.585901,no2,5.4,2019-07-11T10:00:00+00:00
6984,13.029152,77.585901,no2,5.9,2019-07-11T10:15:00+00:00
6984,13.029152,77.585901,no2,5.7,2019-07-11T10:30:00+00:00
6984,13.029152,77.585901,no2,6.3,2019-07-11T10:45:00+00:00
6984,13.029152,77.585901,no2,7.9,2019-07-11T11:00:00+00:00
6984,13.029152,77.585901,no2,9.1,2019-07-11T11:15:00+00:00
6984,13.029152,77.585901,no2,10.0,2019-07-11T11:30:00+00:00
6984,13.029152,77.585901,no2,10.6,2019-07-11T11:45:00+00:00
6984,13.029152,77.585901,no2,11.8,2019-07-11T12:00:00+00:00
6984,13.029152,77.585901,no2,14.9,2019-07-11T12:15:00+00:00
6984,13.029152,77.585901,no2,13.9,2019-07-11T12:30:00+00:00
6984,13.029152,77.585901,no2,13.3,2019-07-11T12:45:00+00:00
6984,13.029152,77.585901,no2,14.1,2019-07-11T13:00:00+00:00
6984,13.029152,77.585901,no2,14.2,2019-07-11T13:15:00+00:00
6984,13.029152,77.585901,no2,14.3,2019-07-11T13:30:00+00:00
6984,13.029152,77.585901,no2,16.7,2019-07-11T13:45:00+00:00
6984,13.029152,77.585901,no2,31.2,2019-07-11T14:00:00+00:00
6984,13.029152,77.585901,no2,38.1,2019-07-11T14:15:00+00:00
6984,13.029152,77.585901,no2,37.4,2019-07-11T14:30:00+00:00
6984,13.029152,77.585901,no2,32.7,2019-07-11T14:45:00+00:00
6984,13.029152,77.585901,no2,14.5,2019-07-11T15:00:00+00:00
6984,13.029152,77.585901,no2,12.6,2019-07-11T15:15:00+00:00
6984,13.029152,77.585901,no2,11.4,2019-07-11T15:30:00+00:00
6984,13.029152,77.585901,no2,10.8,2019-07-11T15:45:00+00:00
6984,13.029152,77.585901,no2,11.9,2019-07-11T16:00:00+00:00
6984,13.029152,77.585901,no2,14.0,2019-07-11T16:15:00+00:00
6984,13.029152,77.585901,no2,16.4,2019-07-11T16:30:00+00:00
6984,13.029152,77.585901,no2,16.0,2019-07-11T16:45:00+00:00
6984,13.029152,77.585901,no2,16.0,2019-07-11T17:00:00+00:00
6984,13.029152,77.585901,no2,16.4,2019-07-11T17:15:00+00:00
6984,13.029152,77.585901,no2,15.0,2019-07-11T17:30:00+00:00
6984,13.029152,77.585901,no2,13.2,2019-07-11T17:45:00+00:00
6984,13.029152,77.585901,no2,11.7,2019-07-11T18:00:00+00:00
6984,13.029152,77.585901,no2,10.2,2019-07-11T18:15:00+00:00
6984,13.029152,77.585901,no2,8.9,2019-07-11T18:30:00+00:00
6984,13.029152,77.585901,so2,2.8,2019-07-10T18:45:00+00:00
6984,13.029152,77.585901,so2,3.0,2019-07-10T19:00:00+00:00
6984,13.029152,77.585901,so2,2.7,2019-07-10T19:15:00+00:00
6984,13.029152,77.585901,so2,1.9,2019-07-10T19:30:00+00:00
6984,13.029152,77.585901,so2,1.5,2019-07-10T19:45:00+00:00
6984,13.029152,77.585901,so2,2.6,2019-07-10T20:00:00+00:00
6984,13.029152,77.585901,so2,2.2,2019-07-10T20:15:00+00:00
6984,13.029152,77.585901,so2,2.7,2019-07-10T20:30:00+00:00
6984,13.029152,77.585901,so2,2.5,2019-07-10T20:45:00+00:00
6984,13.029152,77.585901,so2,2.2,2019-07-10T21:00:00+00:00
6984,13.029152,77.585901,so2,1.5,2019-07-10T21:15:00+00:00
6984,13.029152,77.585901,so2,1.7,2019-07-10T21:30:00+00:00
6984,13.029152,77.585901,so2,1.2,2019-07-10T21:45:00+00:00
6984,13.029152,77.585901,so2,2.5,2019-07-10T22:45:00+00:00
6984,13.029152,77.585901,so2,1.9,2019-07-11T00:30:00+00:00
6984,13.029152,77.585901,so2,12.3,2019-07-11T01:30:00+00:00
6984,13.029152,77.585901,so2,3.1,2019-07-11T01:45:00+00:00
6984,13.029152,77.585901,so2,2.6,2019-07-11T02:00:00+00:00
6984,13.029152,77.585901,so2,2.1,2019-07-11T02:15:00+00:00
6984,13.029152,77.585901,so2,1.7,2019-07-11T02:30:00+00:00
6984,13.029152,77.585901,so2,0.1,2019-07-11T02:45:00+00:00
6984,13.029152,77.585901,so2,0.2,2019-07-11T03:00:00+00:00
6984,13.029152,77.585901,so2,1.3,2019-07-11T03:15:00+00:00
6984,13.029152,77.585901,so2,1.2,2019-07-11T03:30:00+00:00
6984,13.029152,77.585901,so2,0.8,2019-07-11T03:45:00+00:00
6984,13.029152,77.585901,so2,0.9,2019-07-11T04:00:00+00:00
6984,13.029152,77.585901,so2,2.2,2019-07-11T04:15:00+00:00
6984,13.029152,77.585901,so2,2.3,2019-07-11T04:30:00+00:00
6984,13.029152,77.585901,so2,1.8,2019-07-11T04:45:00+00:00
6984,13.029152,77.585901,so2,2.0,2019-07-11T05:00:00+00:00
6984,13.029152,77.585901,so2,1.4,2019-07-11T05:15:00+00:00
6984,13.029152,77.585901,so2,1.1,2019-07-11T05:30:00+00:00
6984,13.029152,77.585901,so2,2.9,2019-07-11T05:45:00+00:00
6984,13.029152,77.585901,so2,3.2,2019-07-11T06:00:00+00:00
6984,13.029152,77.585901,so2,3.0,2019-07-11T06:15:00+00:00
6984,13.029152,77.585901,so2,3.0,2019-07-11T06:30:00+00:00
6984,13.029152,77.585901,so2,3.1,2019-07-11T06:45:00+00:00
6984,13.029152,77.585901,so2,2.4,2019-07-11T07:00:00+00:00
6984,13.029152,77.585901,so2,1.8,2019-07-11T07:15:00+00:00
6984,13.029152,77.585901,so2,1.9,2019-07-11T07:30:00+00:00
6984,13.029152,77.585901,so2,2.1,2019-07-11T07:45:00+00:00
6984,13.029152,77.585901,so2,2.9,2019-07-11T08:00:00+00:00
6984,13.029152,77.585901,so2,2.8,2019-07-11T08:15:00+00:00
6984,13.029152,77.585901,so2,1.7,2019-07-11T08:30:00+00:00
6984,13.029152,77.585901,so2,0.8,2019-07-11T08:45:00+00:00
6984,13.029152,77.585901,so2,2.1,2019-07-11T09:00:00+00:00
6984,13.029152,77.585901,so2,2.0,2019-07-11T09:15:00+00:00
6984,13.029152,77.585901,so2,1.5,2019-07-11T09:30:00+00:00
6984,13.029152,77.585901,so2,1.8,2019-07-11T09:45:00+00:00
6984,13.029152,77.585901,so2,1.6,2019-07-11T10:00:00+00:00
6984,13.029152,77.585901,so2,1.8,2019-07-11T10:15:00+00:00
6984,13.029152,77.585901,so2,1.4,2019-07-11T10:30:00+00:00
6984,13.029152,77.585901,so2,0.8,2019-07-11T10:45:00+00:00
6984,13.029152,77.585901,so2,2.8,2019-07-11T11:00:00+00:00
6984,13.029152,77.585901,so2,2.7,2019-07-11T11:15:00+00:00
6984,13.029152,77.585901,so2,2.4,2019-07-11T11:30:00+00:00
6984,13.029152,77.585901,so2,1.6,2019-07-11T11:45:00+00:00
6984,13.029152,77.585901,so2,1.6,2019-07-11T12:00:00+00:00
6984,13.029152,77.585901,so2,2.0,2019-07-11T12:15:00+00:00
6984,13.029152,77.585901,so2,1.4,2019-07-11T12:30:00+00:00
6984,13.029152,77.585901,so2,1.0,2019-07-11T12:45:00+00:00
6984,13.029152,77.585901,so2,1.0,2019-07-11T13:00:00+00:00
6984,13.029152,77.585901,so2,1.3,2019-07-11T13:15:00+00:00
6984,13.029152,77.585901,so2,1.3,2019-07-11T13:30:00+00:00
6984,13.029152,77.585901,so2,1.1,2019-07-11T17:30:00+00:00
6984,13.029152,77.585901,so2,2.7,2019-07-11T17:45:00+00:00
6984,13.029152,77.585901,so2,1.7,2019-07-11T18:00:00+00:00
6984,13.029152,77.585901,so2,2.5,2019-07-11T18:30:00+00:00
6984,13.029152,77.585901,so2,3.7,2019-07-11T18:45:00+00:00
6984,13.029152,77.585901,so2,1.8,2019-07-11T19:00:00+00:00
6984,13.029152,77.585901,so2,2.4,2019-07-11T19:30:00+00:00
6984,13.029152,77.585901,so2,4.6,2019-07-11T19:45:00+00:00
6984,13.029152,77.585901,so2,1.2,2019-07-11T20:00:00+00:00
6984,13.029152,77.585901,so2,2.0,2019-07-11T20:30:00+00:00
6984,13.029152,77.585901,so2,2.6,2019-07-11T20:45:00+00:00
6984,13.029152,77.585901,so2,1.7,2019-07-11T21:00:00+00:00
6984,13.029152,77.585901,so2,0.2,2019-07-11T21:15:00+00:00
6984,13.029152,77.585901,so2,1.5,2019-07-11T21:30:00+00:00
6984,13.029152,77.585901,so2,2.1,2019-07-11T21:45:00+00:00
6984,13.029152,77.585901,so2,0.3,2019-07-11T22:00:00+00:00
6984,13.029152,77.585901,so2,0.1,2019-07-11T22:15:00+00:00
6984,13.029152,77.585901,so2,1.2,2019-07-11T22:30:00+00:00
6984,13.029152,77.585901,so2,1.4,2019-07-11T23:15:00+00:00
6984,13.029152,77.585901,so2,1.9,2019-07-11T23:30:00+00:00
6984,13.029152,77.585901,so2,0.4,2019-07-11T23:45:00+00:00
6984,13.029152,77.585901,so2,0.1,2019-07-12T00:00:00+00:00
6984,13.029152,77.585901,so2,0.0,2019-07-12T00:15:00+00:00
6984,13.029152,77.585901,so2,0.7,2019-07-12T00:30:00+00:00
6984,13.029152,77.585901,so2,11.2,2019-07-12T01:30:00+00:00
6984,13.029152,77.585901,so2,3.5,2019-07-12T01:45:00+00:00
6984,13.029152,77.585901,so2,1.4,2019-07-12T02:00:00+00:00
6984,13.029152,77.585901,so2,0.2,2019-07-12T02:30:00+00:00
6984,13.029152,77.585901,so2,0.3,2019-07-12T02:45:00+00:00
6984,13.029152,77.585901,so2,1.7,2019-07-12T04:15:00+00:00
6984,13.029152,77.585901,so2,3.1,2019-07-12T05:30:00+00:00
6984,13.029152,77.585901,so2,4.7,2019-07-12T05:45:00+00:00
6984,13.029152,77.585901,so2,4.2,2019-07-12T06:00:00+00:00
6984,13.029152,77.585901,so2,4.5,2019-07-12T06:15:00+00:00
6984,13.029152,77.585901,so2,4.8,2019-07-12T06:30:00+00:00
6984,13.029152,77.585901,so2,4.6,2019-07-12T06:45:00+00:00
6984,13.029152,77.585901,so2,4.7,2019-07-12T07:00:00+00:00
6984,13.029152,77.585901,so2,4.3,2019-07-12T07:15:00+00:00
6984,13.029152,77.585901,so2,3.9,2019-07-12T07:30:00+00:00
6984,13.029152,77.585901,so2,3.2,2019-07-12T07:45:00+00:00
6984,13.029152,77.585901,so2,3.1,2019-07-12T08:00:00+00:00
6984,13.029152,77.585901,so2,3.1,2019-07-12T08:15:00+00:00
6984,13.029152,77.585901,so2,2.3,2019-07-12T08:30:00+00:00
6984,13.029152,77.585901,so2,1.4,2019-07-12T08:45:00+00:00
6984,13.029152,77.585901,so2,1.8,2019-07-12T09:00:00+00:00
6984,13.029152,77.585901,so2,1.8,2019-07-12T09:15:00+00:00
6984,13.029152,77.585901,so2,1.2,2019-07-12T09:30:00+00:00
6984,13.029152,77.585901,so2,0.5,2019-07-12T09:45:00+00:00
6984,13.029152,77.585901,so2,1.1,2019-07-12T10:15:00+00:00
6984,13.029152,77.585901,so2,3.7,2019-07-12T10:30:00+00:00
6984,13.029152,77.585901,so2,1.3,2019-07-12T10:45:00+00:00
6984,13.029152,77.585901,so2,4.2,2019-07-12T11:00:00+00:00
6984,13.029152,77.585901,so2,4.3,2019-07-12T11:15:00+00:00
6984,13.029152,77.585901,so2,4.4,2019-07-12T11:30:00+00:00
6984,13.029152,77.585901,so2,4.6,2019-07-12T11:45:00+00:00
6984,13.029152,77.585901,so2,4.6,2019-07-12T12:00:00+00:00
6984,13.029152,77.585901,so2,5.0,2019-07-12T12:15:00+00:00
6984,13.029152,77.585901,so2,4.2,2019-07-12T12:30:00+00:00
6984,13.029152,77.585901,so2,3.8,2019-07-12T12:45:00+00:00
6984,13.029152,77.585901,so2,3.6,2019-07-12T13:00:00+00:00
6984,13.029152,77.585901,so2,0.5,2019-07-12T13:15:00+00:00
6984,13.029152,77.585901,so2,1.8,2019-07-12T13:30:00+00:00
6984,13.029152,77.585901,so2,3.9,2019-07-12T13:45:00+00:00
6984,13.029152,77.585901,so2,0.1,2019-07-12T14:00:00+00:00
6984,13.029152,77.585901,so2,1.3,2019-07-12T14:15:00+00:00
6984,13.029152,77.585901,so2,1.6,2019-07-12T14:30:00+00:00
6984,13.029152,77.585901,so2,4.2,2019-07-12T14:45:00+00:00
6984,13.029152,77.585901,so2,0.7,2019-07-12T15:15:00+00:00
6984,13.029152,77.585901,so2,0.2,2019-07-12T15:30:00+00:00
6984,13.029152,77.585901,so2,0.9,2019-07-12T15:45:00+00:00
6984,13.029152,77.585901,so2,1.7,2019-07-12T17:15:00+00:00
6984,13.029152,77.585901,so2,1.6,2019-07-12T17:30:00+00:00
6984,13.029152,77.585901,so2,0.4,2019-07-12T17:45:00+00:00
6984,13.029152,77.585901,so2,1.6,2019-07-12T18:00:00+00:00
6984,13.029152,77.585901,so2,2.0,2019-07-12T18:30:00+00:00
6984,13.029152,77.585901,pm10,33.0,2019-07-12T06:15:00+00:00
6984,13.029152,77.585901,pm10,33.0,2019-07-12T06:30:00+00:00
6984,13.029152,77.585901,pm10,33.0,2019-07-12T06:45:00+00:00
6984,13.029152,77.585901,pm10,33.0,2019-07-12T07:00:00+00:00
6984,13.029152,77.585901,pm10,35.0,2019-07-12T07:15:00+00:00
6984,13.029152,77.585901,pm10,35.0,2019-07-12T07:30:00+00:00
6984,13.029152,77.585901,pm10,35.0,2019-07-12T07:45:00+00:00
6984,13.029152,77.585901,pm10,35.0,2019-07-12T08:00:00+00:00
6984,13.029152,77.585901,pm10,38.0,2019-07-12T08:15:00+00:00
6984,13.029152,77.585901,pm10,38.0,2019-07-12T08:30:00+00:00
6984,13.029152,77.585901,pm10,38.0,2019-07-12T08:45:00+00:00
6984,13.029152,77.585901,pm10,38.0,2019-07-12T09:00:00+00:00
6984,13.029152,77.585901,pm10,33.0,2019-07-12T09:15:00+00:00
6984,13.029152,77.585901,pm10,33.0,2019-07-12T09:30:00+00:00
6984,13.029152,77.585901,pm10,33.0,2019-07-12T09:45:00+00:00
6984,13.029152,77.585901,pm10,33.0,2019-07-12T10:00:00+00:00
6984,13.029152,77.585901,pm10,40.0,2019-07-12T10:15:00+00:00
6984,13.029152,77.585901,pm10,40.0,2019-07-12T10:30:00+00:00
6984,13.029152,77.585901,pm10,40.0,2019-07-12T10:45:00+00:00
6984,13.029152,77.585901,pm10,40.0,2019-07-12T11:00:00+00:00
6984,13.029152,77.585901,pm10,39.0,2019-07-12T11:15:00+00:00
6984,13.029152,77.585901,pm10,39.0,2019-07-12T11:30:00+00:00
6984,13.029152,77.585901,pm10,39.0,2019-07-12T11:45:00+00:00
6984,13.029152,77.585901,pm10,39.0,2019-07-12T12:00:00+00:00
6984,13.029152,77.585901,pm10,56.0,2019-07-12T12:15:00+00:00
6984,13.029152,77.585901,pm10,56.0,2019-07-12T12:30:00+00:00
6984,13.029152,77.585901,pm10,56.0,2019-07-12T12:45:00+00:00
6984,13.029152,77.585901,pm10,56.0,2019-07-12T13:00:00+00:00
6984,13.029152,77.585901,pm10,46.0,2019-07-12T13:15:00+00:00
6984,13.029152,77.585901,pm10,46.0,2019-07-12T13:30:00+00:00
6984,13.029152,77.585901,pm10,46.0,2019-07-12T13:45:00+00:00
6984,13.029152,77.585901,pm10,46.0,2019-07-12T14:00:00+00:00
6984,13.029152,77.585901,pm10,31.0,2019-07-12T14:15:00+00:00
6984,13.029152,77.585901,pm10,31.0,2019-07-12T14:30:00+00:00
6984,13.029152,77.585901,pm10,31.0,2019-07-12T14:45:00+00:00
6984,13.029152,77.585901,pm10,31.0,2019-07-12T15:00:00+00:00
6984,13.029152,77.585901,pm10,44.0,2019-07-12T15:15:00+00:00
6984,13.029152,77.585901,pm10,44.0,2019-07-12T15:30:00+00:00
6984,13.029152,77.585901,pm10,44.0,2019-07-12T15:45:00+00:00
6984,13.029152,77.585901,pm10,44.0,2019-07-12T16:00:00+00:00
6984,13.029152,77.585901,pm10,38.0,2019-07-12T16:15:00+00:00
6984,13.029152,77.585901,pm10,38.0,2019-07-12T16:45:00+00:00
6984,13.029152,77.585901,pm10,38.0,2019-07-12T17:00:00+00:00
6984,13.029152,77.585901,pm10,25.0,2019-07-12T17:15:00+00:00
6984,13.029152,77.585901,pm10,25.0,2019-07-12T17:30:00+00:00
6984,13.029152,77.585901,pm10,25.0,2019-07-12T17:45:00+00:00
6984,13.029152,77.585901,pm10,25.0,2019-07-12T18:00:00+00:00
6984,13.029152,77.585901,pm10,25.0,2019-07-12T18:15:00+00:00
6984,13.029152,77.585901,pm10,25.0,2019-07-12T18:30:00+00:00
6984,13.029152,77.585901,pm25,15.0,2019-07-11T18:45:00+00:00
6984,13.029152,77.585901,pm25,15.0,2019-07-11T19:00:00+00:00
6984,13.029152,77.585901,pm25,14.0,2019-07-11T19:15:00+00:00
6984,13.029152,77.585901,pm25,14.0,2019-07-11T19:30:00+00:00
6984,13.029152,77.585901,pm25,14.0,2019-07-11T19:45:00+00:00
6984,13.029152,77.585901,pm25,14.0,2019-07-11T20:00:00+00:00
6984,13.029152,77.585901,pm25,11.0,2019-07-11T20:15:00+00:00
6984,13.029152,77.585901,pm25,11.0,2019-07-11T20:30:00+00:00
6984,13.029152,77.585901,pm25,11.0,2019-07-11T20:45:00+00:00
6984,13.029152,77.585901,pm25,11.0,2019-07-11T21:00:00+00:00
6984,13.029152,77.585901,pm25,9.0,2019-07-11T21:15:00+00:00
6984,13.029152,77.585901,pm25,9.0,2019-07-11T21:30:00+00:00
6984,13.029152,77.585901,pm25,9.0,2019-07-11T21:45:00+00:00
6984,13.029152,77.585901,pm25,9.0,2019-07-11T22:00:00+00:00
6984,13.029152,77.585901,pm25,15.0,2019-07-11T22:15:00+00:00
6984,13.029152,77.585901,pm25,15.0,2019-07-11T22:30:00+00:00
6984,13.029152,77.585901,pm25,15.0,2019-07-11T22:45:00+00:00
6984,13.029152,77.585901,pm25,15.0,2019-07-11T23:00:00+00:00
6984,13.029152,77.585901,pm25,10.0,2019-07-11T23:15:00+00:00
6984,13.029152,77.585901,pm25,10.0,2019-07-11T23:30:00+00:00
6984,13.029152,77.585901,pm25,10.0,2019-07-11T23:45:00+00:00
6984,13.029152,77.585901,pm25,10.0,2019-07-12T00:00:00+00:00
6984,13.029152,77.585901,pm25,14.0,2019-07-12T00:15:00+00:00
6984,13.029152,77.585901,pm25,14.0,2019-07-12T00:30:00+00:00
6984,13.029152,77.585901,pm25,14.0,2019-07-12T00:45:00+00:00
6984,13.029152,77.585901,pm25,14.0,2019-07-12T01:00:00+00:00
6984,13.029152,77.585901,pm25,12.0,2019-07-12T01:15:00+00:00
6984,13.029152,77.585901,pm25,12.0,2019-07-12T01:30:00+00:00
6984,13.029152,77.585901,pm25,12.0,2019-07-12T01:45:00+00:00
6984,13.029152,77.585901,pm25,12.0,2019-07-12T02:00:00+00:00
6984,13.029152,77.585901,pm25,15.0,2019-07-12T02:15:00+00:00
6984,13.029152,77.585901,pm25,15.0,2019-07-12T02:30:00+00:00
6984,13.029152,77.585901,pm25,15.0,2019-07-12T02:45:00+00:00
6984,13.029152,77.585901,pm25,15.0,2019-07-12T03:00:00+00:00
6984,13.029152,77.585901,pm25,14.0,2019-07-12T03:15:00+00:00
6984,13.029152,77.585901,pm25,14.0,2019-07-12T03:30:00+00:00
6984,13.029152,77.585901,pm25,14.0,2019-07-12T03:45:00+00:00
6984,13.029152,77.585901,pm25,14.0,2019-07-12T04:00:00+00:00
6984,13.029152,77.585901,pm25,14.0,2019-07-12T04:15:00+00:00
6984,13.029152,77.585901,pm25,14.0,2019-07-12T04:30:00+00:00
6984,13.029152,77.585901,pm25,14.0,2019-07-12T04:45:00+00:00
6984,13.029152,77.585901,pm25,14.0,2019-07-12T05:00:00+00:00
6984,13.029152,77.585901,pm25,22.0,2019-07-12T05:15:00+00:00
6984,13.029152,77.585901,pm25,22.0,2019-07-12T05:30:00+00:00
6984,13.029152,77.585901,pm25,22.0,2019-07-12T05:45:00+00:00
6984,13.029152,77.585901,pm25,22.0,2019-07-12T06:00:00+00:00
6984,13.029152,77.585901,pm25,11.0,2019-07-12T06:15:00+00:00
6984,13.029152,77.585901,pm25,11.0,2019-07-12T06:30:00+00:00
6984,13.029152,77.585901,pm25,11.0,2019-07-12T06:45:00+00:00
6984,13.029152,77.585901,pm25,11.0,2019-07-12T07:00:00+00:00
6984,13.029152,77.585901,pm25,19.0,2019-07-12T07:15:00+00:00
6984,13.029152,77.585901,pm25,19.0,2019-07-12T07:30:00+00:00
6984,13.029152,77.585901,pm25,19.0,2019-07-12T07:45:00+00:00
6984,13.029152,77.585901,pm25,19.0,2019-07-12T08:00:00+00:00
6984,13.029152,77.585901,pm25,7.0,2019-07-12T08:15:00+00:00
6984,13.029152,77.585901,pm25,7.0,2019-07-12T08:30:00+00:00
6984,13.029152,77.585901,pm25,7.0,2019-07-12T08:45:00+00:00
6984,13.029152,77.585901,pm25,7.0,2019-07-12T09:00:00+00:00
6984,13.029152,77.585901,pm25,10.0,2019-07-12T09:15:00+00:00
6984,13.029152,77.585901,pm25,10.0,2019-07-12T09:30:00+00:00
6984,13.029152,77.585901,pm25,10.0,2019-07-12T09:45:00+00:00
6984,13.029152,77.585901,pm25,10.0,2019-07-12T10:00:00+00:00
6984,13.029152,77.585901,pm25,12.0,2019-07-12T10:15:00+00:00
6984,13.029152,77.585901,pm25,12.0,2019-07-12T10:30:00+00:00
6984,13.029152,77.585901,pm25,12.0,2019-07-12T10:45:00+00:00
6984,13.029152,77.585901,pm25,12.0,2019-07-12T11:00:00+00:00
6984,13.029152,77.585901,pm25,13.0,2019-07-12T11:15:00+00:00
6984,13.029152,77.585901,pm25,13.0,2019-07-12T11:30:00+00:00
6984,13.029152,77.585901,pm25,13.0,2019-07-12T11:45:00+00:00
6984,13.029152,77.585901,pm25,13.0,2019-07-12T12:00:00+00:00
6984,13.029152,77.585901,pm25,16.0,2019-07-12T12:15:00+00:00
6984,13.029152,77.585901,pm25,16.0,2019-07-12T12:30:00+00:00
6984,13.029152,77.585901,pm25,16.0,2019-07-12T12:45:00+00:00
6984,13.029152,77.585901,pm25,16.0,2019-07-12T13:00:00+00:00
6984,13.029152,77.585901,pm25,12.0,2019-07-12T13:15:00+00:00
6984,13.029152,77.585901,pm25,12.0,2019-07-12T13:30:00+00:00
6984,13.029152,77.585901,pm25,12.0,2019-07-12T13:45:00+00:00
6984,13.029152,77.585901,pm25,12.0,2019-07-12T14:00:00+00:00
6984,13.029152,77.585901,pm25,16.0,2019-07-12T14:15:00+00:00
6984,13.029152,77.585901,pm25,16.0,2019-07-12T14:30:00+00:00
6984,13.029152,77.585901,pm25,16.0,2019-07-12T14:45:00+00:00
6984,13.029152,77.585901,pm25,16.0,2019-07-12T15:00:00+00:00
6984,13.029152,77.585901,pm25,26.0,2019-07-12T15:15:00+00:00
6984,13.029152,77.585901,pm25,26.0,2019-07-12T15:30:00+00:00
6984,13.029152,77.585901,pm25,26.0,2019-07-12T15:45:00+00:00
6984,13.029152,77.585901,pm25,26.0,2019-07-12T16:00:00+00:00
6984,13.029152,77.585901,pm25,17.0,2019-07-12T16:15:00+00:00
6984,13.029152,77.585901,pm25,17.0,2019-07-12T16:45:00+00:00
6984,13.029152,77.585901,pm25,17.0,2019-07-12T17:00:00+00:00
6984,13.029152,77.585901,pm25,9.0,2019-07-12T17:15:00+00:00
6984,13.029152,77.585901,pm25,9.0,2019-07-12T17:30:00+00:00
6984,13.029152,77.585901,pm25,9.0,2019-07-12T17:45:00+00:00
6984,13.029152,77.585901,pm25,9.0,2019-07-12T18:00:00+00:00
6984,13.029152,77.585901,pm25,12.0,2019-07-12T18:15:00+00:00
6984,13.029152,77.585901,pm25,12.0,2019-07-12T18:30:00+00:00
6984,13.029152,77.585901,co,1.28,2019-07-11T18:45:00+00:00
6984,13.029152,77.585901,co,1.25,2019-07-11T19:00:00+00:00
6984,13.029152,77.585901,co,1.32,2019-07-11T19:15:00+00:00
6984,13.029152,77.585901,co,1.26,2019-07-11T19:30:00+00:00
6984,13.029152,77.585901,co,1.26,2019-07-11T19:45:00+00:00
6984,13.029152,77.585901,co,1.19,2019-07-11T20:00:00+00:00
6984,13.029152,77.585901,co,1.27,2019-07-11T20:15:00+00:00
6984,13.029152,77.585901,co,1.25,2019-07-11T20:30:00+00:00
6984,13.029152,77.585901,co,1.19,2019-07-11T20:45:00+00:00
6984,13.029152,77.585901,co,1.28,2019-07-11T21:00:00+00:00
6984,13.029152,77.585901,co,1.31,2019-07-11T21:15:00+00:00
6984,13.029152,77.585901,co,1.34,2019-07-11T21:30:00+00:00
6984,13.029152,77.585901,co,1.26,2019-07-11T21:45:00+00:00
6984,13.029152,77.585901,co,1.31,2019-07-11T22:00:00+00:00
6984,13.029152,77.585901,co,1.28,2019-07-11T22:15:00+00:00
6984,13.029152,77.585901,co,1.19,2019-07-11T22:30:00+00:00
6984,13.029152,77.585901,co,1.27,2019-07-11T23:30:00+00:00
6984,13.029152,77.585901,co,1.32,2019-07-11T23:45:00+00:00
6984,13.029152,77.585901,co,1.28,2019-07-12T00:00:00+00:00
6984,13.029152,77.585901,co,1.19,2019-07-12T00:15:00+00:00
6984,13.029152,77.585901,co,1.28,2019-07-12T00:30:00+00:00
6984,13.029152,77.585901,co,1.32,2019-07-12T00:45:00+00:00
6984,13.029152,77.585901,co,1.29,2019-07-12T01:00:00+00:00
6984,13.029152,77.585901,co,1.36,2019-07-12T01:15:00+00:00
6984,13.029152,77.585901,co,1.49,2019-07-12T01:30:00+00:00
6984,13.029152,77.585901,co,1.44,2019-07-12T01:45:00+00:00
6984,13.029152,77.585901,co,1.57,2019-07-12T02:00:00+00:00
6984,13.029152,77.585901,co,1.57,2019-07-12T02:15:00+00:00
6984,13.029152,77.585901,co,1.61,2019-07-12T02:30:00+00:00
6984,13.029152,77.585901,co,1.55,2019-07-12T02:45:00+00:00
6984,13.029152,77.585901,co,1.51,2019-07-12T03:00:00+00:00
6984,13.029152,77.585901,co,1.55,2019-07-12T03:15:00+00:00
6984,13.029152,77.585901,co,1.42,2019-07-12T03:30:00+00:00
6984,13.029152,77.585901,co,1.48,2019-07-12T03:45:00+00:00
6984,13.029152,77.585901,co,1.41,2019-07-12T04:00:00+00:00
6984,13.029152,77.585901,co,1.31,2019-07-12T04:15:00+00:00
6984,13.029152,77.585901,co,1.32,2019-07-12T04:30:00+00:00
6984,13.029152,77.585901,co,1.21,2019-07-12T04:45:00+00:00
6984,13.029152,77.585901,co,1.2,2019-07-12T05:00:00+00:00
6984,13.029152,77.585901,co,1.23,2019-07-12T05:15:00+00:00
6984,13.029152,77.585901,co,1.24,2019-07-12T05:30:00+00:00
6984,13.029152,77.585901,co,1.19,2019-07-12T05:45:00+00:00
6984,13.029152,77.585901,co,1.13,2019-07-12T06:00:00+00:00
6984,13.029152,77.585901,co,1.1,2019-07-12T06:15:00+00:00
6984,13.029152,77.585901,co,1.23,2019-07-12T06:30:00+00:00
6984,13.029152,77.585901,co,1.18,2019-07-12T06:45:00+00:00
6984,13.029152,77.585901,co,1.15,2019-07-12T07:00:00+00:00
6984,13.029152,77.585901,co,1.15,2019-07-12T07:15:00+00:00
6984,13.029152,77.585901,co,1.12,2019-07-12T07:30:00+00:00
6984,13.029152,77.585901,co,1.15,2019-07-12T07:45:00+00:00
6984,13.029152,77.585901,co,1.19,2019-07-12T08:00:00+00:00
6984,13.029152,77.585901,co,1.23,2019-07-12T08:15:00+00:00
6984,13.029152,77.585901,co,1.21,2019-07-12T08:30:00+00:00
6984,13.029152,77.585901,co,1.18,2019-07-12T08:45:00+00:00
6984,13.029152,77.585901,co,1.21,2019-07-12T09:00:00+00:00
6984,13.029152,77.585901,co,1.21,2019-07-12T09:15:00+00:00
6984,13.029152,77.585901,co,1.2,2019-07-12T09:30:00+00:00
6984,13.029152,77.585901,co,1.25,2019-07-12T09:45:00+00:00
6984,13.029152,77.585901,co,1.2,2019-07-12T10:00:00+00:00
6984,13.029152,77.585901,co,1.21,2019-07-12T10:15:00+00:00
6984,13.029152,77.585901,co,1.17,2019-07-12T10:30:00+00:00
6984,13.029152,77.585901,co,1.21,2019-07-12T10:45:00+00:00
6984,13.029152,77.585901,co,1.18,2019-07-12T11:00:00+00:00
6984,13.029152,77.585901,co,1.19,2019-07-12T11:15:00+00:00
6984,13.029152,77.585901,co,1.28,2019-07-12T11:30:00+00:00
6984,13.029152,77.585901,co,1.23,2019-07-12T11:45:00+00:00
6984,13.029152,77.585901,co,1.29,2019-07-12T12:00:00+00:00
6984,13.029152,77.585901,co,1.34,2019-07-12T12:15:00+00:00
6984,13.029152,77.585901,co,1.36,2019-07-12T12:30:00+00:00
6984,13.029152,77.585901,co,1.25,2019-07-12T12:45:00+00:00
6984,13.029152,77.585901,co,1.36,2019-07-12T13:00:00+00:00
6984,13.029152,77.585901,co,1.33,2019-07-12T13:15:00+00:00
6984,13.029152,77.585901,co,1.4,2019-07-12T13:30:00+00:00
6984,13.029152,77.585901,co,1.55,2019-07-12T13:45:00+00:00
6984,13.029152,77.585901,co,1.64,2019-07-12T14:00:00+00:00
6984,13.029152,77.585901,co,1.9,2019-07-12T14:15:00+00:00
6984,13.029152,77.585901,co,2.13,2019-07-12T14:30:00+00:00
6984,13.029152,77.585901,co,2.24,2019-07-12T14:45:00+00:00
6984,13.029152,77.585901,co,2.16,2019-07-12T15:00:00+00:00
6984,13.029152,77.585901,co,1.91,2019-07-12T15:15:00+00:00
6984,13.029152,77.585901,co,1.79,2019-07-12T15:30:00+00:00
6984,13.029152,77.585901,co,1.55,2019-07-12T15:45:00+00:00
6984,13.029152,77.585901,co,1.53,2019-07-12T16:00:00+00:00
6984,13.029152,77.585901,co,1.34,2019-07-12T16:15:00+00:00
6984,13.029152,77.585901,co,1.29,2019-07-12T16:45:00+00:00
6984,13.029152,77.585901,co,1.25,2019-07-12T17:00:00+00:00
6984,13.029152,77.585901,co,1.16,2019-07-12T17:15:00+00:00
6984,13.029152,77.585901,co,1.13,2019-07-12T17:30:00+00:00
6984,13.029152,77.585901,co,1.12,2019-07-12T17:45:00+00:00
6984,13.029152,77.585901,co,1.08,2019-07-12T18:00:00+00:00
6984,13.029152,77.585901,co,1.42,2019-07-12T18:30:00+00:00
6984,13.029152,77.585901,no2,8.5,2019-07-11T18:45:00+00:00
6984,13.029152,77.585901,no2,7.6,2019-07-11T19:00:00+00:00
6984,13.029152,77.585901,no2,7.8,2019-07-11T19:15:00+00:00
6984,13.029152,77.585901,no2,7.4,2019-07-11T19:30:00+00:00
6984,13.029152,77.585901,no2,7.3,2019-07-11T19:45:00+00:00
6984,13.029152,77.585901,no2,8.0,2019-07-11T20:00:00+00:00
6984,13.029152,77.585901,no2,8.4,2019-07-11T20:15:00+00:00
6984,13.029152,77.585901,no2,8.2,2019-07-11T20:30:00+00:00
6984,13.029152,77.585901,no2,7.9,2019-07-11T20:45:00+00:00
6984,13.029152,77.585901,no2,7.8,2019-07-11T21:00:00+00:00
6984,13.029152,77.585901,no2,7.3,2019-07-11T21:15:00+00:00
6984,13.029152,77.585901,no2,7.7,2019-07-11T21:30:00+00:00
6984,13.029152,77.585901,no2,10.4,2019-07-11T21:45:00+00:00
6984,13.029152,77.585901,no2,11.7,2019-07-11T22:00:00+00:00
6984,13.029152,77.585901,no2,10.1,2019-07-11T22:15:00+00:00
6984,13.029152,77.585901,no2,7.4,2019-07-11T22:30:00+00:00
6984,13.029152,77.585901,no2,6.6,2019-07-11T22:45:00+00:00
6984,13.029152,77.585901,no2,5.5,2019-07-11T23:00:00+00:00
6984,13.029152,77.585901,no2,5.4,2019-07-11T23:15:00+00:00
6984,13.029152,77.585901,no2,6.5,2019-07-11T23:30:00+00:00
6984,13.029152,77.585901,no2,7.1,2019-07-12T00:30:00+00:00
6984,13.029152,77.585901,no2,7.7,2019-07-12T00:45:00+00:00
6984,13.029152,77.585901,no2,7.4,2019-07-12T01:00:00+00:00
6984,13.029152,77.585901,no2,8.0,2019-07-12T01:15:00+00:00
6984,13.029152,77.585901,no2,9.6,2019-07-12T01:30:00+00:00
6984,13.029152,77.585901,no2,11.4,2019-07-12T01:45:00+00:00
6984,13.029152,77.585901,no2,11.6,2019-07-12T02:00:00+00:00
6984,13.029152,77.585901,no2,11.8,2019-07-12T02:15:00+00:00
6984,13.029152,77.585901,no2,12.6,2019-07-12T02:30:00+00:00
6984,13.029152,77.585901,no2,13.2,2019-07-12T02:45:00+00:00
6984,13.029152,77.585901,no2,12.1,2019-07-12T03:00:00+00:00
6984,13.029152,77.585901,no2,11.9,2019-07-12T03:15:00+00:00
6984,13.029152,77.585901,no2,11.9,2019-07-12T03:30:00+00:00
6984,13.029152,77.585901,no2,10.9,2019-07-12T03:45:00+00:00
6984,13.029152,77.585901,no2,10.0,2019-07-12T04:00:00+00:00
6984,13.029152,77.585901,no2,8.7,2019-07-12T04:15:00+00:00
6984,13.029152,77.585901,no2,7.8,2019-07-12T04:30:00+00:00
6984,13.029152,77.585901,no2,7.5,2019-07-12T04:45:00+00:00
6984,13.029152,77.585901,no2,7.0,2019-07-12T05:00:00+00:00
6984,13.029152,77.585901,no2,6.2,2019-07-12T05:15:00+00:00
6984,13.029152,77.585901,no2,6.5,2019-07-12T05:30:00+00:00
6984,13.029152,77.585901,no2,6.6,2019-07-12T05:45:00+00:00
6984,13.029152,77.585901,no2,6.3,2019-07-12T06:00:00+00:00
6984,13.029152,77.585901,no2,5.7,2019-07-12T06:15:00+00:00
6984,13.029152,77.585901,no2,5.6,2019-07-12T06:30:00+00:00
6984,13.029152,77.585901,no2,5.4,2019-07-12T06:45:00+00:00
6984,13.029152,77.585901,no2,7.5,2019-07-12T07:00:00+00:00
6984,13.029152,77.585901,no2,6.6,2019-07-12T07:15:00+00:00
6984,13.029152,77.585901,no2,5.8,2019-07-12T07:30:00+00:00
6984,13.029152,77.585901,no2,5.8,2019-07-12T07:45:00+00:00
6984,13.029152,77.585901,no2,6.1,2019-07-12T08:00:00+00:00
6984,13.029152,77.585901,no2,6.9,2019-07-12T08:15:00+00:00
6984,13.029152,77.585901,no2,7.1,2019-07-12T08:30:00+00:00
6984,13.029152,77.585901,no2,6.5,2019-07-12T08:45:00+00:00
6984,13.029152,77.585901,no2,6.1,2019-07-12T09:00:00+00:00
6984,13.029152,77.585901,no2,5.9,2019-07-12T09:15:00+00:00
6984,13.029152,77.585901,no2,5.9,2019-07-12T09:30:00+00:00
6984,13.029152,77.585901,no2,6.4,2019-07-12T09:45:00+00:00
6984,13.029152,77.585901,no2,8.0,2019-07-12T10:00:00+00:00
6984,13.029152,77.585901,no2,8.7,2019-07-12T10:15:00+00:00
6984,13.029152,77.585901,no2,8.2,2019-07-12T10:30:00+00:00
6984,13.029152,77.585901,no2,8.8,2019-07-12T10:45:00+00:00
6984,13.029152,77.585901,no2,8.7,2019-07-12T11:00:00+00:00
6984,13.029152,77.585901,no2,10.4,2019-07-12T11:15:00+00:00
6984,13.029152,77.585901,no2,11.5,2019-07-12T11:30:00+00:00
6984,13.029152,77.585901,no2,12.6,2019-07-12T11:45:00+00:00
6984,13.029152,77.585901,no2,11.1,2019-07-12T12:00:00+00:00
6984,13.029152,77.585901,no2,13.2,2019-07-12T12:15:00+00:00
6984,13.029152,77.585901,no2,15.0,2019-07-12T12:30:00+00:00
6984,13.029152,77.585901,no2,13.8,2019-07-12T12:45:00+00:00
6984,13.029152,77.585901,no2,13.5,2019-07-12T13:00:00+00:00
6984,13.029152,77.585901,no2,13.4,2019-07-12T13:15:00+00:00
6984,13.029152,77.585901,no2,13.9,2019-07-12T13:30:00+00:00
6984,13.029152,77.585901,no2,16.0,2019-07-12T13:45:00+00:00
6984,13.029152,77.585901,no2,19.4,2019-07-12T14:00:00+00:00
6984,13.029152,77.585901,no2,24.4,2019-07-12T14:15:00+00:00
6984,13.029152,77.585901,no2,32.3,2019-07-12T14:30:00+00:00
6984,13.029152,77.585901,no2,38.8,2019-07-12T14:45:00+00:00
6984,13.029152,77.585901,no2,40.6,2019-07-12T15:00:00+00:00
6984,13.029152,77.585901,no2,38.5,2019-07-12T15:15:00+00:00
6984,13.029152,77.585901,no2,34.6,2019-07-12T15:30:00+00:00
6984,13.029152,77.585901,no2,30.1,2019-07-12T15:45:00+00:00
6984,13.029152,77.585901,no2,26.3,2019-07-12T16:00:00+00:00
6984,13.029152,77.585901,no2,21.1,2019-07-12T16:15:00+00:00
6984,13.029152,77.585901,no2,11.2,2019-07-12T16:45:00+00:00
6984,13.029152,77.585901,no2,9.8,2019-07-12T17:00:00+00:00
6984,13.029152,77.585901,no2,8.9,2019-07-12T17:15:00+00:00
6984,13.029152,77.585901,no2,9.1,2019-07-12T17:30:00+00:00
6984,13.029152,77.585901,no2,8.3,2019-07-12T17:45:00+00:00
6984,13.029152,77.585901,no2,7.5,2019-07-12T18:00:00+00:00
6984,13.029152,77.585901,no2,7.0,2019-07-12T18:15:00+00:00
6984,13.029152,77.585901,no2,7.3,2019-07-12T18:30:00+00:00
6984,13.029152,77.585901,pm10,25.0,2019-07-12T18:45:00+00:00
6984,13.029152,77.585901,pm10,25.0,2019-07-12T19:00:00+00:00
6984,13.029152,77.585901,pm10,19.0,2019-07-12T19:15:00+00:00
6984,13.029152,77.585901,pm10,19.0,2019-07-12T19:30:00+00:00
6984,13.029152,77.585901,pm10,19.0,2019-07-12T19:45:00+00:00
6984,13.029152,77.585901,pm10,19.0,2019-07-12T20:00:00+00:00
6984,13.029152,77.585901,pm10,22.0,2019-07-12T20:15:00+00:00
6984,13.029152,77.585901,pm10,22.0,2019-07-12T20:30:00+00:00
6984,13.029152,77.585901,pm10,22.0,2019-07-12T20:45:00+00:00
6984,13.029152,77.585901,pm10,22.0,2019-07-12T21:00:00+00:00
6984,13.029152,77.585901,pm10,34.0,2019-07-12T21:15:00+00:00
6984,13.029152,77.585901,pm10,34.0,2019-07-12T21:30:00+00:00
6984,13.029152,77.585901,pm10,34.0,2019-07-12T21:45:00+00:00
6984,13.029152,77.585901,pm10,17.0,2019-07-12T22:15:00+00:00
6984,13.029152,77.585901,pm10,17.0,2019-07-12T22:30:00+00:00
6984,13.029152,77.585901,pm10,17.0,2019-07-12T22:45:00+00:00
6984,13.029152,77.585901,pm10,17.0,2019-07-12T23:00:00+00:00
6984,13.029152,77.585901,pm10,27.0,2019-07-12T23:15:00+00:00
6984,13.029152,77.585901,pm10,27.0,2019-07-12T23:30:00+00:00
6984,13.029152,77.585901,pm10,27.0,2019-07-12T23:45:00+00:00
6984,13.029152,77.585901,pm10,27.0,2019-07-13T00:00:00+00:00
6984,13.029152,77.585901,pm10,22.0,2019-07-13T00:15:00+00:00
6984,13.029152,77.585901,pm10,22.0,2019-07-13T00:30:00+00:00
6984,13.029152,77.585901,pm10,22.0,2019-07-13T00:45:00+00:00
6984,13.029152,77.585901,pm10,22.0,2019-07-13T01:00:00+00:00
6984,13.029152,77.585901,pm10,23.0,2019-07-13T01:15:00+00:00
6984,13.029152,77.585901,pm10,23.0,2019-07-13T01:30:00+00:00
6984,13.029152,77.585901,pm10,23.0,2019-07-13T01:45:00+00:00
6984,13.029152,77.585901,pm10,23.0,2019-07-13T02:00:00+00:00
6984,13.029152,77.585901,pm10,37.0,2019-07-13T02:15:00+00:00
6984,13.029152,77.585901,pm10,37.0,2019-07-13T02:30:00+00:00
6984,13.029152,77.585901,pm10,37.0,2019-07-13T02:45:00+00:00
6984,13.029152,77.585901,pm10,37.0,2019-07-13T03:00:00+00:00
6984,13.029152,77.585901,pm10,55.0,2019-07-13T03:15:00+00:00
6984,13.029152,77.585901,pm10,55.0,2019-07-13T03:30:00+00:00
6984,13.029152,77.585901,pm10,55.0,2019-07-13T03:45:00+00:00
6984,13.029152,77.585901,pm10,55.0,2019-07-13T04:00:00+00:00
6984,13.029152,77.585901,pm10,73.0,2019-07-13T04:15:00+00:00
6984,13.029152,77.585901,pm10,73.0,2019-07-13T04:30:00+00:00
6984,13.029152,77.585901,pm10,73.0,2019-07-13T04:45:00+00:00
6984,13.029152,77.585901,pm10,73.0,2019-07-13T05:00:00+00:00
6984,13.029152,77.585901,pm10,39.0,2019-07-13T05:15:00+00:00
6984,13.029152,77.585901,pm10,39.0,2019-07-13T05:30:00+00:00
6984,13.029152,77.585901,pm10,39.0,2019-07-13T05:45:00+00:00
6984,13.029152,77.585901,pm10,39.0,2019-07-13T06:00:00+00:00
6984,13.029152,77.585901,pm10,43.0,2019-07-13T06:15:00+00:00
6984,13.029152,77.585901,pm10,43.0,2019-07-13T06:30:00+00:00
6984,13.029152,77.585901,pm10,43.0,2019-07-13T06:45:00+00:00
6984,13.029152,77.585901,pm10,43.0,2019-07-13T07:00:00+00:00
6984,13.029152,77.585901,pm10,43.0,2019-07-13T07:15:00+00:00
6984,13.029152,77.585901,pm10,43.0,2019-07-13T07:30:00+00:00
6984,13.029152,77.585901,pm10,43.0,2019-07-13T07:45:00+00:00
6984,13.029152,77.585901,pm10,43.0,2019-07-13T08:00:00+00:00
6984,13.029152,77.585901,pm10,38.0,2019-07-13T08:15:00+00:00
6984,13.029152,77.585901,pm10,38.0,2019-07-13T08:30:00+00:00
6984,13.029152,77.585901,pm10,38.0,2019-07-13T08:45:00+00:00
6984,13.029152,77.585901,pm10,38.0,2019-07-13T09:00:00+00:00
6984,13.029152,77.585901,pm10,41.0,2019-07-13T09:15:00+00:00
6984,13.029152,77.585901,pm10,41.0,2019-07-13T09:30:00+00:00
6984,13.029152,77.585901,pm10,41.0,2019-07-13T09:45:00+00:00
6984,13.029152,77.585901,pm10,41.0,2019-07-13T10:00:00+00:00
6984,13.029152,77.585901,pm10,69.0,2019-07-13T10:15:00+00:00
6984,13.029152,77.585901,pm10,69.0,2019-07-13T10:30:00+00:00
6984,13.029152,77.585901,pm10,69.0,2019-07-13T10:45:00+00:00
6984,13.029152,77.585901,pm10,69.0,2019-07-13T11:00:00+00:00
6984,13.029152,77.585901,pm10,47.0,2019-07-13T11:15:00+00:00
6984,13.029152,77.585901,pm10,47.0,2019-07-13T11:30:00+00:00
6984,13.029152,77.585901,pm10,47.0,2019-07-13T11:45:00+00:00
6984,13.029152,77.585901,pm10,47.0,2019-07-13T12:00:00+00:00
6984,13.029152,77.585901,pm10,48.0,2019-07-13T12:15:00+00:00
6984,13.029152,77.585901,pm10,48.0,2019-07-13T12:30:00+00:00
6984,13.029152,77.585901,pm10,48.0,2019-07-13T12:45:00+00:00
6984,13.029152,77.585901,pm10,48.0,2019-07-13T13:00:00+00:00
6984,13.029152,77.585901,pm10,59.0,2019-07-13T13:15:00+00:00
6984,13.029152,77.585901,pm10,59.0,2019-07-13T13:30:00+00:00
6984,13.029152,77.585901,pm10,59.0,2019-07-13T13:45:00+00:00
6984,13.029152,77.585901,pm10,59.0,2019-07-13T14:00:00+00:00
6984,13.029152,77.585901,pm10,47.0,2019-07-13T14:15:00+00:00
6984,13.029152,77.585901,pm10,47.0,2019-07-13T14:30:00+00:00
6984,13.029152,77.585901,pm10,47.0,2019-07-13T14:45:00+00:00
6984,13.029152,77.585901,pm10,47.0,2019-07-13T15:00:00+00:00
6984,13.029152,77.585901,pm10,43.0,2019-07-13T15:15:00+00:00
6984,13.029152,77.585901,pm10,43.0,2019-07-13T15:30:00+00:00
6984,13.029152,77.585901,pm10,43.0,2019-07-13T15:45:00+00:00
6984,13.029152,77.585901,pm10,43.0,2019-07-13T16:00:00+00:00
6984,13.029152,77.585901,pm10,27.0,2019-07-13T16:15:00+00:00
6984,13.029152,77.585901,pm10,27.0,2019-07-13T16:30:00+00:00
6984,13.029152,77.585901,pm10,27.0,2019-07-13T16:45:00+00:00
6984,13.029152,77.585901,pm10,27.0,2019-07-13T17:00:00+00:00
6984,13.029152,77.585901,pm10,25.0,2019-07-13T17:15:00+00:00
6984,13.029152,77.585901,pm10,25.0,2019-07-13T17:30:00+00:00
6984,13.029152,77.585901,pm10,25.0,2019-07-13T17:45:00+00:00
6984,13.029152,77.585901,pm10,25.0,2019-07-13T18:00:00+00:00
6984,13.029152,77.585901,pm10,32.0,2019-07-13T18:15:00+00:00
6984,13.029152,77.585901,pm10,32.0,2019-07-13T18:30:00+00:00
6984,13.029152,77.585901,pm25,12.0,2019-07-12T18:45:00+00:00
6984,13.029152,77.585901,pm25,12.0,2019-07-12T19:00:00+00:00
6984,13.029152,77.585901,pm25,11.0,2019-07-12T19:15:00+00:00
6984,13.029152,77.585901,pm25,11.0,2019-07-12T19:30:00+00:00
6984,13.029152,77.585901,pm25,11.0,2019-07-12T19:45:00+00:00
6984,13.029152,77.585901,pm25,11.0,2019-07-12T20:00:00+00:00
6984,13.029152,77.585901,pm25,9.0,2019-07-12T20:15:00+00:00
6984,13.029152,77.585901,pm25,9.0,2019-07-12T20:30:00+00:00
6984,13.029152,77.585901,pm25,9.0,2019-07-12T20:45:00+00:00
6984,13.029152,77.585901,pm25,9.0,2019-07-12T21:00:00+00:00
6984,13.029152,77.585901,pm25,5.0,2019-07-12T21:15:00+00:00
6984,13.029152,77.585901,pm25,5.0,2019-07-12T21:30:00+00:00
6984,13.029152,77.585901,pm25,5.0,2019-07-12T21:45:00+00:00
6984,13.029152,77.585901,pm25,3.0,2019-07-12T22:15:00+00:00
6984,13.029152,77.585901,pm25,3.0,2019-07-12T22:30:00+00:00
6984,13.029152,77.585901,pm25,3.0,2019-07-12T22:45:00+00:00
6984,13.029152,77.585901,pm25,3.0,2019-07-12T23:00:00+00:00
6984,13.029152,77.585901,pm25,7.0,2019-07-12T23:15:00+00:00
6984,13.029152,77.585901,pm25,7.0,2019-07-12T23:30:00+00:00
6984,13.029152,77.585901,pm25,7.0,2019-07-12T23:45:00+00:00
6984,13.029152,77.585901,pm25,7.0,2019-07-13T00:00:00+00:00
6984,13.029152,77.585901,pm25,10.0,2019-07-13T00:15:00+00:00
6984,13.029152,77.585901,pm25,10.0,2019-07-13T00:30:00+00:00
6984,13.029152,77.585901,pm25,10.0,2019-07-13T00:45:00+00:00
6984,13.029152,77.585901,pm25,10.0,2019-07-13T01:00:00+00:00
6984,13.029152,77.585901,pm25,8.0,2019-07-13T01:15:00+00:00
6984,13.029152,77.585901,pm25,8.0,2019-07-13T01:30:00+00:00
6984,13.029152,77.585901,pm25,8.0,2019-07-13T01:45:00+00:00
6984,13.029152,77.585901,pm25,8.0,2019-07-13T02:00:00+00:00
6984,13.029152,77.585901,pm25,14.0,2019-07-13T02:15:00+00:00
6984,13.029152,77.585901,pm25,14.0,2019-07-13T02:30:00+00:00
6984,13.029152,77.585901,pm25,14.0,2019-07-13T02:45:00+00:00
6984,13.029152,77.585901,pm25,14.0,2019-07-13T03:00:00+00:00
6984,13.029152,77.585901,pm25,33.0,2019-07-13T03:15:00+00:00
6984,13.029152,77.585901,pm25,33.0,2019-07-13T03:30:00+00:00
6984,13.029152,77.585901,pm25,33.0,2019-07-13T03:45:00+00:00
6984,13.029152,77.585901,pm25,33.0,2019-07-13T04:00:00+00:00
6984,13.029152,77.585901,pm25,16.0,2019-07-13T04:15:00+00:00
6984,13.029152,77.585901,pm25,16.0,2019-07-13T04:30:00+00:00
6984,13.029152,77.585901,pm25,16.0,2019-07-13T04:45:00+00:00
6984,13.029152,77.585901,pm25,16.0,2019-07-13T05:00:00+00:00
6984,13.029152,77.585901,pm25,15.0,2019-07-13T05:15:00+00:00
6984,13.029152,77.585901,pm25,15.0,2019-07-13T05:30:00+00:00
6984,13.029152,77.585901,pm25,15.0,2019-07-13T05:45:00+00:00
6984,13.029152,77.585901,pm25,15.0,2019-07-13T06:00:00+00:00
6984,13.029152,77.585901,pm25,12.0,2019-07-13T06:15:00+00:00
6984,13.029152,77.585901,pm25,12.0,2019-07-13T06:30:00+00:00
6984,13.029152,77.585901,pm25,12.0,2019-07-13T06:45:00+00:00
6984,13.029152,77.585901,pm25,12.0,2019-07-13T07:00:00+00:00
6984,13.029152,77.585901,pm25,10.0,2019-07-13T07:15:00+00:00
6984,13.029152,77.585901,pm25,10.0,2019-07-13T07:30:00+00:00
6984,13.029152,77.585901,pm25,10.0,2019-07-13T07:45:00+00:00
6984,13.029152,77.585901,pm25,10.0,2019-07-13T08:00:00+00:00
6984,13.029152,77.585901,pm25,18.0,2019-07-13T08:15:00+00:00
6984,13.029152,77.585901,pm25,18.0,2019-07-13T08:30:00+00:00
6984,13.029152,77.585901,pm25,18.0,2019-07-13T08:45:00+00:00
6984,13.029152,77.585901,pm25,18.0,2019-07-13T09:00:00+00:00
6984,13.029152,77.585901,pm25,11.0,2019-07-13T09:15:00+00:00
6984,13.029152,77.585901,pm25,11.0,2019-07-13T09:30:00+00:00
6984,13.029152,77.585901,pm25,11.0,2019-07-13T09:45:00+00:00
6984,13.029152,77.585901,pm25,11.0,2019-07-13T10:00:00+00:00
6984,13.029152,77.585901,pm25,20.0,2019-07-13T10:15:00+00:00
6984,13.029152,77.585901,pm25,20.0,2019-07-13T10:30:00+00:00
6984,13.029152,77.585901,pm25,20.0,2019-07-13T10:45:00+00:00
6984,13.029152,77.585901,pm25,20.0,2019-07-13T11:00:00+00:00
6984,13.029152,77.585901,pm25,14.0,2019-07-13T11:15:00+00:00
6984,13.029152,77.585901,pm25,14.0,2019-07-13T11:30:00+00:00
6984,13.029152,77.585901,pm25,14.0,2019-07-13T11:45:00+00:00
6984,13.029152,77.585901,pm25,14.0,2019-07-13T12:00:00+00:00
6984,13.029152,77.585901,pm25,23.0,2019-07-13T12:15:00+00:00
6984,13.029152,77.585901,pm25,23.0,2019-07-13T12:30:00+00:00
6984,13.029152,77.585901,pm25,23.0,2019-07-13T12:45:00+00:00
6984,13.029152,77.585901,pm25,23.0,2019-07-13T13:00:00+00:00
6984,13.029152,77.585901,pm25,18.0,2019-07-13T13:15:00+00:00
6984,13.029152,77.585901,pm25,18.0,2019-07-13T13:30:00+00:00
6984,13.029152,77.585901,pm25,18.0,2019-07-13T13:45:00+00:00
6984,13.029152,77.585901,pm25,18.0,2019-07-13T14:00:00+00:00
6984,13.029152,77.585901,pm25,17.0,2019-07-13T14:15:00+00:00
6984,13.029152,77.585901,pm25,17.0,2019-07-13T14:30:00+00:00
6984,13.029152,77.585901,pm25,17.0,2019-07-13T14:45:00+00:00
6984,13.029152,77.585901,pm25,17.0,2019-07-13T15:00:00+00:00
6984,13.029152,77.585901,pm25,10.0,2019-07-13T15:15:00+00:00
6984,13.029152,77.585901,pm25,10.0,2019-07-13T15:30:00+00:00
6984,13.029152,77.585901,pm25,10.0,2019-07-13T15:45:00+00:00
6984,13.029152,77.585901,pm25,10.0,2019-07-13T16:00:00+00:00
6984,13.029152,77.585901,pm25,11.0,2019-07-13T16:15:00+00:00
6984,13.029152,77.585901,pm25,11.0,2019-07-13T16:30:00+00:00
6984,13.029152,77.585901,pm25,11.0,2019-07-13T16:45:00+00:00
6984,13.029152,77.585901,pm25,11.0,2019-07-13T17:00:00+00:00
6984,13.029152,77.585901,pm25,11.0,2019-07-13T17:15:00+00:00
6984,13.029152,77.585901,pm25,11.0,2019-07-13T17:30:00+00:00
6984,13.029152,77.585901,pm25,11.0,2019-07-13T17:45:00+00:00
6984,13.029152,77.585901,pm25,11.0,2019-07-13T18:00:00+00:00
6984,13.029152,77.585901,pm25,16.0,2019-07-13T18:15:00+00:00
6984,13.029152,77.585901,pm25,16.0,2019-07-13T18:30:00+00:00
6984,13.029152,77.585901,co,1.39,2019-07-12T18:45:00+00:00
6984,13.029152,77.585901,co,1.43,2019-07-12T19:00:00+00:00
6984,13.029152,77.585901,co,1.45,2019-07-12T19:15:00+00:00
6984,13.029152,77.585901,co,1.39,2019-07-12T19:30:00+00:00
6984,13.029152,77.585901,co,1.34,2019-07-12T19:45:00+00:00
6984,13.029152,77.585901,co,1.32,2019-07-12T20:00:00+00:00
6984,13.029152,77.585901,co,1.28,2019-07-12T20:15:00+00:00
6984,13.029152,77.585901,co,1.29,2019-07-12T20:30:00+00:00
6984,13.029152,77.585901,co,1.29,2019-07-12T20:45:00+00:00
6984,13.029152,77.585901,co,1.28,2019-07-12T21:00:00+00:00
6984,13.029152,77.585901,co,1.28,2019-07-12T21:15:00+00:00
6984,13.029152,77.585901,co,1.33,2019-07-12T21:30:00+00:00
6984,13.029152,77.585901,co,1.32,2019-07-12T21:45:00+00:00
6984,13.029152,77.585901,co,1.32,2019-07-12T22:15:00+00:00
6984,13.029152,77.585901,co,1.35,2019-07-12T22:30:00+00:00
6984,13.029152,77.585901,co,1.44,2019-07-12T23:30:00+00:00
6984,13.029152,77.585901,co,1.39,2019-07-12T23:45:00+00:00
6984,13.029152,77.585901,co,1.43,2019-07-13T00:00:00+00:00
6984,13.029152,77.585901,co,1.5,2019-07-13T00:15:00+00:00
6984,13.029152,77.585901,co,1.6,2019-07-13T00:30:00+00:00
6984,13.029152,77.585901,co,1.53,2019-07-13T00:45:00+00:00
6984,13.029152,77.585901,co,1.57,2019-07-13T01:00:00+00:00
6984,13.029152,77.585901,co,1.66,2019-07-13T01:15:00+00:00
6984,13.029152,77.585901,co,1.67,2019-07-13T01:30:00+00:00
6984,13.029152,77.585901,co,1.73,2019-07-13T01:45:00+00:00
6984,13.029152,77.585901,co,1.68,2019-07-13T02:00:00+00:00
6984,13.029152,77.585901,co,1.75,2019-07-13T02:15:00+00:00
6984,13.029152,77.585901,co,1.69,2019-07-13T02:30:00+00:00
6984,13.029152,77.585901,co,1.75,2019-07-13T02:45:00+00:00
6984,13.029152,77.585901,co,1.89,2019-07-13T03:00:00+00:00
6984,13.029152,77.585901,co,1.66,2019-07-13T03:15:00+00:00
6984,13.029152,77.585901,co,1.48,2019-07-13T03:30:00+00:00
6984,13.029152,77.585901,co,1.71,2019-07-13T03:45:00+00:00
6984,13.029152,77.585901,co,1.58,2019-07-13T04:00:00+00:00
6984,13.029152,77.585901,co,1.55,2019-07-13T04:15:00+00:00
6984,13.029152,77.585901,co,1.39,2019-07-13T04:45:00+00:00
6984,13.029152,77.585901,co,1.42,2019-07-13T05:00:00+00:00
6984,13.029152,77.585901,co,1.36,2019-07-13T05:15:00+00:00
6984,13.029152,77.585901,co,1.24,2019-07-13T05:30:00+00:00
6984,13.029152,77.585901,co,1.29,2019-07-13T05:45:00+00:00
6984,13.029152,77.585901,co,1.36,2019-07-13T06:00:00+00:00
6984,13.029152,77.585901,co,1.26,2019-07-13T06:15:00+00:00
6984,13.029152,77.585901,co,1.23,2019-07-13T06:30:00+00:00
6984,13.029152,77.585901,co,1.11,2019-07-13T06:45:00+00:00
6984,13.029152,77.585901,co,1.24,2019-07-13T07:00:00+00:00
6984,13.029152,77.585901,co,1.2,2019-07-13T07:15:00+00:00
6984,13.029152,77.585901,co,1.03,2019-07-13T07:30:00+00:00
6984,13.029152,77.585901,co,1.09,2019-07-13T07:45:00+00:00
6984,13.029152,77.585901,co,1.12,2019-07-13T08:00:00+00:00
6984,13.029152,77.585901,co,1.11,2019-07-13T08:15:00+00:00
6984,13.029152,77.585901,co,1.1,2019-07-13T08:30:00+00:00
6984,13.029152,77.585901,co,1.09,2019-07-13T08:45:00+00:00
6984,13.029152,77.585901,co,1.27,2019-07-13T09:00:00+00:00
6984,13.029152,77.585901,co,1.21,2019-07-13T09:15:00+00:00
6984,13.029152,77.585901,co,1.28,2019-07-13T09:30:00+00:00
6984,13.029152,77.585901,co,1.5,2019-07-13T09:45:00+00:00
6984,13.029152,77.585901,co,1.48,2019-07-13T10:00:00+00:00
6984,13.029152,77.585901,co,1.39,2019-07-13T10:15:00+00:00
6984,13.029152,77.585901,co,1.26,2019-07-13T10:30:00+00:00
6984,13.029152,77.585901,co,1.2,2019-07-13T10:45:00+00:00
6984,13.029152,77.585901,co,1.43,2019-07-13T11:00:00+00:00
6984,13.029152,77.585901,co,1.21,2019-07-13T11:15:00+00:00
6984,13.029152,77.585901,co,1.19,2019-07-13T11:30:00+00:00
6984,13.029152,77.585901,co,1.31,2019-07-13T11:45:00+00:00
6984,13.029152,77.585901,co,1.29,2019-07-13T12:00:00+00:00
6984,13.029152,77.585901,co,1.34,2019-07-13T12:15:00+00:00
6984,13.029152,77.585901,co,1.33,2019-07-13T12:30:00+00:00
6984,13.029152,77.585901,co,1.39,2019-07-13T12:45:00+00:00
6984,13.029152,77.585901,co,1.59,2019-07-13T13:00:00+00:00
6984,13.029152,77.585901,co,1.71,2019-07-13T13:15:00+00:00
6984,13.029152,77.585901,co,1.72,2019-07-13T13:30:00+00:00
6984,13.029152,77.585901,co,1.69,2019-07-13T13:45:00+00:00
6984,13.029152,77.585901,co,1.68,2019-07-13T14:00:00+00:00
6984,13.029152,77.585901,co,1.76,2019-07-13T14:15:00+00:00
6984,13.029152,77.585901,co,1.66,2019-07-13T14:30:00+00:00
6984,13.029152,77.585901,co,1.51,2019-07-13T14:45:00+00:00
6984,13.029152,77.585901,co,1.48,2019-07-13T15:00:00+00:00
6984,13.029152,77.585901,co,1.41,2019-07-13T15:15:00+00:00
6984,13.029152,77.585901,co,1.41,2019-07-13T15:30:00+00:00
6984,13.029152,77.585901,co,1.49,2019-07-13T15:45:00+00:00
6984,13.029152,77.585901,co,1.48,2019-07-13T16:00:00+00:00
6984,13.029152,77.585901,co,1.59,2019-07-13T16:15:00+00:00
6984,13.029152,77.585901,co,1.59,2019-07-13T16:30:00+00:00
6984,13.029152,77.585901,co,1.58,2019-07-13T16:45:00+00:00
6984,13.029152,77.585901,co,1.64,2019-07-13T17:00:00+00:00
6984,13.029152,77.585901,co,1.6,2019-07-13T17:15:00+00:00
6984,13.029152,77.585901,co,1.4,2019-07-13T17:30:00+00:00
6984,13.029152,77.585901,co,1.43,2019-07-13T17:45:00+00:00
6984,13.029152,77.585901,co,1.44,2019-07-13T18:00:00+00:00
6984,13.029152,77.585901,co,1.31,2019-07-13T18:30:00+00:00
6984,13.029152,77.585901,no2,7.8,2019-07-12T18:45:00+00:00
6984,13.029152,77.585901,no2,8.1,2019-07-12T19:00:00+00:00
6984,13.029152,77.585901,no2,7.7,2019-07-12T19:15:00+00:00
6984,13.029152,77.585901,no2,7.2,2019-07-12T19:30:00+00:00
6984,13.029152,77.585901,no2,6.7,2019-07-12T19:45:00+00:00
6984,13.029152,77.585901,no2,5.7,2019-07-12T20:00:00+00:00
6984,13.029152,77.585901,no2,5.0,2019-07-12T20:15:00+00:00
6984,13.029152,77.585901,no2,4.0,2019-07-12T20:30:00+00:00
6984,13.029152,77.585901,no2,3.2,2019-07-12T20:45:00+00:00
6984,13.029152,77.585901,no2,2.8,2019-07-12T21:00:00+00:00
6984,13.029152,77.585901,no2,2.4,2019-07-12T21:15:00+00:00
6984,13.029152,77.585901,no2,2.4,2019-07-12T21:30:00+00:00
6984,13.029152,77.585901,no2,2.4,2019-07-12T21:45:00+00:00
6984,13.029152,77.585901,no2,3.9,2019-07-12T22:15:00+00:00
6984,13.029152,77.585901,no2,3.4,2019-07-12T22:30:00+00:00
6984,13.029152,77.585901,no2,3.2,2019-07-12T22:45:00+00:00
6984,13.029152,77.585901,no2,3.1,2019-07-12T23:00:00+00:00
6984,13.029152,77.585901,no2,3.6,2019-07-12T23:15:00+00:00
6984,13.029152,77.585901,no2,4.6,2019-07-12T23:30:00+00:00
6984,13.029152,77.585901,no2,7.1,2019-07-13T00:30:00+00:00
6984,13.029152,77.585901,no2,7.7,2019-07-13T00:45:00+00:00
6984,13.029152,77.585901,no2,7.9,2019-07-13T01:00:00+00:00
6984,13.029152,77.585901,no2,8.1,2019-07-13T01:15:00+00:00
6984,13.029152,77.585901,no2,8.8,2019-07-13T01:30:00+00:00
6984,13.029152,77.585901,no2,8.9,2019-07-13T01:45:00+00:00
6984,13.029152,77.585901,no2,9.5,2019-07-13T02:00:00+00:00
6984,13.029152,77.585901,no2,9.8,2019-07-13T02:15:00+00:00
6984,13.029152,77.585901,no2,10.5,2019-07-13T02:30:00+00:00
6984,13.029152,77.585901,no2,11.8,2019-07-13T02:45:00+00:00
6984,13.029152,77.585901,no2,12.1,2019-07-13T03:00:00+00:00
6984,13.029152,77.585901,no2,11.8,2019-07-13T03:15:00+00:00
6984,13.029152,77.585901,no2,11.0,2019-07-13T03:30:00+00:00
6984,13.029152,77.585901,no2,10.9,2019-07-13T03:45:00+00:00
6984,13.029152,77.585901,no2,10.5,2019-07-13T04:00:00+00:00
6984,13.029152,77.585901,no2,9.7,2019-07-13T04:15:00+00:00
6984,13.029152,77.585901,no2,9.0,2019-07-13T04:30:00+00:00
6984,13.029152,77.585901,no2,8.9,2019-07-13T04:45:00+00:00
6984,13.029152,77.585901,no2,8.2,2019-07-13T05:00:00+00:00
6984,13.029152,77.585901,no2,8.2,2019-07-13T05:15:00+00:00
6984,13.029152,77.585901,no2,8.7,2019-07-13T05:30:00+00:00
6984,13.029152,77.585901,no2,9.2,2019-07-13T05:45:00+00:00
6984,13.029152,77.585901,no2,9.8,2019-07-13T06:00:00+00:00
6984,13.029152,77.585901,no2,9.5,2019-07-13T06:15:00+00:00
6984,13.029152,77.585901,no2,8.7,2019-07-13T06:30:00+00:00
6984,13.029152,77.585901,no2,8.7,2019-07-13T06:45:00+00:00
6984,13.029152,77.585901,no2,7.9,2019-07-13T07:00:00+00:00
6984,13.029152,77.585901,no2,7.8,2019-07-13T07:15:00+00:00
6984,13.029152,77.585901,no2,7.4,2019-07-13T07:30:00+00:00
6984,13.029152,77.585901,no2,7.0,2019-07-13T07:45:00+00:00
6984,13.029152,77.585901,no2,7.6,2019-07-13T08:00:00+00:00
6984,13.029152,77.585901,no2,7.3,2019-07-13T08:15:00+00:00
6984,13.029152,77.585901,no2,6.9,2019-07-13T08:30:00+00:00
6984,13.029152,77.585901,no2,6.4,2019-07-13T08:45:00+00:00
6984,13.029152,77.585901,no2,6.1,2019-07-13T09:00:00+00:00
6984,13.029152,77.585901,no2,6.5,2019-07-13T09:15:00+00:00
6984,13.029152,77.585901,no2,12.2,2019-07-13T09:30:00+00:00
6984,13.029152,77.585901,no2,20.2,2019-07-13T09:45:00+00:00
6984,13.029152,77.585901,no2,22.3,2019-07-13T10:00:00+00:00
6984,13.029152,77.585901,no2,21.5,2019-07-13T10:15:00+00:00
6984,13.029152,77.585901,no2,14.4,2019-07-13T10:30:00+00:00
6984,13.029152,77.585901,no2,10.6,2019-07-13T10:45:00+00:00
6984,13.029152,77.585901,no2,29.1,2019-07-13T11:00:00+00:00
6984,13.029152,77.585901,no2,13.6,2019-07-13T11:15:00+00:00
6984,13.029152,77.585901,no2,11.2,2019-07-13T11:30:00+00:00
6984,13.029152,77.585901,no2,9.6,2019-07-13T11:45:00+00:00
6984,13.029152,77.585901,no2,9.4,2019-07-13T12:00:00+00:00
6984,13.029152,77.585901,no2,10.2,2019-07-13T12:15:00+00:00
6984,13.029152,77.585901,no2,12.5,2019-07-13T12:30:00+00:00
6984,13.029152,77.585901,no2,13.3,2019-07-13T12:45:00+00:00
6984,13.029152,77.585901,no2,18.0,2019-07-13T13:00:00+00:00
6984,13.029152,77.585901,no2,20.2,2019-07-13T13:15:00+00:00
6984,13.029152,77.585901,no2,22.2,2019-07-13T13:30:00+00:00
6984,13.029152,77.585901,no2,25.2,2019-07-13T13:45:00+00:00
6984,13.029152,77.585901,no2,23.3,2019-07-13T14:00:00+00:00
6984,13.029152,77.585901,no2,23.1,2019-07-13T14:15:00+00:00
6984,13.029152,77.585901,no2,23.0,2019-07-13T14:30:00+00:00
6984,13.029152,77.585901,no2,19.5,2019-07-13T14:45:00+00:00
6984,13.029152,77.585901,no2,16.4,2019-07-13T15:00:00+00:00
6984,13.029152,77.585901,no2,14.0,2019-07-13T15:15:00+00:00
6984,13.029152,77.585901,no2,12.1,2019-07-13T15:30:00+00:00
6984,13.029152,77.585901,no2,10.9,2019-07-13T15:45:00+00:00
6984,13.029152,77.585901,no2,11.4,2019-07-13T16:00:00+00:00
6984,13.029152,77.585901,no2,12.7,2019-07-13T16:15:00+00:00
6984,13.029152,77.585901,no2,12.9,2019-07-13T16:30:00+00:00
6984,13.029152,77.585901,no2,12.7,2019-07-13T16:45:00+00:00
6984,13.029152,77.585901,no2,12.3,2019-07-13T17:00:00+00:00
6984,13.029152,77.585901,no2,11.1,2019-07-13T17:15:00+00:00
6984,13.029152,77.585901,no2,11.0,2019-07-13T17:30:00+00:00
6984,13.029152,77.585901,no2,10.8,2019-07-13T17:45:00+00:00
6984,13.029152,77.585901,no2,11.7,2019-07-13T18:00:00+00:00
6984,13.029152,77.585901,no2,11.4,2019-07-13T18:15:00+00:00
6984,13.029152,77.585901,no2,9.7,2019-07-13T18:30:00+00:00
6984,13.029152,77.585901,so2,2.0,2019-07-12T19:45:00+00:00
6984,13.029152,77.585901,so2,0.0,2019-07-12T20:00:00+00:00
6984,13.029152,77.585901,so2,0.3,2019-07-12T20:30:00+00:00
6984,13.029152,77.585901,so2,0.7,2019-07-12T20:45:00+00:00
6984,13.029152,77.585901,so2,1.5,2019-07-12T21:00:00+00:00
6984,13.029152,77.585901,so2,2.2,2019-07-12T21:15:00+00:00
6984,13.029152,77.585901,so2,1.9,2019-07-12T21:30:00+00:00
6984,13.029152,77.585901,so2,1.7,2019-07-12T21:45:00+00:00
6984,13.029152,77.585901,so2,1.4,2019-07-12T23:15:00+00:00
6984,13.029152,77.585901,so2,1.2,2019-07-12T23:30:00+00:00
6984,13.029152,77.585901,so2,0.2,2019-07-12T23:45:00+00:00
6984,13.029152,77.585901,so2,0.2,2019-07-13T00:00:00+00:00
6984,13.029152,77.585901,so2,1.8,2019-07-13T00:15:00+00:00
6984,13.029152,77.585901,so2,2.3,2019-07-13T00:30:00+00:00
6984,13.029152,77.585901,so2,13.3,2019-07-13T01:30:00+00:00
6984,13.029152,77.585901,so2,5.0,2019-07-13T01:45:00+00:00
6984,13.029152,77.585901,so2,3.2,2019-07-13T02:00:00+00:00
6984,13.029152,77.585901,so2,2.5,2019-07-13T02:15:00+00:00
6984,13.029152,77.585901,so2,1.3,2019-07-13T02:30:00+00:00
6984,13.029152,77.585901,so2,1.6,2019-07-13T02:45:00+00:00
6984,13.029152,77.585901,so2,0.1,2019-07-13T03:00:00+00:00
6984,13.029152,77.585901,so2,0.2,2019-07-13T03:15:00+00:00
6984,13.029152,77.585901,so2,0.8,2019-07-13T03:30:00+00:00
6984,13.029152,77.585901,so2,1.1,2019-07-13T03:45:00+00:00
6984,13.029152,77.585901,so2,0.7,2019-07-13T04:00:00+00:00
6984,13.029152,77.585901,so2,1.2,2019-07-13T06:45:00+00:00
6984,13.029152,77.585901,so2,1.1,2019-07-13T07:00:00+00:00
6984,13.029152,77.585901,so2,1.3,2019-07-13T07:15:00+00:00
6984,13.029152,77.585901,so2,1.4,2019-07-13T07:30:00+00:00
6984,13.029152,77.585901,so2,1.2,2019-07-13T07:45:00+00:00
6984,13.029152,77.585901,so2,1.8,2019-07-13T08:00:00+00:00
6984,13.029152,77.585901,so2,1.6,2019-07-13T08:15:00+00:00
6984,13.029152,77.585901,so2,1.4,2019-07-13T08:30:00+00:00
6984,13.029152,77.585901,so2,2.1,2019-07-13T08:45:00+00:00
6984,13.029152,77.585901,so2,2.2,2019-07-13T09:00:00+00:00
6984,13.029152,77.585901,so2,2.3,2019-07-13T09:15:00+00:00
6984,13.029152,77.585901,so2,2.6,2019-07-13T09:30:00+00:00
6984,13.029152,77.585901,so2,1.4,2019-07-13T09:45:00+00:00
6984,13.029152,77.585901,so2,1.1,2019-07-13T10:00:00+00:00
6984,13.029152,77.585901,so2,1.1,2019-07-13T10:15:00+00:00
6984,13.029152,77.585901,so2,1.0,2019-07-13T10:30:00+00:00
6984,13.029152,77.585901,so2,1.2,2019-07-13T10:45:00+00:00
6984,13.029152,77.585901,so2,1.2,2019-07-13T11:00:00+00:00
6984,13.029152,77.585901,so2,1.0,2019-07-13T11:15:00+00:00
6984,13.029152,77.585901,so2,1.8,2019-07-13T11:30:00+00:00
6984,13.029152,77.585901,so2,1.7,2019-07-13T11:45:00+00:00
6984,13.029152,77.585901,so2,1.1,2019-07-13T12:00:00+00:00
6984,13.029152,77.585901,so2,1.0,2019-07-13T12:15:00+00:00
6984,13.029152,77.585901,so2,1.0,2019-07-13T12:30:00+00:00
6984,13.029152,77.585901,so2,1.3,2019-07-13T12:45:00+00:00
6984,13.029152,77.585901,so2,1.2,2019-07-13T13:30:00+00:00
6984,13.029152,77.585901,so2,3.7,2019-07-13T13:45:00+00:00
6984,13.029152,77.585901,so2,3.6,2019-07-13T14:00:00+00:00
6984,13.029152,77.585901,so2,1.9,2019-07-13T14:15:00+00:00
6984,13.029152,77.585901,so2,3.2,2019-07-13T14:30:00+00:00
6984,13.029152,77.585901,so2,3.9,2019-07-13T14:45:00+00:00
6984,13.029152,77.585901,so2,4.9,2019-07-13T15:00:00+00:00
6984,13.029152,77.585901,so2,3.0,2019-07-13T15:15:00+00:00
6984,13.029152,77.585901,so2,4.1,2019-07-13T15:30:00+00:00
6984,13.029152,77.585901,so2,4.8,2019-07-13T15:45:00+00:00
6984,13.029152,77.585901,so2,4.0,2019-07-13T16:00:00+00:00
6984,13.029152,77.585901,so2,1.9,2019-07-13T16:15:00+00:00
6984,13.029152,77.585901,so2,2.1,2019-07-13T16:30:00+00:00
6984,13.029152,77.585901,so2,2.8,2019-07-13T16:45:00+00:00
6984,13.029152,77.585901,so2,1.2,2019-07-13T17:00:00+00:00
6984,13.029152,77.585901,pm10,32.0,2019-07-13T18:45:00+00:00
6984,13.029152,77.585901,pm10,32.0,2019-07-13T19:00:00+00:00
6984,13.029152,77.585901,pm10,27.0,2019-07-13T19:15:00+00:00
6984,13.029152,77.585901,pm10,27.0,2019-07-13T19:30:00+00:00
6984,13.029152,77.585901,pm10,27.0,2019-07-13T19:45:00+00:00
6984,13.029152,77.585901,pm10,27.0,2019-07-13T20:00:00+00:00
6984,13.029152,77.585901,pm10,18.0,2019-07-13T20:15:00+00:00
6984,13.029152,77.585901,pm10,18.0,2019-07-13T20:30:00+00:00
6984,13.029152,77.585901,pm10,18.0,2019-07-13T21:00:00+00:00
6984,13.029152,77.585901,pm10,18.0,2019-07-13T21:15:00+00:00
6984,13.029152,77.585901,pm10,18.0,2019-07-13T21:30:00+00:00
6984,13.029152,77.585901,pm10,18.0,2019-07-13T21:45:00+00:00
6984,13.029152,77.585901,pm10,18.0,2019-07-13T22:00:00+00:00
6984,13.029152,77.585901,pm10,19.0,2019-07-13T22:15:00+00:00
6984,13.029152,77.585901,pm10,19.0,2019-07-13T22:30:00+00:00
6984,13.029152,77.585901,pm10,19.0,2019-07-13T22:45:00+00:00
6984,13.029152,77.585901,pm10,19.0,2019-07-13T23:00:00+00:00
6984,13.029152,77.585901,pm10,21.0,2019-07-13T23:15:00+00:00
6984,13.029152,77.585901,pm10,21.0,2019-07-13T23:30:00+00:00
6984,13.029152,77.585901,pm10,21.0,2019-07-13T23:45:00+00:00
6984,13.029152,77.585901,pm10,21.0,2019-07-14T00:00:00+00:00
6984,13.029152,77.585901,pm10,21.0,2019-07-14T00:15:00+00:00
6984,13.029152,77.585901,pm10,21.0,2019-07-14T00:30:00+00:00
6984,13.029152,77.585901,pm10,21.0,2019-07-14T00:45:00+00:00
6984,13.029152,77.585901,pm10,21.0,2019-07-14T01:00:00+00:00
6984,13.029152,77.585901,pm10,23.0,2019-07-14T01:15:00+00:00
6984,13.029152,77.585901,pm10,23.0,2019-07-14T01:30:00+00:00
6984,13.029152,77.585901,pm10,23.0,2019-07-14T01:45:00+00:00
6984,13.029152,77.585901,pm10,23.0,2019-07-14T02:00:00+00:00
6984,13.029152,77.585901,pm10,38.0,2019-07-14T02:15:00+00:00
6984,13.029152,77.585901,pm10,38.0,2019-07-14T02:30:00+00:00
6984,13.029152,77.585901,pm10,38.0,2019-07-14T02:45:00+00:00
6984,13.029152,77.585901,pm10,38.0,2019-07-14T03:00:00+00:00
6984,13.029152,77.585901,pm10,43.0,2019-07-14T03:15:00+00:00
6984,13.029152,77.585901,pm10,43.0,2019-07-14T03:30:00+00:00
6984,13.029152,77.585901,pm10,43.0,2019-07-14T03:45:00+00:00
6984,13.029152,77.585901,pm10,45.0,2019-07-14T04:45:00+00:00
6984,13.029152,77.585901,pm10,45.0,2019-07-14T05:00:00+00:00
6984,13.029152,77.585901,pm10,32.0,2019-07-14T05:15:00+00:00
6984,13.029152,77.585901,pm10,32.0,2019-07-14T05:30:00+00:00
6984,13.029152,77.585901,pm10,32.0,2019-07-14T05:45:00+00:00
6984,13.029152,77.585901,pm10,32.0,2019-07-14T06:00:00+00:00
6984,13.029152,77.585901,pm10,28.0,2019-07-14T06:15:00+00:00
6984,13.029152,77.585901,pm10,28.0,2019-07-14T06:30:00+00:00
6984,13.029152,77.585901,pm10,28.0,2019-07-14T06:45:00+00:00
6984,13.029152,77.585901,pm10,28.0,2019-07-14T07:00:00+00:00
6984,13.029152,77.585901,pm10,37.0,2019-07-14T07:15:00+00:00
6984,13.029152,77.585901,pm10,37.0,2019-07-14T07:30:00+00:00
6984,13.029152,77.585901,pm10,37.0,2019-07-14T07:45:00+00:00
6984,13.029152,77.585901,pm10,37.0,2019-07-14T08:00:00+00:00
6984,13.029152,77.585901,pm10,39.0,2019-07-14T08:15:00+00:00
6984,13.029152,77.585901,pm10,39.0,2019-07-14T08:30:00+00:00
6984,13.029152,77.585901,pm10,39.0,2019-07-14T08:45:00+00:00
6984,13.029152,77.585901,pm10,39.0,2019-07-14T09:00:00+00:00
6984,13.029152,77.585901,pm10,30.0,2019-07-14T09:15:00+00:00
6984,13.029152,77.585901,pm10,30.0,2019-07-14T09:30:00+00:00
6984,13.029152,77.585901,pm10,30.0,2019-07-14T09:45:00+00:00
6984,13.029152,77.585901,pm10,30.0,2019-07-14T10:00:00+00:00
6984,13.029152,77.585901,pm10,35.0,2019-07-14T10:15:00+00:00
6984,13.029152,77.585901,pm10,35.0,2019-07-14T10:30:00+00:00
6984,13.029152,77.585901,pm10,35.0,2019-07-14T10:45:00+00:00
6984,13.029152,77.585901,pm10,35.0,2019-07-14T11:00:00+00:00
6984,13.029152,77.585901,pm10,38.0,2019-07-14T11:15:00+00:00
6984,13.029152,77.585901,pm10,38.0,2019-07-14T11:30:00+00:00
6984,13.029152,77.585901,pm10,38.0,2019-07-14T11:45:00+00:00
6984,13.029152,77.585901,pm10,38.0,2019-07-14T12:00:00+00:00
6984,13.029152,77.585901,pm10,40.0,2019-07-14T12:15:00+00:00
6984,13.029152,77.585901,pm10,40.0,2019-07-14T12:30:00+00:00
6984,13.029152,77.585901,pm10,40.0,2019-07-14T12:45:00+00:00
6984,13.029152,77.585901,pm10,40.0,2019-07-14T13:00:00+00:00
6984,13.029152,77.585901,pm10,46.0,2019-07-14T13:15:00+00:00
6984,13.029152,77.585901,pm10,46.0,2019-07-14T13:30:00+00:00
6984,13.029152,77.585901,pm10,46.0,2019-07-14T13:45:00+00:00
6984,13.029152,77.585901,pm10,46.0,2019-07-14T14:00:00+00:00
6984,13.029152,77.585901,pm10,31.0,2019-07-14T14:15:00+00:00
6984,13.029152,77.585901,pm10,31.0,2019-07-14T14:30:00+00:00
6984,13.029152,77.585901,pm10,31.0,2019-07-14T14:45:00+00:00
6984,13.029152,77.585901,pm10,31.0,2019-07-14T15:00:00+00:00
6984,13.029152,77.585901,pm10,16.0,2019-07-14T15:15:00+00:00
6984,13.029152,77.585901,pm10,16.0,2019-07-14T15:30:00+00:00
6984,13.029152,77.585901,pm10,16.0,2019-07-14T15:45:00+00:00
6984,13.029152,77.585901,pm10,16.0,2019-07-14T16:00:00+00:00
6984,13.029152,77.585901,pm10,20.0,2019-07-14T16:15:00+00:00
6984,13.029152,77.585901,pm10,20.0,2019-07-14T16:30:00+00:00
6984,13.029152,77.585901,pm10,20.0,2019-07-14T16:45:00+00:00
6984,13.029152,77.585901,pm10,20.0,2019-07-14T17:00:00+00:00
6984,13.029152,77.585901,pm10,19.0,2019-07-14T17:15:00+00:00
6984,13.029152,77.585901,pm10,19.0,2019-07-14T17:30:00+00:00
6984,13.029152,77.585901,pm10,19.0,2019-07-14T17:45:00+00:00
6984,13.029152,77.585901,pm10,19.0,2019-07-14T18:00:00+00:00
6984,13.029152,77.585901,pm10,19.0,2019-07-14T18:15:00+00:00
6984,13.029152,77.585901,pm10,19.0,2019-07-14T18:30:00+00:00
6984,13.029152,77.585901,pm25,16.0,2019-07-13T18:45:00+00:00
6984,13.029152,77.585901,pm25,16.0,2019-07-13T19:00:00+00:00
6984,13.029152,77.585901,pm25,11.0,2019-07-13T19:15:00+00:00
6984,13.029152,77.585901,pm25,11.0,2019-07-13T19:30:00+00:00
6984,13.029152,77.585901,pm25,11.0,2019-07-13T19:45:00+00:00
6984,13.029152,77.585901,pm25,11.0,2019-07-13T20:00:00+00:00
6984,13.029152,77.585901,pm25,7.0,2019-07-13T20:15:00+00:00
6984,13.029152,77.585901,pm25,7.0,2019-07-13T20:30:00+00:00
6984,13.029152,77.585901,pm25,7.0,2019-07-13T21:00:00+00:00
6984,13.029152,77.585901,pm25,9.0,2019-07-13T21:15:00+00:00
6984,13.029152,77.585901,pm25,9.0,2019-07-13T21:30:00+00:00
6984,13.029152,77.585901,pm25,9.0,2019-07-13T21:45:00+00:00
6984,13.029152,77.585901,pm25,9.0,2019-07-13T22:00:00+00:00
6984,13.029152,77.585901,pm25,14.0,2019-07-13T22:15:00+00:00
6984,13.029152,77.585901,pm25,14.0,2019-07-13T22:30:00+00:00
6984,13.029152,77.585901,pm25,14.0,2019-07-13T22:45:00+00:00
6984,13.029152,77.585901,pm25,14.0,2019-07-13T23:00:00+00:00
6984,13.029152,77.585901,pm25,9.0,2019-07-13T23:15:00+00:00
6984,13.029152,77.585901,pm25,9.0,2019-07-13T23:30:00+00:00
6984,13.029152,77.585901,pm25,9.0,2019-07-13T23:45:00+00:00
6984,13.029152,77.585901,pm25,9.0,2019-07-14T00:00:00+00:00
6984,13.029152,77.585901,pm25,7.0,2019-07-14T00:15:00+00:00
6984,13.029152,77.585901,pm25,7.0,2019-07-14T00:30:00+00:00
6984,13.029152,77.585901,pm25,7.0,2019-07-14T00:45:00+00:00
6984,13.029152,77.585901,pm25,7.0,2019-07-14T01:00:00+00:00
6984,13.029152,77.585901,pm25,9.0,2019-07-14T01:15:00+00:00
6984,13.029152,77.585901,pm25,9.0,2019-07-14T01:30:00+00:00
6984,13.029152,77.585901,pm25,9.0,2019-07-14T01:45:00+00:00
6984,13.029152,77.585901,pm25,9.0,2019-07-14T02:00:00+00:00
6984,13.029152,77.585901,pm25,13.0,2019-07-14T02:15:00+00:00
6984,13.029152,77.585901,pm25,13.0,2019-07-14T02:30:00+00:00
6984,13.029152,77.585901,pm25,13.0,2019-07-14T02:45:00+00:00
6984,13.029152,77.585901,pm25,13.0,2019-07-14T03:00:00+00:00
6984,13.029152,77.585901,pm25,19.0,2019-07-14T03:15:00+00:00
6984,13.029152,77.585901,pm25,19.0,2019-07-14T03:30:00+00:00
6984,13.029152,77.585901,pm25,19.0,2019-07-14T03:45:00+00:00
6984,13.029152,77.585901,pm25,15.0,2019-07-14T04:45:00+00:00
6984,13.029152,77.585901,pm25,15.0,2019-07-14T05:00:00+00:00
6984,13.029152,77.585901,pm25,16.0,2019-07-14T05:15:00+00:00
6984,13.029152,77.585901,pm25,16.0,2019-07-14T05:30:00+00:00
6984,13.029152,77.585901,pm25,16.0,2019-07-14T05:45:00+00:00
6984,13.029152,77.585901,pm25,16.0,2019-07-14T06:00:00+00:00
6984,13.029152,77.585901,pm25,13.0,2019-07-14T06:15:00+00:00
6984,13.029152,77.585901,pm25,13.0,2019-07-14T06:30:00+00:00
6984,13.029152,77.585901,pm25,13.0,2019-07-14T06:45:00+00:00
6984,13.029152,77.585901,pm25,13.0,2019-07-14T07:00:00+00:00
6984,13.029152,77.585901,pm25,12.0,2019-07-14T07:15:00+00:00
6984,13.029152,77.585901,pm25,12.0,2019-07-14T07:30:00+00:00
6984,13.029152,77.585901,pm25,12.0,2019-07-14T07:45:00+00:00
6984,13.029152,77.585901,pm25,12.0,2019-07-14T08:00:00+00:00
6984,13.029152,77.585901,pm25,13.0,2019-07-14T08:15:00+00:00
6984,13.029152,77.585901,pm25,13.0,2019-07-14T08:30:00+00:00
6984,13.029152,77.585901,pm25,13.0,2019-07-14T08:45:00+00:00
6984,13.029152,77.585901,pm25,13.0,2019-07-14T09:00:00+00:00
6984,13.029152,77.585901,pm25,20.0,2019-07-14T09:15:00+00:00
6984,13.029152,77.585901,pm25,20.0,2019-07-14T09:30:00+00:00
6984,13.029152,77.585901,pm25,20.0,2019-07-14T09:45:00+00:00
6984,13.029152,77.585901,pm25,20.0,2019-07-14T10:00:00+00:00
6984,13.029152,77.585901,pm25,12.0,2019-07-14T10:15:00+00:00
6984,13.029152,77.585901,pm25,12.0,2019-07-14T10:30:00+00:00
6984,13.029152,77.585901,pm25,12.0,2019-07-14T10:45:00+00:00
6984,13.029152,77.585901,pm25,12.0,2019-07-14T11:00:00+00:00
6984,13.029152,77.585901,pm25,14.0,2019-07-14T11:15:00+00:00
6984,13.029152,77.585901,pm25,14.0,2019-07-14T11:30:00+00:00
6984,13.029152,77.585901,pm25,14.0,2019-07-14T11:45:00+00:00
6984,13.029152,77.585901,pm25,14.0,2019-07-14T12:00:00+00:00
6984,13.029152,77.585901,pm25,13.0,2019-07-14T12:15:00+00:00
6984,13.029152,77.585901,pm25,13.0,2019-07-14T12:30:00+00:00
6984,13.029152,77.585901,pm25,13.0,2019-07-14T12:45:00+00:00
6984,13.029152,77.585901,pm25,13.0,2019-07-14T13:00:00+00:00
6984,13.029152,77.585901,pm25,26.0,2019-07-14T13:15:00+00:00
6984,13.029152,77.585901,pm25,26.0,2019-07-14T13:30:00+00:00
6984,13.029152,77.585901,pm25,26.0,2019-07-14T13:45:00+00:00
6984,13.029152,77.585901,pm25,26.0,2019-07-14T14:00:00+00:00
6984,13.029152,77.585901,pm25,10.0,2019-07-14T14:15:00+00:00
6984,13.029152,77.585901,pm25,10.0,2019-07-14T14:30:00+00:00
6984,13.029152,77.585901,pm25,10.0,2019-07-14T14:45:00+00:00
6984,13.029152,77.585901,pm25,10.0,2019-07-14T15:00:00+00:00
6984,13.029152,77.585901,pm25,10.0,2019-07-14T15:15:00+00:00
6984,13.029152,77.585901,pm25,10.0,2019-07-14T15:30:00+00:00
6984,13.029152,77.585901,pm25,10.0,2019-07-14T15:45:00+00:00
6984,13.029152,77.585901,pm25,10.0,2019-07-14T16:00:00+00:00
6984,13.029152,77.585901,pm25,10.0,2019-07-14T16:15:00+00:00
6984,13.029152,77.585901,pm25,10.0,2019-07-14T16:30:00+00:00
6984,13.029152,77.585901,pm25,10.0,2019-07-14T16:45:00+00:00
6984,13.029152,77.585901,pm25,10.0,2019-07-14T17:00:00+00:00
6984,13.029152,77.585901,pm25,8.0,2019-07-14T17:15:00+00:00
6984,13.029152,77.585901,pm25,8.0,2019-07-14T17:30:00+00:00
6984,13.029152,77.585901,pm25,8.0,2019-07-14T17:45:00+00:00
6984,13.029152,77.585901,pm25,8.0,2019-07-14T18:00:00+00:00
6984,13.029152,77.585901,pm25,9.0,2019-07-14T18:15:00+00:00
6984,13.029152,77.585901,pm25,9.0,2019-07-14T18:30:00+00:00
6984,13.029152,77.585901,co,1.31,2019-07-13T18:45:00+00:00
6984,13.029152,77.585901,co,1.35,2019-07-13T19:00:00+00:00
6984,13.029152,77.585901,co,1.36,2019-07-13T19:15:00+00:00
6984,13.029152,77.585901,co,1.29,2019-07-13T19:30:00+00:00
6984,13.029152,77.585901,co,1.2,2019-07-13T19:45:00+00:00
6984,13.029152,77.585901,co,1.27,2019-07-13T20:00:00+00:00
6984,13.029152,77.585901,co,1.24,2019-07-13T20:15:00+00:00
6984,13.029152,77.585901,co,1.35,2019-07-13T20:30:00+00:00
6984,13.029152,77.585901,co,1.26,2019-07-13T21:00:00+00:00
6984,13.029152,77.585901,co,1.27,2019-07-13T21:15:00+00:00
6984,13.029152,77.585901,co,1.32,2019-07-13T21:30:00+00:00
6984,13.029152,77.585901,co,1.19,2019-07-13T21:45:00+00:00
6984,13.029152,77.585901,co,1.18,2019-07-13T22:00:00+00:00
6984,13.029152,77.585901,co,1.19,2019-07-13T22:15:00+00:00
6984,13.029152,77.585901,co,1.2,2019-07-13T22:30:00+00:00
6984,13.029152,77.585901,co,1.27,2019-07-13T23:30:00+00:00
6984,13.029152,77.585901,co,1.17,2019-07-13T23:45:00+00:00
6984,13.029152,77.585901,co,1.28,2019-07-14T00:00:00+00:00
6984,13.029152,77.585901,co,1.33,2019-07-14T00:15:00+00:00
6984,13.029152,77.585901,co,1.35,2019-07-14T00:30:00+00:00
6984,13.029152,77.585901,co,1.31,2019-07-14T00:45:00+00:00
6984,13.029152,77.585901,co,1.23,2019-07-14T01:00:00+00:00
6984,13.029152,77.585901,co,1.36,2019-07-14T01:15:00+00:00
6984,13.029152,77.585901,co,1.37,2019-07-14T01:30:00+00:00
6984,13.029152,77.585901,co,1.23,2019-07-14T01:45:00+00:00
6984,13.029152,77.585901,co,1.49,2019-07-14T02:00:00+00:00
6984,13.029152,77.585901,co,1.49,2019-07-14T02:15:00+00:00
6984,13.029152,77.585901,co,1.49,2019-07-14T02:30:00+00:00
6984,13.029152,77.585901,co,1.49,2019-07-14T02:45:00+00:00
6984,13.029152,77.585901,co,1.47,2019-07-14T03:00:00+00:00
6984,13.029152,77.585901,co,1.45,2019-07-14T03:15:00+00:00
6984,13.029152,77.585901,co,1.42,2019-07-14T03:30:00+00:00
6984,13.029152,77.585901,co,1.44,2019-07-14T03:45:00+00:00
6984,13.029152,77.585901,co,1.53,2019-07-14T04:45:00+00:00
6984,13.029152,77.585901,co,1.58,2019-07-14T05:00:00+00:00
6984,13.029152,77.585901,co,1.45,2019-07-14T05:15:00+00:00
6984,13.029152,77.585901,co,1.48,2019-07-14T05:30:00+00:00
6984,13.029152,77.585901,co,1.41,2019-07-14T05:45:00+00:00
6984,13.029152,77.585901,co,1.39,2019-07-14T06:00:00+00:00
6984,13.029152,77.585901,co,1.35,2019-07-14T06:15:00+00:00
6984,13.029152,77.585901,co,1.28,2019-07-14T06:30:00+00:00
6984,13.029152,77.585901,co,1.2,2019-07-14T06:45:00+00:00
6984,13.029152,77.585901,co,1.25,2019-07-14T07:00:00+00:00
6984,13.029152,77.585901,co,1.25,2019-07-14T07:15:00+00:00
6984,13.029152,77.585901,co,1.2,2019-07-14T07:30:00+00:00
6984,13.029152,77.585901,co,1.27,2019-07-14T07:45:00+00:00
6984,13.029152,77.585901,co,1.29,2019-07-14T08:00:00+00:00
6984,13.029152,77.585901,co,1.27,2019-07-14T08:15:00+00:00
6984,13.029152,77.585901,co,1.24,2019-07-14T08:30:00+00:00
6984,13.029152,77.585901,co,1.29,2019-07-14T08:45:00+00:00
6984,13.029152,77.585901,co,1.31,2019-07-14T09:00:00+00:00
6984,13.029152,77.585901,co,1.26,2019-07-14T09:15:00+00:00
6984,13.029152,77.585901,co,1.2,2019-07-14T09:30:00+00:00
6984,13.029152,77.585901,co,1.27,2019-07-14T09:45:00+00:00
6984,13.029152,77.585901,co,1.24,2019-07-14T10:00:00+00:00
6984,13.029152,77.585901,co,1.33,2019-07-14T10:15:00+00:00
6984,13.029152,77.585901,co,1.21,2019-07-14T10:30:00+00:00
6984,13.029152,77.585901,co,1.28,2019-07-14T10:45:00+00:00
6984,13.029152,77.585901,co,1.28,2019-07-14T11:00:00+00:00
6984,13.029152,77.585901,co,1.24,2019-07-14T11:15:00+00:00
6984,13.029152,77.585901,co,1.31,2019-07-14T11:30:00+00:00
6984,13.029152,77.585901,co,1.43,2019-07-14T11:45:00+00:00
6984,13.029152,77.585901,co,1.44,2019-07-14T12:00:00+00:00
6984,13.029152,77.585901,co,1.5,2019-07-14T12:15:00+00:00
6984,13.029152,77.585901,co,1.63,2019-07-14T12:30:00+00:00
6984,13.029152,77.585901,co,1.96,2019-07-14T12:45:00+00:00
6984,13.029152,77.585901,co,2.0,2019-07-14T13:00:00+00:00
6984,13.029152,77.585901,co,1.94,2019-07-14T13:15:00+00:00
6984,13.029152,77.585901,co,1.8,2019-07-14T13:30:00+00:00
6984,13.029152,77.585901,co,1.76,2019-07-14T13:45:00+00:00
6984,13.029152,77.585901,co,1.89,2019-07-14T14:00:00+00:00
6984,13.029152,77.585901,co,1.85,2019-07-14T14:15:00+00:00
6984,13.029152,77.585901,co,1.76,2019-07-14T14:30:00+00:00
6984,13.029152,77.585901,co,1.77,2019-07-14T14:45:00+00:00
6984,13.029152,77.585901,co,1.83,2019-07-14T15:00:00+00:00
6984,13.029152,77.585901,co,1.87,2019-07-14T15:15:00+00:00
6984,13.029152,77.585901,co,1.89,2019-07-14T15:30:00+00:00
6984,13.029152,77.585901,co,1.83,2019-07-14T15:45:00+00:00
6984,13.029152,77.585901,co,1.8,2019-07-14T16:00:00+00:00
6984,13.029152,77.585901,co,1.75,2019-07-14T16:15:00+00:00
6984,13.029152,77.585901,co,1.85,2019-07-14T16:30:00+00:00
6984,13.029152,77.585901,co,1.79,2019-07-14T16:45:00+00:00
6984,13.029152,77.585901,co,1.84,2019-07-14T17:00:00+00:00
6984,13.029152,77.585901,co,1.85,2019-07-14T17:15:00+00:00
6984,13.029152,77.585901,co,1.75,2019-07-14T17:30:00+00:00
6984,13.029152,77.585901,co,1.71,2019-07-14T17:45:00+00:00
6984,13.029152,77.585901,co,1.72,2019-07-14T18:00:00+00:00
6984,13.029152,77.585901,co,1.4,2019-07-14T18:30:00+00:00
6984,13.029152,77.585901,no2,8.6,2019-07-13T18:45:00+00:00
6984,13.029152,77.585901,no2,7.4,2019-07-13T19:00:00+00:00
6984,13.029152,77.585901,no2,7.7,2019-07-13T19:15:00+00:00
6984,13.029152,77.585901,no2,7.3,2019-07-13T19:30:00+00:00
6984,13.029152,77.585901,no2,6.4,2019-07-13T19:45:00+00:00
6984,13.029152,77.585901,no2,5.5,2019-07-13T20:00:00+00:00
6984,13.029152,77.585901,no2,4.3,2019-07-13T20:15:00+00:00
6984,13.029152,77.585901,no2,3.4,2019-07-13T20:30:00+00:00
6984,13.029152,77.585901,no2,3.0,2019-07-13T21:00:00+00:00
6984,13.029152,77.585901,no2,3.3,2019-07-13T21:15:00+00:00
6984,13.029152,77.585901,no2,3.4,2019-07-13T21:30:00+00:00
6984,13.029152,77.585901,no2,3.2,2019-07-13T21:45:00+00:00
6984,13.029152,77.585901,no2,3.1,2019-07-13T22:00:00+00:00
6984,13.029152,77.585901,no2,2.8,2019-07-13T22:15:00+00:00
6984,13.029152,77.585901,no2,2.3,2019-07-13T22:30:00+00:00
6984,13.029152,77.585901,no2,2.3,2019-07-13T22:45:00+00:00
6984,13.029152,77.585901,no2,2.3,2019-07-13T23:00:00+00:00
6984,13.029152,77.585901,no2,2.6,2019-07-13T23:15:00+00:00
6984,13.029152,77.585901,no2,2.9,2019-07-13T23:30:00+00:00
6984,13.029152,77.585901,no2,5.2,2019-07-14T00:30:00+00:00
6984,13.029152,77.585901,no2,6.1,2019-07-14T00:45:00+00:00
6984,13.029152,77.585901,no2,6.1,2019-07-14T01:00:00+00:00
6984,13.029152,77.585901,no2,6.3,2019-07-14T01:15:00+00:00
6984,13.029152,77.585901,no2,7.4,2019-07-14T01:30:00+00:00
6984,13.029152,77.585901,no2,7.5,2019-07-14T01:45:00+00:00
6984,13.029152,77.585901,no2,7.9,2019-07-14T02:00:00+00:00
6984,13.029152,77.585901,no2,8.0,2019-07-14T02:15:00+00:00
6984,13.029152,77.585901,no2,7.9,2019-07-14T02:30:00+00:00
6984,13.029152,77.585901,no2,8.0,2019-07-14T02:45:00+00:00
6984,13.029152,77.585901,no2,8.0,2019-07-14T03:00:00+00:00
6984,13.029152,77.585901,no2,8.1,2019-07-14T03:15:00+00:00
6984,13.029152,77.585901,no2,8.6,2019-07-14T03:30:00+00:00
6984,13.029152,77.585901,no2,8.0,2019-07-14T03:45:00+00:00
6984,13.029152,77.585901,no2,7.0,2019-07-14T04:45:00+00:00
6984,13.029152,77.585901,no2,7.3,2019-07-14T05:00:00+00:00
6984,13.029152,77.585901,no2,7.3,2019-07-14T05:15:00+00:00
6984,13.029152,77.585901,no2,7.3,2019-07-14T05:30:00+00:00
6984,13.029152,77.585901,no2,6.7,2019-07-14T05:45:00+00:00
6984,13.029152,77.585901,no2,6.0,2019-07-14T06:00:00+00:00
6984,13.029152,77.585901,no2,6.0,2019-07-14T06:15:00+00:00
6984,13.029152,77.585901,no2,5.6,2019-07-14T06:30:00+00:00
6984,13.029152,77.585901,no2,5.1,2019-07-14T06:45:00+00:00
6984,13.029152,77.585901,no2,5.0,2019-07-14T07:00:00+00:00
6984,13.029152,77.585901,no2,5.1,2019-07-14T07:15:00+00:00
6984,13.029152,77.585901,no2,5.4,2019-07-14T07:30:00+00:00
6984,13.029152,77.585901,no2,5.5,2019-07-14T07:45:00+00:00
6984,13.029152,77.585901,no2,5.4,2019-07-14T08:00:00+00:00
6984,13.029152,77.585901,no2,5.5,2019-07-14T08:15:00+00:00
6984,13.029152,77.585901,no2,5.2,2019-07-14T08:30:00+00:00
6984,13.029152,77.585901,no2,4.7,2019-07-14T08:45:00+00:00
6984,13.029152,77.585901,no2,5.0,2019-07-14T09:00:00+00:00
6984,13.029152,77.585901,no2,5.0,2019-07-14T09:15:00+00:00
6984,13.029152,77.585901,no2,4.7,2019-07-14T09:30:00+00:00
6984,13.029152,77.585901,no2,5.4,2019-07-14T09:45:00+00:00
6984,13.029152,77.585901,no2,5.0,2019-07-14T10:00:00+00:00
6984,13.029152,77.585901,no2,5.0,2019-07-14T10:15:00+00:00
6984,13.029152,77.585901,no2,5.4,2019-07-14T10:30:00+00:00
6984,13.029152,77.585901,no2,5.7,2019-07-14T10:45:00+00:00
6984,13.029152,77.585901,no2,5.5,2019-07-14T11:00:00+00:00
6984,13.029152,77.585901,no2,5.4,2019-07-14T11:15:00+00:00
6984,13.029152,77.585901,no2,5.8,2019-07-14T11:30:00+00:00
6984,13.029152,77.585901,no2,8.0,2019-07-14T11:45:00+00:00
6984,13.029152,77.585901,no2,9.5,2019-07-14T12:00:00+00:00
6984,13.029152,77.585901,no2,10.4,2019-07-14T12:15:00+00:00
6984,13.029152,77.585901,no2,11.8,2019-07-14T12:30:00+00:00
6984,13.029152,77.585901,no2,12.9,2019-07-14T12:45:00+00:00
6984,13.029152,77.585901,no2,15.0,2019-07-14T13:00:00+00:00
6984,13.029152,77.585901,no2,16.7,2019-07-14T13:15:00+00:00
6984,13.029152,77.585901,no2,13.0,2019-07-14T13:30:00+00:00
6984,13.029152,77.585901,no2,10.2,2019-07-14T13:45:00+00:00
6984,13.029152,77.585901,no2,10.2,2019-07-14T14:00:00+00:00
6984,13.029152,77.585901,no2,11.6,2019-07-14T14:15:00+00:00
6984,13.029152,77.585901,no2,12.7,2019-07-14T14:30:00+00:00
6984,13.029152,77.585901,no2,11.5,2019-07-14T14:45:00+00:00
6984,13.029152,77.585901,no2,12.0,2019-07-14T15:00:00+00:00
6984,13.029152,77.585901,no2,12.2,2019-07-14T15:15:00+00:00
6984,13.029152,77.585901,no2,13.0,2019-07-14T15:30:00+00:00
6984,13.029152,77.585901,no2,13.0,2019-07-14T15:45:00+00:00
6984,13.029152,77.585901,no2,12.4,2019-07-14T16:00:00+00:00
6984,13.029152,77.585901,no2,12.0,2019-07-14T16:15:00+00:00
6984,13.029152,77.585901,no2,11.8,2019-07-14T16:30:00+00:00
6984,13.029152,77.585901,no2,12.2,2019-07-14T16:45:00+00:00
6984,13.029152,77.585901,no2,12.3,2019-07-14T17:00:00+00:00
6984,13.029152,77.585901,no2,12.2,2019-07-14T17:15:00+00:00
6984,13.029152,77.585901,no2,12.2,2019-07-14T17:30:00+00:00
6984,13.029152,77.585901,no2,11.2,2019-07-14T17:45:00+00:00
6984,13.029152,77.585901,no2,10.1,2019-07-14T18:00:00+00:00
6984,13.029152,77.585901,no2,9.4,2019-07-14T18:15:00+00:00
6984,13.029152,77.585901,no2,8.4,2019-07-14T18:30:00+00:00
6984,13.029152,77.585901,so2,0.3,2019-07-13T19:00:00+00:00
6984,13.029152,77.585901,so2,1.4,2019-07-13T19:15:00+00:00
6984,13.029152,77.585901,so2,3.0,2019-07-13T19:30:00+00:00
6984,13.029152,77.585901,so2,4.2,2019-07-13T19:45:00+00:00
6984,13.029152,77.585901,so2,3.3,2019-07-13T20:00:00+00:00
6984,13.029152,77.585901,so2,2.5,2019-07-13T20:15:00+00:00
6984,13.029152,77.585901,so2,3.0,2019-07-13T20:30:00+00:00
6984,13.029152,77.585901,so2,4.2,2019-07-13T21:00:00+00:00
6984,13.029152,77.585901,so2,4.5,2019-07-13T21:15:00+00:00
6984,13.029152,77.585901,so2,3.6,2019-07-13T21:30:00+00:00
6984,13.029152,77.585901,so2,3.4,2019-07-13T21:45:00+00:00
6984,13.029152,77.585901,so2,2.6,2019-07-13T22:00:00+00:00
6984,13.029152,77.585901,so2,0.8,2019-07-13T22:15:00+00:00
6984,13.029152,77.585901,so2,1.1,2019-07-13T22:30:00+00:00
6984,13.029152,77.585901,so2,2.3,2019-07-13T23:15:00+00:00
6984,13.029152,77.585901,so2,2.0,2019-07-13T23:30:00+00:00
6984,13.029152,77.585901,so2,0.3,2019-07-13T23:45:00+00:00
6984,13.029152,77.585901,so2,0.7,2019-07-14T00:00:00+00:00
6984,13.029152,77.585901,so2,2.1,2019-07-14T00:15:00+00:00
6984,13.029152,77.585901,so2,3.1,2019-07-14T00:30:00+00:00
6984,13.029152,77.585901,so2,13.3,2019-07-14T01:30:00+00:00
6984,13.029152,77.585901,so2,5.8,2019-07-14T01:45:00+00:00
6984,13.029152,77.585901,so2,4.2,2019-07-14T02:00:00+00:00
6984,13.029152,77.585901,so2,4.2,2019-07-14T02:15:00+00:00
6984,13.029152,77.585901,so2,2.1,2019-07-14T02:30:00+00:00
6984,13.029152,77.585901,so2,2.4,2019-07-14T04:45:00+00:00
6984,13.029152,77.585901,so2,1.4,2019-07-14T05:00:00+00:00
6984,13.029152,77.585901,so2,1.1,2019-07-14T05:15:00+00:00
6984,13.029152,77.585901,so2,3.4,2019-07-14T05:30:00+00:00
6984,13.029152,77.585901,so2,3.8,2019-07-14T05:45:00+00:00
6984,13.029152,77.585901,so2,4.0,2019-07-14T06:00:00+00:00
6984,13.029152,77.585901,so2,3.2,2019-07-14T06:15:00+00:00
6984,13.029152,77.585901,so2,3.3,2019-07-14T06:30:00+00:00
6984,13.029152,77.585901,so2,2.8,2019-07-14T06:45:00+00:00
6984,13.029152,77.585901,so2,2.3,2019-07-14T07:00:00+00:00
6984,13.029152,77.585901,so2,3.4,2019-07-14T07:15:00+00:00
6984,13.029152,77.585901,so2,4.1,2019-07-14T07:30:00+00:00
6984,13.029152,77.585901,so2,3.5,2019-07-14T07:45:00+00:00
6984,13.029152,77.585901,so2,3.1,2019-07-14T08:00:00+00:00
6984,13.029152,77.585901,so2,4.2,2019-07-14T08:15:00+00:00
6984,13.029152,77.585901,so2,3.4,2019-07-14T08:30:00+00:00
6984,13.029152,77.585901,so2,2.8,2019-07-14T08:45:00+00:00
6984,13.029152,77.585901,so2,2.7,2019-07-14T09:00:00+00:00
6984,13.029152,77.585901,so2,3.4,2019-07-14T09:15:00+00:00
6984,13.029152,77.585901,so2,3.2,2019-07-14T09:30:00+00:00
6984,13.029152,77.585901,so2,2.6,2019-07-14T09:45:00+00:00
6984,13.029152,77.585901,so2,2.6,2019-07-14T10:00:00+00:00
6984,13.029152,77.585901,so2,2.5,2019-07-14T10:15:00+00:00
6984,13.029152,77.585901,so2,3.2,2019-07-14T10:30:00+00:00
6984,13.029152,77.585901,so2,2.7,2019-07-14T10:45:00+00:00
6984,13.029152,77.585901,so2,2.5,2019-07-14T11:00:00+00:00
6984,13.029152,77.585901,so2,2.7,2019-07-14T11:15:00+00:00
6984,13.029152,77.585901,so2,2.5,2019-07-14T11:30:00+00:00
6984,13.029152,77.585901,so2,2.1,2019-07-14T11:45:00+00:00
6984,13.029152,77.585901,so2,3.5,2019-07-14T12:00:00+00:00
6984,13.029152,77.585901,so2,4.7,2019-07-14T12:15:00+00:00
6984,13.029152,77.585901,so2,3.5,2019-07-14T12:30:00+00:00
6984,13.029152,77.585901,so2,2.9,2019-07-14T12:45:00+00:00
6984,13.029152,77.585901,so2,4.1,2019-07-14T13:00:00+00:00
6984,13.029152,77.585901,so2,4.8,2019-07-14T13:15:00+00:00
6984,13.029152,77.585901,so2,5.2,2019-07-14T13:30:00+00:00
6984,13.029152,77.585901,so2,5.6,2019-07-14T13:45:00+00:00
6984,13.029152,77.585901,so2,5.0,2019-07-14T14:00:00+00:00
6984,13.029152,77.585901,so2,3.8,2019-07-14T14:15:00+00:00
6984,13.029152,77.585901,so2,4.4,2019-07-14T14:30:00+00:00
6984,13.029152,77.585901,so2,4.8,2019-07-14T14:45:00+00:00
6984,13.029152,77.585901,so2,4.7,2019-07-14T15:00:00+00:00
6984,13.029152,77.585901,so2,4.2,2019-07-14T15:15:00+00:00
6984,13.029152,77.585901,so2,4.8,2019-07-14T15:30:00+00:00
6984,13.029152,77.585901,so2,5.3,2019-07-14T15:45:00+00:00
6984,13.029152,77.585901,so2,5.1,2019-07-14T16:00:00+00:00
6984,13.029152,77.585901,so2,4.8,2019-07-14T16:15:00+00:00
6984,13.029152,77.585901,so2,5.1,2019-07-14T16:30:00+00:00
6984,13.029152,77.585901,so2,5.6,2019-07-14T16:45:00+00:00
6984,13.029152,77.585901,so2,5.2,2019-07-14T17:00:00+00:00
6984,13.029152,77.585901,so2,4.5,2019-07-14T17:15:00+00:00
6984,13.029152,77.585901,so2,4.8,2019-07-14T17:30:00+00:00
6984,13.029152,77.585901,so2,5.2,2019-07-14T17:45:00+00:00
6984,13.029152,77.585901,so2,5.4,2019-07-14T18:00:00+00:00
6984,13.029152,77.585901,so2,4.5,2019-07-14T18:30:00+00:00
6984,13.029152,77.585901,pm10,19.0,2019-07-14T18:45:00+00:00
6984,13.029152,77.585901,pm10,19.0,2019-07-14T19:00:00+00:00
6984,13.029152,77.585901,pm10,22.0,2019-07-14T19:15:00+00:00
6984,13.029152,77.585901,pm10,22.0,2019-07-14T19:30:00+00:00
6984,13.029152,77.585901,pm10,22.0,2019-07-14T19:45:00+00:00
6984,13.029152,77.585901,pm10,22.0,2019-07-14T20:00:00+00:00
6984,13.029152,77.585901,pm10,23.0,2019-07-14T20:15:00+00:00
6984,13.029152,77.585901,pm10,23.0,2019-07-14T20:30:00+00:00
6984,13.029152,77.585901,pm10,23.0,2019-07-14T20:45:00+00:00
6984,13.029152,77.585901,pm10,23.0,2019-07-14T21:00:00+00:00
6984,13.029152,77.585901,pm10,22.0,2019-07-14T21:15:00+00:00
6984,13.029152,77.585901,pm10,22.0,2019-07-14T21:30:00+00:00
6984,13.029152,77.585901,pm10,22.0,2019-07-14T21:45:00+00:00
6984,13.029152,77.585901,pm10,22.0,2019-07-14T22:00:00+00:00
6984,13.029152,77.585901,pm10,20.0,2019-07-14T22:15:00+00:00
6984,13.029152,77.585901,pm10,20.0,2019-07-14T22:30:00+00:00
6984,13.029152,77.585901,pm10,20.0,2019-07-14T22:45:00+00:00
6984,13.029152,77.585901,pm10,20.0,2019-07-14T23:00:00+00:00
6984,13.029152,77.585901,pm10,22.0,2019-07-14T23:15:00+00:00
6984,13.029152,77.585901,pm10,22.0,2019-07-14T23:30:00+00:00
6984,13.029152,77.585901,pm10,22.0,2019-07-14T23:45:00+00:00
6984,13.029152,77.585901,pm10,22.0,2019-07-15T00:00:00+00:00
6984,13.029152,77.585901,pm10,26.0,2019-07-15T00:15:00+00:00
6984,13.029152,77.585901,pm10,26.0,2019-07-15T00:30:00+00:00
6984,13.029152,77.585901,pm10,26.0,2019-07-15T00:45:00+00:00
6984,13.029152,77.585901,pm10,26.0,2019-07-15T01:00:00+00:00
6984,13.029152,77.585901,pm10,24.0,2019-07-15T01:15:00+00:00
6984,13.029152,77.585901,pm10,24.0,2019-07-15T01:30:00+00:00
6984,13.029152,77.585901,pm10,24.0,2019-07-15T01:45:00+00:00
6984,13.029152,77.585901,pm10,24.0,2019-07-15T02:00:00+00:00
6984,13.029152,77.585901,pm10,36.0,2019-07-15T02:15:00+00:00
6984,13.029152,77.585901,pm10,36.0,2019-07-15T02:30:00+00:00
6984,13.029152,77.585901,pm10,36.0,2019-07-15T02:45:00+00:00
6984,13.029152,77.585901,pm10,36.0,2019-07-15T03:00:00+00:00
6984,13.029152,77.585901,pm10,41.0,2019-07-15T03:15:00+00:00
6984,13.029152,77.585901,pm10,41.0,2019-07-15T03:30:00+00:00
6984,13.029152,77.585901,pm10,41.0,2019-07-15T03:45:00+00:00
6984,13.029152,77.585901,pm10,41.0,2019-07-15T04:00:00+00:00
6984,13.029152,77.585901,pm10,41.0,2019-07-15T04:15:00+00:00
6984,13.029152,77.585901,pm10,41.0,2019-07-15T04:30:00+00:00
6984,13.029152,77.585901,pm10,41.0,2019-07-15T04:45:00+00:00
6984,13.029152,77.585901,pm10,41.0,2019-07-15T05:00:00+00:00
6984,13.029152,77.585901,pm10,37.0,2019-07-15T05:15:00+00:00
6984,13.029152,77.585901,pm10,37.0,2019-07-15T05:30:00+00:00
6984,13.029152,77.585901,pm10,37.0,2019-07-15T05:45:00+00:00
6984,13.029152,77.585901,pm10,37.0,2019-07-15T06:00:00+00:00
6984,13.029152,77.585901,pm10,33.0,2019-07-15T06:15:00+00:00
6984,13.029152,77.585901,pm10,33.0,2019-07-15T06:30:00+00:00
6984,13.029152,77.585901,pm10,33.0,2019-07-15T06:45:00+00:00
6984,13.029152,77.585901,pm10,33.0,2019-07-15T07:00:00+00:00
6984,13.029152,77.585901,pm10,29.0,2019-07-15T07:15:00+00:00
6984,13.029152,77.585901,pm10,29.0,2019-07-15T07:30:00+00:00
6984,13.029152,77.585901,pm10,29.0,2019-07-15T07:45:00+00:00
6984,13.029152,77.585901,pm10,29.0,2019-07-15T08:00:00+00:00
6984,13.029152,77.585901,pm10,28.0,2019-07-15T08:15:00+00:00
6984,13.029152,77.585901,pm10,28.0,2019-07-15T08:30:00+00:00
6984,13.029152,77.585901,pm10,28.0,2019-07-15T08:45:00+00:00
6984,13.029152,77.585901,pm10,28.0,2019-07-15T09:00:00+00:00
6984,13.029152,77.585901,pm10,30.0,2019-07-15T09:15:00+00:00
6984,13.029152,77.585901,pm10,30.0,2019-07-15T09:30:00+00:00
6984,13.029152,77.585901,pm10,30.0,2019-07-15T09:45:00+00:00
6984,13.029152,77.585901,pm10,30.0,2019-07-15T10:00:00+00:00
6984,13.029152,77.585901,pm10,29.0,2019-07-15T10:15:00+00:00
6984,13.029152,77.585901,pm10,29.0,2019-07-15T10:30:00+00:00
6984,13.029152,77.585901,pm10,29.0,2019-07-15T10:45:00+00:00
6984,13.029152,77.585901,pm10,29.0,2019-07-15T11:00:00+00:00
6984,13.029152,77.585901,pm10,37.0,2019-07-15T11:15:00+00:00
6984,13.029152,77.585901,pm10,37.0,2019-07-15T11:30:00+00:00
6984,13.029152,77.585901,pm10,37.0,2019-07-15T11:45:00+00:00
6984,13.029152,77.585901,pm10,37.0,2019-07-15T12:00:00+00:00
6984,13.029152,77.585901,pm10,35.0,2019-07-15T12:15:00+00:00
6984,13.029152,77.585901,pm10,35.0,2019-07-15T12:30:00+00:00
6984,13.029152,77.585901,pm10,35.0,2019-07-15T12:45:00+00:00
6984,13.029152,77.585901,pm10,35.0,2019-07-15T13:00:00+00:00
6984,13.029152,77.585901,pm10,30.0,2019-07-15T13:15:00+00:00
6984,13.029152,77.585901,pm10,30.0,2019-07-15T13:30:00+00:00
6984,13.029152,77.585901,pm10,30.0,2019-07-15T13:45:00+00:00
6984,13.029152,77.585901,pm10,30.0,2019-07-15T14:00:00+00:00
6984,13.029152,77.585901,pm10,37.0,2019-07-15T14:15:00+00:00
6984,13.029152,77.585901,pm10,37.0,2019-07-15T14:45:00+00:00
6984,13.029152,77.585901,pm10,37.0,2019-07-15T15:00:00+00:00
6984,13.029152,77.585901,pm10,21.0,2019-07-15T15:15:00+00:00
6984,13.029152,77.585901,pm10,21.0,2019-07-15T15:30:00+00:00
6984,13.029152,77.585901,pm10,21.0,2019-07-15T15:45:00+00:00
6984,13.029152,77.585901,pm10,21.0,2019-07-15T16:00:00+00:00
6984,13.029152,77.585901,pm10,22.0,2019-07-15T16:15:00+00:00
6984,13.029152,77.585901,pm10,22.0,2019-07-15T16:30:00+00:00
6984,13.029152,77.585901,pm10,22.0,2019-07-15T16:45:00+00:00
6984,13.029152,77.585901,pm10,22.0,2019-07-15T17:00:00+00:00
6984,13.029152,77.585901,pm10,25.0,2019-07-15T17:15:00+00:00
6984,13.029152,77.585901,pm10,25.0,2019-07-15T17:30:00+00:00
6984,13.029152,77.585901,pm10,25.0,2019-07-15T17:45:00+00:00
6984,13.029152,77.585901,pm10,25.0,2019-07-15T18:00:00+00:00
6984,13.029152,77.585901,pm10,20.0,2019-07-15T18:15:00+00:00
6984,13.029152,77.585901,pm10,20.0,2019-07-15T18:30:00+00:00
6984,13.029152,77.585901,pm25,9.0,2019-07-14T18:45:00+00:00
6984,13.029152,77.585901,pm25,9.0,2019-07-14T19:00:00+00:00
6984,13.029152,77.585901,pm25,9.0,2019-07-14T19:15:00+00:00
6984,13.029152,77.585901,pm25,9.0,2019-07-14T19:30:00+00:00
6984,13.029152,77.585901,pm25,9.0,2019-07-14T19:45:00+00:00
6984,13.029152,77.585901,pm25,9.0,2019-07-14T20:00:00+00:00
6984,13.029152,77.585901,pm25,12.0,2019-07-14T20:15:00+00:00
6984,13.029152,77.585901,pm25,12.0,2019-07-14T20:30:00+00:00
6984,13.029152,77.585901,pm25,12.0,2019-07-14T20:45:00+00:00
6984,13.029152,77.585901,pm25,12.0,2019-07-14T21:00:00+00:00
6984,13.029152,77.585901,pm25,10.0,2019-07-14T21:15:00+00:00
6984,13.029152,77.585901,pm25,10.0,2019-07-14T21:30:00+00:00
6984,13.029152,77.585901,pm25,10.0,2019-07-14T21:45:00+00:00
6984,13.029152,77.585901,pm25,10.0,2019-07-14T22:00:00+00:00
6984,13.029152,77.585901,pm25,7.0,2019-07-14T22:15:00+00:00
6984,13.029152,77.585901,pm25,7.0,2019-07-14T22:30:00+00:00
6984,13.029152,77.585901,pm25,7.0,2019-07-14T22:45:00+00:00
6984,13.029152,77.585901,pm25,7.0,2019-07-14T23:00:00+00:00
6984,13.029152,77.585901,pm25,9.0,2019-07-14T23:15:00+00:00
6984,13.029152,77.585901,pm25,9.0,2019-07-14T23:30:00+00:00
6984,13.029152,77.585901,pm25,9.0,2019-07-14T23:45:00+00:00
6984,13.029152,77.585901,pm25,9.0,2019-07-15T00:00:00+00:00
6984,13.029152,77.585901,pm25,7.0,2019-07-15T00:15:00+00:00
6984,13.029152,77.585901,pm25,7.0,2019-07-15T00:30:00+00:00
6984,13.029152,77.585901,pm25,7.0,2019-07-15T00:45:00+00:00
6984,13.029152,77.585901,pm25,7.0,2019-07-15T01:00:00+00:00
6984,13.029152,77.585901,pm25,10.0,2019-07-15T01:15:00+00:00
6984,13.029152,77.585901,pm25,10.0,2019-07-15T01:30:00+00:00
6984,13.029152,77.585901,pm25,10.0,2019-07-15T01:45:00+00:00
6984,13.029152,77.585901,pm25,10.0,2019-07-15T02:00:00+00:00
6984,13.029152,77.585901,pm25,21.0,2019-07-15T02:15:00+00:00
6984,13.029152,77.585901,pm25,21.0,2019-07-15T02:30:00+00:00
6984,13.029152,77.585901,pm25,21.0,2019-07-15T02:45:00+00:00
6984,13.029152,77.585901,pm25,21.0,2019-07-15T03:00:00+00:00
6984,13.029152,77.585901,pm25,16.0,2019-07-15T03:15:00+00:00
6984,13.029152,77.585901,pm25,16.0,2019-07-15T03:30:00+00:00
6984,13.029152,77.585901,pm25,16.0,2019-07-15T03:45:00+00:00
6984,13.029152,77.585901,pm25,16.0,2019-07-15T04:00:00+00:00
6984,13.029152,77.585901,pm25,20.0,2019-07-15T04:15:00+00:00
6984,13.029152,77.585901,pm25,20.0,2019-07-15T04:30:00+00:00
6984,13.029152,77.585901,pm25,20.0,2019-07-15T04:45:00+00:00
6984,13.029152,77.585901,pm25,20.0,2019-07-15T05:00:00+00:00
6984,13.029152,77.585901,pm25,9.0,2019-07-15T05:15:00+00:00
6984,13.029152,77.585901,pm25,9.0,2019-07-15T05:30:00+00:00
6984,13.029152,77.585901,pm25,9.0,2019-07-15T05:45:00+00:00
6984,13.029152,77.585901,pm25,9.0,2019-07-15T06:00:00+00:00
6984,13.029152,77.585901,pm25,12.0,2019-07-15T06:15:00+00:00
6984,13.029152,77.585901,pm25,12.0,2019-07-15T06:30:00+00:00
6984,13.029152,77.585901,pm25,12.0,2019-07-15T06:45:00+00:00
6984,13.029152,77.585901,pm25,12.0,2019-07-15T07:00:00+00:00
6984,13.029152,77.585901,pm25,12.0,2019-07-15T07:15:00+00:00
6984,13.029152,77.585901,pm25,12.0,2019-07-15T07:30:00+00:00
6984,13.029152,77.585901,pm25,12.0,2019-07-15T07:45:00+00:00
6984,13.029152,77.585901,pm25,12.0,2019-07-15T08:00:00+00:00
6984,13.029152,77.585901,pm25,9.0,2019-07-15T08:15:00+00:00
6984,13.029152,77.585901,pm25,9.0,2019-07-15T08:30:00+00:00
6984,13.029152,77.585901,pm25,9.0,2019-07-15T08:45:00+00:00
6984,13.029152,77.585901,pm25,9.0,2019-07-15T09:00:00+00:00
6984,13.029152,77.585901,pm25,8.0,2019-07-15T09:15:00+00:00
6984,13.029152,77.585901,pm25,8.0,2019-07-15T09:30:00+00:00
6984,13.029152,77.585901,pm25,8.0,2019-07-15T09:45:00+00:00
6984,13.029152,77.585901,pm25,8.0,2019-07-15T10:00:00+00:00
6984,13.029152,77.585901,pm25,9.0,2019-07-15T10:15:00+00:00
6984,13.029152,77.585901,pm25,9.0,2019-07-15T10:30:00+00:00
6984,13.029152,77.585901,pm25,9.0,2019-07-15T10:45:00+00:00
6984,13.029152,77.585901,pm25,9.0,2019-07-15T11:00:00+00:00
6984,13.029152,77.585901,pm25,10.0,2019-07-15T11:15:00+00:00
6984,13.029152,77.585901,pm25,10.0,2019-07-15T11:30:00+00:00
6984,13.029152,77.585901,pm25,10.0,2019-07-15T11:45:00+00:00
6984,13.029152,77.585901,pm25,10.0,2019-07-15T12:00:00+00:00
6984,13.029152,77.585901,pm25,8.0,2019-07-15T12:15:00+00:00
6984,13.029152,77.585901,pm25,8.0,2019-07-15T12:30:00+00:00
6984,13.029152,77.585901,pm25,8.0,2019-07-15T12:45:00+00:00
6984,13.029152,77.585901,pm25,8.0,2019-07-15T13:00:00+00:00
6984,13.029152,77.585901,pm25,11.0,2019-07-15T13:15:00+00:00
6984,13.029152,77.585901,pm25,11.0,2019-07-15T13:30:00+00:00
6984,13.029152,77.585901,pm25,11.0,2019-07-15T13:45:00+00:00
6984,13.029152,77.585901,pm25,11.0,2019-07-15T14:00:00+00:00
6984,13.029152,77.585901,pm25,19.0,2019-07-15T14:15:00+00:00
6984,13.029152,77.585901,pm25,19.0,2019-07-15T14:45:00+00:00
6984,13.029152,77.585901,pm25,19.0,2019-07-15T15:00:00+00:00
6984,13.029152,77.585901,pm25,9.0,2019-07-15T15:15:00+00:00
6984,13.029152,77.585901,pm25,9.0,2019-07-15T15:30:00+00:00
6984,13.029152,77.585901,pm25,9.0,2019-07-15T15:45:00+00:00
6984,13.029152,77.585901,pm25,9.0,2019-07-15T16:00:00+00:00
6984,13.029152,77.585901,pm25,12.0,2019-07-15T16:15:00+00:00
6984,13.029152,77.585901,pm25,12.0,2019-07-15T16:30:00+00:00
6984,13.029152,77.585901,pm25,12.0,2019-07-15T16:45:00+00:00
6984,13.029152,77.585901,pm25,12.0,2019-07-15T17:00:00+00:00
6984,13.029152,77.585901,pm25,8.0,2019-07-15T17:15:00+00:00
6984,13.029152,77.585901,pm25,8.0,2019-07-15T17:30:00+00:00
6984,13.029152,77.585901,pm25,8.0,2019-07-15T17:45:00+00:00
6984,13.029152,77.585901,pm25,8.0,2019-07-15T18:00:00+00:00
6984,13.029152,77.585901,pm25,12.0,2019-07-15T18:15:00+00:00
6984,13.029152,77.585901,pm25,12.0,2019-07-15T18:30:00+00:00
6984,13.029152,77.585901,co,1.48,2019-07-14T18:45:00+00:00
6984,13.029152,77.585901,co,1.49,2019-07-14T19:00:00+00:00
6984,13.029152,77.585901,co,1.47,2019-07-14T19:15:00+00:00
6984,13.029152,77.585901,co,1.49,2019-07-14T19:30:00+00:00
6984,13.029152,77.585901,co,1.45,2019-07-14T19:45:00+00:00
6984,13.029152,77.585901,co,1.43,2019-07-14T20:00:00+00:00
6984,13.029152,77.585901,co,1.43,2019-07-14T20:15:00+00:00
6984,13.029152,77.585901,co,1.26,2019-07-14T20:30:00+00:00
6984,13.029152,77.585901,co,1.41,2019-07-14T20:45:00+00:00
6984,13.029152,77.585901,co,1.4,2019-07-14T21:00:00+00:00
6984,13.029152,77.585901,co,1.43,2019-07-14T21:15:00+00:00
6984,13.029152,77.585901,co,1.31,2019-07-14T21:30:00+00:00
6984,13.029152,77.585901,co,1.29,2019-07-14T21:45:00+00:00
6984,13.029152,77.585901,co,1.06,2019-07-14T22:00:00+00:00
6984,13.029152,77.585901,co,1.1,2019-07-14T22:15:00+00:00
6984,13.029152,77.585901,co,1.01,2019-07-14T22:30:00+00:00
6984,13.029152,77.585901,co,1.08,2019-07-14T23:30:00+00:00
6984,13.029152,77.585901,co,1.1,2019-07-14T23:45:00+00:00
6984,13.029152,77.585901,co,1.13,2019-07-15T00:00:00+00:00
6984,13.029152,77.585901,co,1.09,2019-07-15T00:15:00+00:00
6984,13.029152,77.585901,co,1.23,2019-07-15T00:30:00+00:00
6984,13.029152,77.585901,co,1.06,2019-07-15T00:45:00+00:00
6984,13.029152,77.585901,co,1.19,2019-07-15T01:00:00+00:00
6984,13.029152,77.585901,co,1.23,2019-07-15T01:15:00+00:00
6984,13.029152,77.585901,co,1.19,2019-07-15T01:30:00+00:00
6984,13.029152,77.585901,co,1.31,2019-07-15T01:45:00+00:00
6984,13.029152,77.585901,co,1.29,2019-07-15T02:00:00+00:00
6984,13.029152,77.585901,co,1.29,2019-07-15T02:15:00+00:00
6984,13.029152,77.585901,co,1.23,2019-07-15T02:30:00+00:00
6984,13.029152,77.585901,co,1.24,2019-07-15T02:45:00+00:00
6984,13.029152,77.585901,co,1.23,2019-07-15T03:00:00+00:00
6984,13.029152,77.585901,co,1.31,2019-07-15T03:15:00+00:00
6984,13.029152,77.585901,co,1.32,2019-07-15T03:30:00+00:00
6984,13.029152,77.585901,co,1.26,2019-07-15T03:45:00+00:00
6984,13.029152,77.585901,co,1.19,2019-07-15T04:00:00+00:00
6984,13.029152,77.585901,co,1.12,2019-07-15T04:15:00+00:00
6984,13.029152,77.585901,co,1.19,2019-07-15T04:30:00+00:00
6984,13.029152,77.585901,co,1.18,2019-07-15T04:45:00+00:00
6984,13.029152,77.585901,co,1.02,2019-07-15T05:00:00+00:00
6984,13.029152,77.585901,co,1.08,2019-07-15T05:15:00+00:00
6984,13.029152,77.585901,co,1.09,2019-07-15T05:30:00+00:00
6984,13.029152,77.585901,co,1.05,2019-07-15T05:45:00+00:00
6984,13.029152,77.585901,co,1.01,2019-07-15T06:00:00+00:00
6984,13.029152,77.585901,co,0.96,2019-07-15T06:15:00+00:00
6984,13.029152,77.585901,co,0.92,2019-07-15T06:30:00+00:00
6984,13.029152,77.585901,co,0.98,2019-07-15T06:45:00+00:00
6984,13.029152,77.585901,co,1.02,2019-07-15T07:00:00+00:00
6984,13.029152,77.585901,co,1.06,2019-07-15T07:15:00+00:00
6984,13.029152,77.585901,co,1.06,2019-07-15T07:30:00+00:00
6984,13.029152,77.585901,co,1.12,2019-07-15T07:45:00+00:00
6984,13.029152,77.585901,co,1.17,2019-07-15T08:00:00+00:00
6984,13.029152,77.585901,co,1.18,2019-07-15T08:15:00+00:00
6984,13.029152,77.585901,co,1.23,2019-07-15T08:30:00+00:00
6984,13.029152,77.585901,co,1.12,2019-07-15T08:45:00+00:00
6984,13.029152,77.585901,co,1.17,2019-07-15T09:00:00+00:00
6984,13.029152,77.585901,co,1.15,2019-07-15T09:15:00+00:00
6984,13.029152,77.585901,co,1.2,2019-07-15T09:30:00+00:00
6984,13.029152,77.585901,co,1.17,2019-07-15T09:45:00+00:00
6984,13.029152,77.585901,co,1.2,2019-07-15T10:00:00+00:00
6984,13.029152,77.585901,co,1.12,2019-07-15T10:15:00+00:00
6984,13.029152,77.585901,co,1.13,2019-07-15T10:30:00+00:00
6984,13.029152,77.585901,co,1.25,2019-07-15T10:45:00+00:00
6984,13.029152,77.585901,co,1.15,2019-07-15T11:00:00+00:00
6984,13.029152,77.585901,co,1.2,2019-07-15T11:15:00+00:00
6984,13.029152,77.585901,co,1.31,2019-07-15T11:30:00+00:00
6984,13.029152,77.585901,co,1.19,2019-07-15T11:45:00+00:00
6984,13.029152,77.585901,co,1.15,2019-07-15T12:00:00+00:00
6984,13.029152,77.585901,co,1.18,2019-07-15T12:15:00+00:00
6984,13.029152,77.585901,co,1.52,2019-07-15T12:30:00+00:00
6984,13.029152,77.585901,co,1.97,2019-07-15T12:45:00+00:00
6984,13.029152,77.585901,co,1.89,2019-07-15T13:00:00+00:00
6984,13.029152,77.585901,co,1.95,2019-07-15T13:15:00+00:00
6984,13.029152,77.585901,co,2.12,2019-07-15T13:30:00+00:00
6984,13.029152,77.585901,co,2.04,2019-07-15T13:45:00+00:00
6984,13.029152,77.585901,co,2.22,2019-07-15T14:00:00+00:00
6984,13.029152,77.585901,co,2.23,2019-07-15T14:15:00+00:00
6984,13.029152,77.585901,co,1.98,2019-07-15T14:45:00+00:00
6984,13.029152,77.585901,co,2.11,2019-07-15T15:00:00+00:00
6984,13.029152,77.585901,co,2.19,2019-07-15T15:15:00+00:00
6984,13.029152,77.585901,co,2.18,2019-07-15T15:30:00+00:00
6984,13.029152,77.585901,co,2.16,2019-07-15T15:45:00+00:00
6984,13.029152,77.585901,co,2.1,2019-07-15T16:00:00+00:00
6984,13.029152,77.585901,co,2.0,2019-07-15T16:15:00+00:00
6984,13.029152,77.585901,co,2.03,2019-07-15T16:30:00+00:00
6984,13.029152,77.585901,co,2.03,2019-07-15T16:45:00+00:00
6984,13.029152,77.585901,co,1.95,2019-07-15T17:00:00+00:00
6984,13.029152,77.585901,co,1.94,2019-07-15T17:15:00+00:00
6984,13.029152,77.585901,co,1.97,2019-07-15T17:30:00+00:00
6984,13.029152,77.585901,co,1.94,2019-07-15T17:45:00+00:00
6984,13.029152,77.585901,co,1.87,2019-07-15T18:00:00+00:00
6984,13.029152,77.585901,co,1.4,2019-07-15T18:30:00+00:00
6984,13.029152,77.585901,no2,7.2,2019-07-14T18:45:00+00:00
6984,13.029152,77.585901,no2,7.6,2019-07-14T19:00:00+00:00
6984,13.029152,77.585901,no2,8.1,2019-07-14T19:15:00+00:00
6984,13.029152,77.585901,no2,8.7,2019-07-14T19:30:00+00:00
6984,13.029152,77.585901,no2,8.3,2019-07-14T19:45:00+00:00
6984,13.029152,77.585901,no2,7.9,2019-07-14T20:00:00+00:00
6984,13.029152,77.585901,no2,7.0,2019-07-14T20:15:00+00:00
6984,13.029152,77.585901,no2,6.0,2019-07-14T20:30:00+00:00
6984,13.029152,77.585901,no2,5.3,2019-07-14T20:45:00+00:00
6984,13.029152,77.585901,no2,5.0,2019-07-14T21:00:00+00:00
6984,13.029152,77.585901,no2,4.8,2019-07-14T21:15:00+00:00
6984,13.029152,77.585901,no2,3.7,2019-07-14T21:30:00+00:00
6984,13.029152,77.585901,no2,3.6,2019-07-14T21:45:00+00:00
6984,13.029152,77.585901,no2,3.5,2019-07-14T22:00:00+00:00
6984,13.029152,77.585901,no2,3.9,2019-07-14T22:15:00+00:00
6984,13.029152,77.585901,no2,3.9,2019-07-14T22:30:00+00:00
6984,13.029152,77.585901,no2,3.9,2019-07-14T22:45:00+00:00
6984,13.029152,77.585901,no2,3.8,2019-07-14T23:00:00+00:00
6984,13.029152,77.585901,no2,4.2,2019-07-14T23:15:00+00:00
6984,13.029152,77.585901,no2,4.7,2019-07-14T23:30:00+00:00
6984,13.029152,77.585901,no2,4.9,2019-07-15T00:30:00+00:00
6984,13.029152,77.585901,no2,6.3,2019-07-15T00:45:00+00:00
6984,13.029152,77.585901,no2,7.1,2019-07-15T01:00:00+00:00
6984,13.029152,77.585901,no2,7.2,2019-07-15T01:15:00+00:00
6984,13.029152,77.585901,no2,7.9,2019-07-15T01:30:00+00:00
6984,13.029152,77.585901,no2,9.2,2019-07-15T01:45:00+00:00
6984,13.029152,77.585901,no2,9.1,2019-07-15T02:00:00+00:00
6984,13.029152,77.585901,no2,9.4,2019-07-15T02:15:00+00:00
6984,13.029152,77.585901,no2,9.7,2019-07-15T02:30:00+00:00
6984,13.029152,77.585901,no2,9.7,2019-07-15T02:45:00+00:00
6984,13.029152,77.585901,no2,9.7,2019-07-15T03:00:00+00:00
6984,13.029152,77.585901,no2,9.0,2019-07-15T03:15:00+00:00
6984,13.029152,77.585901,no2,9.5,2019-07-15T03:30:00+00:00
6984,13.029152,77.585901,no2,9.2,2019-07-15T03:45:00+00:00
6984,13.029152,77.585901,no2,9.0,2019-07-15T04:00:00+00:00
6984,13.029152,77.585901,no2,8.7,2019-07-15T04:15:00+00:00
6984,13.029152,77.585901,no2,8.1,2019-07-15T04:30:00+00:00
6984,13.029152,77.585901,no2,8.2,2019-07-15T04:45:00+00:00
6984,13.029152,77.585901,no2,8.7,2019-07-15T05:00:00+00:00
6984,13.029152,77.585901,no2,8.4,2019-07-15T05:15:00+00:00
6984,13.029152,77.585901,no2,7.6,2019-07-15T05:30:00+00:00
6984,13.029152,77.585901,no2,7.2,2019-07-15T05:45:00+00:00
6984,13.029152,77.585901,no2,7.1,2019-07-15T06:00:00+00:00
6984,13.029152,77.585901,no2,7.3,2019-07-15T06:15:00+00:00
6984,13.029152,77.585901,no2,6.8,2019-07-15T06:30:00+00:00
6984,13.029152,77.585901,no2,5.5,2019-07-15T06:45:00+00:00
6984,13.029152,77.585901,no2,6.0,2019-07-15T07:00:00+00:00
6984,13.029152,77.585901,no2,5.8,2019-07-15T07:15:00+00:00
6984,13.029152,77.585901,no2,5.8,2019-07-15T07:30:00+00:00
6984,13.029152,77.585901,no2,6.1,2019-07-15T07:45:00+00:00
6984,13.029152,77.585901,no2,6.0,2019-07-15T08:00:00+00:00
6984,13.029152,77.585901,no2,7.2,2019-07-15T08:15:00+00:00
6984,13.029152,77.585901,no2,7.9,2019-07-15T08:30:00+00:00
6984,13.029152,77.585901,no2,6.6,2019-07-15T08:45:00+00:00
6984,13.029152,77.585901,no2,5.8,2019-07-15T09:00:00+00:00
6984,13.029152,77.585901,no2,6.0,2019-07-15T09:15:00+00:00
6984,13.029152,77.585901,no2,6.1,2019-07-15T09:30:00+00:00
6984,13.029152,77.585901,no2,6.5,2019-07-15T09:45:00+00:00
6984,13.029152,77.585901,no2,6.2,2019-07-15T10:00:00+00:00
6984,13.029152,77.585901,no2,5.6,2019-07-15T10:15:00+00:00
6984,13.029152,77.585901,no2,5.5,2019-07-15T10:30:00+00:00
6984,13.029152,77.585901,no2,6.2,2019-07-15T10:45:00+00:00
6984,13.029152,77.585901,no2,6.4,2019-07-15T11:00:00+00:00
6984,13.029152,77.585901,no2,6.8,2019-07-15T11:15:00+00:00
6984,13.029152,77.585901,no2,7.8,2019-07-15T11:30:00+00:00
6984,13.029152,77.585901,no2,8.3,2019-07-15T11:45:00+00:00
6984,13.029152,77.585901,no2,8.4,2019-07-15T12:00:00+00:00
6984,13.029152,77.585901,no2,8.5,2019-07-15T12:15:00+00:00
6984,13.029152,77.585901,no2,8.1,2019-07-15T12:30:00+00:00
6984,13.029152,77.585901,no2,8.1,2019-07-15T12:45:00+00:00
6984,13.029152,77.585901,no2,9.7,2019-07-15T13:00:00+00:00
6984,13.029152,77.585901,no2,12.3,2019-07-15T13:15:00+00:00
6984,13.029152,77.585901,no2,15.3,2019-07-15T13:30:00+00:00
6984,13.029152,77.585901,no2,17.0,2019-07-15T13:45:00+00:00
6984,13.029152,77.585901,no2,19.3,2019-07-15T14:00:00+00:00
6984,13.029152,77.585901,no2,22.7,2019-07-15T14:15:00+00:00
6984,13.029152,77.585901,no2,15.2,2019-07-15T14:45:00+00:00
6984,13.029152,77.585901,no2,14.9,2019-07-15T15:00:00+00:00
6984,13.029152,77.585901,no2,16.4,2019-07-15T15:15:00+00:00
6984,13.029152,77.585901,no2,17.8,2019-07-15T15:30:00+00:00
6984,13.029152,77.585901,no2,20.8,2019-07-15T15:45:00+00:00
6984,13.029152,77.585901,no2,20.4,2019-07-15T16:00:00+00:00
6984,13.029152,77.585901,no2,18.9,2019-07-15T16:15:00+00:00
6984,13.029152,77.585901,no2,17.8,2019-07-15T16:30:00+00:00
6984,13.029152,77.585901,no2,16.0,2019-07-15T16:45:00+00:00
6984,13.029152,77.585901,no2,14.1,2019-07-15T17:00:00+00:00
6984,13.029152,77.585901,no2,12.8,2019-07-15T17:15:00+00:00
6984,13.029152,77.585901,no2,12.2,2019-07-15T17:30:00+00:00
6984,13.029152,77.585901,no2,12.4,2019-07-15T17:45:00+00:00
6984,13.029152,77.585901,no2,12.6,2019-07-15T18:00:00+00:00
6984,13.029152,77.585901,no2,11.0,2019-07-15T18:15:00+00:00
6984,13.029152,77.585901,no2,9.8,2019-07-15T18:30:00+00:00
6984,13.029152,77.585901,so2,3.7,2019-07-14T18:45:00+00:00
6984,13.029152,77.585901,so2,3.6,2019-07-14T19:00:00+00:00
6984,13.029152,77.585901,so2,3.1,2019-07-14T19:15:00+00:00
6984,13.029152,77.585901,so2,2.4,2019-07-14T19:30:00+00:00
6984,13.029152,77.585901,so2,1.4,2019-07-14T19:45:00+00:00
6984,13.029152,77.585901,so2,1.9,2019-07-14T20:00:00+00:00
6984,13.029152,77.585901,so2,3.2,2019-07-14T20:15:00+00:00
6984,13.029152,77.585901,so2,1.5,2019-07-14T20:30:00+00:00
6984,13.029152,77.585901,so2,0.4,2019-07-14T20:45:00+00:00
6984,13.029152,77.585901,so2,0.3,2019-07-14T21:00:00+00:00
6984,13.029152,77.585901,so2,2.5,2019-07-14T21:15:00+00:00
6984,13.029152,77.585901,so2,1.3,2019-07-14T21:30:00+00:00
6984,13.029152,77.585901,so2,0.2,2019-07-14T21:45:00+00:00
6984,13.029152,77.585901,so2,0.9,2019-07-14T22:00:00+00:00
6984,13.029152,77.585901,so2,1.2,2019-07-14T22:15:00+00:00
6984,13.029152,77.585901,so2,0.3,2019-07-14T22:30:00+00:00
6984,13.029152,77.585901,so2,1.1,2019-07-14T22:45:00+00:00
6984,13.029152,77.585901,so2,1.0,2019-07-14T23:00:00+00:00
6984,13.029152,77.585901,so2,9.2,2019-07-15T01:30:00+00:00
6984,13.029152,77.585901,so2,1.0,2019-07-15T02:15:00+00:00
6984,13.029152,77.585901,so2,1.3,2019-07-15T02:30:00+00:00
6984,13.029152,77.585901,so2,1.5,2019-07-15T02:45:00+00:00
6984,13.029152,77.585901,so2,1.7,2019-07-15T03:00:00+00:00
6984,13.029152,77.585901,so2,1.8,2019-07-15T03:15:00+00:00
6984,13.029152,77.585901,so2,2.5,2019-07-15T03:30:00+00:00
6984,13.029152,77.585901,so2,3.1,2019-07-15T03:45:00+00:00
6984,13.029152,77.585901,so2,2.5,2019-07-15T04:00:00+00:00
6984,13.029152,77.585901,so2,2.0,2019-07-15T04:15:00+00:00
6984,13.029152,77.585901,so2,2.2,2019-07-15T04:30:00+00:00
6984,13.029152,77.585901,so2,2.0,2019-07-15T04:45:00+00:00
6984,13.029152,77.585901,so2,0.9,2019-07-15T05:00:00+00:00
6984,13.029152,77.585901,so2,1.3,2019-07-15T05:15:00+00:00
6984,13.029152,77.585901,so2,0.6,2019-07-15T05:30:00+00:00
6984,13.029152,77.585901,so2,0.3,2019-07-15T07:00:00+00:00
6984,13.029152,77.585901,so2,2.8,2019-07-15T07:15:00+00:00
6984,13.029152,77.585901,so2,3.1,2019-07-15T07:30:00+00:00
6984,13.029152,77.585901,so2,2.3,2019-07-15T07:45:00+00:00
6984,13.029152,77.585901,so2,2.2,2019-07-15T08:00:00+00:00
6984,13.029152,77.585901,so2,2.4,2019-07-15T08:15:00+00:00
6984,13.029152,77.585901,so2,2.3,2019-07-15T08:30:00+00:00
6984,13.029152,77.585901,so2,2.3,2019-07-15T08:45:00+00:00
6984,13.029152,77.585901,so2,1.7,2019-07-15T09:00:00+00:00
6984,13.029152,77.585901,so2,1.1,2019-07-15T09:15:00+00:00
6984,13.029152,77.585901,so2,1.3,2019-07-15T09:30:00+00:00
6984,13.029152,77.585901,so2,1.6,2019-07-15T09:45:00+00:00
6984,13.029152,77.585901,so2,1.5,2019-07-15T10:00:00+00:00
6984,13.029152,77.585901,so2,1.3,2019-07-15T10:15:00+00:00
6984,13.029152,77.585901,so2,1.8,2019-07-15T10:30:00+00:00
6984,13.029152,77.585901,so2,2.3,2019-07-15T10:45:00+00:00
6984,13.029152,77.585901,so2,2.3,2019-07-15T11:00:00+00:00
6984,13.029152,77.585901,so2,1.8,2019-07-15T11:15:00+00:00
6984,13.029152,77.585901,so2,1.9,2019-07-15T11:30:00+00:00
6984,13.029152,77.585901,so2,2.9,2019-07-15T11:45:00+00:00
6984,13.029152,77.585901,so2,2.4,2019-07-15T12:00:00+00:00
6984,13.029152,77.585901,so2,2.4,2019-07-15T12:15:00+00:00
6984,13.029152,77.585901,so2,1.7,2019-07-15T12:30:00+00:00
6984,13.029152,77.585901,so2,2.5,2019-07-15T12:45:00+00:00
6984,13.029152,77.585901,so2,1.9,2019-07-15T13:00:00+00:00
6984,13.029152,77.585901,so2,2.4,2019-07-15T13:15:00+00:00
6984,13.029152,77.585901,so2,2.7,2019-07-15T13:30:00+00:00
6984,13.029152,77.585901,so2,1.7,2019-07-15T13:45:00+00:00
6984,13.029152,77.585901,so2,1.9,2019-07-15T14:00:00+00:00
6984,13.029152,77.585901,so2,3.9,2019-07-15T14:15:00+00:00
6984,13.029152,77.585901,so2,4.1,2019-07-15T14:45:00+00:00
6984,13.029152,77.585901,so2,5.1,2019-07-15T15:00:00+00:00
6984,13.029152,77.585901,so2,5.2,2019-07-15T15:15:00+00:00
6984,13.029152,77.585901,so2,4.9,2019-07-15T15:30:00+00:00
6984,13.029152,77.585901,so2,5.5,2019-07-15T15:45:00+00:00
6984,13.029152,77.585901,so2,5.4,2019-07-15T16:00:00+00:00
6984,13.029152,77.585901,so2,5.0,2019-07-15T16:15:00+00:00
6984,13.029152,77.585901,so2,5.1,2019-07-15T16:30:00+00:00
6984,13.029152,77.585901,so2,5.4,2019-07-15T16:45:00+00:00
6984,13.029152,77.585901,so2,5.8,2019-07-15T17:00:00+00:00
6984,13.029152,77.585901,so2,5.0,2019-07-15T17:15:00+00:00
6984,13.029152,77.585901,so2,5.0,2019-07-15T17:30:00+00:00
6984,13.029152,77.585901,so2,5.7,2019-07-15T17:45:00+00:00
6984,13.029152,77.585901,so2,5.3,2019-07-15T18:00:00+00:00
6984,13.029152,77.585901,so2,4.4,2019-07-15T18:30:00+00:00
6984,13.029152,77.585901,pm10,20.0,2019-07-15T18:45:00+00:00
6984,13.029152,77.585901,pm10,20.0,2019-07-15T19:00:00+00:00
6984,13.029152,77.585901,pm10,19.0,2019-07-15T19:15:00+00:00
6984,13.029152,77.585901,pm10,19.0,2019-07-15T19:30:00+00:00
6984,13.029152,77.585901,pm10,19.0,2019-07-15T19:45:00+00:00
6984,13.029152,77.585901,pm10,19.0,2019-07-15T20:00:00+00:00
6984,13.029152,77.585901,pm10,25.0,2019-07-15T20:15:00+00:00
6984,13.029152,77.585901,pm10,25.0,2019-07-15T20:30:00+00:00
6984,13.029152,77.585901,pm10,25.0,2019-07-15T20:45:00+00:00
6984,13.029152,77.585901,pm10,25.0,2019-07-15T21:00:00+00:00
6984,13.029152,77.585901,pm10,18.0,2019-07-15T21:15:00+00:00
6984,13.029152,77.585901,pm10,18.0,2019-07-15T21:30:00+00:00
6984,13.029152,77.585901,pm10,18.0,2019-07-15T21:45:00+00:00
6984,13.029152,77.585901,pm10,18.0,2019-07-15T22:00:00+00:00
6984,13.029152,77.585901,pm10,21.0,2019-07-15T22:15:00+00:00
6984,13.029152,77.585901,pm10,21.0,2019-07-15T22:30:00+00:00
6984,13.029152,77.585901,pm10,21.0,2019-07-15T22:45:00+00:00
6984,13.029152,77.585901,pm10,21.0,2019-07-15T23:00:00+00:00
6984,13.029152,77.585901,pm10,23.0,2019-07-15T23:15:00+00:00
6984,13.029152,77.585901,pm10,23.0,2019-07-15T23:30:00+00:00
6984,13.029152,77.585901,pm10,23.0,2019-07-15T23:45:00+00:00
6984,13.029152,77.585901,pm10,23.0,2019-07-16T00:00:00+00:00
6984,13.029152,77.585901,pm10,28.0,2019-07-16T00:15:00+00:00
6984,13.029152,77.585901,pm10,28.0,2019-07-16T00:30:00+00:00
6984,13.029152,77.585901,pm10,28.0,2019-07-16T00:45:00+00:00
6984,13.029152,77.585901,pm10,28.0,2019-07-16T01:00:00+00:00
6984,13.029152,77.585901,pm10,47.0,2019-07-16T01:15:00+00:00
6984,13.029152,77.585901,pm10,47.0,2019-07-16T01:30:00+00:00
6984,13.029152,77.585901,pm10,47.0,2019-07-16T01:45:00+00:00
6984,13.029152,77.585901,pm10,47.0,2019-07-16T02:00:00+00:00
6984,13.029152,77.585901,pm10,37.0,2019-07-16T02:15:00+00:00
6984,13.029152,77.585901,pm10,37.0,2019-07-16T02:30:00+00:00
6984,13.029152,77.585901,pm10,37.0,2019-07-16T02:45:00+00:00
6984,13.029152,77.585901,pm10,37.0,2019-07-16T03:00:00+00:00
6984,13.029152,77.585901,pm10,49.0,2019-07-16T03:15:00+00:00
6984,13.029152,77.585901,pm10,49.0,2019-07-16T03:30:00+00:00
6984,13.029152,77.585901,pm10,49.0,2019-07-16T03:45:00+00:00
6984,13.029152,77.585901,pm10,49.0,2019-07-16T04:00:00+00:00
6984,13.029152,77.585901,pm10,46.0,2019-07-16T04:15:00+00:00
6984,13.029152,77.585901,pm10,46.0,2019-07-16T04:45:00+00:00
6984,13.029152,77.585901,pm10,46.0,2019-07-16T05:00:00+00:00
6984,13.029152,77.585901,pm10,39.0,2019-07-16T05:15:00+00:00
6984,13.029152,77.585901,pm10,39.0,2019-07-16T05:30:00+00:00
6984,13.029152,77.585901,pm10,39.0,2019-07-16T05:45:00+00:00
6984,13.029152,77.585901,pm10,39.0,2019-07-16T06:00:00+00:00
6984,13.029152,77.585901,pm10,44.0,2019-07-16T06:15:00+00:00
6984,13.029152,77.585901,pm10,44.0,2019-07-16T06:30:00+00:00
6984,13.029152,77.585901,pm10,44.0,2019-07-16T06:45:00+00:00
6984,13.029152,77.585901,pm10,44.0,2019-07-16T07:00:00+00:00
6984,13.029152,77.585901,pm10,36.0,2019-07-16T07:15:00+00:00
6984,13.029152,77.585901,pm10,36.0,2019-07-16T07:30:00+00:00
6984,13.029152,77.585901,pm10,36.0,2019-07-16T07:45:00+00:00
6984,13.029152,77.585901,pm10,36.0,2019-07-16T08:00:00+00:00
6984,13.029152,77.585901,pm10,36.0,2019-07-16T08:15:00+00:00
6984,13.029152,77.585901,pm10,36.0,2019-07-16T08:30:00+00:00
6984,13.029152,77.585901,pm10,36.0,2019-07-16T08:45:00+00:00
6984,13.029152,77.585901,pm10,38.0,2019-07-16T09:15:00+00:00
6984,13.029152,77.585901,pm10,38.0,2019-07-16T09:30:00+00:00
6984,13.029152,77.585901,pm10,38.0,2019-07-16T09:45:00+00:00
6984,13.029152,77.585901,pm10,38.0,2019-07-16T10:00:00+00:00
6984,13.029152,77.585901,pm10,54.0,2019-07-16T10:15:00+00:00
6984,13.029152,77.585901,pm10,54.0,2019-07-16T10:30:00+00:00
6984,13.029152,77.585901,pm10,54.0,2019-07-16T10:45:00+00:00
6984,13.029152,77.585901,pm10,54.0,2019-07-16T11:00:00+00:00
6984,13.029152,77.585901,pm10,49.0,2019-07-16T11:15:00+00:00
6984,13.029152,77.585901,pm10,49.0,2019-07-16T11:30:00+00:00
6984,13.029152,77.585901,pm10,49.0,2019-07-16T11:45:00+00:00
6984,13.029152,77.585901,pm10,49.0,2019-07-16T12:00:00+00:00
6984,13.029152,77.585901,pm10,55.0,2019-07-16T12:15:00+00:00
6984,13.029152,77.585901,pm10,55.0,2019-07-16T12:30:00+00:00
6984,13.029152,77.585901,pm10,55.0,2019-07-16T12:45:00+00:00
6984,13.029152,77.585901,pm10,55.0,2019-07-16T13:00:00+00:00
6984,13.029152,77.585901,pm10,51.0,2019-07-16T13:15:00+00:00
6984,13.029152,77.585901,pm10,51.0,2019-07-16T13:30:00+00:00
6984,13.029152,77.585901,pm10,51.0,2019-07-16T13:45:00+00:00
6984,13.029152,77.585901,pm10,51.0,2019-07-16T14:00:00+00:00
6984,13.029152,77.585901,pm10,37.0,2019-07-16T14:15:00+00:00
6984,13.029152,77.585901,pm10,37.0,2019-07-16T14:30:00+00:00
6984,13.029152,77.585901,pm10,37.0,2019-07-16T14:45:00+00:00
6984,13.029152,77.585901,pm10,37.0,2019-07-16T15:00:00+00:00
6984,13.029152,77.585901,pm10,37.0,2019-07-16T15:15:00+00:00
6984,13.029152,77.585901,pm10,37.0,2019-07-16T15:30:00+00:00
6984,13.029152,77.585901,pm10,37.0,2019-07-16T15:45:00+00:00
6984,13.029152,77.585901,pm10,37.0,2019-07-16T16:00:00+00:00
6984,13.029152,77.585901,pm10,20.0,2019-07-16T16:15:00+00:00
6984,13.029152,77.585901,pm10,20.0,2019-07-16T16:30:00+00:00
6984,13.029152,77.585901,pm10,20.0,2019-07-16T16:45:00+00:00
6984,13.029152,77.585901,pm10,20.0,2019-07-16T17:00:00+00:00
6984,13.029152,77.585901,pm10,29.0,2019-07-16T17:15:00+00:00
6984,13.029152,77.585901,pm10,29.0,2019-07-16T17:30:00+00:00
6984,13.029152,77.585901,pm10,29.0,2019-07-16T17:45:00+00:00
6984,13.029152,77.585901,pm10,29.0,2019-07-16T18:00:00+00:00
6984,13.029152,77.585901,pm10,30.0,2019-07-16T18:15:00+00:00
6984,13.029152,77.585901,pm10,30.0,2019-07-16T18:30:00+00:00
6984,13.029152,77.585901,pm25,12.0,2019-07-15T18:45:00+00:00
6984,13.029152,77.585901,pm25,12.0,2019-07-15T19:00:00+00:00
6984,13.029152,77.585901,pm25,10.0,2019-07-15T19:15:00+00:00
6984,13.029152,77.585901,pm25,10.0,2019-07-15T19:30:00+00:00
6984,13.029152,77.585901,pm25,10.0,2019-07-15T19:45:00+00:00
6984,13.029152,77.585901,pm25,10.0,2019-07-15T20:00:00+00:00
6984,13.029152,77.585901,pm25,14.0,2019-07-15T20:15:00+00:00
6984,13.029152,77.585901,pm25,14.0,2019-07-15T20:30:00+00:00
6984,13.029152,77.585901,pm25,14.0,2019-07-15T20:45:00+00:00
6984,13.029152,77.585901,pm25,14.0,2019-07-15T21:00:00+00:00
6984,13.029152,77.585901,pm25,13.0,2019-07-15T21:15:00+00:00
6984,13.029152,77.585901,pm25,13.0,2019-07-15T21:30:00+00:00
6984,13.029152,77.585901,pm25,13.0,2019-07-15T21:45:00+00:00
6984,13.029152,77.585901,pm25,13.0,2019-07-15T22:00:00+00:00
6984,13.029152,77.585901,pm25,10.0,2019-07-15T22:15:00+00:00
6984,13.029152,77.585901,pm25,10.0,2019-07-15T22:30:00+00:00
6984,13.029152,77.585901,pm25,10.0,2019-07-15T22:45:00+00:00
6984,13.029152,77.585901,pm25,10.0,2019-07-15T23:00:00+00:00
6984,13.029152,77.585901,pm25,10.0,2019-07-15T23:15:00+00:00
6984,13.029152,77.585901,pm25,10.0,2019-07-15T23:30:00+00:00
6984,13.029152,77.585901,pm25,10.0,2019-07-15T23:45:00+00:00
6984,13.029152,77.585901,pm25,10.0,2019-07-16T00:00:00+00:00
6984,13.029152,77.585901,pm25,15.0,2019-07-16T00:15:00+00:00
6984,13.029152,77.585901,pm25,15.0,2019-07-16T00:30:00+00:00
6984,13.029152,77.585901,pm25,15.0,2019-07-16T00:45:00+00:00
6984,13.029152,77.585901,pm25,15.0,2019-07-16T01:00:00+00:00
6984,13.029152,77.585901,pm25,18.0,2019-07-16T01:15:00+00:00
6984,13.029152,77.585901,pm25,18.0,2019-07-16T01:30:00+00:00
6984,13.029152,77.585901,pm25,18.0,2019-07-16T01:45:00+00:00
6984,13.029152,77.585901,pm25,18.0,2019-07-16T02:00:00+00:00
6984,13.029152,77.585901,pm25,22.0,2019-07-16T02:15:00+00:00
6984,13.029152,77.585901,pm25,22.0,2019-07-16T02:30:00+00:00
6984,13.029152,77.585901,pm25,22.0,2019-07-16T02:45:00+00:00
6984,13.029152,77.585901,pm25,22.0,2019-07-16T03:00:00+00:00
6984,13.029152,77.585901,pm25,23.0,2019-07-16T03:15:00+00:00
6984,13.029152,77.585901,pm25,23.0,2019-07-16T03:30:00+00:00
6984,13.029152,77.585901,pm25,23.0,2019-07-16T03:45:00+00:00
6984,13.029152,77.585901,pm25,23.0,2019-07-16T04:00:00+00:00
6984,13.029152,77.585901,pm25,19.0,2019-07-16T04:15:00+00:00
6984,13.029152,77.585901,pm25,19.0,2019-07-16T04:45:00+00:00
6984,13.029152,77.585901,pm25,19.0,2019-07-16T05:00:00+00:00
6984,13.029152,77.585901,pm25,15.0,2019-07-16T05:15:00+00:00
6984,13.029152,77.585901,pm25,15.0,2019-07-16T05:30:00+00:00
6984,13.029152,77.585901,pm25,15.0,2019-07-16T05:45:00+00:00
6984,13.029152,77.585901,pm25,15.0,2019-07-16T06:00:00+00:00
6984,13.029152,77.585901,pm25,25.0,2019-07-16T06:15:00+00:00
6984,13.029152,77.585901,pm25,25.0,2019-07-16T06:30:00+00:00
6984,13.029152,77.585901,pm25,25.0,2019-07-16T06:45:00+00:00
6984,13.029152,77.585901,pm25,25.0,2019-07-16T07:00:00+00:00
6984,13.029152,77.585901,pm25,18.0,2019-07-16T07:15:00+00:00
6984,13.029152,77.585901,pm25,18.0,2019-07-16T07:30:00+00:00
6984,13.029152,77.585901,pm25,18.0,2019-07-16T07:45:00+00:00
6984,13.029152,77.585901,pm25,18.0,2019-07-16T08:00:00+00:00
6984,13.029152,77.585901,pm25,15.0,2019-07-16T08:15:00+00:00
6984,13.029152,77.585901,pm25,15.0,2019-07-16T08:30:00+00:00
6984,13.029152,77.585901,pm25,15.0,2019-07-16T08:45:00+00:00
6984,13.029152,77.585901,pm25,19.0,2019-07-16T09:15:00+00:00
6984,13.029152,77.585901,pm25,19.0,2019-07-16T09:30:00+00:00
6984,13.029152,77.585901,pm25,19.0,2019-07-16T09:45:00+00:00
6984,13.029152,77.585901,pm25,19.0,2019-07-16T10:00:00+00:00
6984,13.029152,77.585901,pm25,25.0,2019-07-16T10:15:00+00:00
6984,13.029152,77.585901,pm25,25.0,2019-07-16T10:30:00+00:00
6984,13.029152,77.585901,pm25,25.0,2019-07-16T10:45:00+00:00
6984,13.029152,77.585901,pm25,25.0,2019-07-16T11:00:00+00:00
6984,13.029152,77.585901,pm25,22.0,2019-07-16T11:15:00+00:00
6984,13.029152,77.585901,pm25,22.0,2019-07-16T11:30:00+00:00
6984,13.029152,77.585901,pm25,22.0,2019-07-16T11:45:00+00:00
6984,13.029152,77.585901,pm25,22.0,2019-07-16T12:00:00+00:00
6984,13.029152,77.585901,pm25,23.0,2019-07-16T12:15:00+00:00
6984,13.029152,77.585901,pm25,23.0,2019-07-16T12:30:00+00:00
6984,13.029152,77.585901,pm25,23.0,2019-07-16T12:45:00+00:00
6984,13.029152,77.585901,pm25,23.0,2019-07-16T13:00:00+00:00
6984,13.029152,77.585901,pm25,24.0,2019-07-16T13:15:00+00:00
6984,13.029152,77.585901,pm25,24.0,2019-07-16T13:30:00+00:00
6984,13.029152,77.585901,pm25,24.0,2019-07-16T13:45:00+00:00
6984,13.029152,77.585901,pm25,24.0,2019-07-16T14:00:00+00:00
6984,13.029152,77.585901,pm25,19.0,2019-07-16T14:15:00+00:00
6984,13.029152,77.585901,pm25,19.0,2019-07-16T14:30:00+00:00
6984,13.029152,77.585901,pm25,19.0,2019-07-16T14:45:00+00:00
6984,13.029152,77.585901,pm25,19.0,2019-07-16T15:00:00+00:00
6984,13.029152,77.585901,pm25,13.0,2019-07-16T15:15:00+00:00
6984,13.029152,77.585901,pm25,13.0,2019-07-16T15:30:00+00:00
6984,13.029152,77.585901,pm25,13.0,2019-07-16T15:45:00+00:00
6984,13.029152,77.585901,pm25,13.0,2019-07-16T16:00:00+00:00
6984,13.029152,77.585901,pm25,15.0,2019-07-16T16:15:00+00:00
6984,13.029152,77.585901,pm25,15.0,2019-07-16T16:30:00+00:00
6984,13.029152,77.585901,pm25,15.0,2019-07-16T16:45:00+00:00
6984,13.029152,77.585901,pm25,15.0,2019-07-16T17:00:00+00:00
6984,13.029152,77.585901,pm25,17.0,2019-07-16T17:15:00+00:00
6984,13.029152,77.585901,pm25,17.0,2019-07-16T17:30:00+00:00
6984,13.029152,77.585901,pm25,17.0,2019-07-16T17:45:00+00:00
6984,13.029152,77.585901,pm25,17.0,2019-07-16T18:00:00+00:00
6984,13.029152,77.585901,pm25,17.0,2019-07-16T18:15:00+00:00
6984,13.029152,77.585901,pm25,17.0,2019-07-16T18:30:00+00:00
6984,13.029152,77.585901,co,1.44,2019-07-15T18:45:00+00:00
6984,13.029152,77.585901,co,1.47,2019-07-15T19:00:00+00:00
6984,13.029152,77.585901,co,1.44,2019-07-15T19:15:00+00:00
6984,13.029152,77.585901,co,1.39,2019-07-15T19:30:00+00:00
6984,13.029152,77.585901,co,1.37,2019-07-15T19:45:00+00:00
6984,13.029152,77.585901,co,1.39,2019-07-15T20:00:00+00:00
6984,13.029152,77.585901,co,1.42,2019-07-15T20:15:00+00:00
6984,13.029152,77.585901,co,1.33,2019-07-15T20:30:00+00:00
6984,13.029152,77.585901,co,1.29,2019-07-15T20:45:00+00:00
6984,13.029152,77.585901,co,1.47,2019-07-15T21:00:00+00:00
6984,13.029152,77.585901,co,1.53,2019-07-15T21:15:00+00:00
6984,13.029152,77.585901,co,1.52,2019-07-15T21:30:00+00:00
6984,13.029152,77.585901,co,1.43,2019-07-15T21:45:00+00:00
6984,13.029152,77.585901,co,1.34,2019-07-15T22:00:00+00:00
6984,13.029152,77.585901,co,1.45,2019-07-15T22:15:00+00:00
6984,13.029152,77.585901,co,1.43,2019-07-15T22:30:00+00:00
6984,13.029152,77.585901,co,1.44,2019-07-15T23:30:00+00:00
6984,13.029152,77.585901,co,1.37,2019-07-15T23:45:00+00:00
6984,13.029152,77.585901,co,1.36,2019-07-16T00:00:00+00:00
6984,13.029152,77.585901,co,1.34,2019-07-16T00:15:00+00:00
6984,13.029152,77.585901,co,1.45,2019-07-16T00:30:00+00:00
6984,13.029152,77.585901,co,1.4,2019-07-16T00:45:00+00:00
6984,13.029152,77.585901,co,1.44,2019-07-16T01:00:00+00:00
6984,13.029152,77.585901,co,1.45,2019-07-16T01:15:00+00:00
6984,13.029152,77.585901,co,1.41,2019-07-16T01:30:00+00:00
6984,13.029152,77.585901,co,1.53,2019-07-16T01:45:00+00:00
6984,13.029152,77.585901,co,1.63,2019-07-16T02:00:00+00:00
6984,13.029152,77.585901,co,1.53,2019-07-16T02:15:00+00:00
6984,13.029152,77.585901,co,1.47,2019-07-16T02:30:00+00:00
6984,13.029152,77.585901,co,1.49,2019-07-16T02:45:00+00:00
6984,13.029152,77.585901,co,1.68,2019-07-16T03:00:00+00:00
6984,13.029152,77.585901,co,1.65,2019-07-16T03:15:00+00:00
6984,13.029152,77.585901,co,1.63,2019-07-16T03:30:00+00:00
6984,13.029152,77.585901,co,1.53,2019-07-16T03:45:00+00:00
6984,13.029152,77.585901,co,1.63,2019-07-16T04:00:00+00:00
6984,13.029152,77.585901,co,1.44,2019-07-16T04:15:00+00:00
6984,13.029152,77.585901,co,1.45,2019-07-16T04:45:00+00:00
6984,13.029152,77.585901,co,1.56,2019-07-16T05:00:00+00:00
6984,13.029152,77.585901,co,1.55,2019-07-16T05:15:00+00:00
6984,13.029152,77.585901,co,1.51,2019-07-16T05:30:00+00:00
6984,13.029152,77.585901,co,1.52,2019-07-16T05:45:00+00:00
6984,13.029152,77.585901,co,1.48,2019-07-16T06:00:00+00:00
6984,13.029152,77.585901,co,1.48,2019-07-16T06:15:00+00:00
6984,13.029152,77.585901,co,1.45,2019-07-16T06:30:00+00:00
6984,13.029152,77.585901,co,1.47,2019-07-16T06:45:00+00:00
6984,13.029152,77.585901,co,1.42,2019-07-16T07:00:00+00:00
6984,13.029152,77.585901,co,1.35,2019-07-16T07:15:00+00:00
6984,13.029152,77.585901,co,1.42,2019-07-16T07:30:00+00:00
6984,13.029152,77.585901,co,1.41,2019-07-16T07:45:00+00:00
6984,13.029152,77.585901,co,1.26,2019-07-16T08:00:00+00:00
6984,13.029152,77.585901,co,1.28,2019-07-16T08:15:00+00:00
6984,13.029152,77.585901,co,1.4,2019-07-16T08:30:00+00:00
6984,13.029152,77.585901,co,1.44,2019-07-16T08:45:00+00:00
6984,13.029152,77.585901,co,1.49,2019-07-16T09:15:00+00:00
6984,13.029152,77.585901,co,1.47,2019-07-16T09:30:00+00:00
6984,13.029152,77.585901,co,1.48,2019-07-16T09:45:00+00:00
6984,13.029152,77.585901,co,1.53,2019-07-16T10:00:00+00:00
6984,13.029152,77.585901,co,1.55,2019-07-16T10:15:00+00:00
6984,13.029152,77.585901,co,1.61,2019-07-16T10:30:00+00:00
6984,13.029152,77.585901,co,1.6,2019-07-16T10:45:00+00:00
6984,13.029152,77.585901,co,1.63,2019-07-16T11:00:00+00:00
6984,13.029152,77.585901,co,1.52,2019-07-16T11:15:00+00:00
6984,13.029152,77.585901,co,1.52,2019-07-16T11:30:00+00:00
6984,13.029152,77.585901,co,1.55,2019-07-16T11:45:00+00:00
6984,13.029152,77.585901,co,1.67,2019-07-16T12:00:00+00:00
6984,13.029152,77.585901,co,1.73,2019-07-16T12:15:00+00:00
6984,13.029152,77.585901,co,1.77,2019-07-16T12:30:00+00:00
6984,13.029152,77.585901,co,1.68,2019-07-16T12:45:00+00:00
6984,13.029152,77.585901,co,1.73,2019-07-16T13:00:00+00:00
6984,13.029152,77.585901,co,1.74,2019-07-16T13:15:00+00:00
6984,13.029152,77.585901,co,1.83,2019-07-16T13:30:00+00:00
6984,13.029152,77.585901,co,1.88,2019-07-16T13:45:00+00:00
6984,13.029152,77.585901,co,1.81,2019-07-16T14:00:00+00:00
6984,13.029152,77.585901,co,1.87,2019-07-16T14:15:00+00:00
6984,13.029152,77.585901,co,1.94,2019-07-16T14:30:00+00:00
6984,13.029152,77.585901,co,1.87,2019-07-16T14:45:00+00:00
6984,13.029152,77.585901,co,1.94,2019-07-16T15:00:00+00:00
6984,13.029152,77.585901,co,1.9,2019-07-16T15:15:00+00:00
6984,13.029152,77.585901,co,1.84,2019-07-16T15:30:00+00:00
6984,13.029152,77.585901,co,1.81,2019-07-16T15:45:00+00:00
6984,13.029152,77.585901,co,1.85,2019-07-16T16:00:00+00:00
6984,13.029152,77.585901,co,2.02,2019-07-16T16:15:00+00:00
6984,13.029152,77.585901,co,2.14,2019-07-16T16:30:00+00:00
6984,13.029152,77.585901,co,2.02,2019-07-16T16:45:00+00:00
6984,13.029152,77.585901,co,1.94,2019-07-16T17:00:00+00:00
6984,13.029152,77.585901,co,1.89,2019-07-16T17:15:00+00:00
6984,13.029152,77.585901,co,1.88,2019-07-16T17:30:00+00:00
6984,13.029152,77.585901,co,1.85,2019-07-16T17:45:00+00:00
6984,13.029152,77.585901,co,1.82,2019-07-16T18:00:00+00:00
6984,13.029152,77.585901,co,1.42,2019-07-16T18:30:00+00:00
6984,13.029152,77.585901,no2,8.8,2019-07-15T18:45:00+00:00
6984,13.029152,77.585901,no2,8.4,2019-07-15T19:00:00+00:00
6984,13.029152,77.585901,no2,8.1,2019-07-15T19:15:00+00:00
6984,13.029152,77.585901,no2,8.7,2019-07-15T19:30:00+00:00
6984,13.029152,77.585901,no2,7.7,2019-07-15T19:45:00+00:00
6984,13.029152,77.585901,no2,7.0,2019-07-15T20:00:00+00:00
6984,13.029152,77.585901,no2,7.1,2019-07-15T20:15:00+00:00
6984,13.029152,77.585901,no2,6.2,2019-07-15T20:30:00+00:00
6984,13.029152,77.585901,no2,5.1,2019-07-15T20:45:00+00:00
6984,13.029152,77.585901,no2,4.0,2019-07-15T21:00:00+00:00
6984,13.029152,77.585901,no2,3.4,2019-07-15T21:15:00+00:00
6984,13.029152,77.585901,no2,3.1,2019-07-15T21:30:00+00:00
6984,13.029152,77.585901,no2,3.2,2019-07-15T21:45:00+00:00
6984,13.029152,77.585901,no2,3.4,2019-07-15T22:00:00+00:00
6984,13.029152,77.585901,no2,3.0,2019-07-15T22:15:00+00:00
6984,13.029152,77.585901,no2,3.1,2019-07-15T22:30:00+00:00
6984,13.029152,77.585901,no2,3.0,2019-07-15T22:45:00+00:00
6984,13.029152,77.585901,no2,3.7,2019-07-15T23:00:00+00:00
6984,13.029152,77.585901,no2,4.7,2019-07-15T23:15:00+00:00
6984,13.029152,77.585901,no2,6.1,2019-07-15T23:30:00+00:00
6984,13.029152,77.585901,no2,9.7,2019-07-16T00:30:00+00:00
6984,13.029152,77.585901,no2,10.0,2019-07-16T00:45:00+00:00
6984,13.029152,77.585901,no2,9.9,2019-07-16T01:00:00+00:00
6984,13.029152,77.585901,no2,10.2,2019-07-16T01:15:00+00:00
6984,13.029152,77.585901,no2,9.9,2019-07-16T01:30:00+00:00
6984,13.029152,77.585901,no2,9.6,2019-07-16T01:45:00+00:00
6984,13.029152,77.585901,no2,10.3,2019-07-16T02:00:00+00:00
6984,13.029152,77.585901,no2,11.2,2019-07-16T02:15:00+00:00
6984,13.029152,77.585901,no2,11.4,2019-07-16T02:30:00+00:00
6984,13.029152,77.585901,no2,10.9,2019-07-16T02:45:00+00:00
6984,13.029152,77.585901,no2,10.9,2019-07-16T03:00:00+00:00
6984,13.029152,77.585901,no2,11.3,2019-07-16T03:15:00+00:00
6984,13.029152,77.585901,no2,11.6,2019-07-16T03:30:00+00:00
6984,13.029152,77.585901,no2,11.0,2019-07-16T03:45:00+00:00
6984,13.029152,77.585901,no2,9.8,2019-07-16T04:00:00+00:00
6984,13.029152,77.585901,no2,8.3,2019-07-16T04:15:00+00:00
6984,13.029152,77.585901,no2,7.7,2019-07-16T04:45:00+00:00
6984,13.029152,77.585901,no2,7.1,2019-07-16T05:00:00+00:00
6984,13.029152,77.585901,no2,7.0,2019-07-16T05:15:00+00:00
6984,13.029152,77.585901,no2,7.4,2019-07-16T05:30:00+00:00
6984,13.029152,77.585901,no2,7.3,2019-07-16T05:45:00+00:00
6984,13.029152,77.585901,no2,6.8,2019-07-16T06:00:00+00:00
6984,13.029152,77.585901,no2,6.9,2019-07-16T06:15:00+00:00
6984,13.029152,77.585901,no2,6.7,2019-07-16T06:30:00+00:00
6984,13.029152,77.585901,no2,6.2,2019-07-16T06:45:00+00:00
6984,13.029152,77.585901,no2,6.4,2019-07-16T07:00:00+00:00
6984,13.029152,77.585901,no2,5.9,2019-07-16T07:15:00+00:00
6984,13.029152,77.585901,no2,6.2,2019-07-16T07:30:00+00:00
6984,13.029152,77.585901,no2,6.2,2019-07-16T07:45:00+00:00
6984,13.029152,77.585901,no2,5.9,2019-07-16T08:00:00+00:00
6984,13.029152,77.585901,no2,5.4,2019-07-16T08:15:00+00:00
6984,13.029152,77.585901,no2,5.2,2019-07-16T08:30:00+00:00
6984,13.029152,77.585901,no2,5.0,2019-07-16T08:45:00+00:00
6984,13.029152,77.585901,no2,5.1,2019-07-16T09:15:00+00:00
6984,13.029152,77.585901,no2,5.3,2019-07-16T09:30:00+00:00
6984,13.029152,77.585901,no2,6.7,2019-07-16T09:45:00+00:00
6984,13.029152,77.585901,no2,6.6,2019-07-16T10:00:00+00:00
6984,13.029152,77.585901,no2,8.4,2019-07-16T10:15:00+00:00
6984,13.029152,77.585901,no2,8.3,2019-07-16T10:30:00+00:00
6984,13.029152,77.585901,no2,7.6,2019-07-16T10:45:00+00:00
6984,13.029152,77.585901,no2,9.2,2019-07-16T11:00:00+00:00
6984,13.029152,77.585901,no2,9.2,2019-07-16T11:15:00+00:00
6984,13.029152,77.585901,no2,9.1,2019-07-16T11:30:00+00:00
6984,13.029152,77.585901,no2,8.1,2019-07-16T11:45:00+00:00
6984,13.029152,77.585901,no2,9.4,2019-07-16T12:00:00+00:00
6984,13.029152,77.585901,no2,12.5,2019-07-16T12:15:00+00:00
6984,13.029152,77.585901,no2,14.2,2019-07-16T12:30:00+00:00
6984,13.029152,77.585901,no2,14.4,2019-07-16T12:45:00+00:00
6984,13.029152,77.585901,no2,13.6,2019-07-16T13:00:00+00:00
6984,13.029152,77.585901,no2,14.1,2019-07-16T13:15:00+00:00
6984,13.029152,77.585901,no2,15.0,2019-07-16T13:30:00+00:00
6984,13.029152,77.585901,no2,15.7,2019-07-16T13:45:00+00:00
6984,13.029152,77.585901,no2,17.7,2019-07-16T14:00:00+00:00
6984,13.029152,77.585901,no2,18.3,2019-07-16T14:15:00+00:00
6984,13.029152,77.585901,no2,20.8,2019-07-16T14:30:00+00:00
6984,13.029152,77.585901,no2,20.3,2019-07-16T14:45:00+00:00
6984,13.029152,77.585901,no2,18.9,2019-07-16T15:00:00+00:00
6984,13.029152,77.585901,no2,19.4,2019-07-16T15:15:00+00:00
6984,13.029152,77.585901,no2,18.0,2019-07-16T15:30:00+00:00
6984,13.029152,77.585901,no2,17.0,2019-07-16T15:45:00+00:00
6984,13.029152,77.585901,no2,17.7,2019-07-16T16:00:00+00:00
6984,13.029152,77.585901,no2,17.4,2019-07-16T16:15:00+00:00
6984,13.029152,77.585901,no2,17.9,2019-07-16T16:30:00+00:00
6984,13.029152,77.585901,no2,18.9,2019-07-16T16:45:00+00:00
6984,13.029152,77.585901,no2,17.8,2019-07-16T17:00:00+00:00
6984,13.029152,77.585901,no2,17.2,2019-07-16T17:15:00+00:00
6984,13.029152,77.585901,no2,17.6,2019-07-16T17:30:00+00:00
6984,13.029152,77.585901,no2,17.7,2019-07-16T17:45:00+00:00
6984,13.029152,77.585901,no2,17.5,2019-07-16T18:00:00+00:00
6984,13.029152,77.585901,no2,15.5,2019-07-16T18:15:00+00:00
6984,13.029152,77.585901,no2,13.7,2019-07-16T18:30:00+00:00
6984,13.029152,77.585901,so2,3.4,2019-07-15T18:45:00+00:00
6984,13.029152,77.585901,so2,2.5,2019-07-15T19:00:00+00:00
6984,13.029152,77.585901,so2,2.0,2019-07-15T19:15:00+00:00
6984,13.029152,77.585901,so2,2.4,2019-07-15T19:30:00+00:00
6984,13.029152,77.585901,so2,2.6,2019-07-15T19:45:00+00:00
6984,13.029152,77.585901,so2,2.6,2019-07-15T20:00:00+00:00
6984,13.029152,77.585901,so2,2.3,2019-07-15T20:15:00+00:00
6984,13.029152,77.585901,so2,2.9,2019-07-15T20:30:00+00:00
6984,13.029152,77.585901,so2,3.2,2019-07-15T20:45:00+00:00
6984,13.029152,77.585901,so2,3.0,2019-07-15T21:00:00+00:00
6984,13.029152,77.585901,so2,2.6,2019-07-15T21:15:00+00:00
6984,13.029152,77.585901,so2,3.3,2019-07-15T21:30:00+00:00
6984,13.029152,77.585901,so2,3.4,2019-07-15T21:45:00+00:00
6984,13.029152,77.585901,so2,2.6,2019-07-15T22:00:00+00:00
6984,13.029152,77.585901,so2,1.7,2019-07-15T22:15:00+00:00
6984,13.029152,77.585901,so2,1.4,2019-07-15T22:30:00+00:00
6984,13.029152,77.585901,so2,1.9,2019-07-15T22:45:00+00:00
6984,13.029152,77.585901,so2,1.8,2019-07-15T23:00:00+00:00
6984,13.029152,77.585901,so2,0.7,2019-07-15T23:45:00+00:00
6984,13.029152,77.585901,so2,1.0,2019-07-16T00:00:00+00:00
6984,13.029152,77.585901,so2,7.5,2019-07-16T01:30:00+00:00
6984,13.029152,77.585901,so2,1.6,2019-07-16T02:00:00+00:00
6984,13.029152,77.585901,so2,2.0,2019-07-16T02:15:00+00:00
6984,13.029152,77.585901,so2,2.2,2019-07-16T02:30:00+00:00
6984,13.029152,77.585901,so2,2.4,2019-07-16T02:45:00+00:00
6984,13.029152,77.585901,so2,2.4,2019-07-16T03:00:00+00:00
6984,13.029152,77.585901,so2,2.6,2019-07-16T03:15:00+00:00
6984,13.029152,77.585901,so2,2.7,2019-07-16T03:30:00+00:00
6984,13.029152,77.585901,so2,3.2,2019-07-16T03:45:00+00:00
6984,13.029152,77.585901,so2,3.7,2019-07-16T04:00:00+00:00
6984,13.029152,77.585901,so2,2.8,2019-07-16T04:15:00+00:00
6984,13.029152,77.585901,so2,2.6,2019-07-16T04:45:00+00:00
6984,13.029152,77.585901,so2,2.1,2019-07-16T05:00:00+00:00
6984,13.029152,77.585901,so2,2.0,2019-07-16T05:15:00+00:00
6984,13.029152,77.585901,so2,2.2,2019-07-16T05:30:00+00:00
6984,13.029152,77.585901,so2,1.3,2019-07-16T05:45:00+00:00
6984,13.029152,77.585901,so2,5.1,2019-07-16T06:00:00+00:00
6984,13.029152,77.585901,so2,5.9,2019-07-16T06:15:00+00:00
6984,13.029152,77.585901,so2,5.8,2019-07-16T06:30:00+00:00
6984,13.029152,77.585901,so2,6.0,2019-07-16T06:45:00+00:00
6984,13.029152,77.585901,so2,6.5,2019-07-16T07:00:00+00:00
6984,13.029152,77.585901,so2,6.6,2019-07-16T07:15:00+00:00
6984,13.029152,77.585901,so2,5.9,2019-07-16T07:30:00+00:00
6984,13.029152,77.585901,so2,6.0,2019-07-16T07:45:00+00:00
6984,13.029152,77.585901,so2,6.5,2019-07-16T08:00:00+00:00
6984,13.029152,77.585901,so2,6.6,2019-07-16T08:15:00+00:00
6984,13.029152,77.585901,so2,6.2,2019-07-16T08:30:00+00:00
6984,13.029152,77.585901,so2,4.6,2019-07-16T08:45:00+00:00
6984,13.029152,77.585901,so2,1.6,2019-07-16T09:15:00+00:00
6984,13.029152,77.585901,so2,0.4,2019-07-16T09:30:00+00:00
6984,13.029152,77.585901,so2,1.0,2019-07-16T09:45:00+00:00
6984,13.029152,77.585901,so2,1.4,2019-07-16T10:00:00+00:00
6984,13.029152,77.585901,so2,1.5,2019-07-16T10:15:00+00:00
6984,13.029152,77.585901,so2,1.7,2019-07-16T10:30:00+00:00
6984,13.029152,77.585901,so2,0.9,2019-07-16T11:15:00+00:00
6984,13.029152,77.585901,so2,3.3,2019-07-16T11:30:00+00:00
6984,13.029152,77.585901,so2,1.5,2019-07-16T11:45:00+00:00
6984,13.029152,77.585901,so2,0.6,2019-07-16T12:15:00+00:00
6984,13.029152,77.585901,so2,0.6,2019-07-16T12:30:00+00:00
6984,13.029152,77.585901,so2,0.7,2019-07-16T12:45:00+00:00
6984,13.029152,77.585901,so2,0.9,2019-07-16T13:00:00+00:00
6984,13.029152,77.585901,so2,0.4,2019-07-16T13:15:00+00:00
6984,13.029152,77.585901,so2,0.4,2019-07-16T13:30:00+00:00
6984,13.029152,77.585901,so2,0.4,2019-07-16T13:45:00+00:00
6984,13.029152,77.585901,so2,0.3,2019-07-16T14:00:00+00:00
6984,13.029152,77.585901,so2,0.6,2019-07-16T14:15:00+00:00
6984,13.029152,77.585901,so2,0.6,2019-07-16T14:30:00+00:00
6984,13.029152,77.585901,so2,0.1,2019-07-16T14:45:00+00:00
6984,13.029152,77.585901,so2,0.4,2019-07-16T15:00:00+00:00
6984,13.029152,77.585901,so2,1.0,2019-07-16T15:15:00+00:00
6984,13.029152,77.585901,so2,0.3,2019-07-16T15:30:00+00:00
6984,13.029152,77.585901,so2,0.3,2019-07-16T15:45:00+00:00
6984,13.029152,77.585901,so2,0.6,2019-07-16T16:00:00+00:00
6984,13.029152,77.585901,so2,2.5,2019-07-16T16:15:00+00:00
6984,13.029152,77.585901,so2,1.1,2019-07-16T16:30:00+00:00
6984,13.029152,77.585901,so2,1.0,2019-07-16T16:45:00+00:00
6984,13.029152,77.585901,so2,3.2,2019-07-16T17:00:00+00:00
6984,13.029152,77.585901,so2,2.8,2019-07-16T17:15:00+00:00
6984,13.029152,77.585901,so2,3.8,2019-07-16T17:30:00+00:00
6984,13.029152,77.585901,so2,2.3,2019-07-16T17:45:00+00:00
6984,13.029152,77.585901,so2,1.9,2019-07-16T18:00:00+00:00
6984,13.029152,77.585901,so2,2.1,2019-07-16T18:30:00+00:00
