station_id,lat,lon,species,value,timestamp
5548,12.9135218,77.5950804,pm25,8.36,2019-07-16T18:45:00+00:00
5548,12.9135218,77.5950804,pm25,8.14,2019-07-16T19:00:00+00:00
5548,12.9135218,77.5950804,pm25,8.14,2019-07-16T19:15:00+00:00
5548,12.9135218,77.5950804,pm25,8.14,2019-07-16T19:30:00+00:00
5548,12.9135218,77.5950804,pm25,23.6,2019-07-16T19:45:00+00:00
5548,12.9135218,77.5950804,pm25,24.72,2019-07-16T20:00:00+00:00
5548,12.9135218,77.5950804,pm25,24.72,2019-07-16T20:15:00+00:00
5548,12.9135218,77.5950804,pm25,24.72,2019-07-16T20:30:00+00:00
5548,12.9135218,77.5950804,pm25,15.83,2019-07-16T20:45:00+00:00
5548,12.9135218,77.5950804,pm25,15.19,2019-07-16T21:00:00+00:00
5548,12.9135218,77.5950804,pm25,15.19,2019-07-16T21:15:00+00:00
5548,12.9135218,77.5950804,pm25,15.19,2019-07-16T21:30:00+00:00
5548,12.9135218,77.5950804,pm25,10.86,2019-07-16T21:45:00+00:00
5548,12.9135218,77.5950804,pm25,10.44,2019-07-16T22:00:00+00:00
5548,12.9135218,77.5950804,pm25,10.44,2019-07-16T22:15:00+00:00
5548,12.9135218,77.5950804,pm25,10.44,2019-07-16T22:30:00+00:00
5548,12.9135218,77.5950804,pm25,8.21,2019-07-16T22:45:00+00:00
5548,12.9135218,77.5950804,pm25,8.05,2019-07-16T23:00:00+00:00
5548,12.9135218,77.5950804,pm25,8.05,2019-07-16T23:15:00+00:00
5548,12.9135218,77.5950804,pm25,8.05,2019-07-16T23:30:00+00:00
5548,12.9135218,77.5950804,pm25,68.31,2019-07-16T23:45:00+00:00
5548,12.9135218,77.5950804,pm25,72.61,2019-07-17T00:00:00+00:00
5548,12.9135218,77.5950804,pm25,72.61,2019-07-17T00:15:00+00:00
5548,12.9135218,77.5950804,pm25,72.61,2019-07-17T00:30:00+00:00
5548,12.9135218,77.5950804,pm25,53.95,2019-07-17T00:45:00+00:00
5548,12.9135218,77.5950804,pm25,52.6,2019-07-17T01:00:00+00:00
5548,12.9135218,77.5950804,pm25,52.6,2019-07-17T01:15:00+00:00
5548,12.9135218,77.5950804,pm25,52.6,2019-07-17T01:30:00+00:00
5548,12.9135218,77.5950804,pm25,54.74,2019-07-17T01:45:00+00:00
5548,12.9135218,77.5950804,pm25,54.93,2019-07-17T02:00:00+00:00
5548,12.9135218,77.5950804,pm25,54.93,2019-07-17T02:15:00+00:00
5548,12.9135218,77.5950804,pm25,54.93,2019-07-17T02:30:00+00:00
5548,12.9135218,77.5950804,pm25,40.47,2019-07-17T02:45:00+00:00
5548,12.9135218,77.5950804,pm25,39.25,2019-07-17T03:00:00+00:00
5548,12.9135218,77.5950804,pm25,39.25,2019-07-17T03:15:00+00:00
5548,12.9135218,77.5950804,pm25,39.25,2019-07-17T03:30:00+00:00
5548,12.9135218,77.5950804,pm25,29.46,2019-07-17T03:45:00+00:00
5548,12.9135218,77.5950804,pm25,28.63,2019-07-17T04:00:00+00:00
5548,12.9135218,77.5950804,pm25,28.63,2019-07-17T04:15:00+00:00
5548,12.9135218,77.5950804,pm25,28.63,2019-07-17T04:30:00+00:00
5548,12.9135218,77.5950804,pm25,34.62,2019-07-17T04:45:00+00:00
5548,12.9135218,77.5950804,pm25,35.13,2019-07-17T05:00:00+00:00
5548,12.9135218,77.5950804,pm25,35.13,2019-07-17T05:15:00+00:00
5548,12.9135218,77.5950804,pm25,35.13,2019-07-17T05:30:00+00:00
5548,12.9135218,77.5950804,pm25,46.9,2019-07-17T05:45:00+00:00
5548,12.9135218,77.5950804,pm25,47.89,2019-07-17T06:00:00+00:00
5548,12.9135218,77.5950804,pm25,47.89,2019-07-17T06:15:00+00:00
5548,12.9135218,77.5950804,pm25,47.89,2019-07-17T06:30:00+00:00
5548,12.9135218,77.5950804,pm25,33.58,2019-07-17T06:45:00+00:00
5548,12.9135218,77.5950804,pm25,32.56,2019-07-17T07:00:00+00:00
5548,12.9135218,77.5950804,pm25,32.56,2019-07-17T07:15:00+00:00
5548,12.9135218,77.5950804,pm25,32.56,2019-07-17T07:30:00+00:00
5548,12.9135218,77.5950804,pm25,49.78,2019-07-17T07:45:00+00:00
5548,12.9135218,77.5950804,pm25,51.24,2019-07-17T08:00:00+00:00
5548,12.9135218,77.5950804,pm25,51.24,2019-07-17T08:15:00+00:00
5548,12.9135218,77.5950804,pm25,51.24,2019-07-17T08:30:00+00:00
5548,12.9135218,77.5950804,pm25,31.01,2019-07-17T08:45:00+00:00
5548,12.9135218,77.5950804,pm25,29.31,2019-07-17T09:00:00+00:00
5548,12.9135218,77.5950804,pm25,29.31,2019-07-17T09:15:00+00:00
5548,12.9135218,77.5950804,pm25,29.31,2019-07-17T09:30:00+00:00
5548,12.9135218,77.5950804,pm25,34.24,2019-07-17T09:45:00+00:00
5548,12.9135218,77.5950804,pm25,34.66,2019-07-17T10:00:00+00:00
5548,12.9135218,77.5950804,pm25,34.66,2019-07-17T10:15:00+00:00
5548,12.9135218,77.5950804,pm25,34.66,2019-07-17T10:30:00+00:00
5548,12.9135218,77.5950804,pm25,46.42,2019-07-17T10:45:00+00:00
5548,12.9135218,77.5950804,pm25,47.41,2019-07-17T11:00:00+00:00
5548,12.9135218,77.5950804,pm25,47.41,2019-07-17T11:15:00+00:00
5548,12.9135218,77.5950804,pm25,41.94,2019-07-17T12:00:00+00:00
5548,12.9135218,77.5950804,pm25,41.94,2019-07-17T12:15:00+00:00
5548,12.9135218,77.5950804,pm25,41.94,2019-07-17T12:30:00+00:00
5548,12.9135218,77.5950804,pm25,32.5,2019-07-17T12:45:00+00:00
5548,12.9135218,77.5950804,pm25,31.69,2019-07-17T13:00:00+00:00
5548,12.9135218,77.5950804,pm25,31.69,2019-07-17T13:15:00+00:00
5548,12.9135218,77.5950804,pm25,31.69,2019-07-17T13:30:00+00:00
5548,12.9135218,77.5950804,pm25,39.07,2019-07-17T14:00:00+00:00
5548,12.9135218,77.5950804,pm25,39.07,2019-07-17T14:15:00+00:00
5548,12.9135218,77.5950804,pm25,39.07,2019-07-17T14:30:00+00:00
5548,12.9135218,77.5950804,pm25,61.59,2019-07-17T14:45:00+00:00
5548,12.9135218,77.5950804,pm25,64.41,2019-07-17T15:00:00+00:00
5548,12.9135218,77.5950804,pm25,64.41,2019-07-17T15:15:00+00:00
5548,12.9135218,77.5950804,pm25,64.41,2019-07-17T15:30:00+00:00
5548,12.9135218,77.5950804,pm25,51.63,2019-07-17T15:45:00+00:00
5548,12.9135218,77.5950804,pm25,50.04,2019-07-17T16:00:00+00:00
5548,12.9135218,77.5950804,pm25,50.04,2019-07-17T16:15:00+00:00
5548,12.9135218,77.5950804,pm25,50.04,2019-07-17T16:30:00+00:00
5548,12.9135218,77.5950804,pm25,46.82,2019-07-17T16:45:00+00:00
5548,12.9135218,77.5950804,pm25,46.42,2019-07-17T17:00:00+00:00
5548,12.9135218,77.5950804,pm25,46.42,2019-07-17T17:15:00+00:00
5548,12.9135218,77.5950804,pm25,46.42,2019-07-17T17:30:00+00:00
5548,12.9135218,77.5950804,pm25,48.0,2019-07-17T18:15:00+00:00
5548,12.9135218,77.5950804,pm25,0.0,2019-07-17T18:30:00+00:00
5548,12.9135218,77.5950804,co,0.56,2019-07-16T18:45:00+00:00
5548,12.9135218,77.5950804,co,0.73,2019-07-16T19:00:00+00:00
5548,12.9135218,77.5950804,co,0.79,2019-07-16T19:15:00+00:00
5548,12.9135218,77.5950804,co,0.83,2019-07-16T19:30:00+00:00
5548,12.9135218,77.5950804,co,0.9,2019-07-16T19:45:00+00:00
5548,12.9135218,77.5950804,co,0.75,2019-07-16T20:00:00+00:00
5548,12.9135218,77.5950804,co,0.72,2019-07-16T20:15:00+00:00
5548,12.9135218,77.5950804,co,0.99,2019-07-16T20:30:00+00:00
5548,12.9135218,77.5950804,co,0.96,2019-07-16T20:45:00+00:00
5548,12.9135218,77.5950804,co,0.38,2019-07-16T21:00:00+00:00
5548,12.9135218,77.5950804,co,0.37,2019-07-16T21:15:00+00:00
5548,12.9135218,77.5950804,co,0.45,2019-07-16T21:30:00+00:00
5548,12.9135218,77.5950804,co,0.31,2019-07-16T21:45:00+00:00
5548,12.9135218,77.5950804,co,0.51,2019-07-16T22:00:00+00:00
5548,12.9135218,77.5950804,co,0.55,2019-07-16T22:15:00+00:00
5548,12.9135218,77.5950804,co,0.61,2019-07-16T22:30:00+00:00
5548,12.9135218,77.5950804,co,0.38,2019-07-16T22:45:00+00:00
5548,12.9135218,77.5950804,co,0.59,2019-07-16T23:00:00+00:00
5548,12.9135218,77.5950804,co,0.56,2019-07-16T23:15:00+00:00
5548,12.9135218,77.5950804,co,0.63,2019-07-16T23:30:00+00:00
5548,12.9135218,77.5950804,co,0.62,2019-07-16T23:45:00+00:00
5548,12.9135218,77.5950804,co,0.35,2019-07-17T00:00:00+00:00
5548,12.9135218,77.5950804,co,0.38,2019-07-17T00:15:00+00:00
5548,12.9135218,77.5950804,co,0.46,2019-07-17T00:30:00+00:00
5548,12.9135218,77.5950804,co,0.76,2019-07-17T00:45:00+00:00
5548,12.9135218,77.5950804,co,1.0,2019-07-17T01:00:00+00:00
5548,12.9135218,77.5950804,co,1.12,2019-07-17T01:15:00+00:00
5548,12.9135218,77.5950804,co,1.22,2019-07-17T01:30:00+00:00
5548,12.9135218,77.5950804,co,1.12,2019-07-17T01:45:00+00:00
5548,12.9135218,77.5950804,co,0.61,2019-07-17T02:00:00+00:00
5548,12.9135218,77.5950804,co,0.68,2019-07-17T02:15:00+00:00
5548,12.9135218,77.5950804,co,0.81,2019-07-17T02:30:00+00:00
5548,12.9135218,77.5950804,co,0.69,2019-07-17T02:45:00+00:00
5548,12.9135218,77.5950804,co,0.83,2019-07-17T03:00:00+00:00
5548,12.9135218,77.5950804,co,1.05,2019-07-17T03:15:00+00:00
5548,12.9135218,77.5950804,co,1.07,2019-07-17T03:30:00+00:00
5548,12.9135218,77.5950804,co,1.14,2019-07-17T03:45:00+00:00
5548,12.9135218,77.5950804,co,1.37,2019-07-17T04:00:00+00:00
5548,12.9135218,77.5950804,co,1.59,2019-07-17T04:15:00+00:00
5548,12.9135218,77.5950804,co,1.5,2019-07-17T04:30:00+00:00
5548,12.9135218,77.5950804,co,1.45,2019-07-17T04:45:00+00:00
5548,12.9135218,77.5950804,co,0.96,2019-07-17T05:00:00+00:00
5548,12.9135218,77.5950804,co,1.2,2019-07-17T05:15:00+00:00
5548,12.9135218,77.5950804,co,1.22,2019-07-17T05:30:00+00:00
5548,12.9135218,77.5950804,co,1.08,2019-07-17T05:45:00+00:00
5548,12.9135218,77.5950804,co,0.6,2019-07-17T06:00:00+00:00
5548,12.9135218,77.5950804,co,0.36,2019-07-17T06:15:00+00:00
5548,12.9135218,77.5950804,co,0.97,2019-07-17T06:30:00+00:00
5548,12.9135218,77.5950804,co,0.76,2019-07-17T06:45:00+00:00
5548,12.9135218,77.5950804,co,0.93,2019-07-17T07:00:00+00:00
5548,12.9135218,77.5950804,co,0.93,2019-07-17T07:15:00+00:00
5548,12.9135218,77.5950804,co,1.07,2019-07-17T07:30:00+00:00
5548,12.9135218,77.5950804,co,1.2,2019-07-17T07:45:00+00:00
5548,12.9135218,77.5950804,co,0.99,2019-07-17T08:00:00+00:00
5548,12.9135218,77.5950804,co,1.02,2019-07-17T08:15:00+00:00
5548,12.9135218,77.5950804,co,0.94,2019-07-17T08:30:00+00:00
5548,12.9135218,77.5950804,co,1.01,2019-07-17T08:45:00+00:00
5548,12.9135218,77.5950804,co,0.73,2019-07-17T09:00:00+00:00
5548,12.9135218,77.5950804,co,0.85,2019-07-17T09:15:00+00:00
5548,12.9135218,77.5950804,co,1.04,2019-07-17T09:30:00+00:00
5548,12.9135218,77.5950804,co,0.89,2019-07-17T09:45:00+00:00
5548,12.9135218,77.5950804,co,0.94,2019-07-17T10:00:00+00:00
5548,12.9135218,77.5950804,co,0.93,2019-07-17T10:15:00+00:00
5548,12.9135218,77.5950804,co,0.99,2019-07-17T10:30:00+00:00
5548,12.9135218,77.5950804,co,1.2,2019-07-17T10:45:00+00:00
5548,12.9135218,77.5950804,co,1.03,2019-07-17T11:00:00+00:00
5548,12.9135218,77.5950804,co,0.56,2019-07-17T11:15:00+00:00
5548,12.9135218,77.5950804,co,0.67,2019-07-17T12:00:00+00:00
5548,12.9135218,77.5950804,co,0.42,2019-07-17T12:15:00+00:00
5548,12.9135218,77.5950804,co,0.47,2019-07-17T12:30:00+00:00
5548,12.9135218,77.5950804,co,0.51,2019-07-17T12:45:00+00:00
5548,12.9135218,77.5950804,co,1.29,2019-07-17T13:00:00+00:00
5548,12.9135218,77.5950804,co,1.17,2019-07-17T13:15:00+00:00
5548,12.9135218,77.5950804,co,1.34,2019-07-17T13:30:00+00:00
5548,12.9135218,77.5950804,co,2.17,2019-07-17T14:00:00+00:00
5548,12.9135218,77.5950804,co,1.95,2019-07-17T14:15:00+00:00
5548,12.9135218,77.5950804,co,1.82,2019-07-17T14:30:00+00:00
5548,12.9135218,77.5950804,co,1.43,2019-07-17T14:45:00+00:00
5548,12.9135218,77.5950804,co,1.1,2019-07-17T15:00:00+00:00
5548,12.9135218,77.5950804,co,1.31,2019-07-17T15:15:00+00:00
5548,12.9135218,77.5950804,co,1.01,2019-07-17T15:30:00+00:00
5548,12.9135218,77.5950804,co,0.99,2019-07-17T15:45:00+00:00
5548,12.9135218,77.5950804,co,0.87,2019-07-17T16:00:00+00:00
5548,12.9135218,77.5950804,co,0.78,2019-07-17T16:15:00+00:00
5548,12.9135218,77.5950804,co,0.78,2019-07-17T16:30:00+00:00
5548,12.9135218,77.5950804,co,0.86,2019-07-17T16:45:00+00:00
5548,12.9135218,77.5950804,co,0.86,2019-07-17T17:00:00+00:00
5548,12.9135218,77.5950804,co,0.8,2019-07-17T17:15:00+00:00
5548,12.9135218,77.5950804,co,0.81,2019-07-17T17:30:00+00:00
5548,12.9135218,77.5950804,co,0.17,2019-07-17T18:15:00+00:00
5548,12.9135218,77.5950804,co,0.0,2019-07-17T18:30:00+00:00
5548,12.9135218,77.5950804,no2,12.34,2019-07-16T18:45:00+00:00
5548,12.9135218,77.5950804,no2,13.05,2019-07-16T19:00:00+00:00
5548,12.9135218,77.5950804,no2,12.4,2019-07-16T19:15:00+00:00
5548,12.9135218,77.5950804,no2,11.68,2019-07-16T19:30:00+00:00
5548,12.9135218,77.5950804,no2,12.35,2019-07-16T19:45:00+00:00
5548,12.9135218,77.5950804,no2,12.83,2019-07-16T20:00:00+00:00
5548,12.9135218,77.5950804,no2,11.02,2019-07-16T20:15:00+00:00
5548,12.9135218,77.5950804,no2,11.42,2019-07-16T20:30:00+00:00
5548,12.9135218,77.5950804,no2,12.26,2019-07-16T20:45:00+00:00
5548,12.9135218,77.5950804,no2,13.54,2019-07-16T21:00:00+00:00
5548,12.9135218,77.5950804,no2,12.06,2019-07-16T21:15:00+00:00
5548,12.9135218,77.5950804,no2,10.97,2019-07-16T21:30:00+00:00
5548,12.9135218,77.5950804,no2,10.55,2019-07-16T21:45:00+00:00
5548,12.9135218,77.5950804,no2,12.08,2019-07-16T22:00:00+00:00
5548,12.9135218,77.5950804,no2,13.3,2019-07-16T22:15:00+00:00
5548,12.9135218,77.5950804,no2,11.53,2019-07-16T22:30:00+00:00
5548,12.9135218,77.5950804,no2,11.06,2019-07-16T22:45:00+00:00
5548,12.9135218,77.5950804,no2,11.44,2019-07-16T23:00:00+00:00
5548,12.9135218,77.5950804,no2,10.77,2019-07-16T23:15:00+00:00
5548,12.9135218,77.5950804,no2,11.83,2019-07-16T23:30:00+00:00
5548,12.9135218,77.5950804,no2,10.98,2019-07-16T23:45:00+00:00
5548,12.9135218,77.5950804,no2,11.64,2019-07-17T00:00:00+00:00
5548,12.9135218,77.5950804,no2,13.16,2019-07-17T00:15:00+00:00
5548,12.9135218,77.5950804,no2,13.02,2019-07-17T00:30:00+00:00
5548,12.9135218,77.5950804,no2,15.03,2019-07-17T00:45:00+00:00
5548,12.9135218,77.5950804,no2,17.57,2019-07-17T01:00:00+00:00
5548,12.9135218,77.5950804,no2,18.19,2019-07-17T01:15:00+00:00
5548,12.9135218,77.5950804,no2,18.95,2019-07-17T01:30:00+00:00
5548,12.9135218,77.5950804,no2,21.31,2019-07-17T01:45:00+00:00
5548,12.9135218,77.5950804,no2,19.34,2019-07-17T02:00:00+00:00
5548,12.9135218,77.5950804,no2,23.67,2019-07-17T02:15:00+00:00
5548,12.9135218,77.5950804,no2,22.25,2019-07-17T02:30:00+00:00
5548,12.9135218,77.5950804,no2,21.24,2019-07-17T02:45:00+00:00
5548,12.9135218,77.5950804,no2,19.94,2019-07-17T03:00:00+00:00
5548,12.9135218,77.5950804,no2,25.27,2019-07-17T03:15:00+00:00
5548,12.9135218,77.5950804,no2,24.44,2019-07-17T03:30:00+00:00
5548,12.9135218,77.5950804,no2,29.93,2019-07-17T03:45:00+00:00
5548,12.9135218,77.5950804,no2,29.22,2019-07-17T04:00:00+00:00
5548,12.9135218,77.5950804,no2,37.73,2019-07-17T04:15:00+00:00
5548,12.9135218,77.5950804,no2,32.91,2019-07-17T04:30:00+00:00
5548,12.9135218,77.5950804,no2,33.02,2019-07-17T04:45:00+00:00
5548,12.9135218,77.5950804,no2,30.33,2019-07-17T05:00:00+00:00
5548,12.9135218,77.5950804,no2,31.28,2019-07-17T05:15:00+00:00
5548,12.9135218,77.5950804,no2,35.19,2019-07-17T05:30:00+00:00
5548,12.9135218,77.5950804,no2,31.28,2019-07-17T05:45:00+00:00
5548,12.9135218,77.5950804,no2,32.31,2019-07-17T06:00:00+00:00
5548,12.9135218,77.5950804,no2,26.2,2019-07-17T06:15:00+00:00
5548,12.9135218,77.5950804,no2,29.43,2019-07-17T06:30:00+00:00
5548,12.9135218,77.5950804,no2,28.77,2019-07-17T06:45:00+00:00
5548,12.9135218,77.5950804,no2,31.48,2019-07-17T07:00:00+00:00
5548,12.9135218,77.5950804,no2,31.9,2019-07-17T07:15:00+00:00
5548,12.9135218,77.5950804,no2,32.01,2019-07-17T07:30:00+00:00
5548,12.9135218,77.5950804,no2,38.75,2019-07-17T07:45:00+00:00
5548,12.9135218,77.5950804,no2,32.56,2019-07-17T08:00:00+00:00
5548,12.9135218,77.5950804,no2,41.61,2019-07-17T08:15:00+00:00
5548,12.9135218,77.5950804,no2,32.03,2019-07-17T08:30:00+00:00
5548,12.9135218,77.5950804,no2,32.17,2019-07-17T08:45:00+00:00
5548,12.9135218,77.5950804,no2,27.69,2019-07-17T09:00:00+00:00
5548,12.9135218,77.5950804,no2,29.01,2019-07-17T09:15:00+00:00
5548,12.9135218,77.5950804,no2,30.97,2019-07-17T09:30:00+00:00
5548,12.9135218,77.5950804,no2,31.2,2019-07-17T09:45:00+00:00
5548,12.9135218,77.5950804,no2,30.35,2019-07-17T10:00:00+00:00
5548,12.9135218,77.5950804,no2,26.62,2019-07-17T10:15:00+00:00
5548,12.9135218,77.5950804,no2,32.28,2019-07-17T10:30:00+00:00
5548,12.9135218,77.5950804,no2,42.21,2019-07-17T10:45:00+00:00
5548,12.9135218,77.5950804,no2,46.05,2019-07-17T11:00:00+00:00
5548,12.9135218,77.5950804,no2,37.0,2019-07-17T11:15:00+00:00
5548,12.9135218,77.5950804,no2,34.62,2019-07-17T12:00:00+00:00
5548,12.9135218,77.5950804,no2,37.17,2019-07-17T12:15:00+00:00
5548,12.9135218,77.5950804,no2,37.07,2019-07-17T12:30:00+00:00
5548,12.9135218,77.5950804,no2,41.41,2019-07-17T12:45:00+00:00
5548,12.9135218,77.5950804,no2,37.25,2019-07-17T13:00:00+00:00
5548,12.9135218,77.5950804,no2,42.86,2019-07-17T13:15:00+00:00
5548,12.9135218,77.5950804,no2,38.97,2019-07-17T13:30:00+00:00
5548,12.9135218,77.5950804,no2,36.4,2019-07-17T14:00:00+00:00
5548,12.9135218,77.5950804,no2,46.52,2019-07-17T14:15:00+00:00
5548,12.9135218,77.5950804,no2,50.65,2019-07-17T14:30:00+00:00
5548,12.9135218,77.5950804,no2,47.79,2019-07-17T14:45:00+00:00
5548,12.9135218,77.5950804,no2,49.62,2019-07-17T15:00:00+00:00
5548,12.9135218,77.5950804,no2,48.68,2019-07-17T15:15:00+00:00
5548,12.9135218,77.5950804,no2,46.28,2019-07-17T15:30:00+00:00
5548,12.9135218,77.5950804,no2,47.12,2019-07-17T15:45:00+00:00
5548,12.9135218,77.5950804,no2,29.84,2019-07-17T16:00:00+00:00
5548,12.9135218,77.5950804,no2,16.25,2019-07-17T16:15:00+00:00
5548,12.9135218,77.5950804,no2,16.17,2019-07-17T16:30:00+00:00
5548,12.9135218,77.5950804,no2,16.15,2019-07-17T16:45:00+00:00
5548,12.9135218,77.5950804,no2,22.39,2019-07-17T17:00:00+00:00
5548,12.9135218,77.5950804,no2,26.19,2019-07-17T17:15:00+00:00
5548,12.9135218,77.5950804,no2,25.38,2019-07-17T17:30:00+00:00
5548,12.9135218,77.5950804,no2,127.44,2019-07-17T18:15:00+00:00
5548,12.9135218,77.5950804,no2,0.0,2019-07-17T18:30:00+00:00
5548,12.9135218,77.5950804,so2,8.58,2019-07-16T18:45:00+00:00
5548,12.9135218,77.5950804,so2,7.31,2019-07-16T19:00:00+00:00
5548,12.9135218,77.5950804,so2,6.99,2019-07-16T19:15:00+00:00
5548,12.9135218,77.5950804,so2,6.97,2019-07-16T19:30:00+00:00
5548,12.9135218,77.5950804,so2,6.56,2019-07-16T19:45:00+00:00
5548,12.9135218,77.5950804,so2,5.01,2019-07-16T20:00:00+00:00
5548,12.9135218,77.5950804,so2,5.52,2019-07-16T20:15:00+00:00
5548,12.9135218,77.5950804,so2,3.42,2019-07-16T20:30:00+00:00
5548,12.9135218,77.5950804,so2,2.13,2019-07-16T20:45:00+00:00
5548,12.9135218,77.5950804,so2,2.0,2019-07-16T21:00:00+00:00
5548,12.9135218,77.5950804,so2,2.07,2019-07-16T21:15:00+00:00
5548,12.9135218,77.5950804,so2,4.82,2019-07-16T21:30:00+00:00
5548,12.9135218,77.5950804,so2,4.91,2019-07-16T21:45:00+00:00
5548,12.9135218,77.5950804,so2,4.15,2019-07-16T22:00:00+00:00
5548,12.9135218,77.5950804,so2,5.08,2019-07-16T22:15:00+00:00
5548,12.9135218,77.5950804,so2,8.52,2019-07-16T22:30:00+00:00
5548,12.9135218,77.5950804,so2,10.13,2019-07-16T22:45:00+00:00
5548,12.9135218,77.5950804,so2,9.77,2019-07-16T23:00:00+00:00
5548,12.9135218,77.5950804,so2,8.86,2019-07-16T23:15:00+00:00
5548,12.9135218,77.5950804,so2,5.62,2019-07-16T23:30:00+00:00
5548,12.9135218,77.5950804,so2,4.24,2019-07-16T23:45:00+00:00
5548,12.9135218,77.5950804,so2,3.31,2019-07-17T00:00:00+00:00
5548,12.9135218,77.5950804,so2,3.33,2019-07-17T00:15:00+00:00
5548,12.9135218,77.5950804,so2,3.12,2019-07-17T00:30:00+00:00
5548,12.9135218,77.5950804,so2,2.95,2019-07-17T00:45:00+00:00
5548,12.9135218,77.5950804,so2,2.04,2019-07-17T01:00:00+00:00
5548,12.9135218,77.5950804,so2,2.28,2019-07-17T01:15:00+00:00
5548,12.9135218,77.5950804,so2,9.47,2019-07-17T01:30:00+00:00
5548,12.9135218,77.5950804,so2,10.22,2019-07-17T01:45:00+00:00
5548,12.9135218,77.5950804,so2,8.82,2019-07-17T02:00:00+00:00
5548,12.9135218,77.5950804,so2,11.65,2019-07-17T02:15:00+00:00
5548,12.9135218,77.5950804,so2,4.82,2019-07-17T02:30:00+00:00
5548,12.9135218,77.5950804,so2,2.56,2019-07-17T02:45:00+00:00
5548,12.9135218,77.5950804,so2,2.32,2019-07-17T03:00:00+00:00
5548,12.9135218,77.5950804,so2,2.78,2019-07-17T03:15:00+00:00
5548,12.9135218,77.5950804,so2,3.2,2019-07-17T03:30:00+00:00
5548,12.9135218,77.5950804,so2,3.36,2019-07-17T03:45:00+00:00
5548,12.9135218,77.5950804,so2,3.9,2019-07-17T04:00:00+00:00
5548,12.9135218,77.5950804,so2,5.8,2019-07-17T04:15:00+00:00
5548,12.9135218,77.5950804,so2,3.2,2019-07-17T04:30:00+00:00
5548,12.9135218,77.5950804,so2,2.0,2019-07-17T04:45:00+00:00
5548,12.9135218,77.5950804,so2,2.21,2019-07-17T05:00:00+00:00
5548,12.9135218,77.5950804,so2,2.0,2019-07-17T05:15:00+00:00
5548,12.9135218,77.5950804,so2,4.1,2019-07-17T05:30:00+00:00
5548,12.9135218,77.5950804,so2,3.95,2019-07-17T05:45:00+00:00
5548,12.9135218,77.5950804,so2,2.75,2019-07-17T06:00:00+00:00
5548,12.9135218,77.5950804,so2,2.44,2019-07-17T06:15:00+00:00
5548,12.9135218,77.5950804,so2,3.16,2019-07-17T06:30:00+00:00
5548,12.9135218,77.5950804,so2,3.73,2019-07-17T06:45:00+00:00
5548,12.9135218,77.5950804,so2,3.46,2019-07-17T07:00:00+00:00
5548,12.9135218,77.5950804,so2,5.25,2019-07-17T07:15:00+00:00
5548,12.9135218,77.5950804,so2,3.7,2019-07-17T07:30:00+00:00
5548,12.9135218,77.5950804,so2,4.41,2019-07-17T07:45:00+00:00
5548,12.9135218,77.5950804,so2,6.66,2019-07-17T08:00:00+00:00
5548,12.9135218,77.5950804,so2,5.68,2019-07-17T08:15:00+00:00
5548,12.9135218,77.5950804,so2,4.37,2019-07-17T08:30:00+00:00
5548,12.9135218,77.5950804,so2,2.82,2019-07-17T08:45:00+00:00
5548,12.9135218,77.5950804,so2,4.36,2019-07-17T09:00:00+00:00
5548,12.9135218,77.5950804,so2,4.95,2019-07-17T09:15:00+00:00
5548,12.9135218,77.5950804,so2,4.25,2019-07-17T09:30:00+00:00
5548,12.9135218,77.5950804,so2,5.82,2019-07-17T09:45:00+00:00
5548,12.9135218,77.5950804,so2,6.92,2019-07-17T10:00:00+00:00
5548,12.9135218,77.5950804,so2,5.52,2019-07-17T10:15:00+00:00
5548,12.9135218,77.5950804,so2,5.74,2019-07-17T10:30:00+00:00
5548,12.9135218,77.5950804,so2,5.9,2019-07-17T10:45:00+00:00
5548,12.9135218,77.5950804,so2,6.87,2019-07-17T11:00:00+00:00
5548,12.9135218,77.5950804,so2,7.5,2019-07-17T11:15:00+00:00
5548,12.9135218,77.5950804,so2,4.12,2019-07-17T12:00:00+00:00
5548,12.9135218,77.5950804,so2,3.59,2019-07-17T12:15:00+00:00
5548,12.9135218,77.5950804,so2,3.53,2019-07-17T12:30:00+00:00
5548,12.9135218,77.5950804,so2,2.61,2019-07-17T12:45:00+00:00
5548,12.9135218,77.5950804,so2,2.75,2019-07-17T13:00:00+00:00
5548,12.9135218,77.5950804,so2,3.3,2019-07-17T13:15:00+00:00
5548,12.9135218,77.5950804,so2,3.05,2019-07-17T13:30:00+00:00
5548,12.9135218,77.5950804,so2,8.61,2019-07-17T14:15:00+00:00
5548,12.9135218,77.5950804,so2,6.68,2019-07-17T14:30:00+00:00
5548,12.9135218,77.5950804,so2,3.77,2019-07-17T14:45:00+00:00
5548,12.9135218,77.5950804,so2,3.69,2019-07-17T15:00:00+00:00
5548,12.9135218,77.5950804,so2,3.98,2019-07-17T15:15:00+00:00
5548,12.9135218,77.5950804,so2,8.68,2019-07-17T15:30:00+00:00
5548,12.9135218,77.5950804,so2,4.56,2019-07-17T15:45:00+00:00
5548,12.9135218,77.5950804,so2,3.19,2019-07-17T16:00:00+00:00
5548,12.9135218,77.5950804,so2,3.23,2019-07-17T16:15:00+00:00
5548,12.9135218,77.5950804,so2,3.94,2019-07-17T16:30:00+00:00
5548,12.9135218,77.5950804,so2,3.2,2019-07-17T16:45:00+00:00
5548,12.9135218,77.5950804,so2,3.59,2019-07-17T17:00:00+00:00
5548,12.9135218,77.5950804,so2,3.09,2019-07-17T17:15:00+00:00
5548,12.9135218,77.5950804,so2,3.86,2019-07-17T17:30:00+00:00
5548,12.9135218,77.5950804,so2,0.0,2019-07-17T18:30:00+00:00
5548,12.9135218,77.5950804,pm25,7.82,2019-07-17T18:45:00+00:00
5548,12.9135218,77.5950804,pm25,5.68,2019-07-17T19:00:00+00:00
5548,12.9135218,77.5950804,pm25,5.68,2019-07-17T19:15:00+00:00
5548,12.9135218,77.5950804,pm25,5.68,2019-07-17T19:30:00+00:00
5548,12.9135218,77.5950804,pm25,17.82,2019-07-17T19:45:00+00:00
5548,12.9135218,77.5950804,pm25,18.69,2019-07-17T20:00:00+00:00
5548,12.9135218,77.5950804,pm25,18.69,2019-07-17T20:15:00+00:00
5548,12.9135218,77.5950804,pm25,18.69,2019-07-17T20:30:00+00:00
5548,12.9135218,77.5950804,pm25,19.81,2019-07-17T20:45:00+00:00
5548,12.9135218,77.5950804,pm25,19.89,2019-07-17T21:00:00+00:00
5548,12.9135218,77.5950804,pm25,19.89,2019-07-17T21:15:00+00:00
5548,12.9135218,77.5950804,pm25,19.89,2019-07-17T21:30:00+00:00
5548,12.9135218,77.5950804,pm25,24.09,2019-07-17T21:45:00+00:00
5548,12.9135218,77.5950804,pm25,24.39,2019-07-17T22:00:00+00:00
5548,12.9135218,77.5950804,pm25,24.39,2019-07-17T22:15:00+00:00
5548,12.9135218,77.5950804,pm25,24.39,2019-07-17T22:30:00+00:00
5548,12.9135218,77.5950804,pm25,18.65,2019-07-17T22:45:00+00:00
5548,12.9135218,77.5950804,pm25,18.24,2019-07-17T23:00:00+00:00
5548,12.9135218,77.5950804,pm25,18.24,2019-07-17T23:15:00+00:00
5548,12.9135218,77.5950804,pm25,18.24,2019-07-17T23:30:00+00:00
5548,12.9135218,77.5950804,pm25,28.3,2019-07-17T23:45:00+00:00
5548,12.9135218,77.5950804,pm25,29.02,2019-07-18T00:00:00+00:00
5548,12.9135218,77.5950804,pm25,29.02,2019-07-18T00:15:00+00:00
5548,12.9135218,77.5950804,pm25,29.02,2019-07-18T00:30:00+00:00
5548,12.9135218,77.5950804,pm25,24.72,2019-07-18T01:00:00+00:00
5548,12.9135218,77.5950804,pm25,24.72,2019-07-18T01:15:00+00:00
5548,12.9135218,77.5950804,pm25,24.72,2019-07-18T01:30:00+00:00
5548,12.9135218,77.5950804,pm25,11.21,2019-07-18T01:45:00+00:00
5548,12.9135218,77.5950804,pm25,9.9,2019-07-18T02:00:00+00:00
5548,12.9135218,77.5950804,pm25,9.9,2019-07-18T02:15:00+00:00
5548,12.9135218,77.5950804,pm25,9.9,2019-07-18T02:30:00+00:00
5548,12.9135218,77.5950804,pm25,28.02,2019-07-18T02:45:00+00:00
5548,12.9135218,77.5950804,pm25,29.79,2019-07-18T03:00:00+00:00
5548,12.9135218,77.5950804,pm25,29.79,2019-07-18T03:15:00+00:00
5548,12.9135218,77.5950804,pm25,29.79,2019-07-18T03:30:00+00:00
5548,12.9135218,77.5950804,pm25,43.32,2019-07-18T03:45:00+00:00
5548,12.9135218,77.5950804,pm25,44.64,2019-07-18T04:00:00+00:00
5548,12.9135218,77.5950804,pm25,44.64,2019-07-18T04:15:00+00:00
5548,12.9135218,77.5950804,pm25,44.64,2019-07-18T04:30:00+00:00
5548,12.9135218,77.5950804,pm25,51.33,2019-07-18T04:45:00+00:00
5548,12.9135218,77.5950804,pm25,51.99,2019-07-18T05:00:00+00:00
5548,12.9135218,77.5950804,pm25,51.99,2019-07-18T05:15:00+00:00
5548,12.9135218,77.5950804,pm25,51.99,2019-07-18T05:30:00+00:00
5548,12.9135218,77.5950804,pm25,42.01,2019-07-18T05:45:00+00:00
5548,12.9135218,77.5950804,pm25,41.04,2019-07-18T06:00:00+00:00
5548,12.9135218,77.5950804,pm25,41.04,2019-07-18T06:15:00+00:00
5548,12.9135218,77.5950804,pm25,41.04,2019-07-18T06:30:00+00:00
5548,12.9135218,77.5950804,pm25,37.95,2019-07-18T06:45:00+00:00
5548,12.9135218,77.5950804,pm25,37.65,2019-07-18T07:00:00+00:00
5548,12.9135218,77.5950804,pm25,37.65,2019-07-18T07:15:00+00:00
5548,12.9135218,77.5950804,pm25,37.65,2019-07-18T07:30:00+00:00
5548,12.9135218,77.5950804,pm25,39.7,2019-07-18T07:45:00+00:00
5548,12.9135218,77.5950804,pm25,39.96,2019-07-18T08:00:00+00:00
5548,12.9135218,77.5950804,pm25,39.96,2019-07-18T08:15:00+00:00
5548,12.9135218,77.5950804,pm25,39.96,2019-07-18T08:30:00+00:00
5548,12.9135218,77.5950804,pm25,45.18,2019-07-18T08:45:00+00:00
5548,12.9135218,77.5950804,pm25,45.84,2019-07-18T09:00:00+00:00
5548,12.9135218,77.5950804,pm25,45.84,2019-07-18T09:15:00+00:00
5548,12.9135218,77.5950804,pm25,45.84,2019-07-18T09:30:00+00:00
5548,12.9135218,77.5950804,pm25,31.06,2019-07-18T09:45:00+00:00
5548,12.9135218,77.5950804,pm25,29.01,2019-07-18T10:00:00+00:00
5548,12.9135218,77.5950804,pm25,29.01,2019-07-18T10:15:00+00:00
5548,12.9135218,77.5950804,pm25,29.01,2019-07-18T10:30:00+00:00
5548,12.9135218,77.5950804,pm25,46.54,2019-07-18T10:45:00+00:00
5548,12.9135218,77.5950804,pm25,48.73,2019-07-18T11:00:00+00:00
5548,12.9135218,77.5950804,pm25,48.73,2019-07-18T11:15:00+00:00
5548,12.9135218,77.5950804,pm25,48.73,2019-07-18T11:30:00+00:00
5548,12.9135218,77.5950804,pm25,36.36,2019-07-18T11:45:00+00:00
5548,12.9135218,77.5950804,pm25,34.81,2019-07-18T12:00:00+00:00
5548,12.9135218,77.5950804,pm25,34.81,2019-07-18T12:15:00+00:00
5548,12.9135218,77.5950804,pm25,34.81,2019-07-18T12:30:00+00:00
5548,12.9135218,77.5950804,pm25,42.46,2019-07-18T12:45:00+00:00
5548,12.9135218,77.5950804,pm25,43.42,2019-07-18T13:00:00+00:00
5548,12.9135218,77.5950804,pm25,43.42,2019-07-18T13:15:00+00:00
5548,12.9135218,77.5950804,pm25,43.42,2019-07-18T13:30:00+00:00
5548,12.9135218,77.5950804,pm25,45.19,2019-07-18T13:45:00+00:00
5548,12.9135218,77.5950804,pm25,45.42,2019-07-18T14:00:00+00:00
5548,12.9135218,77.5950804,pm25,45.42,2019-07-18T14:15:00+00:00
5548,12.9135218,77.5950804,pm25,45.42,2019-07-18T14:30:00+00:00
5548,12.9135218,77.5950804,pm25,66.71,2019-07-18T14:45:00+00:00
5548,12.9135218,77.5950804,pm25,69.37,2019-07-18T15:00:00+00:00
5548,12.9135218,77.5950804,pm25,69.37,2019-07-18T15:15:00+00:00
5548,12.9135218,77.5950804,pm25,69.37,2019-07-18T15:30:00+00:00
5548,12.9135218,77.5950804,pm25,58.61,2019-07-18T15:45:00+00:00
5548,12.9135218,77.5950804,pm25,57.27,2019-07-18T16:00:00+00:00
5548,12.9135218,77.5950804,pm25,57.27,2019-07-18T16:15:00+00:00
5548,12.9135218,77.5950804,pm25,57.27,2019-07-18T16:30:00+00:00
5548,12.9135218,77.5950804,pm25,61.27,2019-07-18T16:45:00+00:00
5548,12.9135218,77.5950804,pm25,61.77,2019-07-18T17:00:00+00:00
5548,12.9135218,77.5950804,pm25,61.77,2019-07-18T17:15:00+00:00
5548,12.9135218,77.5950804,pm25,61.77,2019-07-18T17:30:00+00:00
5548,12.9135218,77.5950804,pm25,39.08,2019-07-18T17:45:00+00:00
5548,12.9135218,77.5950804,pm25,35.92,2019-07-18T18:00:00+00:00
5548,12.9135218,77.5950804,pm25,35.92,2019-07-18T18:15:00+00:00
5548,12.9135218,77.5950804,pm25,35.92,2019-07-18T18:30:00+00:00
5548,12.9135218,77.5950804,co,3.24,2019-07-17T18:45:00+00:00
5548,12.9135218,77.5950804,co,0.17,2019-07-17T19:00:00+00:00
5548,12.9135218,77.5950804,co,0.02,2019-07-17T19:15:00+00:00
5548,12.9135218,77.5950804,co,0.01,2019-07-17T19:30:00+00:00
5548,12.9135218,77.5950804,co,0.02,2019-07-17T19:45:00+00:00
5548,12.9135218,77.5950804,co,0.36,2019-07-17T20:00:00+00:00
5548,12.9135218,77.5950804,co,0.3,2019-07-17T20:15:00+00:00
5548,12.9135218,77.5950804,co,0.3,2019-07-17T20:30:00+00:00
5548,12.9135218,77.5950804,co,0.37,2019-07-17T20:45:00+00:00
5548,12.9135218,77.5950804,co,0.57,2019-07-17T21:00:00+00:00
5548,12.9135218,77.5950804,co,0.65,2019-07-17T21:15:00+00:00
5548,12.9135218,77.5950804,co,0.57,2019-07-17T21:30:00+00:00
5548,12.9135218,77.5950804,co,0.49,2019-07-17T21:45:00+00:00
5548,12.9135218,77.5950804,co,0.77,2019-07-17T22:00:00+00:00
5548,12.9135218,77.5950804,co,0.81,2019-07-17T22:15:00+00:00
5548,12.9135218,77.5950804,co,0.67,2019-07-17T22:30:00+00:00
5548,12.9135218,77.5950804,co,0.81,2019-07-17T22:45:00+00:00
5548,12.9135218,77.5950804,co,0.45,2019-07-17T23:00:00+00:00
5548,12.9135218,77.5950804,co,0.57,2019-07-17T23:15:00+00:00
5548,12.9135218,77.5950804,co,0.52,2019-07-17T23:30:00+00:00
5548,12.9135218,77.5950804,co,0.57,2019-07-17T23:45:00+00:00
5548,12.9135218,77.5950804,co,0.85,2019-07-18T00:00:00+00:00
5548,12.9135218,77.5950804,co,0.96,2019-07-18T00:15:00+00:00
5548,12.9135218,77.5950804,co,0.89,2019-07-18T00:30:00+00:00
5548,12.9135218,77.5950804,co,1.68,2019-07-18T01:00:00+00:00
5548,12.9135218,77.5950804,co,1.17,2019-07-18T01:15:00+00:00
5548,12.9135218,77.5950804,co,1.18,2019-07-18T01:30:00+00:00
5548,12.9135218,77.5950804,co,0.91,2019-07-18T01:45:00+00:00
5548,12.9135218,77.5950804,co,0.72,2019-07-18T02:00:00+00:00
5548,12.9135218,77.5950804,co,0.78,2019-07-18T02:15:00+00:00
5548,12.9135218,77.5950804,co,1.06,2019-07-18T02:30:00+00:00
5548,12.9135218,77.5950804,co,0.73,2019-07-18T02:45:00+00:00
5548,12.9135218,77.5950804,co,1.24,2019-07-18T03:00:00+00:00
5548,12.9135218,77.5950804,co,1.07,2019-07-18T03:15:00+00:00
5548,12.9135218,77.5950804,co,1.48,2019-07-18T03:30:00+00:00
5548,12.9135218,77.5950804,co,1.17,2019-07-18T03:45:00+00:00
5548,12.9135218,77.5950804,co,1.07,2019-07-18T04:00:00+00:00
5548,12.9135218,77.5950804,co,1.08,2019-07-18T04:15:00+00:00
5548,12.9135218,77.5950804,co,1.16,2019-07-18T04:30:00+00:00
5548,12.9135218,77.5950804,co,1.22,2019-07-18T04:45:00+00:00
5548,12.9135218,77.5950804,co,1.05,2019-07-18T05:00:00+00:00
5548,12.9135218,77.5950804,co,1.06,2019-07-18T05:15:00+00:00
5548,12.9135218,77.5950804,co,0.99,2019-07-18T05:30:00+00:00
5548,12.9135218,77.5950804,co,1.16,2019-07-18T05:45:00+00:00
5548,12.9135218,77.5950804,co,0.9,2019-07-18T06:00:00+00:00
5548,12.9135218,77.5950804,co,1.06,2019-07-18T06:15:00+00:00
5548,12.9135218,77.5950804,co,0.95,2019-07-18T06:30:00+00:00
5548,12.9135218,77.5950804,co,1.03,2019-07-18T06:45:00+00:00
5548,12.9135218,77.5950804,co,0.9,2019-07-18T07:00:00+00:00
5548,12.9135218,77.5950804,co,1.12,2019-07-18T07:15:00+00:00
5548,12.9135218,77.5950804,co,1.13,2019-07-18T07:30:00+00:00
5548,12.9135218,77.5950804,co,1.26,2019-07-18T07:45:00+00:00
5548,12.9135218,77.5950804,co,0.92,2019-07-18T08:00:00+00:00
5548,12.9135218,77.5950804,co,1.1,2019-07-18T08:15:00+00:00
5548,12.9135218,77.5950804,co,0.77,2019-07-18T08:30:00+00:00
5548,12.9135218,77.5950804,co,0.58,2019-07-18T08:45:00+00:00
5548,12.9135218,77.5950804,co,0.48,2019-07-18T09:00:00+00:00
5548,12.9135218,77.5950804,co,0.42,2019-07-18T09:15:00+00:00
5548,12.9135218,77.5950804,co,1.0,2019-07-18T09:30:00+00:00
5548,12.9135218,77.5950804,co,1.42,2019-07-18T09:45:00+00:00
5548,12.9135218,77.5950804,co,0.68,2019-07-18T10:00:00+00:00
5548,12.9135218,77.5950804,co,0.67,2019-07-18T10:15:00+00:00
5548,12.9135218,77.5950804,co,0.67,2019-07-18T10:30:00+00:00
5548,12.9135218,77.5950804,co,0.85,2019-07-18T10:45:00+00:00
5548,12.9135218,77.5950804,co,0.96,2019-07-18T11:00:00+00:00
5548,12.9135218,77.5950804,co,0.98,2019-07-18T11:15:00+00:00
5548,12.9135218,77.5950804,co,0.68,2019-07-18T11:30:00+00:00
5548,12.9135218,77.5950804,co,0.77,2019-07-18T11:45:00+00:00
5548,12.9135218,77.5950804,co,0.71,2019-07-18T12:00:00+00:00
5548,12.9135218,77.5950804,co,0.9,2019-07-18T12:15:00+00:00
5548,12.9135218,77.5950804,co,0.82,2019-07-18T12:30:00+00:00
5548,12.9135218,77.5950804,co,0.74,2019-07-18T12:45:00+00:00
5548,12.9135218,77.5950804,co,0.91,2019-07-18T13:00:00+00:00
5548,12.9135218,77.5950804,co,1.02,2019-07-18T13:15:00+00:00
5548,12.9135218,77.5950804,co,1.29,2019-07-18T13:30:00+00:00
5548,12.9135218,77.5950804,co,1.27,2019-07-18T13:45:00+00:00
5548,12.9135218,77.5950804,co,1.64,2019-07-18T14:00:00+00:00
5548,12.9135218,77.5950804,co,1.6,2019-07-18T14:15:00+00:00
5548,12.9135218,77.5950804,co,1.78,2019-07-18T14:30:00+00:00
5548,12.9135218,77.5950804,co,1.58,2019-07-18T14:45:00+00:00
5548,12.9135218,77.5950804,co,1.19,2019-07-18T15:00:00+00:00
5548,12.9135218,77.5950804,co,1.23,2019-07-18T15:15:00+00:00
5548,12.9135218,77.5950804,co,1.32,2019-07-18T15:30:00+00:00
5548,12.9135218,77.5950804,co,1.44,2019-07-18T15:45:00+00:00
5548,12.9135218,77.5950804,co,0.83,2019-07-18T16:00:00+00:00
5548,12.9135218,77.5950804,co,0.88,2019-07-18T16:15:00+00:00
5548,12.9135218,77.5950804,co,0.85,2019-07-18T16:30:00+00:00
5548,12.9135218,77.5950804,co,0.88,2019-07-18T16:45:00+00:00
5548,12.9135218,77.5950804,co,0.5,2019-07-18T17:00:00+00:00
5548,12.9135218,77.5950804,co,0.72,2019-07-18T17:15:00+00:00
5548,12.9135218,77.5950804,co,0.93,2019-07-18T17:30:00+00:00
5548,12.9135218,77.5950804,co,1.11,2019-07-18T17:45:00+00:00
5548,12.9135218,77.5950804,co,0.44,2019-07-18T18:00:00+00:00
5548,12.9135218,77.5950804,co,0.45,2019-07-18T18:15:00+00:00
5548,12.9135218,77.5950804,co,0.47,2019-07-18T18:30:00+00:00
5548,12.9135218,77.5950804,no2,17.76,2019-07-17T18:45:00+00:00
5548,12.9135218,77.5950804,no2,20.82,2019-07-17T19:00:00+00:00
5548,12.9135218,77.5950804,no2,18.1,2019-07-17T19:15:00+00:00
5548,12.9135218,77.5950804,no2,13.72,2019-07-17T19:30:00+00:00
5548,12.9135218,77.5950804,no2,12.91,2019-07-17T19:45:00+00:00
5548,12.9135218,77.5950804,no2,13.71,2019-07-17T20:00:00+00:00
5548,12.9135218,77.5950804,no2,11.6,2019-07-17T20:15:00+00:00
5548,12.9135218,77.5950804,no2,10.42,2019-07-17T20:30:00+00:00
5548,12.9135218,77.5950804,no2,11.76,2019-07-17T20:45:00+00:00
5548,12.9135218,77.5950804,no2,11.84,2019-07-17T21:00:00+00:00
5548,12.9135218,77.5950804,no2,10.39,2019-07-17T21:15:00+00:00
5548,12.9135218,77.5950804,no2,10.43,2019-07-17T21:30:00+00:00
5548,12.9135218,77.5950804,no2,11.5,2019-07-17T21:45:00+00:00
5548,12.9135218,77.5950804,no2,10.99,2019-07-17T22:00:00+00:00
5548,12.9135218,77.5950804,no2,12.99,2019-07-17T22:15:00+00:00
5548,12.9135218,77.5950804,no2,12.47,2019-07-17T22:30:00+00:00
5548,12.9135218,77.5950804,no2,13.0,2019-07-17T22:45:00+00:00
5548,12.9135218,77.5950804,no2,12.06,2019-07-17T23:00:00+00:00
5548,12.9135218,77.5950804,no2,10.74,2019-07-17T23:15:00+00:00
5548,12.9135218,77.5950804,no2,13.38,2019-07-17T23:30:00+00:00
5548,12.9135218,77.5950804,no2,12.35,2019-07-17T23:45:00+00:00
5548,12.9135218,77.5950804,no2,13.1,2019-07-18T00:00:00+00:00
5548,12.9135218,77.5950804,no2,13.43,2019-07-18T00:15:00+00:00
5548,12.9135218,77.5950804,no2,15.61,2019-07-18T00:30:00+00:00
5548,12.9135218,77.5950804,no2,15.18,2019-07-18T01:00:00+00:00
5548,12.9135218,77.5950804,no2,20.42,2019-07-18T01:15:00+00:00
5548,12.9135218,77.5950804,no2,22.22,2019-07-18T01:30:00+00:00
5548,12.9135218,77.5950804,no2,22.72,2019-07-18T01:45:00+00:00
5548,12.9135218,77.5950804,no2,22.33,2019-07-18T02:00:00+00:00
5548,12.9135218,77.5950804,no2,23.62,2019-07-18T02:15:00+00:00
5548,12.9135218,77.5950804,no2,28.51,2019-07-18T02:30:00+00:00
5548,12.9135218,77.5950804,no2,25.16,2019-07-18T02:45:00+00:00
5548,12.9135218,77.5950804,no2,32.49,2019-07-18T03:00:00+00:00
5548,12.9135218,77.5950804,no2,24.97,2019-07-18T03:15:00+00:00
5548,12.9135218,77.5950804,no2,29.76,2019-07-18T03:30:00+00:00
5548,12.9135218,77.5950804,no2,30.42,2019-07-18T03:45:00+00:00
5548,12.9135218,77.5950804,no2,28.06,2019-07-18T04:00:00+00:00
5548,12.9135218,77.5950804,no2,30.13,2019-07-18T04:15:00+00:00
5548,12.9135218,77.5950804,no2,28.05,2019-07-18T04:30:00+00:00
5548,12.9135218,77.5950804,no2,31.35,2019-07-18T04:45:00+00:00
5548,12.9135218,77.5950804,no2,30.62,2019-07-18T05:00:00+00:00
5548,12.9135218,77.5950804,no2,32.2,2019-07-18T05:15:00+00:00
5548,12.9135218,77.5950804,no2,28.19,2019-07-18T05:30:00+00:00
5548,12.9135218,77.5950804,no2,31.2,2019-07-18T05:45:00+00:00
5548,12.9135218,77.5950804,no2,25.61,2019-07-18T06:00:00+00:00
5548,12.9135218,77.5950804,no2,29.03,2019-07-18T06:15:00+00:00
5548,12.9135218,77.5950804,no2,30.01,2019-07-18T06:30:00+00:00
5548,12.9135218,77.5950804,no2,28.99,2019-07-18T06:45:00+00:00
5548,12.9135218,77.5950804,no2,33.39,2019-07-18T07:00:00+00:00
5548,12.9135218,77.5950804,no2,31.45,2019-07-18T07:15:00+00:00
5548,12.9135218,77.5950804,no2,32.99,2019-07-18T07:30:00+00:00
5548,12.9135218,77.5950804,no2,31.79,2019-07-18T07:45:00+00:00
5548,12.9135218,77.5950804,no2,36.99,2019-07-18T08:00:00+00:00
5548,12.9135218,77.5950804,no2,38.39,2019-07-18T08:15:00+00:00
5548,12.9135218,77.5950804,no2,29.04,2019-07-18T08:30:00+00:00
5548,12.9135218,77.5950804,no2,34.34,2019-07-18T08:45:00+00:00
5548,12.9135218,77.5950804,no2,31.63,2019-07-18T09:00:00+00:00
5548,12.9135218,77.5950804,no2,36.95,2019-07-18T09:15:00+00:00
5548,12.9135218,77.5950804,no2,29.81,2019-07-18T09:30:00+00:00
5548,12.9135218,77.5950804,no2,31.28,2019-07-18T09:45:00+00:00
5548,12.9135218,77.5950804,no2,31.92,2019-07-18T10:00:00+00:00
5548,12.9135218,77.5950804,no2,33.72,2019-07-18T10:15:00+00:00
5548,12.9135218,77.5950804,no2,37.18,2019-07-18T10:30:00+00:00
5548,12.9135218,77.5950804,no2,38.27,2019-07-18T10:45:00+00:00
5548,12.9135218,77.5950804,no2,45.73,2019-07-18T11:00:00+00:00
5548,12.9135218,77.5950804,no2,47.04,2019-07-18T11:15:00+00:00
5548,12.9135218,77.5950804,no2,27.9,2019-07-18T11:30:00+00:00
5548,12.9135218,77.5950804,no2,33.81,2019-07-18T11:45:00+00:00
5548,12.9135218,77.5950804,no2,34.78,2019-07-18T12:00:00+00:00
5548,12.9135218,77.5950804,no2,39.95,2019-07-18T12:15:00+00:00
5548,12.9135218,77.5950804,no2,36.57,2019-07-18T12:30:00+00:00
5548,12.9135218,77.5950804,no2,37.19,2019-07-18T12:45:00+00:00
5548,12.9135218,77.5950804,no2,37.4,2019-07-18T13:00:00+00:00
5548,12.9135218,77.5950804,no2,39.14,2019-07-18T13:15:00+00:00
5548,12.9135218,77.5950804,no2,48.55,2019-07-18T13:30:00+00:00
5548,12.9135218,77.5950804,no2,56.97,2019-07-18T13:45:00+00:00
5548,12.9135218,77.5950804,no2,61.62,2019-07-18T14:00:00+00:00
5548,12.9135218,77.5950804,no2,60.54,2019-07-18T14:15:00+00:00
5548,12.9135218,77.5950804,no2,57.24,2019-07-18T14:30:00+00:00
5548,12.9135218,77.5950804,no2,52.17,2019-07-18T14:45:00+00:00
5548,12.9135218,77.5950804,no2,48.2,2019-07-18T15:00:00+00:00
5548,12.9135218,77.5950804,no2,46.64,2019-07-18T15:15:00+00:00
5548,12.9135218,77.5950804,no2,49.24,2019-07-18T15:30:00+00:00
5548,12.9135218,77.5950804,no2,43.22,2019-07-18T15:45:00+00:00
5548,12.9135218,77.5950804,no2,24.87,2019-07-18T16:00:00+00:00
5548,12.9135218,77.5950804,no2,14.71,2019-07-18T16:15:00+00:00
5548,12.9135218,77.5950804,no2,13.63,2019-07-18T16:30:00+00:00
5548,12.9135218,77.5950804,no2,19.17,2019-07-18T16:45:00+00:00
5548,12.9135218,77.5950804,no2,16.81,2019-07-18T17:00:00+00:00
5548,12.9135218,77.5950804,no2,17.0,2019-07-18T17:15:00+00:00
5548,12.9135218,77.5950804,no2,19.81,2019-07-18T17:30:00+00:00
5548,12.9135218,77.5950804,no2,24.45,2019-07-18T17:45:00+00:00
5548,12.9135218,77.5950804,no2,13.23,2019-07-18T18:00:00+00:00
5548,12.9135218,77.5950804,no2,11.97,2019-07-18T18:15:00+00:00
5548,12.9135218,77.5950804,no2,13.83,2019-07-18T18:30:00+00:00
5548,12.9135218,77.5950804,so2,4.29,2019-07-17T19:00:00+00:00
5548,12.9135218,77.5950804,so2,3.75,2019-07-17T19:15:00+00:00
5548,12.9135218,77.5950804,so2,3.5,2019-07-17T19:30:00+00:00
5548,12.9135218,77.5950804,so2,2.42,2019-07-17T19:45:00+00:00
5548,12.9135218,77.5950804,so2,2.14,2019-07-17T20:00:00+00:00
5548,12.9135218,77.5950804,so2,2.12,2019-07-17T20:15:00+00:00
5548,12.9135218,77.5950804,so2,5.45,2019-07-17T20:30:00+00:00
5548,12.9135218,77.5950804,so2,7.51,2019-07-17T20:45:00+00:00
5548,12.9135218,77.5950804,so2,7.83,2019-07-17T21:00:00+00:00
5548,12.9135218,77.5950804,so2,6.71,2019-07-17T21:15:00+00:00
5548,12.9135218,77.5950804,so2,6.35,2019-07-17T21:30:00+00:00
5548,12.9135218,77.5950804,so2,3.94,2019-07-17T21:45:00+00:00
5548,12.9135218,77.5950804,so2,4.26,2019-07-17T22:00:00+00:00
5548,12.9135218,77.5950804,so2,3.75,2019-07-17T22:15:00+00:00
5548,12.9135218,77.5950804,so2,7.92,2019-07-17T22:30:00+00:00
5548,12.9135218,77.5950804,so2,8.94,2019-07-17T22:45:00+00:00
5548,12.9135218,77.5950804,so2,4.29,2019-07-17T23:00:00+00:00
5548,12.9135218,77.5950804,so2,7.25,2019-07-17T23:15:00+00:00
5548,12.9135218,77.5950804,so2,6.36,2019-07-17T23:30:00+00:00
5548,12.9135218,77.5950804,so2,6.33,2019-07-17T23:45:00+00:00
5548,12.9135218,77.5950804,so2,6.89,2019-07-18T00:00:00+00:00
5548,12.9135218,77.5950804,so2,7.2,2019-07-18T00:15:00+00:00
5548,12.9135218,77.5950804,so2,6.3,2019-07-18T00:30:00+00:00
5548,12.9135218,77.5950804,so2,7.44,2019-07-18T01:15:00+00:00
5548,12.9135218,77.5950804,so2,6.88,2019-07-18T01:30:00+00:00
5548,12.9135218,77.5950804,so2,6.23,2019-07-18T01:45:00+00:00
5548,12.9135218,77.5950804,so2,7.63,2019-07-18T02:00:00+00:00
5548,12.9135218,77.5950804,so2,7.74,2019-07-18T02:15:00+00:00
5548,12.9135218,77.5950804,so2,6.83,2019-07-18T02:30:00+00:00
5548,12.9135218,77.5950804,so2,2.54,2019-07-18T02:45:00+00:00
5548,12.9135218,77.5950804,so2,4.24,2019-07-18T03:00:00+00:00
5548,12.9135218,77.5950804,so2,4.59,2019-07-18T03:15:00+00:00
5548,12.9135218,77.5950804,so2,7.0,2019-07-18T03:30:00+00:00
5548,12.9135218,77.5950804,so2,7.51,2019-07-18T03:45:00+00:00
5548,12.9135218,77.5950804,so2,6.37,2019-07-18T04:00:00+00:00
5548,12.9135218,77.5950804,so2,5.21,2019-07-18T04:15:00+00:00
5548,12.9135218,77.5950804,so2,6.21,2019-07-18T04:30:00+00:00
5548,12.9135218,77.5950804,so2,2.58,2019-07-18T04:45:00+00:00
5548,12.9135218,77.5950804,so2,2.0,2019-07-18T05:00:00+00:00
5548,12.9135218,77.5950804,so2,2.0,2019-07-18T05:15:00+00:00
5548,12.9135218,77.5950804,so2,3.16,2019-07-18T05:30:00+00:00
5548,12.9135218,77.5950804,so2,3.15,2019-07-18T05:45:00+00:00
5548,12.9135218,77.5950804,so2,3.94,2019-07-18T06:00:00+00:00
5548,12.9135218,77.5950804,so2,2.4,2019-07-18T06:15:00+00:00
5548,12.9135218,77.5950804,so2,5.12,2019-07-18T06:30:00+00:00
5548,12.9135218,77.5950804,so2,3.09,2019-07-18T06:45:00+00:00
5548,12.9135218,77.5950804,so2,3.58,2019-07-18T07:00:00+00:00
5548,12.9135218,77.5950804,so2,3.28,2019-07-18T07:15:00+00:00
5548,12.9135218,77.5950804,so2,3.27,2019-07-18T07:30:00+00:00
5548,12.9135218,77.5950804,so2,2.25,2019-07-18T07:45:00+00:00
5548,12.9135218,77.5950804,so2,2.19,2019-07-18T08:00:00+00:00
5548,12.9135218,77.5950804,so2,2.42,2019-07-18T08:15:00+00:00
5548,12.9135218,77.5950804,so2,4.68,2019-07-18T08:30:00+00:00
5548,12.9135218,77.5950804,so2,12.67,2019-07-18T08:45:00+00:00
5548,12.9135218,77.5950804,so2,18.94,2019-07-18T09:00:00+00:00
5548,12.9135218,77.5950804,so2,20.97,2019-07-18T09:15:00+00:00
5548,12.9135218,77.5950804,so2,4.83,2019-07-18T09:30:00+00:00
5548,12.9135218,77.5950804,so2,2.0,2019-07-18T09:45:00+00:00
5548,12.9135218,77.5950804,so2,2.0,2019-07-18T10:00:00+00:00
5548,12.9135218,77.5950804,so2,2.0,2019-07-18T10:15:00+00:00
5548,12.9135218,77.5950804,so2,2.55,2019-07-18T10:30:00+00:00
5548,12.9135218,77.5950804,so2,2.32,2019-07-18T10:45:00+00:00
5548,12.9135218,77.5950804,so2,3.06,2019-07-18T11:00:00+00:00
5548,12.9135218,77.5950804,so2,2.23,2019-07-18T11:15:00+00:00
5548,12.9135218,77.5950804,so2,5.2,2019-07-18T11:30:00+00:00
5548,12.9135218,77.5950804,so2,4.5,2019-07-18T11:45:00+00:00
5548,12.9135218,77.5950804,so2,3.51,2019-07-18T12:00:00+00:00
5548,12.9135218,77.5950804,so2,4.88,2019-07-18T12:15:00+00:00
5548,12.9135218,77.5950804,so2,3.24,2019-07-18T12:30:00+00:00
5548,12.9135218,77.5950804,so2,2.35,2019-07-18T12:45:00+00:00
5548,12.9135218,77.5950804,so2,2.16,2019-07-18T13:00:00+00:00
5548,12.9135218,77.5950804,so2,2.23,2019-07-18T13:15:00+00:00
5548,12.9135218,77.5950804,so2,2.41,2019-07-18T13:30:00+00:00
5548,12.9135218,77.5950804,so2,2.42,2019-07-18T13:45:00+00:00
5548,12.9135218,77.5950804,so2,3.03,2019-07-18T14:00:00+00:00
5548,12.9135218,77.5950804,so2,3.11,2019-07-18T14:15:00+00:00
5548,12.9135218,77.5950804,so2,3.14,2019-07-18T14:30:00+00:00
5548,12.9135218,77.5950804,so2,2.44,2019-07-18T14:45:00+00:00
5548,12.9135218,77.5950804,so2,2.07,2019-07-18T15:00:00+00:00
5548,12.9135218,77.5950804,so2,2.15,2019-07-18T15:15:00+00:00
5548,12.9135218,77.5950804,so2,2.7,2019-07-18T15:30:00+00:00
5548,12.9135218,77.5950804,so2,2.02,2019-07-18T15:45:00+00:00
5548,12.9135218,77.5950804,so2,2.0,2019-07-18T16:00:00+00:00
5548,12.9135218,77.5950804,so2,2.0,2019-07-18T16:15:00+00:00
5548,12.9135218,77.5950804,so2,4.96,2019-07-18T16:30:00+00:00
5548,12.9135218,77.5950804,so2,5.41,2019-07-18T16:45:00+00:00
5548,12.9135218,77.5950804,so2,5.92,2019-07-18T17:00:00+00:00
5548,12.9135218,77.5950804,so2,2.5,2019-07-18T17:15:00+00:00
5548,12.9135218,77.5950804,so2,6.62,2019-07-18T17:30:00+00:00
5548,12.9135218,77.5950804,so2,8.61,2019-07-18T17:45:00+00:00
5548,12.9135218,77.5950804,so2,6.78,2019-07-18T18:00:00+00:00
5548,12.9135218,77.5950804,so2,4.66,2019-07-18T18:15:00+00:00
5548,12.9135218,77.5950804,so2,5.63,2019-07-18T18:30:00+00:00
5548,12.9135218,77.5950804,pm25,26.72,2019-07-18T18:45:00+00:00
5548,12.9135218,77.5950804,pm25,25.44,2019-07-18T19:00:00+00:00
5548,12.9135218,77.5950804,pm25,25.44,2019-07-18T19:15:00+00:00
5548,12.9135218,77.5950804,pm25,25.44,2019-07-18T19:30:00+00:00
5548,12.9135218,77.5950804,pm25,18.96,2019-07-18T19:45:00+00:00
5548,12.9135218,77.5950804,pm25,18.42,2019-07-18T20:00:00+00:00
5548,12.9135218,77.5950804,pm25,18.42,2019-07-18T20:15:00+00:00
5548,12.9135218,77.5950804,pm25,18.42,2019-07-18T20:30:00+00:00
5548,12.9135218,77.5950804,pm25,17.74,2019-07-18T20:45:00+00:00
5548,12.9135218,77.5950804,pm25,17.7,2019-07-18T21:00:00+00:00
5548,12.9135218,77.5950804,pm25,17.7,2019-07-18T21:15:00+00:00
5548,12.9135218,77.5950804,pm25,17.7,2019-07-18T21:30:00+00:00
5548,12.9135218,77.5950804,pm25,17.08,2019-07-18T21:45:00+00:00
5548,12.9135218,77.5950804,pm25,17.04,2019-07-18T22:00:00+00:00
5548,12.9135218,77.5950804,pm25,17.04,2019-07-18T22:15:00+00:00
5548,12.9135218,77.5950804,pm25,17.04,2019-07-18T22:30:00+00:00
5548,12.9135218,77.5950804,pm25,14.35,2019-07-18T22:45:00+00:00
5548,12.9135218,77.5950804,pm25,14.13,2019-07-18T23:00:00+00:00
5548,12.9135218,77.5950804,pm25,14.13,2019-07-18T23:15:00+00:00
5548,12.9135218,77.5950804,pm25,14.13,2019-07-18T23:30:00+00:00
5548,12.9135218,77.5950804,pm25,15.26,2019-07-18T23:45:00+00:00
5548,12.9135218,77.5950804,pm25,15.34,2019-07-19T00:00:00+00:00
5548,12.9135218,77.5950804,pm25,15.34,2019-07-19T00:15:00+00:00
5548,12.9135218,77.5950804,pm25,15.34,2019-07-19T00:30:00+00:00
5548,12.9135218,77.5950804,pm25,17.73,2019-07-19T00:45:00+00:00
5548,12.9135218,77.5950804,pm25,17.91,2019-07-19T01:00:00+00:00
5548,12.9135218,77.5950804,pm25,17.91,2019-07-19T01:15:00+00:00
5548,12.9135218,77.5950804,pm25,17.91,2019-07-19T01:30:00+00:00
5548,12.9135218,77.5950804,pm25,15.24,2019-07-19T01:45:00+00:00
5548,12.9135218,77.5950804,pm25,15.01,2019-07-19T02:00:00+00:00
5548,12.9135218,77.5950804,pm25,15.01,2019-07-19T02:15:00+00:00
5548,12.9135218,77.5950804,pm25,15.01,2019-07-19T02:30:00+00:00
5548,12.9135218,77.5950804,pm25,22.01,2019-07-19T02:45:00+00:00
5548,12.9135218,77.5950804,pm25,22.51,2019-07-19T03:00:00+00:00
5548,12.9135218,77.5950804,pm25,22.51,2019-07-19T03:15:00+00:00
5548,12.9135218,77.5950804,pm25,22.51,2019-07-19T03:30:00+00:00
5548,12.9135218,77.5950804,pm25,23.62,2019-07-19T03:45:00+00:00
5548,12.9135218,77.5950804,pm25,23.7,2019-07-19T04:00:00+00:00
5548,12.9135218,77.5950804,pm25,23.7,2019-07-19T04:15:00+00:00
5548,12.9135218,77.5950804,pm25,23.7,2019-07-19T04:30:00+00:00
5548,12.9135218,77.5950804,pm25,28.26,2019-07-19T04:45:00+00:00
5548,12.9135218,77.5950804,pm25,28.59,2019-07-19T05:00:00+00:00
5548,12.9135218,77.5950804,pm25,28.59,2019-07-19T05:15:00+00:00
5548,12.9135218,77.5950804,pm25,28.59,2019-07-19T05:30:00+00:00
5548,12.9135218,77.5950804,pm25,27.9,2019-07-19T05:45:00+00:00
5548,12.9135218,77.5950804,pm25,27.85,2019-07-19T06:15:00+00:00
5548,12.9135218,77.5950804,pm25,27.85,2019-07-19T06:30:00+00:00
5548,12.9135218,77.5950804,pm25,22.45,2019-07-19T06:45:00+00:00
5548,12.9135218,77.5950804,pm25,22.06,2019-07-19T07:00:00+00:00
5548,12.9135218,77.5950804,pm25,22.06,2019-07-19T07:15:00+00:00
5548,12.9135218,77.5950804,pm25,22.06,2019-07-19T07:30:00+00:00
5548,12.9135218,77.5950804,pm25,17.58,2019-07-19T07:45:00+00:00
5548,12.9135218,77.5950804,pm25,17.2,2019-07-19T08:00:00+00:00
5548,12.9135218,77.5950804,pm25,17.2,2019-07-19T08:15:00+00:00
5548,12.9135218,77.5950804,pm25,17.2,2019-07-19T08:30:00+00:00
5548,12.9135218,77.5950804,pm25,22.3,2019-07-19T08:45:00+00:00
5548,12.9135218,77.5950804,pm25,22.66,2019-07-19T09:00:00+00:00
5548,12.9135218,77.5950804,pm25,22.66,2019-07-19T09:15:00+00:00
5548,12.9135218,77.5950804,pm25,22.66,2019-07-19T09:30:00+00:00
5548,12.9135218,77.5950804,pm25,23.61,2019-07-19T09:45:00+00:00
5548,12.9135218,77.5950804,pm25,23.7,2019-07-19T10:00:00+00:00
5548,12.9135218,77.5950804,pm25,23.7,2019-07-19T10:15:00+00:00
5548,12.9135218,77.5950804,pm25,23.7,2019-07-19T10:30:00+00:00
5548,12.9135218,77.5950804,pm25,34.4,2019-07-19T10:45:00+00:00
5548,12.9135218,77.5950804,pm25,35.31,2019-07-19T11:00:00+00:00
5548,12.9135218,77.5950804,pm25,35.31,2019-07-19T11:15:00+00:00
5548,12.9135218,77.5950804,pm25,35.31,2019-07-19T11:30:00+00:00
5548,12.9135218,77.5950804,pm25,34.05,2019-07-19T11:45:00+00:00
5548,12.9135218,77.5950804,pm25,33.94,2019-07-19T12:00:00+00:00
5548,12.9135218,77.5950804,pm25,33.94,2019-07-19T12:15:00+00:00
5548,12.9135218,77.5950804,pm25,33.94,2019-07-19T12:30:00+00:00
5548,12.9135218,77.5950804,pm25,33.02,2019-07-19T12:45:00+00:00
5548,12.9135218,77.5950804,pm25,32.94,2019-07-19T13:00:00+00:00
5548,12.9135218,77.5950804,pm25,32.94,2019-07-19T13:15:00+00:00
5548,12.9135218,77.5950804,pm25,32.94,2019-07-19T13:30:00+00:00
5548,12.9135218,77.5950804,pm25,37.39,2019-07-19T13:45:00+00:00
5548,12.9135218,77.5950804,pm25,37.77,2019-07-19T14:00:00+00:00
5548,12.9135218,77.5950804,pm25,37.77,2019-07-19T14:15:00+00:00
5548,12.9135218,77.5950804,pm25,37.77,2019-07-19T14:30:00+00:00
5548,12.9135218,77.5950804,pm25,22.96,2019-07-19T14:45:00+00:00
5548,12.9135218,77.5950804,pm25,21.72,2019-07-19T15:00:00+00:00
5548,12.9135218,77.5950804,pm25,21.72,2019-07-19T15:15:00+00:00
5548,12.9135218,77.5950804,pm25,21.72,2019-07-19T15:30:00+00:00
5548,12.9135218,77.5950804,pm25,14.31,2019-07-19T15:45:00+00:00
5548,12.9135218,77.5950804,pm25,13.69,2019-07-19T16:00:00+00:00
5548,12.9135218,77.5950804,pm25,13.69,2019-07-19T16:15:00+00:00
5548,12.9135218,77.5950804,pm25,13.69,2019-07-19T16:30:00+00:00
5548,12.9135218,77.5950804,pm25,17.05,2019-07-19T16:45:00+00:00
5548,12.9135218,77.5950804,pm25,17.34,2019-07-19T17:00:00+00:00
5548,12.9135218,77.5950804,pm25,17.34,2019-07-19T17:15:00+00:00
5548,12.9135218,77.5950804,pm25,17.34,2019-07-19T17:30:00+00:00
5548,12.9135218,77.5950804,pm25,14.44,2019-07-19T17:45:00+00:00
5548,12.9135218,77.5950804,pm25,14.2,2019-07-19T18:00:00+00:00
5548,12.9135218,77.5950804,pm25,14.2,2019-07-19T18:15:00+00:00
5548,12.9135218,77.5950804,pm25,14.2,2019-07-19T18:30:00+00:00
5548,12.9135218,77.5950804,co,0.42,2019-07-18T18:45:00+00:00
5548,12.9135218,77.5950804,co,0.22,2019-07-18T19:00:00+00:00
5548,12.9135218,77.5950804,co,0.27,2019-07-18T19:15:00+00:00
5548,12.9135218,77.5950804,co,0.19,2019-07-18T19:30:00+00:00
5548,12.9135218,77.5950804,co,0.24,2019-07-18T19:45:00+00:00
5548,12.9135218,77.5950804,co,0.55,2019-07-18T20:00:00+00:00
5548,12.9135218,77.5950804,co,0.66,2019-07-18T20:15:00+00:00
5548,12.9135218,77.5950804,co,0.72,2019-07-18T20:30:00+00:00
5548,12.9135218,77.5950804,co,0.55,2019-07-18T20:45:00+00:00
5548,12.9135218,77.5950804,co,0.44,2019-07-18T21:00:00+00:00
5548,12.9135218,77.5950804,co,0.35,2019-07-18T21:15:00+00:00
5548,12.9135218,77.5950804,co,0.41,2019-07-18T21:30:00+00:00
5548,12.9135218,77.5950804,co,0.71,2019-07-18T21:45:00+00:00
5548,12.9135218,77.5950804,co,0.63,2019-07-18T22:00:00+00:00
5548,12.9135218,77.5950804,co,0.75,2019-07-18T22:15:00+00:00
5548,12.9135218,77.5950804,co,0.65,2019-07-18T22:30:00+00:00
5548,12.9135218,77.5950804,co,0.55,2019-07-18T22:45:00+00:00
5548,12.9135218,77.5950804,co,0.5,2019-07-18T23:00:00+00:00
5548,12.9135218,77.5950804,co,0.4,2019-07-18T23:15:00+00:00
5548,12.9135218,77.5950804,co,0.55,2019-07-18T23:30:00+00:00
5548,12.9135218,77.5950804,co,0.7,2019-07-18T23:45:00+00:00
5548,12.9135218,77.5950804,co,0.64,2019-07-19T00:00:00+00:00
5548,12.9135218,77.5950804,co,0.72,2019-07-19T00:15:00+00:00
5548,12.9135218,77.5950804,co,0.76,2019-07-19T00:30:00+00:00
5548,12.9135218,77.5950804,co,0.75,2019-07-19T00:45:00+00:00
5548,12.9135218,77.5950804,co,0.4,2019-07-19T01:00:00+00:00
5548,12.9135218,77.5950804,co,0.51,2019-07-19T01:15:00+00:00
5548,12.9135218,77.5950804,co,0.39,2019-07-19T01:30:00+00:00
5548,12.9135218,77.5950804,co,0.55,2019-07-19T01:45:00+00:00
5548,12.9135218,77.5950804,co,0.83,2019-07-19T02:00:00+00:00
5548,12.9135218,77.5950804,co,0.81,2019-07-19T02:15:00+00:00
5548,12.9135218,77.5950804,co,0.99,2019-07-19T02:30:00+00:00
5548,12.9135218,77.5950804,co,1.0,2019-07-19T02:45:00+00:00
5548,12.9135218,77.5950804,co,0.68,2019-07-19T03:00:00+00:00
5548,12.9135218,77.5950804,co,0.66,2019-07-19T03:15:00+00:00
5548,12.9135218,77.5950804,co,0.87,2019-07-19T03:30:00+00:00
5548,12.9135218,77.5950804,co,0.72,2019-07-19T03:45:00+00:00
5548,12.9135218,77.5950804,co,0.66,2019-07-19T04:00:00+00:00
5548,12.9135218,77.5950804,co,0.67,2019-07-19T04:15:00+00:00
5548,12.9135218,77.5950804,co,0.66,2019-07-19T04:30:00+00:00
5548,12.9135218,77.5950804,co,0.89,2019-07-19T04:45:00+00:00
5548,12.9135218,77.5950804,co,1.05,2019-07-19T05:00:00+00:00
5548,12.9135218,77.5950804,co,0.98,2019-07-19T05:15:00+00:00
5548,12.9135218,77.5950804,co,0.98,2019-07-19T05:30:00+00:00
5548,12.9135218,77.5950804,co,0.75,2019-07-19T05:45:00+00:00
5548,12.9135218,77.5950804,co,0.82,2019-07-19T06:15:00+00:00
5548,12.9135218,77.5950804,co,0.89,2019-07-19T06:30:00+00:00
5548,12.9135218,77.5950804,co,0.78,2019-07-19T06:45:00+00:00
5548,12.9135218,77.5950804,co,0.71,2019-07-19T07:00:00+00:00
5548,12.9135218,77.5950804,co,0.86,2019-07-19T07:15:00+00:00
5548,12.9135218,77.5950804,co,0.48,2019-07-19T07:30:00+00:00
5548,12.9135218,77.5950804,co,0.08,2019-07-19T07:45:00+00:00
5548,12.9135218,77.5950804,co,1.85,2019-07-19T08:00:00+00:00
5548,12.9135218,77.5950804,co,1.95,2019-07-19T08:15:00+00:00
5548,12.9135218,77.5950804,co,1.81,2019-07-19T08:30:00+00:00
5548,12.9135218,77.5950804,co,2.03,2019-07-19T08:45:00+00:00
5548,12.9135218,77.5950804,co,0.47,2019-07-19T09:00:00+00:00
5548,12.9135218,77.5950804,co,0.71,2019-07-19T09:15:00+00:00
5548,12.9135218,77.5950804,co,0.64,2019-07-19T09:30:00+00:00
5548,12.9135218,77.5950804,co,0.59,2019-07-19T09:45:00+00:00
5548,12.9135218,77.5950804,co,0.84,2019-07-19T10:00:00+00:00
5548,12.9135218,77.5950804,co,0.94,2019-07-19T10:15:00+00:00
5548,12.9135218,77.5950804,co,0.93,2019-07-19T10:30:00+00:00
5548,12.9135218,77.5950804,co,1.12,2019-07-19T10:45:00+00:00
5548,12.9135218,77.5950804,co,0.72,2019-07-19T11:00:00+00:00
5548,12.9135218,77.5950804,co,0.71,2019-07-19T11:15:00+00:00
5548,12.9135218,77.5950804,co,0.83,2019-07-19T11:30:00+00:00
5548,12.9135218,77.5950804,co,0.72,2019-07-19T11:45:00+00:00
5548,12.9135218,77.5950804,co,0.63,2019-07-19T12:00:00+00:00
5548,12.9135218,77.5950804,co,0.72,2019-07-19T12:15:00+00:00
5548,12.9135218,77.5950804,co,0.74,2019-07-19T12:30:00+00:00
5548,12.9135218,77.5950804,co,0.64,2019-07-19T12:45:00+00:00
5548,12.9135218,77.5950804,co,0.75,2019-07-19T13:00:00+00:00
5548,12.9135218,77.5950804,co,0.58,2019-07-19T13:15:00+00:00
5548,12.9135218,77.5950804,co,0.84,2019-07-19T13:30:00+00:00
5548,12.9135218,77.5950804,co,0.47,2019-07-19T13:45:00+00:00
5548,12.9135218,77.5950804,co,0.86,2019-07-19T14:00:00+00:00
5548,12.9135218,77.5950804,co,0.8,2019-07-19T14:15:00+00:00
5548,12.9135218,77.5950804,co,0.79,2019-07-19T14:30:00+00:00
5548,12.9135218,77.5950804,co,0.92,2019-07-19T14:45:00+00:00
5548,12.9135218,77.5950804,co,1.08,2019-07-19T15:00:00+00:00
5548,12.9135218,77.5950804,co,1.03,2019-07-19T15:15:00+00:00
5548,12.9135218,77.5950804,co,1.08,2019-07-19T15:30:00+00:00
5548,12.9135218,77.5950804,co,1.06,2019-07-19T15:45:00+00:00
5548,12.9135218,77.5950804,co,0.8,2019-07-19T16:00:00+00:00
5548,12.9135218,77.5950804,co,0.87,2019-07-19T16:15:00+00:00
5548,12.9135218,77.5950804,co,0.91,2019-07-19T16:30:00+00:00
5548,12.9135218,77.5950804,co,0.8,2019-07-19T16:45:00+00:00
5548,12.9135218,77.5950804,co,0.76,2019-07-19T17:00:00+00:00
5548,12.9135218,77.5950804,co,0.73,2019-07-19T17:15:00+00:00
5548,12.9135218,77.5950804,co,0.75,2019-07-19T17:30:00+00:00
5548,12.9135218,77.5950804,co,0.99,2019-07-19T17:45:00+00:00
5548,12.9135218,77.5950804,co,0.27,2019-07-19T18:00:00+00:00
5548,12.9135218,77.5950804,co,0.33,2019-07-19T18:15:00+00:00
5548,12.9135218,77.5950804,co,0.32,2019-07-19T18:30:00+00:00
5548,12.9135218,77.5950804,no2,15.11,2019-07-18T18:45:00+00:00
5548,12.9135218,77.5950804,no2,11.28,2019-07-18T19:00:00+00:00
5548,12.9135218,77.5950804,no2,11.2,2019-07-18T19:15:00+00:00
5548,12.9135218,77.5950804,no2,11.68,2019-07-18T19:30:00+00:00
5548,12.9135218,77.5950804,no2,14.76,2019-07-18T19:45:00+00:00
5548,12.9135218,77.5950804,no2,14.39,2019-07-18T20:00:00+00:00
5548,12.9135218,77.5950804,no2,14.69,2019-07-18T20:15:00+00:00
5548,12.9135218,77.5950804,no2,12.95,2019-07-18T20:30:00+00:00
5548,12.9135218,77.5950804,no2,12.71,2019-07-18T20:45:00+00:00
5548,12.9135218,77.5950804,no2,13.61,2019-07-18T21:00:00+00:00
5548,12.9135218,77.5950804,no2,11.28,2019-07-18T21:15:00+00:00
5548,12.9135218,77.5950804,no2,9.59,2019-07-18T21:30:00+00:00
5548,12.9135218,77.5950804,no2,9.08,2019-07-18T21:45:00+00:00
5548,12.9135218,77.5950804,no2,9.31,2019-07-18T22:00:00+00:00
5548,12.9135218,77.5950804,no2,9.77,2019-07-18T22:15:00+00:00
5548,12.9135218,77.5950804,no2,9.79,2019-07-18T22:30:00+00:00
5548,12.9135218,77.5950804,no2,11.19,2019-07-18T22:45:00+00:00
5548,12.9135218,77.5950804,no2,8.8,2019-07-18T23:00:00+00:00
5548,12.9135218,77.5950804,no2,8.72,2019-07-18T23:15:00+00:00
5548,12.9135218,77.5950804,no2,10.39,2019-07-18T23:30:00+00:00
5548,12.9135218,77.5950804,no2,10.12,2019-07-18T23:45:00+00:00
5548,12.9135218,77.5950804,no2,10.03,2019-07-19T00:00:00+00:00
5548,12.9135218,77.5950804,no2,11.72,2019-07-19T00:15:00+00:00
5548,12.9135218,77.5950804,no2,12.88,2019-07-19T00:30:00+00:00
5548,12.9135218,77.5950804,no2,11.85,2019-07-19T00:45:00+00:00
5548,12.9135218,77.5950804,no2,11.36,2019-07-19T01:00:00+00:00
5548,12.9135218,77.5950804,no2,15.77,2019-07-19T01:15:00+00:00
5548,12.9135218,77.5950804,no2,14.73,2019-07-19T01:30:00+00:00
5548,12.9135218,77.5950804,no2,15.38,2019-07-19T01:45:00+00:00
5548,12.9135218,77.5950804,no2,18.91,2019-07-19T02:00:00+00:00
5548,12.9135218,77.5950804,no2,16.82,2019-07-19T02:15:00+00:00
5548,12.9135218,77.5950804,no2,17.01,2019-07-19T02:30:00+00:00
5548,12.9135218,77.5950804,no2,21.81,2019-07-19T02:45:00+00:00
5548,12.9135218,77.5950804,no2,21.53,2019-07-19T03:00:00+00:00
5548,12.9135218,77.5950804,no2,23.26,2019-07-19T03:15:00+00:00
5548,12.9135218,77.5950804,no2,23.94,2019-07-19T03:30:00+00:00
5548,12.9135218,77.5950804,no2,24.75,2019-07-19T03:45:00+00:00
5548,12.9135218,77.5950804,no2,17.97,2019-07-19T04:00:00+00:00
5548,12.9135218,77.5950804,no2,19.12,2019-07-19T04:15:00+00:00
5548,12.9135218,77.5950804,no2,20.91,2019-07-19T04:30:00+00:00
5548,12.9135218,77.5950804,no2,20.45,2019-07-19T04:45:00+00:00
5548,12.9135218,77.5950804,no2,21.73,2019-07-19T05:00:00+00:00
5548,12.9135218,77.5950804,no2,21.78,2019-07-19T05:15:00+00:00
5548,12.9135218,77.5950804,no2,17.79,2019-07-19T05:30:00+00:00
5548,12.9135218,77.5950804,no2,20.36,2019-07-19T05:45:00+00:00
5548,12.9135218,77.5950804,no2,22.97,2019-07-19T06:15:00+00:00
5548,12.9135218,77.5950804,no2,24.04,2019-07-19T06:30:00+00:00
5548,12.9135218,77.5950804,no2,20.46,2019-07-19T06:45:00+00:00
5548,12.9135218,77.5950804,no2,23.5,2019-07-19T07:00:00+00:00
5548,12.9135218,77.5950804,no2,23.31,2019-07-19T07:15:00+00:00
5548,12.9135218,77.5950804,no2,18.6,2019-07-19T07:30:00+00:00
5548,12.9135218,77.5950804,no2,14.91,2019-07-19T07:45:00+00:00
5548,12.9135218,77.5950804,no2,18.94,2019-07-19T08:00:00+00:00
5548,12.9135218,77.5950804,no2,24.6,2019-07-19T08:15:00+00:00
5548,12.9135218,77.5950804,no2,13.78,2019-07-19T08:30:00+00:00
5548,12.9135218,77.5950804,no2,22.9,2019-07-19T08:45:00+00:00
5548,12.9135218,77.5950804,no2,12.28,2019-07-19T09:00:00+00:00
5548,12.9135218,77.5950804,no2,15.12,2019-07-19T09:15:00+00:00
5548,12.9135218,77.5950804,no2,15.71,2019-07-19T09:30:00+00:00
5548,12.9135218,77.5950804,no2,15.31,2019-07-19T09:45:00+00:00
5548,12.9135218,77.5950804,no2,22.43,2019-07-19T10:00:00+00:00
5548,12.9135218,77.5950804,no2,19.33,2019-07-19T10:15:00+00:00
5548,12.9135218,77.5950804,no2,21.79,2019-07-19T10:30:00+00:00
5548,12.9135218,77.5950804,no2,27.61,2019-07-19T10:45:00+00:00
5548,12.9135218,77.5950804,no2,23.39,2019-07-19T11:00:00+00:00
5548,12.9135218,77.5950804,no2,22.35,2019-07-19T11:15:00+00:00
5548,12.9135218,77.5950804,no2,34.49,2019-07-19T11:30:00+00:00
5548,12.9135218,77.5950804,no2,20.72,2019-07-19T11:45:00+00:00
5548,12.9135218,77.5950804,no2,25.51,2019-07-19T12:00:00+00:00
5548,12.9135218,77.5950804,no2,31.02,2019-07-19T12:15:00+00:00
5548,12.9135218,77.5950804,no2,35.16,2019-07-19T12:30:00+00:00
5548,12.9135218,77.5950804,no2,34.85,2019-07-19T12:45:00+00:00
5548,12.9135218,77.5950804,no2,33.16,2019-07-19T13:00:00+00:00
5548,12.9135218,77.5950804,no2,26.56,2019-07-19T13:15:00+00:00
5548,12.9135218,77.5950804,no2,16.43,2019-07-19T13:30:00+00:00
5548,12.9135218,77.5950804,no2,17.31,2019-07-19T13:45:00+00:00
5548,12.9135218,77.5950804,no2,16.94,2019-07-19T14:00:00+00:00
5548,12.9135218,77.5950804,no2,18.02,2019-07-19T14:15:00+00:00
5548,12.9135218,77.5950804,no2,18.86,2019-07-19T14:30:00+00:00
5548,12.9135218,77.5950804,no2,17.27,2019-07-19T14:45:00+00:00
5548,12.9135218,77.5950804,no2,17.69,2019-07-19T15:00:00+00:00
5548,12.9135218,77.5950804,no2,17.87,2019-07-19T15:15:00+00:00
5548,12.9135218,77.5950804,no2,16.03,2019-07-19T15:30:00+00:00
5548,12.9135218,77.5950804,no2,17.39,2019-07-19T15:45:00+00:00
5548,12.9135218,77.5950804,no2,18.29,2019-07-19T16:00:00+00:00
5548,12.9135218,77.5950804,no2,15.56,2019-07-19T16:15:00+00:00
5548,12.9135218,77.5950804,no2,14.87,2019-07-19T16:30:00+00:00
5548,12.9135218,77.5950804,no2,15.07,2019-07-19T16:45:00+00:00
5548,12.9135218,77.5950804,no2,13.09,2019-07-19T17:00:00+00:00
5548,12.9135218,77.5950804,no2,13.42,2019-07-19T17:15:00+00:00
5548,12.9135218,77.5950804,no2,12.02,2019-07-19T17:30:00+00:00
5548,12.9135218,77.5950804,no2,11.75,2019-07-19T17:45:00+00:00
5548,12.9135218,77.5950804,no2,12.42,2019-07-19T18:00:00+00:00
5548,12.9135218,77.5950804,no2,11.11,2019-07-19T18:15:00+00:00
5548,12.9135218,77.5950804,no2,11.22,2019-07-19T18:30:00+00:00
5548,12.9135218,77.5950804,so2,5.56,2019-07-18T18:45:00+00:00
5548,12.9135218,77.5950804,so2,8.08,2019-07-18T19:00:00+00:00
5548,12.9135218,77.5950804,so2,5.38,2019-07-18T19:15:00+00:00
5548,12.9135218,77.5950804,so2,7.98,2019-07-18T19:30:00+00:00
5548,12.9135218,77.5950804,so2,11.53,2019-07-18T19:45:00+00:00
5548,12.9135218,77.5950804,so2,10.54,2019-07-18T20:00:00+00:00
5548,12.9135218,77.5950804,so2,10.17,2019-07-18T20:15:00+00:00
5548,12.9135218,77.5950804,so2,4.19,2019-07-18T20:30:00+00:00
5548,12.9135218,77.5950804,so2,2.8,2019-07-18T20:45:00+00:00
5548,12.9135218,77.5950804,so2,2.94,2019-07-18T21:00:00+00:00
5548,12.9135218,77.5950804,so2,2.38,2019-07-18T21:15:00+00:00
5548,12.9135218,77.5950804,so2,2.39,2019-07-18T21:30:00+00:00
5548,12.9135218,77.5950804,so2,2.68,2019-07-18T21:45:00+00:00
5548,12.9135218,77.5950804,so2,2.85,2019-07-18T22:00:00+00:00
5548,12.9135218,77.5950804,so2,2.07,2019-07-18T22:15:00+00:00
5548,12.9135218,77.5950804,so2,2.69,2019-07-18T22:30:00+00:00
5548,12.9135218,77.5950804,so2,2.64,2019-07-18T22:45:00+00:00
5548,12.9135218,77.5950804,so2,3.92,2019-07-18T23:00:00+00:00
5548,12.9135218,77.5950804,so2,2.85,2019-07-18T23:15:00+00:00
5548,12.9135218,77.5950804,so2,3.32,2019-07-18T23:30:00+00:00
5548,12.9135218,77.5950804,so2,5.76,2019-07-18T23:45:00+00:00
5548,12.9135218,77.5950804,so2,6.97,2019-07-19T00:00:00+00:00
5548,12.9135218,77.5950804,so2,6.57,2019-07-19T00:15:00+00:00
5548,12.9135218,77.5950804,so2,3.55,2019-07-19T00:30:00+00:00
5548,12.9135218,77.5950804,so2,2.38,2019-07-19T00:45:00+00:00
5548,12.9135218,77.5950804,so2,4.41,2019-07-19T01:00:00+00:00
5548,12.9135218,77.5950804,so2,3.24,2019-07-19T01:15:00+00:00
5548,12.9135218,77.5950804,so2,7.58,2019-07-19T01:30:00+00:00
5548,12.9135218,77.5950804,so2,9.22,2019-07-19T01:45:00+00:00
5548,12.9135218,77.5950804,so2,9.52,2019-07-19T02:00:00+00:00
5548,12.9135218,77.5950804,so2,7.96,2019-07-19T02:15:00+00:00
5548,12.9135218,77.5950804,so2,10.33,2019-07-19T02:30:00+00:00
5548,12.9135218,77.5950804,so2,10.85,2019-07-19T02:45:00+00:00
5548,12.9135218,77.5950804,so2,7.73,2019-07-19T03:00:00+00:00
5548,12.9135218,77.5950804,so2,10.95,2019-07-19T03:15:00+00:00
5548,12.9135218,77.5950804,so2,6.31,2019-07-19T03:30:00+00:00
5548,12.9135218,77.5950804,so2,4.23,2019-07-19T03:45:00+00:00
5548,12.9135218,77.5950804,so2,6.21,2019-07-19T04:00:00+00:00
5548,12.9135218,77.5950804,so2,4.86,2019-07-19T04:15:00+00:00
5548,12.9135218,77.5950804,so2,9.24,2019-07-19T04:30:00+00:00
5548,12.9135218,77.5950804,so2,5.64,2019-07-19T04:45:00+00:00
5548,12.9135218,77.5950804,so2,8.38,2019-07-19T05:00:00+00:00
5548,12.9135218,77.5950804,so2,7.07,2019-07-19T05:15:00+00:00
5548,12.9135218,77.5950804,so2,5.61,2019-07-19T05:30:00+00:00
5548,12.9135218,77.5950804,so2,4.54,2019-07-19T05:45:00+00:00
5548,12.9135218,77.5950804,so2,4.92,2019-07-19T06:15:00+00:00
5548,12.9135218,77.5950804,so2,5.9,2019-07-19T06:30:00+00:00
5548,12.9135218,77.5950804,so2,6.51,2019-07-19T06:45:00+00:00
5548,12.9135218,77.5950804,so2,6.1,2019-07-19T07:00:00+00:00
5548,12.9135218,77.5950804,so2,7.01,2019-07-19T07:15:00+00:00
5548,12.9135218,77.5950804,so2,4.94,2019-07-19T07:30:00+00:00
5548,12.9135218,77.5950804,so2,3.97,2019-07-19T07:45:00+00:00
5548,12.9135218,77.5950804,so2,4.52,2019-07-19T08:00:00+00:00
5548,12.9135218,77.5950804,so2,3.87,2019-07-19T08:15:00+00:00
5548,12.9135218,77.5950804,so2,5.25,2019-07-19T08:30:00+00:00
5548,12.9135218,77.5950804,so2,5.34,2019-07-19T08:45:00+00:00
5548,12.9135218,77.5950804,so2,6.01,2019-07-19T09:00:00+00:00
5548,12.9135218,77.5950804,so2,6.87,2019-07-19T09:15:00+00:00
5548,12.9135218,77.5950804,so2,8.64,2019-07-19T09:30:00+00:00
5548,12.9135218,77.5950804,so2,7.39,2019-07-19T09:45:00+00:00
5548,12.9135218,77.5950804,so2,10.51,2019-07-19T10:00:00+00:00
5548,12.9135218,77.5950804,so2,8.84,2019-07-19T10:15:00+00:00
5548,12.9135218,77.5950804,so2,6.87,2019-07-19T10:30:00+00:00
5548,12.9135218,77.5950804,so2,6.63,2019-07-19T10:45:00+00:00
5548,12.9135218,77.5950804,so2,4.54,2019-07-19T11:00:00+00:00
5548,12.9135218,77.5950804,so2,6.19,2019-07-19T11:15:00+00:00
5548,12.9135218,77.5950804,so2,9.32,2019-07-19T11:30:00+00:00
5548,12.9135218,77.5950804,so2,8.95,2019-07-19T11:45:00+00:00
5548,12.9135218,77.5950804,so2,6.54,2019-07-19T12:00:00+00:00
5548,12.9135218,77.5950804,so2,8.56,2019-07-19T12:15:00+00:00
5548,12.9135218,77.5950804,so2,3.75,2019-07-19T12:30:00+00:00
5548,12.9135218,77.5950804,so2,4.25,2019-07-19T12:45:00+00:00
5548,12.9135218,77.5950804,so2,2.29,2019-07-19T13:00:00+00:00
5548,12.9135218,77.5950804,so2,3.1,2019-07-19T13:15:00+00:00
5548,12.9135218,77.5950804,so2,7.55,2019-07-19T13:30:00+00:00
5548,12.9135218,77.5950804,so2,4.37,2019-07-19T13:45:00+00:00
5548,12.9135218,77.5950804,so2,5.06,2019-07-19T14:00:00+00:00
5548,12.9135218,77.5950804,so2,5.86,2019-07-19T14:15:00+00:00
5548,12.9135218,77.5950804,so2,5.58,2019-07-19T14:30:00+00:00
5548,12.9135218,77.5950804,so2,4.86,2019-07-19T14:45:00+00:00
5548,12.9135218,77.5950804,so2,3.63,2019-07-19T15:00:00+00:00
5548,12.9135218,77.5950804,so2,4.67,2019-07-19T15:15:00+00:00
5548,12.9135218,77.5950804,so2,3.51,2019-07-19T15:30:00+00:00
5548,12.9135218,77.5950804,so2,2.39,2019-07-19T15:45:00+00:00
5548,12.9135218,77.5950804,so2,2.18,2019-07-19T16:00:00+00:00
5548,12.9135218,77.5950804,so2,2.95,2019-07-19T16:15:00+00:00
5548,12.9135218,77.5950804,so2,7.24,2019-07-19T16:30:00+00:00
5548,12.9135218,77.5950804,so2,10.84,2019-07-19T16:45:00+00:00
5548,12.9135218,77.5950804,so2,9.36,2019-07-19T17:00:00+00:00
5548,12.9135218,77.5950804,so2,7.97,2019-07-19T17:15:00+00:00
5548,12.9135218,77.5950804,so2,3.93,2019-07-19T17:30:00+00:00
5548,12.9135218,77.5950804,so2,2.0,2019-07-19T17:45:00+00:00
5548,12.9135218,77.5950804,so2,2.6,2019-07-19T18:00:00+00:00
5548,12.9135218,77.5950804,so2,2.09,2019-07-19T18:15:00+00:00
5548,12.9135218,77.5950804,so2,5.85,2019-07-19T18:30:00+00:00
5548,12.9135218,77.5950804,pm25,25.21,2019-07-19T18:45:00+00:00
5548,12.9135218,77.5950804,pm25,26.14,2019-07-19T19:00:00+00:00
5548,12.9135218,77.5950804,pm25,26.14,2019-07-19T19:15:00+00:00
5548,12.9135218,77.5950804,pm25,26.14,2019-07-19T19:30:00+00:00
5548,12.9135218,77.5950804,pm25,19.31,2019-07-19T19:45:00+00:00
5548,12.9135218,77.5950804,pm25,18.73,2019-07-19T20:00:00+00:00
5548,12.9135218,77.5950804,pm25,18.73,2019-07-19T20:15:00+00:00
5548,12.9135218,77.5950804,pm25,18.73,2019-07-19T20:30:00+00:00
5548,12.9135218,77.5950804,pm25,14.1,2019-07-19T20:45:00+00:00
5548,12.9135218,77.5950804,pm25,13.71,2019-07-19T21:00:00+00:00
5548,12.9135218,77.5950804,pm25,13.71,2019-07-19T21:15:00+00:00
5548,12.9135218,77.5950804,pm25,13.71,2019-07-19T21:30:00+00:00
5548,12.9135218,77.5950804,pm25,12.68,2019-07-19T21:45:00+00:00
5548,12.9135218,77.5950804,pm25,12.6,2019-07-19T22:00:00+00:00
5548,12.9135218,77.5950804,pm25,12.6,2019-07-19T22:15:00+00:00
5548,12.9135218,77.5950804,pm25,12.6,2019-07-19T22:30:00+00:00
5548,12.9135218,77.5950804,pm25,9.38,2019-07-19T22:45:00+00:00
5548,12.9135218,77.5950804,pm25,9.15,2019-07-19T23:00:00+00:00
5548,12.9135218,77.5950804,pm25,9.15,2019-07-19T23:15:00+00:00
5548,12.9135218,77.5950804,pm25,9.15,2019-07-19T23:30:00+00:00
5548,12.9135218,77.5950804,pm25,7.54,2019-07-19T23:45:00+00:00
5548,12.9135218,77.5950804,pm25,7.41,2019-07-20T00:00:00+00:00
5548,12.9135218,77.5950804,pm25,7.41,2019-07-20T00:15:00+00:00
5548,12.9135218,77.5950804,pm25,7.41,2019-07-20T00:30:00+00:00
5548,12.9135218,77.5950804,pm25,9.24,2019-07-20T00:45:00+00:00
5548,12.9135218,77.5950804,pm25,9.42,2019-07-20T01:00:00+00:00
5548,12.9135218,77.5950804,pm25,9.42,2019-07-20T01:15:00+00:00
5548,12.9135218,77.5950804,pm25,9.42,2019-07-20T01:30:00+00:00
5548,12.9135218,77.5950804,pm25,11.89,2019-07-20T01:45:00+00:00
5548,12.9135218,77.5950804,pm25,12.1,2019-07-20T02:00:00+00:00
5548,12.9135218,77.5950804,pm25,12.1,2019-07-20T02:15:00+00:00
5548,12.9135218,77.5950804,pm25,12.1,2019-07-20T02:30:00+00:00
5548,12.9135218,77.5950804,pm25,22.7,2019-07-20T02:45:00+00:00
5548,12.9135218,77.5950804,pm25,23.46,2019-07-20T03:00:00+00:00
5548,12.9135218,77.5950804,pm25,23.46,2019-07-20T03:15:00+00:00
5548,12.9135218,77.5950804,pm25,23.46,2019-07-20T03:30:00+00:00
5548,12.9135218,77.5950804,pm25,16.93,2019-07-20T03:45:00+00:00
5548,12.9135218,77.5950804,pm25,16.38,2019-07-20T04:00:00+00:00
5548,12.9135218,77.5950804,pm25,16.38,2019-07-20T04:15:00+00:00
5548,12.9135218,77.5950804,pm25,16.38,2019-07-20T04:30:00+00:00
5548,12.9135218,77.5950804,pm25,11.38,2019-07-20T04:45:00+00:00
5548,12.9135218,77.5950804,pm25,11.02,2019-07-20T05:00:00+00:00
5548,12.9135218,77.5950804,pm25,11.02,2019-07-20T05:15:00+00:00
5548,12.9135218,77.5950804,pm25,8.53,2019-07-20T05:45:00+00:00
5548,12.9135218,77.5950804,pm25,8.35,2019-07-20T06:00:00+00:00
5548,12.9135218,77.5950804,pm25,8.35,2019-07-20T06:15:00+00:00
5548,12.9135218,77.5950804,pm25,8.35,2019-07-20T06:30:00+00:00
5548,12.9135218,77.5950804,pm25,15.79,2019-07-20T06:45:00+00:00
5548,12.9135218,77.5950804,pm25,16.42,2019-07-20T07:00:00+00:00
5548,12.9135218,77.5950804,pm25,16.42,2019-07-20T07:15:00+00:00
5548,12.9135218,77.5950804,pm25,16.42,2019-07-20T07:30:00+00:00
5548,12.9135218,77.5950804,pm25,12.96,2019-07-20T07:45:00+00:00
5548,12.9135218,77.5950804,pm25,12.67,2019-07-20T08:00:00+00:00
5548,12.9135218,77.5950804,pm25,12.67,2019-07-20T08:15:00+00:00
5548,12.9135218,77.5950804,pm25,12.67,2019-07-20T08:30:00+00:00
5548,12.9135218,77.5950804,pm25,11.7,2019-07-20T08:45:00+00:00
5548,12.9135218,77.5950804,pm25,11.62,2019-07-20T09:00:00+00:00
5548,12.9135218,77.5950804,pm25,11.62,2019-07-20T09:15:00+00:00
5548,12.9135218,77.5950804,pm25,11.62,2019-07-20T09:30:00+00:00
5548,12.9135218,77.5950804,pm25,36.71,2019-07-20T09:45:00+00:00
5548,12.9135218,77.5950804,pm25,38.83,2019-07-20T10:00:00+00:00
5548,12.9135218,77.5950804,pm25,38.83,2019-07-20T10:15:00+00:00
5548,12.9135218,77.5950804,pm25,25.81,2019-07-20T10:45:00+00:00
5548,12.9135218,77.5950804,pm25,24.72,2019-07-20T11:00:00+00:00
5548,12.9135218,77.5950804,pm25,24.72,2019-07-20T11:15:00+00:00
5548,12.9135218,77.5950804,pm25,24.72,2019-07-20T11:30:00+00:00
5548,12.9135218,77.5950804,pm25,20.18,2019-07-20T11:45:00+00:00
5548,12.9135218,77.5950804,pm25,19.8,2019-07-20T12:00:00+00:00
5548,12.9135218,77.5950804,pm25,19.8,2019-07-20T12:15:00+00:00
5548,12.9135218,77.5950804,pm25,19.8,2019-07-20T12:30:00+00:00
5548,12.9135218,77.5950804,pm25,15.05,2019-07-20T12:45:00+00:00
5548,12.9135218,77.5950804,pm25,14.65,2019-07-20T13:00:00+00:00
5548,12.9135218,77.5950804,pm25,14.65,2019-07-20T13:15:00+00:00
5548,12.9135218,77.5950804,pm25,14.65,2019-07-20T13:30:00+00:00
5548,12.9135218,77.5950804,pm25,11.76,2019-07-20T13:45:00+00:00
5548,12.9135218,77.5950804,pm25,11.52,2019-07-20T14:00:00+00:00
5548,12.9135218,77.5950804,pm25,11.52,2019-07-20T14:15:00+00:00
5548,12.9135218,77.5950804,pm25,11.52,2019-07-20T14:30:00+00:00
5548,12.9135218,77.5950804,pm25,25.13,2019-07-20T14:45:00+00:00
5548,12.9135218,77.5950804,pm25,26.31,2019-07-20T15:00:00+00:00
5548,12.9135218,77.5950804,pm25,26.31,2019-07-20T15:15:00+00:00
5548,12.9135218,77.5950804,pm25,26.31,2019-07-20T15:30:00+00:00
5548,12.9135218,77.5950804,pm25,21.33,2019-07-20T15:45:00+00:00
5548,12.9135218,77.5950804,pm25,20.91,2019-07-20T16:00:00+00:00
5548,12.9135218,77.5950804,pm25,20.91,2019-07-20T16:15:00+00:00
5548,12.9135218,77.5950804,pm25,20.91,2019-07-20T16:30:00+00:00
5548,12.9135218,77.5950804,pm25,23.73,2019-07-20T16:45:00+00:00
5548,12.9135218,77.5950804,pm25,23.97,2019-07-20T17:00:00+00:00
5548,12.9135218,77.5950804,pm25,23.97,2019-07-20T17:15:00+00:00
5548,12.9135218,77.5950804,pm25,23.97,2019-07-20T17:30:00+00:00
5548,12.9135218,77.5950804,pm25,17.88,2019-07-20T17:45:00+00:00
5548,12.9135218,77.5950804,pm25,17.37,2019-07-20T18:00:00+00:00
5548,12.9135218,77.5950804,pm25,17.37,2019-07-20T18:15:00+00:00
5548,12.9135218,77.5950804,pm25,17.37,2019-07-20T18:30:00+00:00
5548,12.9135218,77.5950804,co,0.34,2019-07-19T18:45:00+00:00
5548,12.9135218,77.5950804,co,0.4,2019-07-19T19:00:00+00:00
5548,12.9135218,77.5950804,co,0.52,2019-07-19T19:15:00+00:00
5548,12.9135218,77.5950804,co,0.53,2019-07-19T19:30:00+00:00
5548,12.9135218,77.5950804,co,0.58,2019-07-19T19:45:00+00:00
5548,12.9135218,77.5950804,co,0.74,2019-07-19T20:00:00+00:00
5548,12.9135218,77.5950804,co,0.75,2019-07-19T20:15:00+00:00
5548,12.9135218,77.5950804,co,0.75,2019-07-19T20:30:00+00:00
5548,12.9135218,77.5950804,co,0.9,2019-07-19T20:45:00+00:00
5548,12.9135218,77.5950804,co,0.72,2019-07-19T21:00:00+00:00
5548,12.9135218,77.5950804,co,1.36,2019-07-19T21:15:00+00:00
5548,12.9135218,77.5950804,co,2.34,2019-07-19T21:30:00+00:00
5548,12.9135218,77.5950804,co,2.29,2019-07-19T21:45:00+00:00
5548,12.9135218,77.5950804,co,0.74,2019-07-19T22:00:00+00:00
5548,12.9135218,77.5950804,co,0.85,2019-07-19T22:15:00+00:00
5548,12.9135218,77.5950804,co,0.78,2019-07-19T22:30:00+00:00
5548,12.9135218,77.5950804,co,0.77,2019-07-19T22:45:00+00:00
5548,12.9135218,77.5950804,co,0.46,2019-07-19T23:00:00+00:00
5548,12.9135218,77.5950804,co,0.49,2019-07-19T23:15:00+00:00
5548,12.9135218,77.5950804,co,0.52,2019-07-19T23:30:00+00:00
5548,12.9135218,77.5950804,co,0.52,2019-07-19T23:45:00+00:00
5548,12.9135218,77.5950804,co,0.46,2019-07-20T00:00:00+00:00
5548,12.9135218,77.5950804,co,0.43,2019-07-20T00:15:00+00:00
5548,12.9135218,77.5950804,co,0.43,2019-07-20T00:30:00+00:00
5548,12.9135218,77.5950804,co,0.67,2019-07-20T00:45:00+00:00
5548,12.9135218,77.5950804,co,0.39,2019-07-20T01:00:00+00:00
5548,12.9135218,77.5950804,co,0.36,2019-07-20T01:15:00+00:00
5548,12.9135218,77.5950804,co,0.56,2019-07-20T01:30:00+00:00
5548,12.9135218,77.5950804,co,0.29,2019-07-20T01:45:00+00:00
5548,12.9135218,77.5950804,co,0.6,2019-07-20T02:00:00+00:00
5548,12.9135218,77.5950804,co,0.67,2019-07-20T02:15:00+00:00
5548,12.9135218,77.5950804,co,0.83,2019-07-20T02:30:00+00:00
5548,12.9135218,77.5950804,co,1.01,2019-07-20T02:45:00+00:00
5548,12.9135218,77.5950804,co,0.62,2019-07-20T03:00:00+00:00
5548,12.9135218,77.5950804,co,0.6,2019-07-20T03:15:00+00:00
5548,12.9135218,77.5950804,co,0.72,2019-07-20T03:30:00+00:00
5548,12.9135218,77.5950804,co,0.86,2019-07-20T03:45:00+00:00
5548,12.9135218,77.5950804,co,0.68,2019-07-20T04:00:00+00:00
5548,12.9135218,77.5950804,co,0.65,2019-07-20T04:15:00+00:00
5548,12.9135218,77.5950804,co,0.77,2019-07-20T04:30:00+00:00
5548,12.9135218,77.5950804,co,0.44,2019-07-20T04:45:00+00:00
5548,12.9135218,77.5950804,co,0.6,2019-07-20T05:00:00+00:00
5548,12.9135218,77.5950804,co,0.56,2019-07-20T05:15:00+00:00
5548,12.9135218,77.5950804,co,0.72,2019-07-20T05:45:00+00:00
5548,12.9135218,77.5950804,co,0.97,2019-07-20T06:00:00+00:00
5548,12.9135218,77.5950804,co,0.82,2019-07-20T06:15:00+00:00
5548,12.9135218,77.5950804,co,0.79,2019-07-20T06:30:00+00:00
5548,12.9135218,77.5950804,co,0.76,2019-07-20T06:45:00+00:00
5548,12.9135218,77.5950804,co,0.75,2019-07-20T07:00:00+00:00
5548,12.9135218,77.5950804,co,0.61,2019-07-20T07:15:00+00:00
5548,12.9135218,77.5950804,co,0.5,2019-07-20T07:30:00+00:00
5548,12.9135218,77.5950804,co,0.55,2019-07-20T07:45:00+00:00
5548,12.9135218,77.5950804,co,0.59,2019-07-20T08:00:00+00:00
5548,12.9135218,77.5950804,co,0.78,2019-07-20T08:15:00+00:00
5548,12.9135218,77.5950804,co,0.74,2019-07-20T08:30:00+00:00
5548,12.9135218,77.5950804,co,0.58,2019-07-20T08:45:00+00:00
5548,12.9135218,77.5950804,co,0.95,2019-07-20T09:00:00+00:00
5548,12.9135218,77.5950804,co,1.09,2019-07-20T09:15:00+00:00
5548,12.9135218,77.5950804,co,1.0,2019-07-20T09:30:00+00:00
5548,12.9135218,77.5950804,co,0.81,2019-07-20T09:45:00+00:00
5548,12.9135218,77.5950804,co,0.28,2019-07-20T10:00:00+00:00
5548,12.9135218,77.5950804,co,0.27,2019-07-20T10:15:00+00:00
5548,12.9135218,77.5950804,co,0.2,2019-07-20T10:45:00+00:00
5548,12.9135218,77.5950804,co,0.56,2019-07-20T11:00:00+00:00
5548,12.9135218,77.5950804,co,0.42,2019-07-20T11:15:00+00:00
5548,12.9135218,77.5950804,co,0.43,2019-07-20T11:30:00+00:00
5548,12.9135218,77.5950804,co,0.48,2019-07-20T11:45:00+00:00
5548,12.9135218,77.5950804,co,0.74,2019-07-20T12:00:00+00:00
5548,12.9135218,77.5950804,co,0.91,2019-07-20T12:15:00+00:00
5548,12.9135218,77.5950804,co,0.76,2019-07-20T12:30:00+00:00
5548,12.9135218,77.5950804,co,0.63,2019-07-20T12:45:00+00:00
5548,12.9135218,77.5950804,co,0.56,2019-07-20T13:00:00+00:00
5548,12.9135218,77.5950804,co,0.56,2019-07-20T13:15:00+00:00
5548,12.9135218,77.5950804,co,0.61,2019-07-20T13:30:00+00:00
5548,12.9135218,77.5950804,co,0.57,2019-07-20T13:45:00+00:00
5548,12.9135218,77.5950804,co,0.51,2019-07-20T14:00:00+00:00
5548,12.9135218,77.5950804,co,0.67,2019-07-20T14:15:00+00:00
5548,12.9135218,77.5950804,co,0.68,2019-07-20T14:30:00+00:00
5548,12.9135218,77.5950804,co,1.01,2019-07-20T14:45:00+00:00
5548,12.9135218,77.5950804,co,0.82,2019-07-20T15:00:00+00:00
5548,12.9135218,77.5950804,co,1.0,2019-07-20T15:15:00+00:00
5548,12.9135218,77.5950804,co,0.77,2019-07-20T15:30:00+00:00
5548,12.9135218,77.5950804,co,0.75,2019-07-20T15:45:00+00:00
5548,12.9135218,77.5950804,co,0.76,2019-07-20T16:00:00+00:00
5548,12.9135218,77.5950804,co,0.93,2019-07-20T16:15:00+00:00
5548,12.9135218,77.5950804,co,0.88,2019-07-20T16:30:00+00:00
5548,12.9135218,77.5950804,co,0.8,2019-07-20T16:45:00+00:00
5548,12.9135218,77.5950804,co,0.53,2019-07-20T17:00:00+00:00
5548,12.9135218,77.5950804,co,0.61,2019-07-20T17:15:00+00:00
5548,12.9135218,77.5950804,co,0.69,2019-07-20T17:30:00+00:00
5548,12.9135218,77.5950804,co,0.58,2019-07-20T17:45:00+00:00
5548,12.9135218,77.5950804,co,0.73,2019-07-20T18:00:00+00:00
5548,12.9135218,77.5950804,co,0.55,2019-07-20T18:15:00+00:00
5548,12.9135218,77.5950804,co,0.68,2019-07-20T18:30:00+00:00
5548,12.9135218,77.5950804,no2,10.28,2019-07-19T18:45:00+00:00
5548,12.9135218,77.5950804,no2,9.96,2019-07-19T19:00:00+00:00
5548,12.9135218,77.5950804,no2,9.46,2019-07-19T19:15:00+00:00
5548,12.9135218,77.5950804,no2,10.13,2019-07-19T19:30:00+00:00
5548,12.9135218,77.5950804,no2,8.79,2019-07-19T19:45:00+00:00
5548,12.9135218,77.5950804,no2,8.41,2019-07-19T20:00:00+00:00
5548,12.9135218,77.5950804,no2,8.26,2019-07-19T20:15:00+00:00
5548,12.9135218,77.5950804,no2,7.58,2019-07-19T20:30:00+00:00
5548,12.9135218,77.5950804,no2,8.02,2019-07-19T20:45:00+00:00
5548,12.9135218,77.5950804,no2,8.2,2019-07-19T21:00:00+00:00
5548,12.9135218,77.5950804,no2,8.13,2019-07-19T21:15:00+00:00
5548,12.9135218,77.5950804,no2,8.37,2019-07-19T21:30:00+00:00
5548,12.9135218,77.5950804,no2,8.53,2019-07-19T21:45:00+00:00
5548,12.9135218,77.5950804,no2,8.01,2019-07-19T22:00:00+00:00
5548,12.9135218,77.5950804,no2,9.34,2019-07-19T22:15:00+00:00
5548,12.9135218,77.5950804,no2,9.67,2019-07-19T22:30:00+00:00
5548,12.9135218,77.5950804,no2,8.72,2019-07-19T22:45:00+00:00
5548,12.9135218,77.5950804,no2,9.23,2019-07-19T23:00:00+00:00
5548,12.9135218,77.5950804,no2,8.08,2019-07-19T23:15:00+00:00
5548,12.9135218,77.5950804,no2,8.84,2019-07-19T23:30:00+00:00
5548,12.9135218,77.5950804,no2,8.02,2019-07-19T23:45:00+00:00
5548,12.9135218,77.5950804,no2,7.85,2019-07-20T00:00:00+00:00
5548,12.9135218,77.5950804,no2,8.06,2019-07-20T00:15:00+00:00
5548,12.9135218,77.5950804,no2,8.51,2019-07-20T00:30:00+00:00
5548,12.9135218,77.5950804,no2,9.42,2019-07-20T00:45:00+00:00
5548,12.9135218,77.5950804,no2,9.72,2019-07-20T01:00:00+00:00
5548,12.9135218,77.5950804,no2,10.15,2019-07-20T01:15:00+00:00
5548,12.9135218,77.5950804,no2,10.88,2019-07-20T01:30:00+00:00
5548,12.9135218,77.5950804,no2,11.98,2019-07-20T01:45:00+00:00
5548,12.9135218,77.5950804,no2,10.69,2019-07-20T02:00:00+00:00
5548,12.9135218,77.5950804,no2,11.01,2019-07-20T02:15:00+00:00
5548,12.9135218,77.5950804,no2,10.87,2019-07-20T02:30:00+00:00
5548,12.9135218,77.5950804,no2,14.97,2019-07-20T02:45:00+00:00
5548,12.9135218,77.5950804,no2,13.81,2019-07-20T03:00:00+00:00
5548,12.9135218,77.5950804,no2,17.01,2019-07-20T03:15:00+00:00
5548,12.9135218,77.5950804,no2,15.73,2019-07-20T03:30:00+00:00
5548,12.9135218,77.5950804,no2,15.26,2019-07-20T03:45:00+00:00
5548,12.9135218,77.5950804,no2,15.7,2019-07-20T04:00:00+00:00
5548,12.9135218,77.5950804,no2,14.32,2019-07-20T04:15:00+00:00
5548,12.9135218,77.5950804,no2,17.6,2019-07-20T04:30:00+00:00
5548,12.9135218,77.5950804,no2,17.59,2019-07-20T04:45:00+00:00
5548,12.9135218,77.5950804,no2,11.75,2019-07-20T05:00:00+00:00
5548,12.9135218,77.5950804,no2,12.19,2019-07-20T05:15:00+00:00
5548,12.9135218,77.5950804,no2,12.09,2019-07-20T05:45:00+00:00
5548,12.9135218,77.5950804,no2,14.79,2019-07-20T06:00:00+00:00
5548,12.9135218,77.5950804,no2,15.24,2019-07-20T06:15:00+00:00
5548,12.9135218,77.5950804,no2,15.12,2019-07-20T06:30:00+00:00
5548,12.9135218,77.5950804,no2,14.08,2019-07-20T06:45:00+00:00
5548,12.9135218,77.5950804,no2,14.29,2019-07-20T07:00:00+00:00
5548,12.9135218,77.5950804,no2,15.97,2019-07-20T07:15:00+00:00
5548,12.9135218,77.5950804,no2,13.43,2019-07-20T07:30:00+00:00
5548,12.9135218,77.5950804,no2,14.09,2019-07-20T07:45:00+00:00
5548,12.9135218,77.5950804,no2,13.35,2019-07-20T08:00:00+00:00
5548,12.9135218,77.5950804,no2,18.39,2019-07-20T08:15:00+00:00
5548,12.9135218,77.5950804,no2,12.26,2019-07-20T08:30:00+00:00
5548,12.9135218,77.5950804,no2,12.58,2019-07-20T08:45:00+00:00
5548,12.9135218,77.5950804,no2,11.94,2019-07-20T09:00:00+00:00
5548,12.9135218,77.5950804,no2,15.14,2019-07-20T09:15:00+00:00
5548,12.9135218,77.5950804,no2,16.18,2019-07-20T09:30:00+00:00
5548,12.9135218,77.5950804,no2,11.41,2019-07-20T09:45:00+00:00
5548,12.9135218,77.5950804,no2,11.85,2019-07-20T10:00:00+00:00
5548,12.9135218,77.5950804,no2,11.37,2019-07-20T10:15:00+00:00
5548,12.9135218,77.5950804,no2,14.35,2019-07-20T10:45:00+00:00
5548,12.9135218,77.5950804,no2,11.55,2019-07-20T11:00:00+00:00
5548,12.9135218,77.5950804,no2,12.14,2019-07-20T11:15:00+00:00
5548,12.9135218,77.5950804,no2,10.83,2019-07-20T11:30:00+00:00
5548,12.9135218,77.5950804,no2,13.11,2019-07-20T11:45:00+00:00
5548,12.9135218,77.5950804,no2,16.57,2019-07-20T12:00:00+00:00
5548,12.9135218,77.5950804,no2,17.93,2019-07-20T12:15:00+00:00
5548,12.9135218,77.5950804,no2,14.02,2019-07-20T12:30:00+00:00
5548,12.9135218,77.5950804,no2,25.63,2019-07-20T12:45:00+00:00
5548,12.9135218,77.5950804,no2,16.68,2019-07-20T13:00:00+00:00
5548,12.9135218,77.5950804,no2,18.04,2019-07-20T13:15:00+00:00
5548,12.9135218,77.5950804,no2,18.94,2019-07-20T13:30:00+00:00
5548,12.9135218,77.5950804,no2,17.28,2019-07-20T13:45:00+00:00
5548,12.9135218,77.5950804,no2,18.33,2019-07-20T14:00:00+00:00
5548,12.9135218,77.5950804,no2,16.71,2019-07-20T14:15:00+00:00
5548,12.9135218,77.5950804,no2,18.35,2019-07-20T14:30:00+00:00
5548,12.9135218,77.5950804,no2,20.12,2019-07-20T14:45:00+00:00
5548,12.9135218,77.5950804,no2,17.19,2019-07-20T15:00:00+00:00
5548,12.9135218,77.5950804,no2,13.49,2019-07-20T15:15:00+00:00
5548,12.9135218,77.5950804,no2,12.8,2019-07-20T15:30:00+00:00
5548,12.9135218,77.5950804,no2,13.25,2019-07-20T15:45:00+00:00
5548,12.9135218,77.5950804,no2,14.15,2019-07-20T16:00:00+00:00
5548,12.9135218,77.5950804,no2,12.17,2019-07-20T16:15:00+00:00
5548,12.9135218,77.5950804,no2,12.7,2019-07-20T16:30:00+00:00
5548,12.9135218,77.5950804,no2,13.53,2019-07-20T16:45:00+00:00
5548,12.9135218,77.5950804,no2,12.99,2019-07-20T17:00:00+00:00
5548,12.9135218,77.5950804,no2,11.44,2019-07-20T17:15:00+00:00
5548,12.9135218,77.5950804,no2,10.91,2019-07-20T17:30:00+00:00
5548,12.9135218,77.5950804,no2,9.69,2019-07-20T17:45:00+00:00
5548,12.9135218,77.5950804,no2,9.95,2019-07-20T18:00:00+00:00
5548,12.9135218,77.5950804,no2,8.48,2019-07-20T18:15:00+00:00
5548,12.9135218,77.5950804,no2,7.73,2019-07-20T18:30:00+00:00
5548,12.9135218,77.5950804,so2,4.88,2019-07-19T18:45:00+00:00
5548,12.9135218,77.5950804,so2,5.4,2019-07-19T19:00:00+00:00
5548,12.9135218,77.5950804,so2,5.69,2019-07-19T19:15:00+00:00
5548,12.9135218,77.5950804,so2,3.2,2019-07-19T19:30:00+00:00
5548,12.9135218,77.5950804,so2,7.28,2019-07-19T19:45:00+00:00
5548,12.9135218,77.5950804,so2,6.16,2019-07-19T20:00:00+00:00
5548,12.9135218,77.5950804,so2,6.56,2019-07-19T20:15:00+00:00
5548,12.9135218,77.5950804,so2,6.42,2019-07-19T20:30:00+00:00
5548,12.9135218,77.5950804,so2,6.03,2019-07-19T20:45:00+00:00
5548,12.9135218,77.5950804,so2,7.35,2019-07-19T21:00:00+00:00
5548,12.9135218,77.5950804,so2,7.89,2019-07-19T21:15:00+00:00
5548,12.9135218,77.5950804,so2,3.57,2019-07-19T21:30:00+00:00
5548,12.9135218,77.5950804,so2,3.48,2019-07-19T21:45:00+00:00
5548,12.9135218,77.5950804,so2,2.99,2019-07-19T22:00:00+00:00
5548,12.9135218,77.5950804,so2,3.0,2019-07-19T22:15:00+00:00
5548,12.9135218,77.5950804,so2,14.09,2019-07-19T22:30:00+00:00
5548,12.9135218,77.5950804,so2,11.95,2019-07-19T22:45:00+00:00
5548,12.9135218,77.5950804,so2,11.33,2019-07-19T23:00:00+00:00
5548,12.9135218,77.5950804,so2,12.36,2019-07-19T23:15:00+00:00
5548,12.9135218,77.5950804,so2,8.97,2019-07-19T23:30:00+00:00
5548,12.9135218,77.5950804,so2,6.84,2019-07-19T23:45:00+00:00
5548,12.9135218,77.5950804,so2,7.53,2019-07-20T00:00:00+00:00
5548,12.9135218,77.5950804,so2,6.25,2019-07-20T00:15:00+00:00
5548,12.9135218,77.5950804,so2,2.76,2019-07-20T00:30:00+00:00
5548,12.9135218,77.5950804,so2,3.86,2019-07-20T00:45:00+00:00
5548,12.9135218,77.5950804,so2,6.38,2019-07-20T01:00:00+00:00
5548,12.9135218,77.5950804,so2,5.2,2019-07-20T01:15:00+00:00
5548,12.9135218,77.5950804,so2,5.0,2019-07-20T01:30:00+00:00
5548,12.9135218,77.5950804,so2,4.3,2019-07-20T01:45:00+00:00
5548,12.9135218,77.5950804,so2,2.71,2019-07-20T02:00:00+00:00
5548,12.9135218,77.5950804,so2,5.79,2019-07-20T02:15:00+00:00
5548,12.9135218,77.5950804,so2,5.01,2019-07-20T02:30:00+00:00
5548,12.9135218,77.5950804,so2,8.08,2019-07-20T02:45:00+00:00
5548,12.9135218,77.5950804,so2,6.31,2019-07-20T03:00:00+00:00
5548,12.9135218,77.5950804,so2,8.27,2019-07-20T03:15:00+00:00
5548,12.9135218,77.5950804,so2,8.59,2019-07-20T03:30:00+00:00
5548,12.9135218,77.5950804,so2,4.85,2019-07-20T03:45:00+00:00
5548,12.9135218,77.5950804,so2,5.66,2019-07-20T04:00:00+00:00
5548,12.9135218,77.5950804,so2,3.84,2019-07-20T04:15:00+00:00
5548,12.9135218,77.5950804,so2,4.84,2019-07-20T04:30:00+00:00
5548,12.9135218,77.5950804,so2,5.9,2019-07-20T04:45:00+00:00
5548,12.9135218,77.5950804,so2,6.72,2019-07-20T05:00:00+00:00
5548,12.9135218,77.5950804,so2,4.94,2019-07-20T05:15:00+00:00
5548,12.9135218,77.5950804,so2,6.81,2019-07-20T05:45:00+00:00
5548,12.9135218,77.5950804,so2,5.14,2019-07-20T06:00:00+00:00
5548,12.9135218,77.5950804,so2,6.96,2019-07-20T06:15:00+00:00
5548,12.9135218,77.5950804,so2,4.66,2019-07-20T06:30:00+00:00
5548,12.9135218,77.5950804,so2,4.96,2019-07-20T06:45:00+00:00
5548,12.9135218,77.5950804,so2,4.66,2019-07-20T07:00:00+00:00
5548,12.9135218,77.5950804,so2,5.04,2019-07-20T07:15:00+00:00
5548,12.9135218,77.5950804,so2,3.03,2019-07-20T07:30:00+00:00
5548,12.9135218,77.5950804,so2,4.54,2019-07-20T07:45:00+00:00
5548,12.9135218,77.5950804,so2,3.33,2019-07-20T08:00:00+00:00
5548,12.9135218,77.5950804,so2,3.24,2019-07-20T08:15:00+00:00
5548,12.9135218,77.5950804,so2,4.57,2019-07-20T08:30:00+00:00
5548,12.9135218,77.5950804,so2,7.06,2019-07-20T08:45:00+00:00
5548,12.9135218,77.5950804,so2,7.64,2019-07-20T09:00:00+00:00
5548,12.9135218,77.5950804,so2,7.34,2019-07-20T09:15:00+00:00
5548,12.9135218,77.5950804,so2,3.74,2019-07-20T09:30:00+00:00
5548,12.9135218,77.5950804,so2,2.38,2019-07-20T09:45:00+00:00
5548,12.9135218,77.5950804,so2,2.37,2019-07-20T10:00:00+00:00
5548,12.9135218,77.5950804,so2,2.22,2019-07-20T10:15:00+00:00
5548,12.9135218,77.5950804,so2,5.72,2019-07-20T10:45:00+00:00
5548,12.9135218,77.5950804,so2,5.32,2019-07-20T11:00:00+00:00
5548,12.9135218,77.5950804,so2,6.02,2019-07-20T11:15:00+00:00
5548,12.9135218,77.5950804,so2,4.41,2019-07-20T11:30:00+00:00
5548,12.9135218,77.5950804,so2,3.4,2019-07-20T11:45:00+00:00
5548,12.9135218,77.5950804,so2,3.09,2019-07-20T12:00:00+00:00
5548,12.9135218,77.5950804,so2,4.35,2019-07-20T12:15:00+00:00
5548,12.9135218,77.5950804,so2,3.03,2019-07-20T12:30:00+00:00
5548,12.9135218,77.5950804,so2,2.12,2019-07-20T12:45:00+00:00
5548,12.9135218,77.5950804,so2,2.07,2019-07-20T13:00:00+00:00
5548,12.9135218,77.5950804,so2,2.12,2019-07-20T13:15:00+00:00
5548,12.9135218,77.5950804,so2,3.89,2019-07-20T13:30:00+00:00
5548,12.9135218,77.5950804,so2,4.09,2019-07-20T13:45:00+00:00
5548,12.9135218,77.5950804,so2,3.17,2019-07-20T14:00:00+00:00
5548,12.9135218,77.5950804,so2,5.03,2019-07-20T14:15:00+00:00
5548,12.9135218,77.5950804,so2,6.56,2019-07-20T14:30:00+00:00
5548,12.9135218,77.5950804,so2,5.08,2019-07-20T14:45:00+00:00
5548,12.9135218,77.5950804,so2,6.2,2019-07-20T15:00:00+00:00
5548,12.9135218,77.5950804,so2,5.57,2019-07-20T15:15:00+00:00
5548,12.9135218,77.5950804,so2,3.38,2019-07-20T15:30:00+00:00
5548,12.9135218,77.5950804,so2,2.0,2019-07-20T15:45:00+00:00
5548,12.9135218,77.5950804,so2,2.38,2019-07-20T16:00:00+00:00
5548,12.9135218,77.5950804,so2,2.38,2019-07-20T16:15:00+00:00
5548,12.9135218,77.5950804,so2,4.25,2019-07-20T16:30:00+00:00
5548,12.9135218,77.5950804,so2,4.49,2019-07-20T16:45:00+00:00
5548,12.9135218,77.5950804,so2,4.58,2019-07-20T17:00:00+00:00
5548,12.9135218,77.5950804,so2,3.5,2019-07-20T17:15:00+00:00
5548,12.9135218,77.5950804,so2,4.86,2019-07-20T17:30:00+00:00
5548,12.9135218,77.5950804,so2,5.64,2019-07-20T17:45:00+00:00
5548,12.9135218,77.5950804,so2,5.29,2019-07-20T18:00:00+00:00
5548,12.9135218,77.5950804,so2,5.34,2019-07-20T18:15:00+00:00
5548,12.9135218,77.5950804,so2,3.29,2019-07-20T18:30:00+00:00
5548,12.9135218,77.5950804,pm25,34.19,2019-07-20T18:45:00+00:00
5548,12.9135218,77.5950804,pm25,35.61,2019-07-20T19:00:00+00:00
5548,12.9135218,77.5950804,pm25,35.61,2019-07-20T19:15:00+00:00
5548,12.9135218,77.5950804,pm25,35.61,2019-07-20T19:30:00+00:00
5548,12.9135218,77.5950804,pm25,23.87,2019-07-20T19:45:00+00:00
5548,12.9135218,77.5950804,pm25,22.89,2019-07-20T20:00:00+00:00
5548,12.9135218,77.5950804,pm25,22.89,2019-07-20T20:15:00+00:00
5548,12.9135218,77.5950804,pm25,22.89,2019-07-20T20:30:00+00:00
5548,12.9135218,77.5950804,pm25,15.95,2019-07-20T20:45:00+00:00
5548,12.9135218,77.5950804,pm25,15.37,2019-07-20T21:00:00+00:00
5548,12.9135218,77.5950804,pm25,15.37,2019-07-20T21:15:00+00:00
5548,12.9135218,77.5950804,pm25,15.37,2019-07-20T21:30:00+00:00
5548,12.9135218,77.5950804,pm25,13.92,2019-07-20T21:45:00+00:00
5548,12.9135218,77.5950804,pm25,13.8,2019-07-20T22:00:00+00:00
5548,12.9135218,77.5950804,pm25,13.8,2019-07-20T22:15:00+00:00
5548,12.9135218,77.5950804,pm25,13.8,2019-07-20T22:30:00+00:00
5548,12.9135218,77.5950804,pm25,11.0,2019-07-20T22:45:00+00:00
5548,12.9135218,77.5950804,pm25,10.77,2019-07-20T23:15:00+00:00
5548,12.9135218,77.5950804,pm25,10.77,2019-07-20T23:30:00+00:00
5548,12.9135218,77.5950804,pm25,11.13,2019-07-20T23:45:00+00:00
5548,12.9135218,77.5950804,pm25,11.19,2019-07-21T00:00:00+00:00
5548,12.9135218,77.5950804,pm25,11.19,2019-07-21T00:15:00+00:00
5548,12.9135218,77.5950804,pm25,11.19,2019-07-21T00:30:00+00:00
5548,12.9135218,77.5950804,pm25,10.52,2019-07-21T00:45:00+00:00
5548,12.9135218,77.5950804,pm25,10.42,2019-07-21T01:00:00+00:00
5548,12.9135218,77.5950804,pm25,10.42,2019-07-21T01:15:00+00:00
5548,12.9135218,77.5950804,pm25,10.42,2019-07-21T01:30:00+00:00
5548,12.9135218,77.5950804,pm25,12.65,2019-07-21T01:45:00+00:00
5548,12.9135218,77.5950804,pm25,12.96,2019-07-21T02:00:00+00:00
5548,12.9135218,77.5950804,pm25,12.96,2019-07-21T02:15:00+00:00
5548,12.9135218,77.5950804,pm25,12.96,2019-07-21T02:30:00+00:00
5548,12.9135218,77.5950804,pm25,9.76,2019-07-21T02:45:00+00:00
5548,12.9135218,77.5950804,pm25,9.31,2019-07-21T03:00:00+00:00
5548,12.9135218,77.5950804,pm25,9.31,2019-07-21T03:15:00+00:00
5548,12.9135218,77.5950804,pm25,9.31,2019-07-21T03:30:00+00:00
5548,12.9135218,77.5950804,pm25,7.72,2019-07-21T03:45:00+00:00
5548,12.9135218,77.5950804,pm25,7.5,2019-07-21T04:00:00+00:00
5548,12.9135218,77.5950804,pm25,7.5,2019-07-21T04:15:00+00:00
5548,12.9135218,77.5950804,pm25,7.5,2019-07-21T04:30:00+00:00
5548,12.9135218,77.5950804,pm25,6.69,2019-07-21T04:45:00+00:00
5548,12.9135218,77.5950804,pm25,6.58,2019-07-21T05:00:00+00:00
5548,12.9135218,77.5950804,pm25,6.58,2019-07-21T05:15:00+00:00
5548,12.9135218,77.5950804,pm25,6.58,2019-07-21T05:30:00+00:00
5548,12.9135218,77.5950804,pm25,30.42,2019-07-21T05:45:00+00:00
5548,12.9135218,77.5950804,pm25,34.09,2019-07-21T06:15:00+00:00
5548,12.9135218,77.5950804,pm25,23.94,2019-07-21T06:45:00+00:00
5548,12.9135218,77.5950804,pm25,22.51,2019-07-21T07:15:00+00:00
5548,12.9135218,77.5950804,pm25,22.51,2019-07-21T07:30:00+00:00
5548,12.9135218,77.5950804,pm25,17.65,2019-07-21T07:45:00+00:00
5548,12.9135218,77.5950804,pm25,16.98,2019-07-21T08:00:00+00:00
5548,12.9135218,77.5950804,pm25,16.98,2019-07-21T08:15:00+00:00
5548,12.9135218,77.5950804,pm25,16.98,2019-07-21T08:30:00+00:00
5548,12.9135218,77.5950804,pm25,16.09,2019-07-21T08:45:00+00:00
5548,12.9135218,77.5950804,pm25,15.97,2019-07-21T09:00:00+00:00
5548,12.9135218,77.5950804,pm25,15.97,2019-07-21T09:15:00+00:00
5548,12.9135218,77.5950804,pm25,15.97,2019-07-21T09:30:00+00:00
5548,12.9135218,77.5950804,pm25,16.28,2019-07-21T09:45:00+00:00
5548,12.9135218,77.5950804,pm25,16.33,2019-07-21T10:00:00+00:00
5548,12.9135218,77.5950804,pm25,16.33,2019-07-21T10:15:00+00:00
5548,12.9135218,77.5950804,pm25,16.33,2019-07-21T10:30:00+00:00
5548,12.9135218,77.5950804,pm25,19.72,2019-07-21T10:45:00+00:00
5548,12.9135218,77.5950804,pm25,20.25,2019-07-21T11:00:00+00:00
5548,12.9135218,77.5950804,pm25,20.25,2019-07-21T11:15:00+00:00
5548,12.9135218,77.5950804,pm25,20.25,2019-07-21T11:30:00+00:00
5548,12.9135218,77.5950804,pm25,14.59,2019-07-21T11:45:00+00:00
5548,12.9135218,77.5950804,pm25,13.72,2019-07-21T12:00:00+00:00
5548,12.9135218,77.5950804,pm25,13.72,2019-07-21T12:15:00+00:00
5548,12.9135218,77.5950804,pm25,13.72,2019-07-21T12:30:00+00:00
5548,12.9135218,77.5950804,pm25,11.6,2019-07-21T12:45:00+00:00
5548,12.9135218,77.5950804,pm25,11.28,2019-07-21T13:00:00+00:00
5548,12.9135218,77.5950804,pm25,11.28,2019-07-21T13:15:00+00:00
5548,12.9135218,77.5950804,pm25,11.28,2019-07-21T13:30:00+00:00
5548,12.9135218,77.5950804,pm25,21.91,2019-07-21T13:45:00+00:00
5548,12.9135218,77.5950804,pm25,23.55,2019-07-21T14:00:00+00:00
5548,12.9135218,77.5950804,pm25,23.55,2019-07-21T14:15:00+00:00
5548,12.9135218,77.5950804,pm25,23.55,2019-07-21T14:30:00+00:00
5548,12.9135218,77.5950804,pm25,18.01,2019-07-21T14:45:00+00:00
5548,12.9135218,77.5950804,pm25,17.16,2019-07-21T15:00:00+00:00
5548,12.9135218,77.5950804,pm25,17.16,2019-07-21T15:15:00+00:00
5548,12.9135218,77.5950804,pm25,17.16,2019-07-21T15:30:00+00:00
5548,12.9135218,77.5950804,pm25,12.18,2019-07-21T15:45:00+00:00
5548,12.9135218,77.5950804,pm25,11.41,2019-07-21T16:00:00+00:00
5548,12.9135218,77.5950804,pm25,11.41,2019-07-21T16:15:00+00:00
5548,12.9135218,77.5950804,pm25,11.41,2019-07-21T16:30:00+00:00
5548,12.9135218,77.5950804,pm25,20.35,2019-07-21T16:45:00+00:00
5548,12.9135218,77.5950804,pm25,21.73,2019-07-21T17:00:00+00:00
5548,12.9135218,77.5950804,pm25,21.73,2019-07-21T17:15:00+00:00
5548,12.9135218,77.5950804,pm25,21.73,2019-07-21T17:30:00+00:00
5548,12.9135218,77.5950804,pm25,16.3,2019-07-21T17:45:00+00:00
5548,12.9135218,77.5950804,pm25,15.46,2019-07-21T18:00:00+00:00
5548,12.9135218,77.5950804,pm25,15.46,2019-07-21T18:15:00+00:00
5548,12.9135218,77.5950804,pm25,15.46,2019-07-21T18:30:00+00:00
5548,12.9135218,77.5950804,co,0.72,2019-07-20T18:45:00+00:00
5548,12.9135218,77.5950804,co,0.68,2019-07-20T19:00:00+00:00
5548,12.9135218,77.5950804,co,0.72,2019-07-20T19:15:00+00:00
5548,12.9135218,77.5950804,co,0.52,2019-07-20T19:30:00+00:00
5548,12.9135218,77.5950804,co,0.57,2019-07-20T19:45:00+00:00
5548,12.9135218,77.5950804,co,0.46,2019-07-20T20:00:00+00:00
5548,12.9135218,77.5950804,co,0.74,2019-07-20T20:15:00+00:00
5548,12.9135218,77.5950804,co,0.57,2019-07-20T20:30:00+00:00
5548,12.9135218,77.5950804,co,0.41,2019-07-20T20:45:00+00:00
5548,12.9135218,77.5950804,co,0.6,2019-07-20T21:00:00+00:00
5548,12.9135218,77.5950804,co,0.64,2019-07-20T21:15:00+00:00
5548,12.9135218,77.5950804,co,0.87,2019-07-20T21:30:00+00:00
5548,12.9135218,77.5950804,co,0.71,2019-07-20T21:45:00+00:00
5548,12.9135218,77.5950804,co,0.39,2019-07-20T22:00:00+00:00
5548,12.9135218,77.5950804,co,0.35,2019-07-20T22:15:00+00:00
5548,12.9135218,77.5950804,co,0.55,2019-07-20T22:30:00+00:00
5548,12.9135218,77.5950804,co,0.7,2019-07-20T22:45:00+00:00
5548,12.9135218,77.5950804,co,1.57,2019-07-20T23:15:00+00:00
5548,12.9135218,77.5950804,co,0.03,2019-07-20T23:30:00+00:00
5548,12.9135218,77.5950804,co,0.0,2019-07-20T23:45:00+00:00
5548,12.9135218,77.5950804,co,0.43,2019-07-21T00:00:00+00:00
5548,12.9135218,77.5950804,co,0.65,2019-07-21T00:15:00+00:00
5548,12.9135218,77.5950804,co,0.61,2019-07-21T00:30:00+00:00
5548,12.9135218,77.5950804,co,0.58,2019-07-21T00:45:00+00:00
5548,12.9135218,77.5950804,co,0.45,2019-07-21T01:00:00+00:00
5548,12.9135218,77.5950804,co,0.5,2019-07-21T01:15:00+00:00
5548,12.9135218,77.5950804,co,0.81,2019-07-21T01:30:00+00:00
5548,12.9135218,77.5950804,co,1.03,2019-07-21T01:45:00+00:00
5548,12.9135218,77.5950804,co,0.74,2019-07-21T02:00:00+00:00
5548,12.9135218,77.5950804,co,0.91,2019-07-21T02:15:00+00:00
5548,12.9135218,77.5950804,co,0.0,2019-07-21T02:30:00+00:00
5548,12.9135218,77.5950804,co,0.0,2019-07-21T02:45:00+00:00
5548,12.9135218,77.5950804,co,0.81,2019-07-21T03:00:00+00:00
5548,12.9135218,77.5950804,co,0.38,2019-07-21T03:15:00+00:00
5548,12.9135218,77.5950804,co,0.02,2019-07-21T03:30:00+00:00
5548,12.9135218,77.5950804,co,3.3,2019-07-21T03:45:00+00:00
5548,12.9135218,77.5950804,co,0.95,2019-07-21T04:00:00+00:00
5548,12.9135218,77.5950804,co,0.29,2019-07-21T04:15:00+00:00
5548,12.9135218,77.5950804,co,0.17,2019-07-21T04:30:00+00:00
5548,12.9135218,77.5950804,co,0.26,2019-07-21T04:45:00+00:00
5548,12.9135218,77.5950804,co,0.82,2019-07-21T05:00:00+00:00
5548,12.9135218,77.5950804,co,1.79,2019-07-21T05:15:00+00:00
5548,12.9135218,77.5950804,co,1.56,2019-07-21T05:30:00+00:00
5548,12.9135218,77.5950804,co,1.06,2019-07-21T05:45:00+00:00
5548,12.9135218,77.5950804,co,0.16,2019-07-21T06:15:00+00:00
5548,12.9135218,77.5950804,co,0.6,2019-07-21T06:45:00+00:00
5548,12.9135218,77.5950804,co,0.43,2019-07-21T07:15:00+00:00
5548,12.9135218,77.5950804,co,1.1,2019-07-21T07:30:00+00:00
5548,12.9135218,77.5950804,co,0.29,2019-07-21T07:45:00+00:00
5548,12.9135218,77.5950804,co,1.29,2019-07-21T08:00:00+00:00
5548,12.9135218,77.5950804,co,0.87,2019-07-21T08:15:00+00:00
5548,12.9135218,77.5950804,co,1.44,2019-07-21T08:30:00+00:00
5548,12.9135218,77.5950804,co,1.68,2019-07-21T08:45:00+00:00
5548,12.9135218,77.5950804,co,0.58,2019-07-21T09:00:00+00:00
5548,12.9135218,77.5950804,co,0.65,2019-07-21T09:15:00+00:00
5548,12.9135218,77.5950804,co,0.98,2019-07-21T09:30:00+00:00
5548,12.9135218,77.5950804,co,0.68,2019-07-21T09:45:00+00:00
5548,12.9135218,77.5950804,co,0.22,2019-07-21T10:00:00+00:00
5548,12.9135218,77.5950804,co,0.4,2019-07-21T10:15:00+00:00
5548,12.9135218,77.5950804,co,0.25,2019-07-21T10:30:00+00:00
5548,12.9135218,77.5950804,co,0.27,2019-07-21T10:45:00+00:00
5548,12.9135218,77.5950804,co,0.61,2019-07-21T11:00:00+00:00
5548,12.9135218,77.5950804,co,0.68,2019-07-21T11:15:00+00:00
5548,12.9135218,77.5950804,co,0.58,2019-07-21T11:30:00+00:00
5548,12.9135218,77.5950804,co,0.88,2019-07-21T11:45:00+00:00
5548,12.9135218,77.5950804,co,0.93,2019-07-21T12:00:00+00:00
5548,12.9135218,77.5950804,co,0.97,2019-07-21T12:15:00+00:00
5548,12.9135218,77.5950804,co,0.9,2019-07-21T12:30:00+00:00
5548,12.9135218,77.5950804,co,0.95,2019-07-21T12:45:00+00:00
5548,12.9135218,77.5950804,co,1.15,2019-07-21T13:00:00+00:00
5548,12.9135218,77.5950804,co,1.21,2019-07-21T13:15:00+00:00
5548,12.9135218,77.5950804,co,1.21,2019-07-21T13:30:00+00:00
5548,12.9135218,77.5950804,co,1.16,2019-07-21T13:45:00+00:00
5548,12.9135218,77.5950804,co,0.66,2019-07-21T14:00:00+00:00
5548,12.9135218,77.5950804,co,0.73,2019-07-21T14:15:00+00:00
5548,12.9135218,77.5950804,co,0.63,2019-07-21T14:30:00+00:00
5548,12.9135218,77.5950804,co,0.91,2019-07-21T14:45:00+00:00
5548,12.9135218,77.5950804,co,0.74,2019-07-21T15:00:00+00:00
5548,12.9135218,77.5950804,co,0.65,2019-07-21T15:15:00+00:00
5548,12.9135218,77.5950804,co,0.76,2019-07-21T15:30:00+00:00
5548,12.9135218,77.5950804,co,0.74,2019-07-21T15:45:00+00:00
5548,12.9135218,77.5950804,co,0.64,2019-07-21T16:00:00+00:00
5548,12.9135218,77.5950804,co,0.77,2019-07-21T16:15:00+00:00
5548,12.9135218,77.5950804,co,0.57,2019-07-21T16:30:00+00:00
5548,12.9135218,77.5950804,co,0.79,2019-07-21T16:45:00+00:00
5548,12.9135218,77.5950804,co,0.29,2019-07-21T17:00:00+00:00
5548,12.9135218,77.5950804,co,0.53,2019-07-21T17:15:00+00:00
5548,12.9135218,77.5950804,co,0.44,2019-07-21T17:30:00+00:00
5548,12.9135218,77.5950804,co,0.51,2019-07-21T17:45:00+00:00
5548,12.9135218,77.5950804,co,0.7,2019-07-21T18:00:00+00:00
5548,12.9135218,77.5950804,co,0.7,2019-07-21T18:15:00+00:00
5548,12.9135218,77.5950804,co,0.68,2019-07-21T18:30:00+00:00
5548,12.9135218,77.5950804,no2,7.74,2019-07-20T18:45:00+00:00
5548,12.9135218,77.5950804,no2,8.43,2019-07-20T19:00:00+00:00
5548,12.9135218,77.5950804,no2,8.01,2019-07-20T19:15:00+00:00
5548,12.9135218,77.5950804,no2,9.46,2019-07-20T19:30:00+00:00
5548,12.9135218,77.5950804,no2,7.64,2019-07-20T19:45:00+00:00
5548,12.9135218,77.5950804,no2,7.62,2019-07-20T20:00:00+00:00
5548,12.9135218,77.5950804,no2,7.32,2019-07-20T20:15:00+00:00
5548,12.9135218,77.5950804,no2,7.63,2019-07-20T20:30:00+00:00
5548,12.9135218,77.5950804,no2,7.2,2019-07-20T20:45:00+00:00
5548,12.9135218,77.5950804,no2,7.13,2019-07-20T21:00:00+00:00
5548,12.9135218,77.5950804,no2,7.38,2019-07-20T21:15:00+00:00
5548,12.9135218,77.5950804,no2,6.66,2019-07-20T21:30:00+00:00
5548,12.9135218,77.5950804,no2,6.47,2019-07-20T21:45:00+00:00
5548,12.9135218,77.5950804,no2,6.75,2019-07-20T22:00:00+00:00
5548,12.9135218,77.5950804,no2,6.22,2019-07-20T22:15:00+00:00
5548,12.9135218,77.5950804,no2,6.96,2019-07-20T22:30:00+00:00
5548,12.9135218,77.5950804,no2,6.44,2019-07-20T22:45:00+00:00
5548,12.9135218,77.5950804,no2,5.24,2019-07-20T23:15:00+00:00
5548,12.9135218,77.5950804,no2,6.48,2019-07-20T23:30:00+00:00
5548,12.9135218,77.5950804,no2,6.64,2019-07-20T23:45:00+00:00
5548,12.9135218,77.5950804,no2,6.4,2019-07-21T00:00:00+00:00
5548,12.9135218,77.5950804,no2,6.69,2019-07-21T00:15:00+00:00
5548,12.9135218,77.5950804,no2,7.82,2019-07-21T00:30:00+00:00
5548,12.9135218,77.5950804,no2,8.23,2019-07-21T00:45:00+00:00
5548,12.9135218,77.5950804,no2,8.41,2019-07-21T01:00:00+00:00
5548,12.9135218,77.5950804,no2,8.08,2019-07-21T01:15:00+00:00
5548,12.9135218,77.5950804,no2,8.71,2019-07-21T01:30:00+00:00
5548,12.9135218,77.5950804,no2,8.61,2019-07-21T01:45:00+00:00
5548,12.9135218,77.5950804,no2,9.32,2019-07-21T02:00:00+00:00
5548,12.9135218,77.5950804,no2,8.2,2019-07-21T02:15:00+00:00
5548,12.9135218,77.5950804,no2,8.65,2019-07-21T02:30:00+00:00
5548,12.9135218,77.5950804,no2,8.21,2019-07-21T02:45:00+00:00
5548,12.9135218,77.5950804,no2,8.05,2019-07-21T03:00:00+00:00
5548,12.9135218,77.5950804,no2,8.87,2019-07-21T03:15:00+00:00
5548,12.9135218,77.5950804,no2,9.07,2019-07-21T03:30:00+00:00
5548,12.9135218,77.5950804,no2,9.93,2019-07-21T03:45:00+00:00
5548,12.9135218,77.5950804,no2,9.85,2019-07-21T04:00:00+00:00
5548,12.9135218,77.5950804,no2,9.74,2019-07-21T04:15:00+00:00
5548,12.9135218,77.5950804,no2,10.39,2019-07-21T04:30:00+00:00
5548,12.9135218,77.5950804,no2,9.54,2019-07-21T04:45:00+00:00
5548,12.9135218,77.5950804,no2,9.45,2019-07-21T05:00:00+00:00
5548,12.9135218,77.5950804,no2,10.66,2019-07-21T05:15:00+00:00
5548,12.9135218,77.5950804,no2,9.82,2019-07-21T05:30:00+00:00
5548,12.9135218,77.5950804,no2,9.47,2019-07-21T05:45:00+00:00
5548,12.9135218,77.5950804,no2,11.47,2019-07-21T06:15:00+00:00
5548,12.9135218,77.5950804,no2,10.95,2019-07-21T06:45:00+00:00
5548,12.9135218,77.5950804,no2,12.2,2019-07-21T07:15:00+00:00
5548,12.9135218,77.5950804,no2,11.05,2019-07-21T07:30:00+00:00
5548,12.9135218,77.5950804,no2,13.02,2019-07-21T07:45:00+00:00
5548,12.9135218,77.5950804,no2,10.68,2019-07-21T08:00:00+00:00
5548,12.9135218,77.5950804,no2,10.45,2019-07-21T08:15:00+00:00
5548,12.9135218,77.5950804,no2,9.83,2019-07-21T08:30:00+00:00
5548,12.9135218,77.5950804,no2,10.11,2019-07-21T08:45:00+00:00
5548,12.9135218,77.5950804,no2,9.21,2019-07-21T09:00:00+00:00
5548,12.9135218,77.5950804,no2,8.61,2019-07-21T09:15:00+00:00
5548,12.9135218,77.5950804,no2,8.94,2019-07-21T09:30:00+00:00
5548,12.9135218,77.5950804,no2,8.95,2019-07-21T09:45:00+00:00
5548,12.9135218,77.5950804,no2,10.65,2019-07-21T10:00:00+00:00
5548,12.9135218,77.5950804,no2,17.69,2019-07-21T10:15:00+00:00
5548,12.9135218,77.5950804,no2,16.02,2019-07-21T10:30:00+00:00
5548,12.9135218,77.5950804,no2,22.46,2019-07-21T10:45:00+00:00
5548,12.9135218,77.5950804,no2,24.58,2019-07-21T11:00:00+00:00
5548,12.9135218,77.5950804,no2,24.5,2019-07-21T11:15:00+00:00
5548,12.9135218,77.5950804,no2,20.6,2019-07-21T11:30:00+00:00
5548,12.9135218,77.5950804,no2,26.44,2019-07-21T11:45:00+00:00
5548,12.9135218,77.5950804,no2,24.66,2019-07-21T12:00:00+00:00
5548,12.9135218,77.5950804,no2,25.27,2019-07-21T12:15:00+00:00
5548,12.9135218,77.5950804,no2,24.32,2019-07-21T12:30:00+00:00
5548,12.9135218,77.5950804,no2,23.52,2019-07-21T12:45:00+00:00
5548,12.9135218,77.5950804,no2,22.63,2019-07-21T13:00:00+00:00
5548,12.9135218,77.5950804,no2,23.59,2019-07-21T13:15:00+00:00
5548,12.9135218,77.5950804,no2,20.25,2019-07-21T13:30:00+00:00
5548,12.9135218,77.5950804,no2,21.47,2019-07-21T13:45:00+00:00
5548,12.9135218,77.5950804,no2,18.06,2019-07-21T14:00:00+00:00
5548,12.9135218,77.5950804,no2,17.2,2019-07-21T14:15:00+00:00
5548,12.9135218,77.5950804,no2,15.18,2019-07-21T14:30:00+00:00
5548,12.9135218,77.5950804,no2,16.65,2019-07-21T14:45:00+00:00
5548,12.9135218,77.5950804,no2,17.2,2019-07-21T15:00:00+00:00
5548,12.9135218,77.5950804,no2,16.58,2019-07-21T15:15:00+00:00
5548,12.9135218,77.5950804,no2,16.45,2019-07-21T15:30:00+00:00
5548,12.9135218,77.5950804,no2,15.01,2019-07-21T15:45:00+00:00
5548,12.9135218,77.5950804,no2,16.21,2019-07-21T16:00:00+00:00
5548,12.9135218,77.5950804,no2,15.48,2019-07-21T16:15:00+00:00
5548,12.9135218,77.5950804,no2,13.84,2019-07-21T16:30:00+00:00
5548,12.9135218,77.5950804,no2,10.96,2019-07-21T16:45:00+00:00
5548,12.9135218,77.5950804,no2,11.52,2019-07-21T17:00:00+00:00
5548,12.9135218,77.5950804,no2,12.19,2019-07-21T17:15:00+00:00
5548,12.9135218,77.5950804,no2,11.74,2019-07-21T17:30:00+00:00
5548,12.9135218,77.5950804,no2,10.96,2019-07-21T17:45:00+00:00
5548,12.9135218,77.5950804,no2,10.47,2019-07-21T18:00:00+00:00
5548,12.9135218,77.5950804,no2,10.55,2019-07-21T18:15:00+00:00
5548,12.9135218,77.5950804,no2,10.4,2019-07-21T18:30:00+00:00
5548,12.9135218,77.5950804,so2,6.2,2019-07-20T18:45:00+00:00
5548,12.9135218,77.5950804,so2,2.55,2019-07-20T19:00:00+00:00
5548,12.9135218,77.5950804,so2,4.12,2019-07-20T19:15:00+00:00
5548,12.9135218,77.5950804,so2,6.86,2019-07-20T19:30:00+00:00
5548,12.9135218,77.5950804,so2,8.47,2019-07-20T19:45:00+00:00
5548,12.9135218,77.5950804,so2,8.76,2019-07-20T20:00:00+00:00
5548,12.9135218,77.5950804,so2,10.66,2019-07-20T20:15:00+00:00
5548,12.9135218,77.5950804,so2,12.0,2019-07-20T20:30:00+00:00
5548,12.9135218,77.5950804,so2,8.12,2019-07-20T20:45:00+00:00
5548,12.9135218,77.5950804,so2,9.23,2019-07-20T21:00:00+00:00
5548,12.9135218,77.5950804,so2,10.03,2019-07-20T21:15:00+00:00
5548,12.9135218,77.5950804,so2,9.26,2019-07-20T21:30:00+00:00
5548,12.9135218,77.5950804,so2,7.39,2019-07-20T21:45:00+00:00
5548,12.9135218,77.5950804,so2,8.06,2019-07-20T22:00:00+00:00
5548,12.9135218,77.5950804,so2,8.3,2019-07-20T22:15:00+00:00
5548,12.9135218,77.5950804,so2,9.47,2019-07-20T22:30:00+00:00
5548,12.9135218,77.5950804,so2,7.78,2019-07-20T22:45:00+00:00
5548,12.9135218,77.5950804,so2,13.49,2019-07-20T23:30:00+00:00
5548,12.9135218,77.5950804,so2,3.31,2019-07-20T23:45:00+00:00
5548,12.9135218,77.5950804,so2,2.97,2019-07-21T00:00:00+00:00
5548,12.9135218,77.5950804,so2,2.98,2019-07-21T00:15:00+00:00
5548,12.9135218,77.5950804,so2,5.36,2019-07-21T00:30:00+00:00
5548,12.9135218,77.5950804,so2,3.2,2019-07-21T00:45:00+00:00
5548,12.9135218,77.5950804,so2,2.56,2019-07-21T01:00:00+00:00
5548,12.9135218,77.5950804,so2,2.43,2019-07-21T01:15:00+00:00
5548,12.9135218,77.5950804,so2,6.53,2019-07-21T01:30:00+00:00
5548,12.9135218,77.5950804,so2,7.28,2019-07-21T01:45:00+00:00
5548,12.9135218,77.5950804,so2,6.2,2019-07-21T02:00:00+00:00
5548,12.9135218,77.5950804,so2,5.85,2019-07-21T02:15:00+00:00
5548,12.9135218,77.5950804,so2,7.52,2019-07-21T02:30:00+00:00
5548,12.9135218,77.5950804,so2,6.59,2019-07-21T02:45:00+00:00
5548,12.9135218,77.5950804,so2,5.1,2019-07-21T03:00:00+00:00
5548,12.9135218,77.5950804,so2,5.35,2019-07-21T03:15:00+00:00
5548,12.9135218,77.5950804,so2,6.34,2019-07-21T03:30:00+00:00
5548,12.9135218,77.5950804,so2,3.33,2019-07-21T03:45:00+00:00
5548,12.9135218,77.5950804,so2,4.47,2019-07-21T04:00:00+00:00
5548,12.9135218,77.5950804,so2,2.93,2019-07-21T04:15:00+00:00
5548,12.9135218,77.5950804,so2,3.41,2019-07-21T04:30:00+00:00
5548,12.9135218,77.5950804,so2,5.7,2019-07-21T04:45:00+00:00
5548,12.9135218,77.5950804,so2,6.89,2019-07-21T05:00:00+00:00
5548,12.9135218,77.5950804,so2,6.62,2019-07-21T05:15:00+00:00
5548,12.9135218,77.5950804,so2,4.98,2019-07-21T05:30:00+00:00
5548,12.9135218,77.5950804,so2,6.15,2019-07-21T05:45:00+00:00
5548,12.9135218,77.5950804,so2,7.28,2019-07-21T06:15:00+00:00
5548,12.9135218,77.5950804,so2,2.89,2019-07-21T06:45:00+00:00
5548,12.9135218,77.5950804,so2,2.23,2019-07-21T07:15:00+00:00
5548,12.9135218,77.5950804,so2,6.25,2019-07-21T07:30:00+00:00
5548,12.9135218,77.5950804,so2,13.19,2019-07-21T07:45:00+00:00
5548,12.9135218,77.5950804,so2,14.02,2019-07-21T08:00:00+00:00
5548,12.9135218,77.5950804,so2,16.68,2019-07-21T08:15:00+00:00
5548,12.9135218,77.5950804,so2,5.52,2019-07-21T08:30:00+00:00
5548,12.9135218,77.5950804,so2,3.54,2019-07-21T08:45:00+00:00
5548,12.9135218,77.5950804,so2,2.68,2019-07-21T09:00:00+00:00
5548,12.9135218,77.5950804,so2,2.01,2019-07-21T09:15:00+00:00
5548,12.9135218,77.5950804,so2,4.98,2019-07-21T09:30:00+00:00
5548,12.9135218,77.5950804,so2,4.11,2019-07-21T09:45:00+00:00
5548,12.9135218,77.5950804,so2,4.19,2019-07-21T10:00:00+00:00
5548,12.9135218,77.5950804,so2,4.88,2019-07-21T10:15:00+00:00
5548,12.9135218,77.5950804,so2,3.52,2019-07-21T10:30:00+00:00
5548,12.9135218,77.5950804,so2,3.07,2019-07-21T10:45:00+00:00
5548,12.9135218,77.5950804,so2,2.12,2019-07-21T11:00:00+00:00
5548,12.9135218,77.5950804,so2,2.01,2019-07-21T11:15:00+00:00
5548,12.9135218,77.5950804,so2,2.56,2019-07-21T11:30:00+00:00
5548,12.9135218,77.5950804,so2,3.85,2019-07-21T11:45:00+00:00
5548,12.9135218,77.5950804,so2,2.33,2019-07-21T12:00:00+00:00
5548,12.9135218,77.5950804,so2,3.53,2019-07-21T12:15:00+00:00
5548,12.9135218,77.5950804,so2,2.72,2019-07-21T12:30:00+00:00
5548,12.9135218,77.5950804,so2,5.32,2019-07-21T12:45:00+00:00
5548,12.9135218,77.5950804,so2,3.66,2019-07-21T13:00:00+00:00
5548,12.9135218,77.5950804,so2,5.28,2019-07-21T13:15:00+00:00
5548,12.9135218,77.5950804,so2,4.36,2019-07-21T13:30:00+00:00
5548,12.9135218,77.5950804,so2,2.66,2019-07-21T13:45:00+00:00
5548,12.9135218,77.5950804,so2,2.82,2019-07-21T14:00:00+00:00
5548,12.9135218,77.5950804,so2,3.61,2019-07-21T14:15:00+00:00
5548,12.9135218,77.5950804,so2,5.14,2019-07-21T14:30:00+00:00
5548,12.9135218,77.5950804,so2,6.61,2019-07-21T14:45:00+00:00
5548,12.9135218,77.5950804,so2,5.19,2019-07-21T15:00:00+00:00
5548,12.9135218,77.5950804,so2,4.87,2019-07-21T15:15:00+00:00
5548,12.9135218,77.5950804,so2,3.9,2019-07-21T15:30:00+00:00
5548,12.9135218,77.5950804,so2,2.67,2019-07-21T15:45:00+00:00
5548,12.9135218,77.5950804,so2,2.85,2019-07-21T16:00:00+00:00
5548,12.9135218,77.5950804,so2,2.59,2019-07-21T16:15:00+00:00
5548,12.9135218,77.5950804,so2,4.75,2019-07-21T16:30:00+00:00
5548,12.9135218,77.5950804,so2,3.79,2019-07-21T16:45:00+00:00
5548,12.9135218,77.5950804,so2,4.94,2019-07-21T17:00:00+00:00
5548,12.9135218,77.5950804,so2,3.06,2019-07-21T17:15:00+00:00
5548,12.9135218,77.5950804,so2,4.04,2019-07-21T17:30:00+00:00
5548,12.9135218,77.5950804,so2,3.09,2019-07-21T17:45:00+00:00
5548,12.9135218,77.5950804,so2,4.4,2019-07-21T18:00:00+00:00
5548,12.9135218,77.5950804,so2,3.24,2019-07-21T18:15:00+00:00
5548,12.9135218,77.5950804,so2,3.59,2019-07-21T18:30:00+00:00
5548,12.9135218,77.5950804,pm25,18.22,2019-07-21T18:45:00+00:00
5548,12.9135218,77.5950804,pm25,18.64,2019-07-21T19:00:00+00:00
5548,12.9135218,77.5950804,pm25,18.64,2019-07-21T19:15:00+00:00
5548,12.9135218,77.5950804,pm25,18.64,2019-07-21T19:30:00+00:00
5548,12.9135218,77.5950804,pm25,16.34,2019-07-21T19:45:00+00:00
5548,12.9135218,77.5950804,pm25,16.18,2019-07-21T20:00:00+00:00
5548,12.9135218,77.5950804,pm25,16.18,2019-07-21T20:15:00+00:00
5548,12.9135218,77.5950804,pm25,16.18,2019-07-21T20:30:00+00:00
5548,12.9135218,77.5950804,pm25,12.34,2019-07-21T20:45:00+00:00
5548,12.9135218,77.5950804,pm25,12.01,2019-07-21T21:00:00+00:00
5548,12.9135218,77.5950804,pm25,12.01,2019-07-21T21:15:00+00:00
5548,12.9135218,77.5950804,pm25,12.01,2019-07-21T21:30:00+00:00
5548,12.9135218,77.5950804,pm25,11.25,2019-07-21T21:45:00+00:00
5548,12.9135218,77.5950804,pm25,11.19,2019-07-21T22:00:00+00:00
5548,12.9135218,77.5950804,pm25,11.19,2019-07-21T22:15:00+00:00
5548,12.9135218,77.5950804,pm25,11.19,2019-07-21T22:30:00+00:00
5548,12.9135218,77.5950804,pm25,15.12,2019-07-21T22:45:00+00:00
5548,12.9135218,77.5950804,pm25,15.4,2019-07-21T23:00:00+00:00
5548,12.9135218,77.5950804,pm25,15.4,2019-07-21T23:15:00+00:00
5548,12.9135218,77.5950804,pm25,15.4,2019-07-21T23:30:00+00:00
5548,12.9135218,77.5950804,pm25,13.09,2019-07-21T23:45:00+00:00
5548,12.9135218,77.5950804,pm25,12.9,2019-07-22T00:00:00+00:00
5548,12.9135218,77.5950804,pm25,12.9,2019-07-22T00:15:00+00:00
5548,12.9135218,77.5950804,pm25,12.9,2019-07-22T00:30:00+00:00
5548,12.9135218,77.5950804,pm25,11.43,2019-07-22T00:45:00+00:00
5548,12.9135218,77.5950804,pm25,11.31,2019-07-22T01:00:00+00:00
5548,12.9135218,77.5950804,pm25,11.31,2019-07-22T01:15:00+00:00
5548,12.9135218,77.5950804,pm25,11.31,2019-07-22T01:30:00+00:00
5548,12.9135218,77.5950804,pm25,18.48,2019-07-22T01:45:00+00:00
5548,12.9135218,77.5950804,pm25,19.0,2019-07-22T02:00:00+00:00
5548,12.9135218,77.5950804,pm25,19.0,2019-07-22T02:15:00+00:00
5548,12.9135218,77.5950804,pm25,19.0,2019-07-22T02:30:00+00:00
5548,12.9135218,77.5950804,pm25,14.74,2019-07-22T02:45:00+00:00
5548,12.9135218,77.5950804,pm25,14.38,2019-07-22T03:00:00+00:00
5548,12.9135218,77.5950804,pm25,14.38,2019-07-22T03:15:00+00:00
5548,12.9135218,77.5950804,pm25,14.38,2019-07-22T03:30:00+00:00
5548,12.9135218,77.5950804,pm25,12.79,2019-07-22T03:45:00+00:00
5548,12.9135218,77.5950804,pm25,12.66,2019-07-22T04:00:00+00:00
5548,12.9135218,77.5950804,pm25,12.66,2019-07-22T04:15:00+00:00
5548,12.9135218,77.5950804,pm25,12.66,2019-07-22T04:30:00+00:00
5548,12.9135218,77.5950804,pm25,28.39,2019-07-22T04:45:00+00:00
5548,12.9135218,77.5950804,pm25,29.52,2019-07-22T05:00:00+00:00
5548,12.9135218,77.5950804,pm25,29.52,2019-07-22T05:15:00+00:00
5548,12.9135218,77.5950804,pm25,29.52,2019-07-22T05:30:00+00:00
5548,12.9135218,77.5950804,pm25,24.35,2019-07-22T05:45:00+00:00
5548,12.9135218,77.5950804,pm25,23.98,2019-07-22T06:00:00+00:00
5548,12.9135218,77.5950804,pm25,23.98,2019-07-22T06:15:00+00:00
5548,12.9135218,77.5950804,pm25,23.98,2019-07-22T06:30:00+00:00
5548,12.9135218,77.5950804,pm25,25.93,2019-07-22T06:45:00+00:00
5548,12.9135218,77.5950804,pm25,26.07,2019-07-22T07:15:00+00:00
5548,12.9135218,77.5950804,pm25,26.07,2019-07-22T07:30:00+00:00
5548,12.9135218,77.5950804,pm25,19.58,2019-07-22T07:45:00+00:00
5548,12.9135218,77.5950804,pm25,19.03,2019-07-22T08:00:00+00:00
5548,12.9135218,77.5950804,pm25,19.03,2019-07-22T08:15:00+00:00
5548,12.9135218,77.5950804,pm25,19.03,2019-07-22T08:30:00+00:00
5548,12.9135218,77.5950804,pm25,32.36,2019-07-22T08:45:00+00:00
5548,12.9135218,77.5950804,pm25,33.31,2019-07-22T09:00:00+00:00
5548,12.9135218,77.5950804,pm25,33.31,2019-07-22T09:15:00+00:00
5548,12.9135218,77.5950804,pm25,33.31,2019-07-22T09:30:00+00:00
5548,12.9135218,77.5950804,pm25,22.87,2019-07-22T09:45:00+00:00
5548,12.9135218,77.5950804,pm25,21.99,2019-07-22T10:00:00+00:00
5548,12.9135218,77.5950804,pm25,21.99,2019-07-22T10:15:00+00:00
5548,12.9135218,77.5950804,pm25,21.99,2019-07-22T10:30:00+00:00
5548,12.9135218,77.5950804,pm25,15.55,2019-07-22T10:45:00+00:00
5548,12.9135218,77.5950804,pm25,15.01,2019-07-22T11:00:00+00:00
5548,12.9135218,77.5950804,pm25,15.01,2019-07-22T11:15:00+00:00
5548,12.9135218,77.5950804,pm25,15.01,2019-07-22T11:30:00+00:00
5548,12.9135218,77.5950804,pm25,11.63,2019-07-22T11:45:00+00:00
5548,12.9135218,77.5950804,pm25,11.35,2019-07-22T12:00:00+00:00
5548,12.9135218,77.5950804,pm25,11.35,2019-07-22T12:15:00+00:00
5548,12.9135218,77.5950804,pm25,11.35,2019-07-22T12:30:00+00:00
5548,12.9135218,77.5950804,pm25,9.66,2019-07-22T12:45:00+00:00
5548,12.9135218,77.5950804,pm25,9.52,2019-07-22T13:00:00+00:00
5548,12.9135218,77.5950804,pm25,9.52,2019-07-22T13:15:00+00:00
5548,12.9135218,77.5950804,pm25,9.52,2019-07-22T13:30:00+00:00
5548,12.9135218,77.5950804,pm25,9.85,2019-07-22T13:45:00+00:00
5548,12.9135218,77.5950804,pm25,9.88,2019-07-22T14:00:00+00:00
5548,12.9135218,77.5950804,pm25,9.88,2019-07-22T14:15:00+00:00
5548,12.9135218,77.5950804,pm25,9.88,2019-07-22T14:30:00+00:00
5548,12.9135218,77.5950804,pm25,12.52,2019-07-22T14:45:00+00:00
5548,12.9135218,77.5950804,pm25,12.75,2019-07-22T15:00:00+00:00
5548,12.9135218,77.5950804,pm25,12.75,2019-07-22T15:15:00+00:00
5548,12.9135218,77.5950804,pm25,12.75,2019-07-22T15:30:00+00:00
5548,12.9135218,77.5950804,pm25,16.36,2019-07-22T15:45:00+00:00
5548,12.9135218,77.5950804,pm25,16.66,2019-07-22T16:00:00+00:00
5548,12.9135218,77.5950804,pm25,16.66,2019-07-22T16:15:00+00:00
5548,12.9135218,77.5950804,pm25,16.66,2019-07-22T16:30:00+00:00
5548,12.9135218,77.5950804,pm25,22.1,2019-07-22T16:45:00+00:00
5548,12.9135218,77.5950804,pm25,22.56,2019-07-22T17:00:00+00:00
5548,12.9135218,77.5950804,pm25,22.56,2019-07-22T17:15:00+00:00
5548,12.9135218,77.5950804,pm25,22.56,2019-07-22T17:30:00+00:00
5548,12.9135218,77.5950804,pm25,16.51,2019-07-22T17:45:00+00:00
5548,12.9135218,77.5950804,pm25,16.0,2019-07-22T18:00:00+00:00
5548,12.9135218,77.5950804,pm25,16.0,2019-07-22T18:15:00+00:00
5548,12.9135218,77.5950804,pm25,16.0,2019-07-22T18:30:00+00:00
5548,12.9135218,77.5950804,co,0.73,2019-07-21T18:45:00+00:00
5548,12.9135218,77.5950804,co,0.6,2019-07-21T19:00:00+00:00
5548,12.9135218,77.5950804,co,0.76,2019-07-21T19:15:00+00:00
5548,12.9135218,77.5950804,co,0.84,2019-07-21T19:30:00+00:00
5548,12.9135218,77.5950804,co,0.76,2019-07-21T19:45:00+00:00
5548,12.9135218,77.5950804,co,0.26,2019-07-21T20:00:00+00:00
5548,12.9135218,77.5950804,co,0.4,2019-07-21T20:15:00+00:00
5548,12.9135218,77.5950804,co,0.45,2019-07-21T20:30:00+00:00
5548,12.9135218,77.5950804,co,0.47,2019-07-21T20:45:00+00:00
5548,12.9135218,77.5950804,co,0.62,2019-07-21T21:00:00+00:00
5548,12.9135218,77.5950804,co,0.68,2019-07-21T21:15:00+00:00
5548,12.9135218,77.5950804,co,0.77,2019-07-21T21:30:00+00:00
5548,12.9135218,77.5950804,co,0.76,2019-07-21T21:45:00+00:00
5548,12.9135218,77.5950804,co,0.67,2019-07-21T22:00:00+00:00
5548,12.9135218,77.5950804,co,0.7,2019-07-21T22:15:00+00:00
5548,12.9135218,77.5950804,co,0.9,2019-07-21T22:30:00+00:00
5548,12.9135218,77.5950804,co,0.75,2019-07-21T22:45:00+00:00
5548,12.9135218,77.5950804,co,0.51,2019-07-21T23:00:00+00:00
5548,12.9135218,77.5950804,co,0.46,2019-07-21T23:15:00+00:00
5548,12.9135218,77.5950804,co,0.5,2019-07-21T23:30:00+00:00
5548,12.9135218,77.5950804,co,0.49,2019-07-21T23:45:00+00:00
5548,12.9135218,77.5950804,co,0.69,2019-07-22T00:00:00+00:00
5548,12.9135218,77.5950804,co,0.75,2019-07-22T00:15:00+00:00
5548,12.9135218,77.5950804,co,0.95,2019-07-22T00:30:00+00:00
5548,12.9135218,77.5950804,co,1.03,2019-07-22T00:45:00+00:00
5548,12.9135218,77.5950804,co,0.61,2019-07-22T01:00:00+00:00
5548,12.9135218,77.5950804,co,0.59,2019-07-22T01:15:00+00:00
5548,12.9135218,77.5950804,co,0.74,2019-07-22T01:30:00+00:00
5548,12.9135218,77.5950804,co,0.79,2019-07-22T01:45:00+00:00
5548,12.9135218,77.5950804,co,0.82,2019-07-22T02:00:00+00:00
5548,12.9135218,77.5950804,co,1.0,2019-07-22T02:15:00+00:00
5548,12.9135218,77.5950804,co,1.13,2019-07-22T02:30:00+00:00
5548,12.9135218,77.5950804,co,1.2,2019-07-22T02:45:00+00:00
5548,12.9135218,77.5950804,co,0.79,2019-07-22T03:00:00+00:00
5548,12.9135218,77.5950804,co,1.01,2019-07-22T03:15:00+00:00
5548,12.9135218,77.5950804,co,1.03,2019-07-22T03:30:00+00:00
5548,12.9135218,77.5950804,co,1.02,2019-07-22T03:45:00+00:00
5548,12.9135218,77.5950804,co,0.57,2019-07-22T04:00:00+00:00
5548,12.9135218,77.5950804,co,1.03,2019-07-22T04:15:00+00:00
5548,12.9135218,77.5950804,co,0.98,2019-07-22T04:30:00+00:00
5548,12.9135218,77.5950804,co,0.87,2019-07-22T04:45:00+00:00
5548,12.9135218,77.5950804,co,0.57,2019-07-22T05:00:00+00:00
5548,12.9135218,77.5950804,co,0.58,2019-07-22T05:15:00+00:00
5548,12.9135218,77.5950804,co,0.61,2019-07-22T05:30:00+00:00
5548,12.9135218,77.5950804,co,0.56,2019-07-22T05:45:00+00:00
5548,12.9135218,77.5950804,co,0.6,2019-07-22T06:00:00+00:00
5548,12.9135218,77.5950804,co,0.73,2019-07-22T06:15:00+00:00
5548,12.9135218,77.5950804,co,0.74,2019-07-22T06:30:00+00:00
5548,12.9135218,77.5950804,co,0.84,2019-07-22T06:45:00+00:00
5548,12.9135218,77.5950804,co,0.62,2019-07-22T07:15:00+00:00
5548,12.9135218,77.5950804,co,0.58,2019-07-22T07:30:00+00:00
5548,12.9135218,77.5950804,co,0.86,2019-07-22T07:45:00+00:00
5548,12.9135218,77.5950804,co,0.77,2019-07-22T08:00:00+00:00
5548,12.9135218,77.5950804,co,0.79,2019-07-22T08:15:00+00:00
5548,12.9135218,77.5950804,co,0.76,2019-07-22T08:30:00+00:00
5548,12.9135218,77.5950804,co,0.94,2019-07-22T08:45:00+00:00
5548,12.9135218,77.5950804,co,0.41,2019-07-22T09:00:00+00:00
5548,12.9135218,77.5950804,co,0.45,2019-07-22T09:15:00+00:00
5548,12.9135218,77.5950804,co,0.51,2019-07-22T09:30:00+00:00
5548,12.9135218,77.5950804,co,0.59,2019-07-22T09:45:00+00:00
5548,12.9135218,77.5950804,co,0.53,2019-07-22T10:00:00+00:00
5548,12.9135218,77.5950804,co,0.63,2019-07-22T10:15:00+00:00
5548,12.9135218,77.5950804,co,0.73,2019-07-22T10:30:00+00:00
5548,12.9135218,77.5950804,co,0.61,2019-07-22T10:45:00+00:00
5548,12.9135218,77.5950804,co,0.66,2019-07-22T11:00:00+00:00
5548,12.9135218,77.5950804,co,0.69,2019-07-22T11:15:00+00:00
5548,12.9135218,77.5950804,co,0.65,2019-07-22T11:30:00+00:00
5548,12.9135218,77.5950804,co,0.73,2019-07-22T11:45:00+00:00
5548,12.9135218,77.5950804,co,0.81,2019-07-22T12:00:00+00:00
5548,12.9135218,77.5950804,co,0.9,2019-07-22T12:15:00+00:00
5548,12.9135218,77.5950804,co,0.93,2019-07-22T12:30:00+00:00
5548,12.9135218,77.5950804,co,0.9,2019-07-22T12:45:00+00:00
5548,12.9135218,77.5950804,co,0.65,2019-07-22T13:00:00+00:00
5548,12.9135218,77.5950804,co,0.71,2019-07-22T13:15:00+00:00
5548,12.9135218,77.5950804,co,0.71,2019-07-22T13:30:00+00:00
5548,12.9135218,77.5950804,co,0.83,2019-07-22T13:45:00+00:00
5548,12.9135218,77.5950804,co,0.3,2019-07-22T14:00:00+00:00
5548,12.9135218,77.5950804,co,0.34,2019-07-22T14:15:00+00:00
5548,12.9135218,77.5950804,co,0.38,2019-07-22T14:30:00+00:00
5548,12.9135218,77.5950804,co,0.42,2019-07-22T14:45:00+00:00
5548,12.9135218,77.5950804,co,0.66,2019-07-22T15:00:00+00:00
5548,12.9135218,77.5950804,co,0.65,2019-07-22T15:15:00+00:00
5548,12.9135218,77.5950804,co,0.77,2019-07-22T15:30:00+00:00
5548,12.9135218,77.5950804,co,0.74,2019-07-22T15:45:00+00:00
5548,12.9135218,77.5950804,co,0.55,2019-07-22T16:00:00+00:00
5548,12.9135218,77.5950804,co,0.74,2019-07-22T16:15:00+00:00
5548,12.9135218,77.5950804,co,0.66,2019-07-22T16:30:00+00:00
5548,12.9135218,77.5950804,co,0.71,2019-07-22T16:45:00+00:00
5548,12.9135218,77.5950804,co,0.88,2019-07-22T17:00:00+00:00
5548,12.9135218,77.5950804,co,1.21,2019-07-22T17:15:00+00:00
5548,12.9135218,77.5950804,co,1.62,2019-07-22T17:30:00+00:00
5548,12.9135218,77.5950804,co,1.67,2019-07-22T17:45:00+00:00
5548,12.9135218,77.5950804,co,0.4,2019-07-22T18:00:00+00:00
5548,12.9135218,77.5950804,co,0.21,2019-07-22T18:15:00+00:00
5548,12.9135218,77.5950804,co,0.23,2019-07-22T18:30:00+00:00
5548,12.9135218,77.5950804,no2,9.66,2019-07-21T18:45:00+00:00
5548,12.9135218,77.5950804,no2,9.73,2019-07-21T19:00:00+00:00
5548,12.9135218,77.5950804,no2,9.6,2019-07-21T19:15:00+00:00
5548,12.9135218,77.5950804,no2,8.94,2019-07-21T19:30:00+00:00
5548,12.9135218,77.5950804,no2,8.2,2019-07-21T19:45:00+00:00
5548,12.9135218,77.5950804,no2,8.32,2019-07-21T20:00:00+00:00
5548,12.9135218,77.5950804,no2,8.26,2019-07-21T20:15:00+00:00
5548,12.9135218,77.5950804,no2,8.26,2019-07-21T20:30:00+00:00
5548,12.9135218,77.5950804,no2,7.33,2019-07-21T20:45:00+00:00
5548,12.9135218,77.5950804,no2,6.79,2019-07-21T21:00:00+00:00
5548,12.9135218,77.5950804,no2,6.83,2019-07-21T21:15:00+00:00
5548,12.9135218,77.5950804,no2,6.59,2019-07-21T21:30:00+00:00
5548,12.9135218,77.5950804,no2,6.95,2019-07-21T21:45:00+00:00
5548,12.9135218,77.5950804,no2,7.05,2019-07-21T22:00:00+00:00
5548,12.9135218,77.5950804,no2,7.24,2019-07-21T22:15:00+00:00
5548,12.9135218,77.5950804,no2,7.32,2019-07-21T22:30:00+00:00
5548,12.9135218,77.5950804,no2,7.25,2019-07-21T22:45:00+00:00
5548,12.9135218,77.5950804,no2,7.12,2019-07-21T23:00:00+00:00
5548,12.9135218,77.5950804,no2,7.62,2019-07-21T23:15:00+00:00
5548,12.9135218,77.5950804,no2,8.32,2019-07-21T23:30:00+00:00
5548,12.9135218,77.5950804,no2,8.92,2019-07-21T23:45:00+00:00
5548,12.9135218,77.5950804,no2,8.54,2019-07-22T00:00:00+00:00
5548,12.9135218,77.5950804,no2,8.95,2019-07-22T00:15:00+00:00
5548,12.9135218,77.5950804,no2,8.48,2019-07-22T00:30:00+00:00
5548,12.9135218,77.5950804,no2,10.23,2019-07-22T00:45:00+00:00
5548,12.9135218,77.5950804,no2,11.53,2019-07-22T01:00:00+00:00
5548,12.9135218,77.5950804,no2,12.03,2019-07-22T01:15:00+00:00
5548,12.9135218,77.5950804,no2,13.29,2019-07-22T01:30:00+00:00
5548,12.9135218,77.5950804,no2,13.02,2019-07-22T01:45:00+00:00
5548,12.9135218,77.5950804,no2,15.68,2019-07-22T02:00:00+00:00
5548,12.9135218,77.5950804,no2,17.55,2019-07-22T02:15:00+00:00
5548,12.9135218,77.5950804,no2,20.84,2019-07-22T02:30:00+00:00
5548,12.9135218,77.5950804,no2,19.99,2019-07-22T02:45:00+00:00
5548,12.9135218,77.5950804,no2,15.5,2019-07-22T03:00:00+00:00
5548,12.9135218,77.5950804,no2,18.56,2019-07-22T03:15:00+00:00
5548,12.9135218,77.5950804,no2,16.92,2019-07-22T03:30:00+00:00
5548,12.9135218,77.5950804,no2,20.23,2019-07-22T03:45:00+00:00
5548,12.9135218,77.5950804,no2,17.65,2019-07-22T04:00:00+00:00
5548,12.9135218,77.5950804,no2,19.57,2019-07-22T04:15:00+00:00
5548,12.9135218,77.5950804,no2,13.4,2019-07-22T04:30:00+00:00
5548,12.9135218,77.5950804,no2,14.65,2019-07-22T04:45:00+00:00
5548,12.9135218,77.5950804,no2,16.17,2019-07-22T05:00:00+00:00
5548,12.9135218,77.5950804,no2,16.04,2019-07-22T05:15:00+00:00
5548,12.9135218,77.5950804,no2,14.84,2019-07-22T05:30:00+00:00
5548,12.9135218,77.5950804,no2,12.54,2019-07-22T05:45:00+00:00
5548,12.9135218,77.5950804,no2,12.58,2019-07-22T06:00:00+00:00
5548,12.9135218,77.5950804,no2,13.76,2019-07-22T06:15:00+00:00
5548,12.9135218,77.5950804,no2,16.46,2019-07-22T06:30:00+00:00
5548,12.9135218,77.5950804,no2,16.68,2019-07-22T06:45:00+00:00
5548,12.9135218,77.5950804,no2,16.33,2019-07-22T07:15:00+00:00
5548,12.9135218,77.5950804,no2,13.31,2019-07-22T07:30:00+00:00
5548,12.9135218,77.5950804,no2,14.66,2019-07-22T07:45:00+00:00
5548,12.9135218,77.5950804,no2,13.9,2019-07-22T08:00:00+00:00
5548,12.9135218,77.5950804,no2,12.39,2019-07-22T08:15:00+00:00
5548,12.9135218,77.5950804,no2,11.42,2019-07-22T08:30:00+00:00
5548,12.9135218,77.5950804,no2,10.17,2019-07-22T08:45:00+00:00
5548,12.9135218,77.5950804,no2,10.54,2019-07-22T09:00:00+00:00
5548,12.9135218,77.5950804,no2,10.88,2019-07-22T09:15:00+00:00
5548,12.9135218,77.5950804,no2,16.83,2019-07-22T09:30:00+00:00
5548,12.9135218,77.5950804,no2,13.58,2019-07-22T09:45:00+00:00
5548,12.9135218,77.5950804,no2,13.83,2019-07-22T10:00:00+00:00
5548,12.9135218,77.5950804,no2,14.14,2019-07-22T10:15:00+00:00
5548,12.9135218,77.5950804,no2,16.04,2019-07-22T10:30:00+00:00
5548,12.9135218,77.5950804,no2,15.43,2019-07-22T10:45:00+00:00
5548,12.9135218,77.5950804,no2,16.45,2019-07-22T11:00:00+00:00
5548,12.9135218,77.5950804,no2,17.12,2019-07-22T11:15:00+00:00
5548,12.9135218,77.5950804,no2,12.95,2019-07-22T11:30:00+00:00
5548,12.9135218,77.5950804,no2,13.08,2019-07-22T11:45:00+00:00
5548,12.9135218,77.5950804,no2,15.69,2019-07-22T12:00:00+00:00
5548,12.9135218,77.5950804,no2,14.12,2019-07-22T12:15:00+00:00
5548,12.9135218,77.5950804,no2,13.31,2019-07-22T12:30:00+00:00
5548,12.9135218,77.5950804,no2,16.72,2019-07-22T12:45:00+00:00
5548,12.9135218,77.5950804,no2,17.32,2019-07-22T13:00:00+00:00
5548,12.9135218,77.5950804,no2,19.3,2019-07-22T13:15:00+00:00
5548,12.9135218,77.5950804,no2,19.62,2019-07-22T13:30:00+00:00
5548,12.9135218,77.5950804,no2,18.29,2019-07-22T13:45:00+00:00
5548,12.9135218,77.5950804,no2,17.37,2019-07-22T14:00:00+00:00
5548,12.9135218,77.5950804,no2,13.96,2019-07-22T14:15:00+00:00
5548,12.9135218,77.5950804,no2,12.4,2019-07-22T14:30:00+00:00
5548,12.9135218,77.5950804,no2,13.78,2019-07-22T14:45:00+00:00
5548,12.9135218,77.5950804,no2,14.0,2019-07-22T15:00:00+00:00
5548,12.9135218,77.5950804,no2,12.15,2019-07-22T15:15:00+00:00
5548,12.9135218,77.5950804,no2,13.14,2019-07-22T15:30:00+00:00
5548,12.9135218,77.5950804,no2,13.33,2019-07-22T15:45:00+00:00
5548,12.9135218,77.5950804,no2,13.23,2019-07-22T16:00:00+00:00
5548,12.9135218,77.5950804,no2,14.0,2019-07-22T16:15:00+00:00
5548,12.9135218,77.5950804,no2,13.95,2019-07-22T16:30:00+00:00
5548,12.9135218,77.5950804,no2,12.69,2019-07-22T16:45:00+00:00
5548,12.9135218,77.5950804,no2,12.23,2019-07-22T17:00:00+00:00
5548,12.9135218,77.5950804,no2,14.1,2019-07-22T17:15:00+00:00
5548,12.9135218,77.5950804,no2,14.53,2019-07-22T17:30:00+00:00
5548,12.9135218,77.5950804,no2,13.03,2019-07-22T17:45:00+00:00
5548,12.9135218,77.5950804,no2,10.3,2019-07-22T18:00:00+00:00
5548,12.9135218,77.5950804,no2,9.69,2019-07-22T18:15:00+00:00
5548,12.9135218,77.5950804,no2,9.26,2019-07-22T18:30:00+00:00
5548,12.9135218,77.5950804,so2,2.06,2019-07-21T18:45:00+00:00
5548,12.9135218,77.5950804,so2,3.59,2019-07-21T19:00:00+00:00
5548,12.9135218,77.5950804,so2,3.84,2019-07-21T19:15:00+00:00
5548,12.9135218,77.5950804,so2,6.9,2019-07-21T19:30:00+00:00
5548,12.9135218,77.5950804,so2,3.54,2019-07-21T19:45:00+00:00
5548,12.9135218,77.5950804,so2,5.2,2019-07-21T20:00:00+00:00
5548,12.9135218,77.5950804,so2,5.62,2019-07-21T20:15:00+00:00
5548,12.9135218,77.5950804,so2,5.93,2019-07-21T20:30:00+00:00
5548,12.9135218,77.5950804,so2,8.49,2019-07-21T20:45:00+00:00
5548,12.9135218,77.5950804,so2,6.11,2019-07-21T21:00:00+00:00
5548,12.9135218,77.5950804,so2,7.81,2019-07-21T21:15:00+00:00
5548,12.9135218,77.5950804,so2,7.99,2019-07-21T21:30:00+00:00
5548,12.9135218,77.5950804,so2,8.83,2019-07-21T21:45:00+00:00
5548,12.9135218,77.5950804,so2,6.8,2019-07-21T22:00:00+00:00
5548,12.9135218,77.5950804,so2,7.75,2019-07-21T22:15:00+00:00
5548,12.9135218,77.5950804,so2,4.51,2019-07-21T22:30:00+00:00
5548,12.9135218,77.5950804,so2,3.25,2019-07-21T22:45:00+00:00
5548,12.9135218,77.5950804,so2,4.39,2019-07-21T23:00:00+00:00
5548,12.9135218,77.5950804,so2,4.24,2019-07-21T23:15:00+00:00
5548,12.9135218,77.5950804,so2,4.74,2019-07-21T23:30:00+00:00
5548,12.9135218,77.5950804,so2,4.44,2019-07-21T23:45:00+00:00
5548,12.9135218,77.5950804,so2,4.55,2019-07-22T00:00:00+00:00
5548,12.9135218,77.5950804,so2,4.66,2019-07-22T00:15:00+00:00
5548,12.9135218,77.5950804,so2,8.21,2019-07-22T00:30:00+00:00
5548,12.9135218,77.5950804,so2,11.44,2019-07-22T00:45:00+00:00
5548,12.9135218,77.5950804,so2,7.5,2019-07-22T01:00:00+00:00
5548,12.9135218,77.5950804,so2,8.45,2019-07-22T01:15:00+00:00
5548,12.9135218,77.5950804,so2,8.87,2019-07-22T01:30:00+00:00
5548,12.9135218,77.5950804,so2,10.57,2019-07-22T01:45:00+00:00
5548,12.9135218,77.5950804,so2,7.45,2019-07-22T02:00:00+00:00
5548,12.9135218,77.5950804,so2,6.89,2019-07-22T02:15:00+00:00
5548,12.9135218,77.5950804,so2,5.07,2019-07-22T02:30:00+00:00
5548,12.9135218,77.5950804,so2,3.87,2019-07-22T02:45:00+00:00
5548,12.9135218,77.5950804,so2,2.57,2019-07-22T03:00:00+00:00
5548,12.9135218,77.5950804,so2,4.02,2019-07-22T03:15:00+00:00
5548,12.9135218,77.5950804,so2,4.06,2019-07-22T03:30:00+00:00
5548,12.9135218,77.5950804,so2,4.81,2019-07-22T03:45:00+00:00
5548,12.9135218,77.5950804,so2,4.72,2019-07-22T04:00:00+00:00
5548,12.9135218,77.5950804,so2,4.67,2019-07-22T04:15:00+00:00
5548,12.9135218,77.5950804,so2,3.28,2019-07-22T04:30:00+00:00
5548,12.9135218,77.5950804,so2,2.5,2019-07-22T04:45:00+00:00
5548,12.9135218,77.5950804,so2,2.11,2019-07-22T05:00:00+00:00
5548,12.9135218,77.5950804,so2,2.42,2019-07-22T05:15:00+00:00
5548,12.9135218,77.5950804,so2,4.8,2019-07-22T05:30:00+00:00
5548,12.9135218,77.5950804,so2,5.13,2019-07-22T05:45:00+00:00
5548,12.9135218,77.5950804,so2,4.23,2019-07-22T06:00:00+00:00
5548,12.9135218,77.5950804,so2,4.92,2019-07-22T06:15:00+00:00
5548,12.9135218,77.5950804,so2,5.12,2019-07-22T06:30:00+00:00
5548,12.9135218,77.5950804,so2,3.59,2019-07-22T06:45:00+00:00
5548,12.9135218,77.5950804,so2,2.59,2019-07-22T07:15:00+00:00
5548,12.9135218,77.5950804,so2,4.32,2019-07-22T07:30:00+00:00
5548,12.9135218,77.5950804,so2,3.32,2019-07-22T07:45:00+00:00
5548,12.9135218,77.5950804,so2,3.5,2019-07-22T08:00:00+00:00
5548,12.9135218,77.5950804,so2,3.25,2019-07-22T08:15:00+00:00
5548,12.9135218,77.5950804,so2,4.45,2019-07-22T08:30:00+00:00
5548,12.9135218,77.5950804,so2,5.48,2019-07-22T08:45:00+00:00
5548,12.9135218,77.5950804,so2,4.26,2019-07-22T09:00:00+00:00
5548,12.9135218,77.5950804,so2,4.07,2019-07-22T09:15:00+00:00
5548,12.9135218,77.5950804,so2,8.6,2019-07-22T09:30:00+00:00
5548,12.9135218,77.5950804,so2,6.62,2019-07-22T09:45:00+00:00
5548,12.9135218,77.5950804,so2,7.9,2019-07-22T10:00:00+00:00
5548,12.9135218,77.5950804,so2,8.91,2019-07-22T10:15:00+00:00
5548,12.9135218,77.5950804,so2,5.64,2019-07-22T10:30:00+00:00
5548,12.9135218,77.5950804,so2,3.35,2019-07-22T10:45:00+00:00
5548,12.9135218,77.5950804,so2,4.04,2019-07-22T11:00:00+00:00
5548,12.9135218,77.5950804,so2,6.38,2019-07-22T11:15:00+00:00
5548,12.9135218,77.5950804,so2,5.43,2019-07-22T11:30:00+00:00
5548,12.9135218,77.5950804,so2,4.37,2019-07-22T11:45:00+00:00
5548,12.9135218,77.5950804,so2,4.86,2019-07-22T12:00:00+00:00
5548,12.9135218,77.5950804,so2,6.26,2019-07-22T12:15:00+00:00
5548,12.9135218,77.5950804,so2,8.83,2019-07-22T12:30:00+00:00
5548,12.9135218,77.5950804,so2,11.47,2019-07-22T12:45:00+00:00
5548,12.9135218,77.5950804,so2,10.81,2019-07-22T13:00:00+00:00
5548,12.9135218,77.5950804,so2,8.01,2019-07-22T13:15:00+00:00
5548,12.9135218,77.5950804,so2,8.53,2019-07-22T13:30:00+00:00
5548,12.9135218,77.5950804,so2,4.23,2019-07-22T13:45:00+00:00
5548,12.9135218,77.5950804,so2,7.68,2019-07-22T14:00:00+00:00
5548,12.9135218,77.5950804,so2,6.92,2019-07-22T14:15:00+00:00
5548,12.9135218,77.5950804,so2,8.59,2019-07-22T14:30:00+00:00
5548,12.9135218,77.5950804,so2,6.81,2019-07-22T14:45:00+00:00
5548,12.9135218,77.5950804,so2,6.8,2019-07-22T15:00:00+00:00
5548,12.9135218,77.5950804,so2,7.88,2019-07-22T15:15:00+00:00
5548,12.9135218,77.5950804,so2,8.79,2019-07-22T15:30:00+00:00
5548,12.9135218,77.5950804,so2,6.81,2019-07-22T15:45:00+00:00
5548,12.9135218,77.5950804,so2,7.97,2019-07-22T16:00:00+00:00
5548,12.9135218,77.5950804,so2,9.86,2019-07-22T16:15:00+00:00
5548,12.9135218,77.5950804,so2,4.45,2019-07-22T16:30:00+00:00
5548,12.9135218,77.5950804,so2,2.84,2019-07-22T16:45:00+00:00
5548,12.9135218,77.5950804,so2,2.39,2019-07-22T17:00:00+00:00
5548,12.9135218,77.5950804,so2,4.29,2019-07-22T17:15:00+00:00
5548,12.9135218,77.5950804,so2,3.9,2019-07-22T17:30:00+00:00
5548,12.9135218,77.5950804,so2,4.56,2019-07-22T17:45:00+00:00
5548,12.9135218,77.5950804,so2,3.03,2019-07-22T18:00:00+00:00
5548,12.9135218,77.5950804,so2,5.32,2019-07-22T18:15:00+00:00
5548,12.9135218,77.5950804,so2,3.6,2019-07-22T18:30:00+00:00
5548,12.9135218,77.5950804,pm25,17.38,2019-07-22T18:45:00+00:00
5548,12.9135218,77.5950804,pm25,17.5,2019-07-22T19:15:00+00:00
5548,12.9135218,77.5950804,pm25,17.5,2019-07-22T19:30:00+00:00
5548,12.9135218,77.5950804,pm25,11.97,2019-07-22T19:45:00+00:00
5548,12.9135218,77.5950804,pm25,11.58,2019-07-22T20:00:00+00:00
5548,12.9135218,77.5950804,pm25,11.58,2019-07-22T20:15:00+00:00
5548,12.9135218,77.5950804,pm25,11.58,2019-07-22T20:30:00+00:00
5548,12.9135218,77.5950804,pm25,9.98,2019-07-22T20:45:00+00:00
5548,12.9135218,77.5950804,pm25,9.85,2019-07-22T21:00:00+00:00
5548,12.9135218,77.5950804,pm25,9.85,2019-07-22T21:15:00+00:00
5548,12.9135218,77.5950804,pm25,9.85,2019-07-22T21:30:00+00:00
5548,12.9135218,77.5950804,pm25,7.9,2019-07-22T21:45:00+00:00
5548,12.9135218,77.5950804,pm25,7.77,2019-07-22T22:00:00+00:00
5548,12.9135218,77.5950804,pm25,7.77,2019-07-22T22:15:00+00:00
5548,12.9135218,77.5950804,pm25,7.77,2019-07-22T22:30:00+00:00
5548,12.9135218,77.5950804,pm25,6.79,2019-07-22T22:45:00+00:00
5548,12.9135218,77.5950804,pm25,6.72,2019-07-22T23:00:00+00:00
5548,12.9135218,77.5950804,pm25,6.72,2019-07-22T23:15:00+00:00
5548,12.9135218,77.5950804,pm25,6.72,2019-07-22T23:30:00+00:00
5548,12.9135218,77.5950804,pm25,6.23,2019-07-22T23:45:00+00:00
5548,12.9135218,77.5950804,pm25,6.19,2019-07-23T00:00:00+00:00
5548,12.9135218,77.5950804,pm25,6.19,2019-07-23T00:15:00+00:00
5548,12.9135218,77.5950804,pm25,6.19,2019-07-23T00:30:00+00:00
5548,12.9135218,77.5950804,pm25,5.95,2019-07-23T00:45:00+00:00
5548,12.9135218,77.5950804,pm25,5.94,2019-07-23T01:00:00+00:00
5548,12.9135218,77.5950804,pm25,5.94,2019-07-23T01:15:00+00:00
5548,12.9135218,77.5950804,pm25,5.94,2019-07-23T01:30:00+00:00
5548,12.9135218,77.5950804,pm25,22.87,2019-07-23T01:45:00+00:00
5548,12.9135218,77.5950804,pm25,24.3,2019-07-23T02:00:00+00:00
5548,12.9135218,77.5950804,pm25,24.3,2019-07-23T02:15:00+00:00
5548,12.9135218,77.5950804,pm25,24.3,2019-07-23T02:30:00+00:00
5548,12.9135218,77.5950804,pm25,17.36,2019-07-23T02:45:00+00:00
5548,12.9135218,77.5950804,pm25,16.78,2019-07-23T03:00:00+00:00
5548,12.9135218,77.5950804,pm25,16.78,2019-07-23T03:15:00+00:00
5548,12.9135218,77.5950804,pm25,16.78,2019-07-23T03:30:00+00:00
5548,12.9135218,77.5950804,pm25,12.52,2019-07-23T03:45:00+00:00
5548,12.9135218,77.5950804,pm25,12.16,2019-07-23T04:00:00+00:00
5548,12.9135218,77.5950804,pm25,12.16,2019-07-23T04:15:00+00:00
5548,12.9135218,77.5950804,pm25,12.16,2019-07-23T04:30:00+00:00
5548,12.9135218,77.5950804,pm25,9.14,2019-07-23T04:45:00+00:00
5548,12.9135218,77.5950804,pm25,8.92,2019-07-23T05:00:00+00:00
5548,12.9135218,77.5950804,pm25,8.92,2019-07-23T05:15:00+00:00
5548,12.9135218,77.5950804,pm25,8.92,2019-07-23T05:30:00+00:00
5548,12.9135218,77.5950804,pm25,7.44,2019-07-23T05:45:00+00:00
5548,12.9135218,77.5950804,pm25,7.3,2019-07-23T06:00:00+00:00
5548,12.9135218,77.5950804,pm25,7.3,2019-07-23T06:15:00+00:00
5548,12.9135218,77.5950804,pm25,7.3,2019-07-23T06:30:00+00:00
5548,12.9135218,77.5950804,pm25,54.02,2019-07-23T06:45:00+00:00
5548,12.9135218,77.5950804,pm25,59.86,2019-07-23T07:00:00+00:00
5548,12.9135218,77.5950804,pm25,59.86,2019-07-23T07:15:00+00:00
5548,12.9135218,77.5950804,pm25,59.86,2019-07-23T07:30:00+00:00
5548,12.9135218,77.5950804,pm25,38.23,2019-07-23T07:45:00+00:00
5548,12.9135218,77.5950804,pm25,35.22,2019-07-23T08:00:00+00:00
5548,12.9135218,77.5950804,pm25,35.22,2019-07-23T08:15:00+00:00
5548,12.9135218,77.5950804,pm25,35.22,2019-07-23T08:30:00+00:00
5548,12.9135218,77.5950804,pm25,27.88,2019-07-23T08:45:00+00:00
5548,12.9135218,77.5950804,pm25,26.97,2019-07-23T09:00:00+00:00
5548,12.9135218,77.5950804,pm25,26.97,2019-07-23T09:15:00+00:00
5548,12.9135218,77.5950804,pm25,26.97,2019-07-23T09:30:00+00:00
5548,12.9135218,77.5950804,pm25,17.5,2019-07-23T09:45:00+00:00
5548,12.9135218,77.5950804,pm25,16.32,2019-07-23T10:00:00+00:00
5548,12.9135218,77.5950804,pm25,16.32,2019-07-23T10:15:00+00:00
5548,12.9135218,77.5950804,pm25,16.32,2019-07-23T10:30:00+00:00
5548,12.9135218,77.5950804,pm25,31.13,2019-07-23T10:45:00+00:00
5548,12.9135218,77.5950804,pm25,32.98,2019-07-23T11:00:00+00:00
5548,12.9135218,77.5950804,pm25,32.98,2019-07-23T11:15:00+00:00
5548,12.9135218,77.5950804,pm25,32.98,2019-07-23T11:30:00+00:00
5548,12.9135218,77.5950804,pm25,23.05,2019-07-23T11:45:00+00:00
5548,12.9135218,77.5950804,pm25,21.67,2019-07-23T12:00:00+00:00
5548,12.9135218,77.5950804,pm25,21.67,2019-07-23T12:15:00+00:00
5548,12.9135218,77.5950804,pm25,21.67,2019-07-23T12:30:00+00:00
5548,12.9135218,77.5950804,pm25,82.47,2019-07-23T12:45:00+00:00
5548,12.9135218,77.5950804,pm25,88.41,2019-07-23T13:00:00+00:00
5548,12.9135218,77.5950804,pm25,88.41,2019-07-23T13:15:00+00:00
5548,12.9135218,77.5950804,pm25,88.41,2019-07-23T13:30:00+00:00
5548,12.9135218,77.5950804,pm25,61.25,2019-07-23T13:45:00+00:00
5548,12.9135218,77.5950804,pm25,58.6,2019-07-23T14:00:00+00:00
5548,12.9135218,77.5950804,pm25,58.6,2019-07-23T14:15:00+00:00
5548,12.9135218,77.5950804,pm25,58.6,2019-07-23T14:30:00+00:00
5548,12.9135218,77.5950804,pm25,37.74,2019-07-23T14:45:00+00:00
5548,12.9135218,77.5950804,pm25,34.53,2019-07-23T15:00:00+00:00
5548,12.9135218,77.5950804,pm25,34.53,2019-07-23T15:15:00+00:00
5548,12.9135218,77.5950804,pm25,34.53,2019-07-23T15:30:00+00:00
5548,12.9135218,77.5950804,pm25,27.69,2019-07-23T15:45:00+00:00
5548,12.9135218,77.5950804,pm25,26.74,2019-07-23T16:00:00+00:00
5548,12.9135218,77.5950804,pm25,26.74,2019-07-23T16:15:00+00:00
5548,12.9135218,77.5950804,pm25,26.74,2019-07-23T16:30:00+00:00
5548,12.9135218,77.5950804,pm25,37.44,2019-07-23T16:45:00+00:00
5548,12.9135218,77.5950804,pm25,38.94,2019-07-23T17:00:00+00:00
5548,12.9135218,77.5950804,pm25,38.94,2019-07-23T17:15:00+00:00
5548,12.9135218,77.5950804,pm25,38.94,2019-07-23T17:30:00+00:00
5548,12.9135218,77.5950804,pm25,40.58,2019-07-23T17:45:00+00:00
5548,12.9135218,77.5950804,pm25,40.81,2019-07-23T18:00:00+00:00
5548,12.9135218,77.5950804,pm25,40.81,2019-07-23T18:15:00+00:00
5548,12.9135218,77.5950804,pm25,40.81,2019-07-23T18:30:00+00:00
5548,12.9135218,77.5950804,co,0.42,2019-07-22T18:45:00+00:00
5548,12.9135218,77.5950804,co,0.6,2019-07-22T19:15:00+00:00
5548,12.9135218,77.5950804,co,0.5,2019-07-22T19:30:00+00:00
5548,12.9135218,77.5950804,co,5.9,2019-07-22T19:45:00+00:00
5548,12.9135218,77.5950804,co,0.38,2019-07-22T20:00:00+00:00
5548,12.9135218,77.5950804,co,0.17,2019-07-22T20:15:00+00:00
5548,12.9135218,77.5950804,co,0.38,2019-07-22T20:30:00+00:00
5548,12.9135218,77.5950804,co,0.08,2019-07-22T20:45:00+00:00
5548,12.9135218,77.5950804,co,0.22,2019-07-22T21:00:00+00:00
5548,12.9135218,77.5950804,co,0.06,2019-07-22T21:15:00+00:00
5548,12.9135218,77.5950804,co,0.12,2019-07-22T21:30:00+00:00
5548,12.9135218,77.5950804,co,0.03,2019-07-22T21:45:00+00:00
5548,12.9135218,77.5950804,co,0.42,2019-07-22T22:00:00+00:00
5548,12.9135218,77.5950804,co,0.43,2019-07-22T22:15:00+00:00
5548,12.9135218,77.5950804,co,0.42,2019-07-22T22:30:00+00:00
5548,12.9135218,77.5950804,co,0.44,2019-07-22T22:45:00+00:00
5548,12.9135218,77.5950804,co,0.5,2019-07-22T23:00:00+00:00
5548,12.9135218,77.5950804,co,0.66,2019-07-22T23:15:00+00:00
5548,12.9135218,77.5950804,co,0.59,2019-07-22T23:30:00+00:00
5548,12.9135218,77.5950804,co,0.79,2019-07-22T23:45:00+00:00
5548,12.9135218,77.5950804,co,1.83,2019-07-23T00:00:00+00:00
5548,12.9135218,77.5950804,co,1.67,2019-07-23T00:15:00+00:00
5548,12.9135218,77.5950804,co,1.44,2019-07-23T00:30:00+00:00
5548,12.9135218,77.5950804,co,1.44,2019-07-23T00:45:00+00:00
5548,12.9135218,77.5950804,co,0.47,2019-07-23T01:00:00+00:00
5548,12.9135218,77.5950804,co,0.47,2019-07-23T01:15:00+00:00
5548,12.9135218,77.5950804,co,0.77,2019-07-23T01:30:00+00:00
5548,12.9135218,77.5950804,co,0.71,2019-07-23T01:45:00+00:00
5548,12.9135218,77.5950804,co,0.52,2019-07-23T02:00:00+00:00
5548,12.9135218,77.5950804,co,0.56,2019-07-23T02:15:00+00:00
5548,12.9135218,77.5950804,co,0.63,2019-07-23T02:30:00+00:00
5548,12.9135218,77.5950804,co,0.52,2019-07-23T02:45:00+00:00
5548,12.9135218,77.5950804,co,0.99,2019-07-23T03:00:00+00:00
5548,12.9135218,77.5950804,co,0.96,2019-07-23T03:15:00+00:00
5548,12.9135218,77.5950804,co,1.13,2019-07-23T03:30:00+00:00
5548,12.9135218,77.5950804,co,1.12,2019-07-23T03:45:00+00:00
5548,12.9135218,77.5950804,co,0.6,2019-07-23T04:00:00+00:00
5548,12.9135218,77.5950804,co,0.58,2019-07-23T04:15:00+00:00
5548,12.9135218,77.5950804,co,0.67,2019-07-23T04:30:00+00:00
5548,12.9135218,77.5950804,co,0.47,2019-07-23T04:45:00+00:00
5548,12.9135218,77.5950804,co,0.76,2019-07-23T05:00:00+00:00
5548,12.9135218,77.5950804,co,0.81,2019-07-23T05:15:00+00:00
5548,12.9135218,77.5950804,co,0.82,2019-07-23T05:30:00+00:00
5548,12.9135218,77.5950804,co,0.84,2019-07-23T05:45:00+00:00
5548,12.9135218,77.5950804,co,0.54,2019-07-23T06:00:00+00:00
5548,12.9135218,77.5950804,co,0.63,2019-07-23T06:15:00+00:00
5548,12.9135218,77.5950804,co,1.49,2019-07-23T06:30:00+00:00
5548,12.9135218,77.5950804,co,1.31,2019-07-23T06:45:00+00:00
5548,12.9135218,77.5950804,co,0.4,2019-07-23T07:00:00+00:00
5548,12.9135218,77.5950804,co,0.41,2019-07-23T07:15:00+00:00
5548,12.9135218,77.5950804,co,0.38,2019-07-23T07:30:00+00:00
5548,12.9135218,77.5950804,co,0.36,2019-07-23T07:45:00+00:00
5548,12.9135218,77.5950804,co,0.7,2019-07-23T08:00:00+00:00
5548,12.9135218,77.5950804,co,0.89,2019-07-23T08:15:00+00:00
5548,12.9135218,77.5950804,co,0.96,2019-07-23T08:30:00+00:00
5548,12.9135218,77.5950804,co,1.06,2019-07-23T08:45:00+00:00
5548,12.9135218,77.5950804,co,0.74,2019-07-23T09:00:00+00:00
5548,12.9135218,77.5950804,co,0.74,2019-07-23T09:15:00+00:00
5548,12.9135218,77.5950804,co,0.91,2019-07-23T09:30:00+00:00
5548,12.9135218,77.5950804,co,0.86,2019-07-23T09:45:00+00:00
5548,12.9135218,77.5950804,co,1.03,2019-07-23T10:00:00+00:00
5548,12.9135218,77.5950804,co,1.02,2019-07-23T10:15:00+00:00
5548,12.9135218,77.5950804,co,1.1,2019-07-23T10:30:00+00:00
5548,12.9135218,77.5950804,co,1.16,2019-07-23T10:45:00+00:00
5548,12.9135218,77.5950804,co,0.81,2019-07-23T11:00:00+00:00
5548,12.9135218,77.5950804,co,0.7,2019-07-23T11:15:00+00:00
5548,12.9135218,77.5950804,co,0.93,2019-07-23T11:30:00+00:00
5548,12.9135218,77.5950804,co,0.83,2019-07-23T11:45:00+00:00
5548,12.9135218,77.5950804,co,0.85,2019-07-23T12:00:00+00:00
5548,12.9135218,77.5950804,co,0.9,2019-07-23T12:15:00+00:00
5548,12.9135218,77.5950804,co,0.96,2019-07-23T12:30:00+00:00
5548,12.9135218,77.5950804,co,0.96,2019-07-23T12:45:00+00:00
5548,12.9135218,77.5950804,co,0.57,2019-07-23T13:00:00+00:00
5548,12.9135218,77.5950804,co,0.72,2019-07-23T13:15:00+00:00
5548,12.9135218,77.5950804,co,0.67,2019-07-23T13:30:00+00:00
5548,12.9135218,77.5950804,co,0.67,2019-07-23T13:45:00+00:00
5548,12.9135218,77.5950804,co,0.76,2019-07-23T14:00:00+00:00
5548,12.9135218,77.5950804,co,0.84,2019-07-23T14:15:00+00:00
5548,12.9135218,77.5950804,co,1.0,2019-07-23T14:30:00+00:00
5548,12.9135218,77.5950804,co,0.89,2019-07-23T14:45:00+00:00
5548,12.9135218,77.5950804,co,0.62,2019-07-23T15:00:00+00:00
5548,12.9135218,77.5950804,co,0.62,2019-07-23T15:15:00+00:00
5548,12.9135218,77.5950804,co,0.55,2019-07-23T15:30:00+00:00
5548,12.9135218,77.5950804,co,0.49,2019-07-23T15:45:00+00:00
5548,12.9135218,77.5950804,co,0.83,2019-07-23T16:00:00+00:00
5548,12.9135218,77.5950804,co,0.88,2019-07-23T16:15:00+00:00
5548,12.9135218,77.5950804,co,0.82,2019-07-23T16:30:00+00:00
5548,12.9135218,77.5950804,co,1.17,2019-07-23T16:45:00+00:00
5548,12.9135218,77.5950804,co,0.76,2019-07-23T17:00:00+00:00
5548,12.9135218,77.5950804,co,0.72,2019-07-23T17:15:00+00:00
5548,12.9135218,77.5950804,co,0.75,2019-07-23T17:30:00+00:00
5548,12.9135218,77.5950804,co,0.85,2019-07-23T17:45:00+00:00
5548,12.9135218,77.5950804,co,0.48,2019-07-23T18:00:00+00:00
5548,12.9135218,77.5950804,co,0.59,2019-07-23T18:15:00+00:00
5548,12.9135218,77.5950804,co,0.36,2019-07-23T18:30:00+00:00
5548,12.9135218,77.5950804,no2,9.26,2019-07-22T18:45:00+00:00
5548,12.9135218,77.5950804,no2,6.86,2019-07-22T19:15:00+00:00
5548,12.9135218,77.5950804,no2,8.29,2019-07-22T19:30:00+00:00
5548,12.9135218,77.5950804,no2,8.47,2019-07-22T19:45:00+00:00
5548,12.9135218,77.5950804,no2,8.27,2019-07-22T20:00:00+00:00
5548,12.9135218,77.5950804,no2,7.4,2019-07-22T20:15:00+00:00
5548,12.9135218,77.5950804,no2,7.51,2019-07-22T20:30:00+00:00
5548,12.9135218,77.5950804,no2,7.54,2019-07-22T20:45:00+00:00
5548,12.9135218,77.5950804,no2,7.38,2019-07-22T21:00:00+00:00
5548,12.9135218,77.5950804,no2,7.84,2019-07-22T21:15:00+00:00
5548,12.9135218,77.5950804,no2,7.54,2019-07-22T21:30:00+00:00
5548,12.9135218,77.5950804,no2,8.86,2019-07-22T21:45:00+00:00
5548,12.9135218,77.5950804,no2,7.25,2019-07-22T22:00:00+00:00
5548,12.9135218,77.5950804,no2,7.9,2019-07-22T22:15:00+00:00
5548,12.9135218,77.5950804,no2,7.62,2019-07-22T22:30:00+00:00
5548,12.9135218,77.5950804,no2,8.18,2019-07-22T22:45:00+00:00
5548,12.9135218,77.5950804,no2,8.39,2019-07-22T23:00:00+00:00
5548,12.9135218,77.5950804,no2,12.57,2019-07-22T23:15:00+00:00
5548,12.9135218,77.5950804,no2,9.93,2019-07-22T23:30:00+00:00
5548,12.9135218,77.5950804,no2,11.95,2019-07-22T23:45:00+00:00
5548,12.9135218,77.5950804,no2,10.08,2019-07-23T00:00:00+00:00
5548,12.9135218,77.5950804,no2,10.41,2019-07-23T00:15:00+00:00
5548,12.9135218,77.5950804,no2,9.03,2019-07-23T00:30:00+00:00
5548,12.9135218,77.5950804,no2,10.75,2019-07-23T00:45:00+00:00
5548,12.9135218,77.5950804,no2,11.99,2019-07-23T01:00:00+00:00
5548,12.9135218,77.5950804,no2,12.28,2019-07-23T01:15:00+00:00
5548,12.9135218,77.5950804,no2,11.92,2019-07-23T01:30:00+00:00
5548,12.9135218,77.5950804,no2,12.9,2019-07-23T01:45:00+00:00
5548,12.9135218,77.5950804,no2,13.0,2019-07-23T02:00:00+00:00
5548,12.9135218,77.5950804,no2,15.85,2019-07-23T02:15:00+00:00
5548,12.9135218,77.5950804,no2,19.39,2019-07-23T02:30:00+00:00
5548,12.9135218,77.5950804,no2,18.23,2019-07-23T02:45:00+00:00
5548,12.9135218,77.5950804,no2,17.58,2019-07-23T03:00:00+00:00
5548,12.9135218,77.5950804,no2,18.21,2019-07-23T03:15:00+00:00
5548,12.9135218,77.5950804,no2,16.68,2019-07-23T03:30:00+00:00
5548,12.9135218,77.5950804,no2,15.95,2019-07-23T03:45:00+00:00
5548,12.9135218,77.5950804,no2,17.46,2019-07-23T04:00:00+00:00
5548,12.9135218,77.5950804,no2,17.22,2019-07-23T04:15:00+00:00
5548,12.9135218,77.5950804,no2,15.43,2019-07-23T04:30:00+00:00
5548,12.9135218,77.5950804,no2,16.05,2019-07-23T04:45:00+00:00
5548,12.9135218,77.5950804,no2,17.43,2019-07-23T05:00:00+00:00
5548,12.9135218,77.5950804,no2,16.61,2019-07-23T05:15:00+00:00
5548,12.9135218,77.5950804,no2,15.05,2019-07-23T05:30:00+00:00
5548,12.9135218,77.5950804,no2,12.91,2019-07-23T05:45:00+00:00
5548,12.9135218,77.5950804,no2,11.22,2019-07-23T06:00:00+00:00
5548,12.9135218,77.5950804,no2,15.27,2019-07-23T06:15:00+00:00
5548,12.9135218,77.5950804,no2,7.72,2019-07-23T06:30:00+00:00
5548,12.9135218,77.5950804,no2,26.06,2019-07-23T06:45:00+00:00
5548,12.9135218,77.5950804,no2,13.09,2019-07-23T07:00:00+00:00
5548,12.9135218,77.5950804,no2,18.46,2019-07-23T07:15:00+00:00
5548,12.9135218,77.5950804,no2,14.47,2019-07-23T07:30:00+00:00
5548,12.9135218,77.5950804,no2,14.94,2019-07-23T07:45:00+00:00
5548,12.9135218,77.5950804,no2,16.3,2019-07-23T08:00:00+00:00
5548,12.9135218,77.5950804,no2,16.59,2019-07-23T08:15:00+00:00
5548,12.9135218,77.5950804,no2,15.24,2019-07-23T08:30:00+00:00
5548,12.9135218,77.5950804,no2,22.16,2019-07-23T08:45:00+00:00
5548,12.9135218,77.5950804,no2,12.86,2019-07-23T09:00:00+00:00
5548,12.9135218,77.5950804,no2,13.21,2019-07-23T09:15:00+00:00
5548,12.9135218,77.5950804,no2,16.74,2019-07-23T09:30:00+00:00
5548,12.9135218,77.5950804,no2,15.42,2019-07-23T09:45:00+00:00
5548,12.9135218,77.5950804,no2,15.79,2019-07-23T10:00:00+00:00
5548,12.9135218,77.5950804,no2,22.33,2019-07-23T10:15:00+00:00
5548,12.9135218,77.5950804,no2,24.13,2019-07-23T10:30:00+00:00
5548,12.9135218,77.5950804,no2,22.93,2019-07-23T10:45:00+00:00
5548,12.9135218,77.5950804,no2,17.35,2019-07-23T11:00:00+00:00
5548,12.9135218,77.5950804,no2,17.72,2019-07-23T11:15:00+00:00
5548,12.9135218,77.5950804,no2,18.68,2019-07-23T11:30:00+00:00
5548,12.9135218,77.5950804,no2,26.23,2019-07-23T11:45:00+00:00
5548,12.9135218,77.5950804,no2,17.96,2019-07-23T12:00:00+00:00
5548,12.9135218,77.5950804,no2,15.94,2019-07-23T12:15:00+00:00
5548,12.9135218,77.5950804,no2,15.05,2019-07-23T12:30:00+00:00
5548,12.9135218,77.5950804,no2,14.34,2019-07-23T12:45:00+00:00
5548,12.9135218,77.5950804,no2,12.8,2019-07-23T13:00:00+00:00
5548,12.9135218,77.5950804,no2,14.48,2019-07-23T13:15:00+00:00
5548,12.9135218,77.5950804,no2,15.97,2019-07-23T13:30:00+00:00
5548,12.9135218,77.5950804,no2,15.4,2019-07-23T13:45:00+00:00
5548,12.9135218,77.5950804,no2,18.66,2019-07-23T14:00:00+00:00
5548,12.9135218,77.5950804,no2,20.43,2019-07-23T14:15:00+00:00
5548,12.9135218,77.5950804,no2,20.06,2019-07-23T14:30:00+00:00
5548,12.9135218,77.5950804,no2,18.89,2019-07-23T14:45:00+00:00
5548,12.9135218,77.5950804,no2,21.64,2019-07-23T15:00:00+00:00
5548,12.9135218,77.5950804,no2,17.82,2019-07-23T15:15:00+00:00
5548,12.9135218,77.5950804,no2,16.25,2019-07-23T15:30:00+00:00
5548,12.9135218,77.5950804,no2,16.92,2019-07-23T15:45:00+00:00
5548,12.9135218,77.5950804,no2,16.92,2019-07-23T16:00:00+00:00
5548,12.9135218,77.5950804,no2,16.26,2019-07-23T16:15:00+00:00
5548,12.9135218,77.5950804,no2,15.61,2019-07-23T16:30:00+00:00
5548,12.9135218,77.5950804,no2,15.65,2019-07-23T16:45:00+00:00
5548,12.9135218,77.5950804,no2,14.87,2019-07-23T17:00:00+00:00
5548,12.9135218,77.5950804,no2,13.82,2019-07-23T17:15:00+00:00
5548,12.9135218,77.5950804,no2,12.33,2019-07-23T17:30:00+00:00
5548,12.9135218,77.5950804,no2,13.23,2019-07-23T17:45:00+00:00
5548,12.9135218,77.5950804,no2,12.5,2019-07-23T18:00:00+00:00
5548,12.9135218,77.5950804,no2,12.61,2019-07-23T18:15:00+00:00
5548,12.9135218,77.5950804,no2,12.39,2019-07-23T18:30:00+00:00
5548,12.9135218,77.5950804,so2,5.14,2019-07-22T18:45:00+00:00
5548,12.9135218,77.5950804,so2,7.58,2019-07-22T19:30:00+00:00
5548,12.9135218,77.5950804,so2,5.05,2019-07-22T19:45:00+00:00
5548,12.9135218,77.5950804,so2,6.97,2019-07-22T20:00:00+00:00
5548,12.9135218,77.5950804,so2,6.09,2019-07-22T20:15:00+00:00
5548,12.9135218,77.5950804,so2,7.83,2019-07-22T20:30:00+00:00
5548,12.9135218,77.5950804,so2,4.84,2019-07-22T20:45:00+00:00
5548,12.9135218,77.5950804,so2,8.32,2019-07-22T21:00:00+00:00
5548,12.9135218,77.5950804,so2,7.1,2019-07-22T21:15:00+00:00
5548,12.9135218,77.5950804,so2,5.72,2019-07-22T21:30:00+00:00
5548,12.9135218,77.5950804,so2,6.83,2019-07-22T21:45:00+00:00
5548,12.9135218,77.5950804,so2,3.99,2019-07-22T22:00:00+00:00
5548,12.9135218,77.5950804,so2,5.6,2019-07-22T22:15:00+00:00
5548,12.9135218,77.5950804,so2,8.82,2019-07-22T22:30:00+00:00
5548,12.9135218,77.5950804,so2,8.53,2019-07-22T22:45:00+00:00
5548,12.9135218,77.5950804,so2,7.3,2019-07-22T23:00:00+00:00
5548,12.9135218,77.5950804,so2,7.06,2019-07-22T23:15:00+00:00
5548,12.9135218,77.5950804,so2,4.31,2019-07-22T23:30:00+00:00
5548,12.9135218,77.5950804,so2,3.77,2019-07-22T23:45:00+00:00
5548,12.9135218,77.5950804,so2,2.93,2019-07-23T00:00:00+00:00
5548,12.9135218,77.5950804,so2,2.67,2019-07-23T00:15:00+00:00
5548,12.9135218,77.5950804,so2,4.51,2019-07-23T00:30:00+00:00
5548,12.9135218,77.5950804,so2,5.49,2019-07-23T00:45:00+00:00
5548,12.9135218,77.5950804,so2,5.53,2019-07-23T01:00:00+00:00
5548,12.9135218,77.5950804,so2,5.84,2019-07-23T01:15:00+00:00
5548,12.9135218,77.5950804,so2,3.89,2019-07-23T01:30:00+00:00
5548,12.9135218,77.5950804,so2,2.96,2019-07-23T01:45:00+00:00
5548,12.9135218,77.5950804,so2,3.42,2019-07-23T02:00:00+00:00
5548,12.9135218,77.5950804,so2,2.71,2019-07-23T02:15:00+00:00
5548,12.9135218,77.5950804,so2,2.36,2019-07-23T02:30:00+00:00
5548,12.9135218,77.5950804,so2,3.88,2019-07-23T02:45:00+00:00
5548,12.9135218,77.5950804,so2,3.75,2019-07-23T03:00:00+00:00
5548,12.9135218,77.5950804,so2,4.04,2019-07-23T03:15:00+00:00
5548,12.9135218,77.5950804,so2,4.72,2019-07-23T03:30:00+00:00
5548,12.9135218,77.5950804,so2,3.79,2019-07-23T03:45:00+00:00
5548,12.9135218,77.5950804,so2,3.75,2019-07-23T04:00:00+00:00
5548,12.9135218,77.5950804,so2,3.08,2019-07-23T04:15:00+00:00
5548,12.9135218,77.5950804,so2,3.41,2019-07-23T04:30:00+00:00
5548,12.9135218,77.5950804,so2,3.6,2019-07-23T04:45:00+00:00
5548,12.9135218,77.5950804,so2,4.26,2019-07-23T05:00:00+00:00
5548,12.9135218,77.5950804,so2,2.96,2019-07-23T05:15:00+00:00
5548,12.9135218,77.5950804,so2,4.51,2019-07-23T05:30:00+00:00
5548,12.9135218,77.5950804,so2,6.68,2019-07-23T05:45:00+00:00
5548,12.9135218,77.5950804,so2,3.96,2019-07-23T06:00:00+00:00
5548,12.9135218,77.5950804,so2,5.03,2019-07-23T06:15:00+00:00
5548,12.9135218,77.5950804,so2,9.92,2019-07-23T06:45:00+00:00
5548,12.9135218,77.5950804,so2,9.25,2019-07-23T07:00:00+00:00
5548,12.9135218,77.5950804,so2,6.09,2019-07-23T07:15:00+00:00
5548,12.9135218,77.5950804,so2,4.06,2019-07-23T07:30:00+00:00
5548,12.9135218,77.5950804,so2,3.08,2019-07-23T07:45:00+00:00
5548,12.9135218,77.5950804,so2,4.21,2019-07-23T08:00:00+00:00
5548,12.9135218,77.5950804,so2,3.58,2019-07-23T08:15:00+00:00
5548,12.9135218,77.5950804,so2,4.7,2019-07-23T08:30:00+00:00
5548,12.9135218,77.5950804,so2,8.12,2019-07-23T08:45:00+00:00
5548,12.9135218,77.5950804,so2,4.99,2019-07-23T09:00:00+00:00
5548,12.9135218,77.5950804,so2,3.61,2019-07-23T09:15:00+00:00
5548,12.9135218,77.5950804,so2,5.12,2019-07-23T09:30:00+00:00
5548,12.9135218,77.5950804,so2,4.62,2019-07-23T09:45:00+00:00
5548,12.9135218,77.5950804,so2,3.57,2019-07-23T10:00:00+00:00
5548,12.9135218,77.5950804,so2,3.74,2019-07-23T10:15:00+00:00
5548,12.9135218,77.5950804,so2,5.23,2019-07-23T10:30:00+00:00
5548,12.9135218,77.5950804,so2,3.87,2019-07-23T10:45:00+00:00
5548,12.9135218,77.5950804,so2,4.12,2019-07-23T11:00:00+00:00
5548,12.9135218,77.5950804,so2,2.31,2019-07-23T11:15:00+00:00
5548,12.9135218,77.5950804,so2,3.38,2019-07-23T11:30:00+00:00
5548,12.9135218,77.5950804,so2,4.38,2019-07-23T11:45:00+00:00
5548,12.9135218,77.5950804,so2,4.86,2019-07-23T12:00:00+00:00
5548,12.9135218,77.5950804,so2,3.67,2019-07-23T12:15:00+00:00
5548,12.9135218,77.5950804,so2,6.95,2019-07-23T12:30:00+00:00
5548,12.9135218,77.5950804,so2,7.17,2019-07-23T12:45:00+00:00
5548,12.9135218,77.5950804,so2,8.13,2019-07-23T13:00:00+00:00
5548,12.9135218,77.5950804,so2,5.42,2019-07-23T13:15:00+00:00
5548,12.9135218,77.5950804,so2,5.7,2019-07-23T13:30:00+00:00
5548,12.9135218,77.5950804,so2,3.29,2019-07-23T13:45:00+00:00
5548,12.9135218,77.5950804,so2,2.43,2019-07-23T14:00:00+00:00
5548,12.9135218,77.5950804,so2,3.2,2019-07-23T14:15:00+00:00
5548,12.9135218,77.5950804,so2,2.24,2019-07-23T14:30:00+00:00
5548,12.9135218,77.5950804,so2,4.03,2019-07-23T14:45:00+00:00
5548,12.9135218,77.5950804,so2,3.8,2019-07-23T15:00:00+00:00
5548,12.9135218,77.5950804,so2,3.68,2019-07-23T15:15:00+00:00
5548,12.9135218,77.5950804,so2,6.16,2019-07-23T15:30:00+00:00
5548,12.9135218,77.5950804,so2,4.28,2019-07-23T15:45:00+00:00
5548,12.9135218,77.5950804,so2,5.19,2019-07-23T16:00:00+00:00
5548,12.9135218,77.5950804,so2,4.32,2019-07-23T16:15:00+00:00
5548,12.9135218,77.5950804,so2,4.33,2019-07-23T16:30:00+00:00
5548,12.9135218,77.5950804,so2,3.32,2019-07-23T16:45:00+00:00
5548,12.9135218,77.5950804,so2,2.43,2019-07-23T17:00:00+00:00
5548,12.9135218,77.5950804,so2,2.39,2019-07-23T17:15:00+00:00
5548,12.9135218,77.5950804,so2,5.9,2019-07-23T17:30:00+00:00
5548,12.9135218,77.5950804,so2,4.7,2019-07-23T17:45:00+00:00
5548,12.9135218,77.5950804,so2,4.71,2019-07-23T18:00:00+00:00
5548,12.9135218,77.5950804,so2,6.2,2019-07-23T18:15:00+00:00
5548,12.9135218,77.5950804,so2,5.47,2019-07-23T18:30:00+00:00
6973,12.920984,77.584908,pm10,20.0,2019-07-16T18:45:00+00:00
6973,12.920984,77.584908,pm10,20.0,2019-07-16T19:00:00+00:00
6973,12.920984,77.584908,pm10,27.0,2019-07-16T19:15:00+00:00
6973,12.920984,77.584908,pm10,27.0,2019-07-16T19:30:00+00:00
6973,12.920984,77.584908,pm10,27.0,2019-07-16T19:45:00+00:00
6973,12.920984,77.584908,pm10,27.0,2019-07-16T20:00:00+00:00
6973,12.920984,77.584908,pm10,21.0,2019-07-16T20:15:00+00:00
6973,12.920984,77.584908,pm10,21.0,2019-07-16T20:30:00+00:00
6973,12.920984,77.584908,pm10,21.0,2019-07-16T20:45:00+00:00
6973,12.920984,77.584908,pm10,21.0,2019-07-16T21:00:00+00:00
6973,12.920984,77.584908,pm10,17.0,2019-07-16T21:15:00+00:00
6973,12.920984,77.584908,pm10,17.0,2019-07-16T21:30:00+00:00
6973,12.920984,77.584908,pm10,17.0,2019-07-16T21:45:00+00:00
6973,12.920984,77.584908,pm10,17.0,2019-07-16T22:00:00+00:00
6973,12.920984,77.584908,pm10,19.0,2019-07-16T22:15:00+00:00
6973,12.920984,77.584908,pm10,19.0,2019-07-16T22:30:00+00:00
6973,12.920984,77.584908,pm10,19.0,2019-07-16T22:45:00+00:00
6973,12.920984,77.584908,pm10,19.0,2019-07-16T23:00:00+00:00
6973,12.920984,77.584908,pm10,23.0,2019-07-16T23:15:00+00:00
6973,12.920984,77.584908,pm10,23.0,2019-07-16T23:30:00+00:00
6973,12.920984,77.584908,pm10,23.0,2019-07-16T23:45:00+00:00
6973,12.920984,77.584908,pm10,23.0,2019-07-17T00:00:00+00:00
6973,12.920984,77.584908,pm10,27.0,2019-07-17T00:15:00+00:00
6973,12.920984,77.584908,pm10,27.0,2019-07-17T00:30:00+00:00
6973,12.920984,77.584908,pm10,27.0,2019-07-17T00:45:00+00:00
6973,12.920984,77.584908,co,0.34,2019-07-16T18:45:00+00:00
6973,12.920984,77.584908,co,0.46,2019-07-16T19:00:00+00:00
6973,12.920984,77.584908,co,0.57,2019-07-16T19:30:00+00:00
6973,12.920984,77.584908,co,0.57,2019-07-16T19:45:00+00:00
6973,12.920984,77.584908,co,0.57,2019-07-16T20:00:00+00:00
6973,12.920984,77.584908,co,0.57,2019-07-16T20:15:00+00:00
6973,12.920984,77.584908,co,0.57,2019-07-16T20:30:00+00:00
6973,12.920984,77.584908,co,0.57,2019-07-16T20:45:00+00:00
6973,12.920984,77.584908,co,0.57,2019-07-16T21:00:00+00:00
6973,12.920984,77.584908,co,0.46,2019-07-16T21:30:00+00:00
6973,12.920984,77.584908,co,0.34,2019-07-16T21:45:00+00:00
6973,12.920984,77.584908,co,0.34,2019-07-16T22:00:00+00:00
6973,12.920984,77.584908,co,0.34,2019-07-16T23:00:00+00:00
6973,12.920984,77.584908,co,0.34,2019-07-16T23:30:00+00:00
6973,12.920984,77.584908,co,0.34,2019-07-16T23:45:00+00:00
6973,12.920984,77.584908,co,0.23,2019-07-17T00:00:00+00:00
6973,12.920984,77.584908,co,0.34,2019-07-17T00:15:00+00:00
6973,12.920984,77.584908,co,0.34,2019-07-17T00:30:00+00:00
6973,12.920984,77.584908,co,0.34,2019-07-17T00:45:00+00:00
6973,12.920984,77.584908,co,0.46,2019-07-17T01:00:00+00:00
6973,12.920984,77.584908,co,0.69,2019-07-17T01:30:00+00:00
6973,12.920984,77.584908,co,0.69,2019-07-17T01:45:00+00:00
6973,12.920984,77.584908,co,0.69,2019-07-17T02:00:00+00:00
6973,12.920984,77.584908,co,0.69,2019-07-17T02:15:00+00:00
6973,12.920984,77.584908,co,0.69,2019-07-17T02:30:00+00:00
6973,12.920984,77.584908,co,0.69,2019-07-17T02:45:00+00:00
6973,12.920984,77.584908,co,0.8,2019-07-17T03:00:00+00:00
6973,12.920984,77.584908,co,0.92,2019-07-17T03:30:00+00:00
6973,12.920984,77.584908,co,1.6,2019-07-17T03:45:00+00:00
6973,12.920984,77.584908,co,1.26,2019-07-17T04:00:00+00:00
6973,12.920984,77.584908,co,1.15,2019-07-17T04:15:00+00:00
6973,12.920984,77.584908,co,1.15,2019-07-17T04:30:00+00:00
6973,12.920984,77.584908,co,1.49,2019-07-17T04:45:00+00:00
6973,12.920984,77.584908,co,1.37,2019-07-17T05:00:00+00:00
6973,12.920984,77.584908,co,0.92,2019-07-17T05:30:00+00:00
6973,12.920984,77.584908,co,0.8,2019-07-17T05:45:00+00:00
6973,12.920984,77.584908,co,1.26,2019-07-17T06:00:00+00:00
6973,12.920984,77.584908,co,1.03,2019-07-17T06:15:00+00:00
6973,12.920984,77.584908,co,1.03,2019-07-17T06:30:00+00:00
6973,12.920984,77.584908,co,1.03,2019-07-17T06:45:00+00:00
6973,12.920984,77.584908,co,1.15,2019-07-17T07:00:00+00:00
6973,12.920984,77.584908,co,0.8,2019-07-17T07:30:00+00:00
6973,12.920984,77.584908,co,0.69,2019-07-17T07:45:00+00:00
6973,12.920984,77.584908,co,0.8,2019-07-17T08:00:00+00:00
6973,12.920984,77.584908,co,0.69,2019-07-17T08:15:00+00:00
6973,12.920984,77.584908,co,0.69,2019-07-17T08:45:00+00:00
6973,12.920984,77.584908,co,0.92,2019-07-17T09:30:00+00:00
6973,12.920984,77.584908,co,1.15,2019-07-17T09:45:00+00:00
6973,12.920984,77.584908,co,1.03,2019-07-17T10:00:00+00:00
6973,12.920984,77.584908,co,1.03,2019-07-17T10:15:00+00:00
6973,12.920984,77.584908,co,1.15,2019-07-17T10:45:00+00:00
6973,12.920984,77.584908,co,0.8,2019-07-17T11:00:00+00:00
6973,12.920984,77.584908,co,0.92,2019-07-17T12:00:00+00:00
6973,12.920984,77.584908,co,1.03,2019-07-17T12:15:00+00:00
6973,12.920984,77.584908,co,1.15,2019-07-17T12:30:00+00:00
6973,12.920984,77.584908,co,1.49,2019-07-17T12:45:00+00:00
6973,12.920984,77.584908,co,1.37,2019-07-17T13:00:00+00:00
6973,12.920984,77.584908,pm10,27.0,2019-07-17T01:00:00+00:00
6973,12.920984,77.584908,co,1.6,2019-07-17T13:30:00+00:00
6973,12.920984,77.584908,co,1.37,2019-07-17T13:45:00+00:00
6973,12.920984,77.584908,co,1.37,2019-07-17T14:00:00+00:00
6973,12.920984,77.584908,co,1.49,2019-07-17T14:15:00+00:00
6973,12.920984,77.584908,pm10,29.0,2019-07-17T01:15:00+00:00
6973,12.920984,77.584908,co,1.6,2019-07-17T14:30:00+00:00
6973,12.920984,77.584908,co,1.49,2019-07-17T14:45:00+00:00
6973,12.920984,77.584908,pm10,29.0,2019-07-17T01:30:00+00:00
6973,12.920984,77.584908,pm10,29.0,2019-07-17T01:45:00+00:00
6973,12.920984,77.584908,co,2.4,2019-07-17T15:00:00+00:00
6973,12.920984,77.584908,co,2.18,2019-07-17T15:30:00+00:00
6973,12.920984,77.584908,pm10,29.0,2019-07-17T02:00:00+00:00
6973,12.920984,77.584908,co,1.03,2019-07-17T15:45:00+00:00
6973,12.920984,77.584908,co,0.46,2019-07-17T16:00:00+00:00
6973,12.920984,77.584908,pm10,37.0,2019-07-17T02:15:00+00:00
6973,12.920984,77.584908,co,0.46,2019-07-17T16:15:00+00:00
6973,12.920984,77.584908,co,0.34,2019-07-17T16:30:00+00:00
6973,12.920984,77.584908,pm10,37.0,2019-07-17T02:30:00+00:00
6973,12.920984,77.584908,co,0.34,2019-07-17T16:45:00+00:00
6973,12.920984,77.584908,pm10,37.0,2019-07-17T02:45:00+00:00
6973,12.920984,77.584908,co,0.92,2019-07-17T17:00:00+00:00
6973,12.920984,77.584908,co,0.92,2019-07-17T17:30:00+00:00
6973,12.920984,77.584908,pm10,37.0,2019-07-17T03:00:00+00:00
6973,12.920984,77.584908,co,0.8,2019-07-17T17:45:00+00:00
6973,12.920984,77.584908,co,0.8,2019-07-17T18:00:00+00:00
6973,12.920984,77.584908,pm10,37.0,2019-07-17T03:15:00+00:00
6973,12.920984,77.584908,co,0.69,2019-07-17T18:15:00+00:00
6973,12.920984,77.584908,co,0.69,2019-07-17T18:30:00+00:00
6973,12.920984,77.584908,pm10,37.0,2019-07-17T03:30:00+00:00
6973,12.920984,77.584908,pm10,37.0,2019-07-17T03:45:00+00:00
6973,12.920984,77.584908,pm10,37.0,2019-07-17T04:00:00+00:00
6973,12.920984,77.584908,pm10,56.0,2019-07-17T04:15:00+00:00
6973,12.920984,77.584908,pm10,56.0,2019-07-17T04:30:00+00:00
6973,12.920984,77.584908,pm10,56.0,2019-07-17T04:45:00+00:00
6973,12.920984,77.584908,pm10,56.0,2019-07-17T05:00:00+00:00
6973,12.920984,77.584908,pm10,82.0,2019-07-17T05:15:00+00:00
6973,12.920984,77.584908,pm10,82.0,2019-07-17T05:30:00+00:00
6973,12.920984,77.584908,pm10,82.0,2019-07-17T05:45:00+00:00
6973,12.920984,77.584908,pm10,82.0,2019-07-17T06:00:00+00:00
6973,12.920984,77.584908,pm10,65.0,2019-07-17T06:15:00+00:00
6973,12.920984,77.584908,pm10,65.0,2019-07-17T06:30:00+00:00
6973,12.920984,77.584908,pm10,65.0,2019-07-17T06:45:00+00:00
6973,12.920984,77.584908,pm10,65.0,2019-07-17T07:00:00+00:00
6973,12.920984,77.584908,pm10,78.0,2019-07-17T07:15:00+00:00
6973,12.920984,77.584908,pm10,78.0,2019-07-17T07:30:00+00:00
6973,12.920984,77.584908,pm10,78.0,2019-07-17T07:45:00+00:00
6973,12.920984,77.584908,pm10,78.0,2019-07-17T08:00:00+00:00
6973,12.920984,77.584908,pm10,59.0,2019-07-17T08:15:00+00:00
6973,12.920984,77.584908,pm10,59.0,2019-07-17T08:45:00+00:00
6973,12.920984,77.584908,pm10,55.0,2019-07-17T09:15:00+00:00
6973,12.920984,77.584908,pm10,55.0,2019-07-17T09:30:00+00:00
6973,12.920984,77.584908,pm10,55.0,2019-07-17T09:45:00+00:00
6973,12.920984,77.584908,pm10,55.0,2019-07-17T10:00:00+00:00
6973,12.920984,77.584908,pm10,57.0,2019-07-17T10:15:00+00:00
6973,12.920984,77.584908,pm10,57.0,2019-07-17T10:45:00+00:00
6973,12.920984,77.584908,pm10,57.0,2019-07-17T11:00:00+00:00
6973,12.920984,77.584908,pm10,65.0,2019-07-17T12:00:00+00:00
6973,12.920984,77.584908,pm10,76.0,2019-07-17T12:15:00+00:00
6973,12.920984,77.584908,pm10,76.0,2019-07-17T12:30:00+00:00
6973,12.920984,77.584908,pm10,76.0,2019-07-17T12:45:00+00:00
6973,12.920984,77.584908,pm10,76.0,2019-07-17T13:00:00+00:00
6973,12.920984,77.584908,pm10,84.0,2019-07-17T13:15:00+00:00
6973,12.920984,77.584908,pm10,84.0,2019-07-17T13:30:00+00:00
6973,12.920984,77.584908,pm10,84.0,2019-07-17T13:45:00+00:00
6973,12.920984,77.584908,pm10,84.0,2019-07-17T14:00:00+00:00
6973,12.920984,77.584908,pm10,69.0,2019-07-17T14:15:00+00:00
6973,12.920984,77.584908,pm10,69.0,2019-07-17T14:30:00+00:00
6973,12.920984,77.584908,pm10,69.0,2019-07-17T14:45:00+00:00
6973,12.920984,77.584908,pm10,69.0,2019-07-17T15:00:00+00:00
6973,12.920984,77.584908,pm10,82.0,2019-07-17T15:15:00+00:00
6973,12.920984,77.584908,pm10,82.0,2019-07-17T15:30:00+00:00
6973,12.920984,77.584908,pm10,82.0,2019-07-17T15:45:00+00:00
6973,12.920984,77.584908,pm10,82.0,2019-07-17T16:00:00+00:00
6973,12.920984,77.584908,pm10,71.0,2019-07-17T16:15:00+00:00
6973,12.920984,77.584908,pm10,71.0,2019-07-17T16:30:00+00:00
6973,12.920984,77.584908,pm10,71.0,2019-07-17T16:45:00+00:00
6973,12.920984,77.584908,pm10,71.0,2019-07-17T17:00:00+00:00
6973,12.920984,77.584908,pm10,44.0,2019-07-17T17:15:00+00:00
6973,12.920984,77.584908,pm10,44.0,2019-07-17T17:30:00+00:00
6973,12.920984,77.584908,pm10,44.0,2019-07-17T17:45:00+00:00
6973,12.920984,77.584908,pm10,44.0,2019-07-17T18:00:00+00:00
6973,12.920984,77.584908,pm10,19.0,2019-07-17T18:15:00+00:00
6973,12.920984,77.584908,pm25,9.0,2019-07-16T18:45:00+00:00
6973,12.920984,77.584908,pm25,9.0,2019-07-16T19:00:00+00:00
6973,12.920984,77.584908,pm25,5.0,2019-07-16T19:15:00+00:00
6973,12.920984,77.584908,pm25,5.0,2019-07-16T19:30:00+00:00
6973,12.920984,77.584908,pm25,5.0,2019-07-16T19:45:00+00:00
6973,12.920984,77.584908,pm25,5.0,2019-07-16T20:00:00+00:00
6973,12.920984,77.584908,pm25,6.0,2019-07-16T20:15:00+00:00
6973,12.920984,77.584908,pm25,6.0,2019-07-16T20:30:00+00:00
6973,12.920984,77.584908,pm25,6.0,2019-07-16T20:45:00+00:00
6973,12.920984,77.584908,pm25,6.0,2019-07-16T21:00:00+00:00
6973,12.920984,77.584908,pm25,12.0,2019-07-16T21:15:00+00:00
6973,12.920984,77.584908,pm25,12.0,2019-07-16T21:30:00+00:00
6973,12.920984,77.584908,pm25,12.0,2019-07-16T21:45:00+00:00
6973,12.920984,77.584908,pm25,12.0,2019-07-16T22:00:00+00:00
6973,12.920984,77.584908,pm25,9.0,2019-07-16T22:15:00+00:00
6973,12.920984,77.584908,pm25,9.0,2019-07-16T22:30:00+00:00
6973,12.920984,77.584908,pm25,9.0,2019-07-16T22:45:00+00:00
6973,12.920984,77.584908,pm25,9.0,2019-07-16T23:00:00+00:00
6973,12.920984,77.584908,pm25,6.0,2019-07-16T23:15:00+00:00
6973,12.920984,77.584908,pm25,6.0,2019-07-16T23:30:00+00:00
6973,12.920984,77.584908,pm25,6.0,2019-07-16T23:45:00+00:00
6973,12.920984,77.584908,pm25,6.0,2019-07-17T00:00:00+00:00
6973,12.920984,77.584908,pm25,10.0,2019-07-17T00:15:00+00:00
6973,12.920984,77.584908,pm25,10.0,2019-07-17T00:30:00+00:00
6973,12.920984,77.584908,pm25,10.0,2019-07-17T00:45:00+00:00
6973,12.920984,77.584908,pm25,10.0,2019-07-17T01:00:00+00:00
6973,12.920984,77.584908,pm25,9.0,2019-07-17T01:15:00+00:00
6973,12.920984,77.584908,pm25,9.0,2019-07-17T01:30:00+00:00
6973,12.920984,77.584908,pm25,9.0,2019-07-17T01:45:00+00:00
6973,12.920984,77.584908,pm25,9.0,2019-07-17T02:00:00+00:00
6973,12.920984,77.584908,pm25,12.0,2019-07-17T02:15:00+00:00
6973,12.920984,77.584908,pm25,12.0,2019-07-17T02:30:00+00:00
6973,12.920984,77.584908,pm25,12.0,2019-07-17T02:45:00+00:00
6973,12.920984,77.584908,pm25,12.0,2019-07-17T03:00:00+00:00
6973,12.920984,77.584908,pm25,13.0,2019-07-17T03:15:00+00:00
6973,12.920984,77.584908,pm25,13.0,2019-07-17T03:30:00+00:00
6973,12.920984,77.584908,pm25,13.0,2019-07-17T03:45:00+00:00
6973,12.920984,77.584908,pm25,13.0,2019-07-17T04:00:00+00:00
6973,12.920984,77.584908,pm25,16.0,2019-07-17T04:15:00+00:00
6973,12.920984,77.584908,pm25,16.0,2019-07-17T04:30:00+00:00
6973,12.920984,77.584908,pm25,16.0,2019-07-17T04:45:00+00:00
6973,12.920984,77.584908,pm25,16.0,2019-07-17T05:00:00+00:00
6973,12.920984,77.584908,pm25,45.0,2019-07-17T05:15:00+00:00
6973,12.920984,77.584908,pm25,45.0,2019-07-17T05:30:00+00:00
6973,12.920984,77.584908,pm25,45.0,2019-07-17T05:45:00+00:00
6973,12.920984,77.584908,pm25,45.0,2019-07-17T06:00:00+00:00
6973,12.920984,77.584908,pm25,30.0,2019-07-17T06:15:00+00:00
6973,12.920984,77.584908,pm25,30.0,2019-07-17T06:30:00+00:00
6973,12.920984,77.584908,pm25,30.0,2019-07-17T06:45:00+00:00
6973,12.920984,77.584908,pm25,30.0,2019-07-17T07:00:00+00:00
6973,12.920984,77.584908,pm25,32.0,2019-07-17T07:15:00+00:00
6973,12.920984,77.584908,pm25,32.0,2019-07-17T07:30:00+00:00
6973,12.920984,77.584908,pm25,32.0,2019-07-17T07:45:00+00:00
6973,12.920984,77.584908,pm25,32.0,2019-07-17T08:00:00+00:00
6973,12.920984,77.584908,pm25,17.0,2019-07-17T08:15:00+00:00
6973,12.920984,77.584908,pm25,17.0,2019-07-17T08:45:00+00:00
6973,12.920984,77.584908,pm25,17.0,2019-07-17T09:15:00+00:00
6973,12.920984,77.584908,pm25,17.0,2019-07-17T09:30:00+00:00
6973,12.920984,77.584908,pm25,17.0,2019-07-17T09:45:00+00:00
6973,12.920984,77.584908,pm25,17.0,2019-07-17T10:00:00+00:00
6973,12.920984,77.584908,pm25,13.0,2019-07-17T10:15:00+00:00
6973,12.920984,77.584908,pm25,13.0,2019-07-17T10:45:00+00:00
6973,12.920984,77.584908,pm25,13.0,2019-07-17T11:00:00+00:00
6973,12.920984,77.584908,pm25,15.0,2019-07-17T12:00:00+00:00
6973,12.920984,77.584908,pm25,18.0,2019-07-17T12:15:00+00:00
6973,12.920984,77.584908,pm25,18.0,2019-07-17T12:30:00+00:00
6973,12.920984,77.584908,pm25,18.0,2019-07-17T12:45:00+00:00
6973,12.920984,77.584908,pm25,18.0,2019-07-17T13:00:00+00:00
6973,12.920984,77.584908,pm25,17.0,2019-07-17T13:15:00+00:00
6973,12.920984,77.584908,pm25,17.0,2019-07-17T13:30:00+00:00
6973,12.920984,77.584908,pm25,17.0,2019-07-17T13:45:00+00:00
6973,12.920984,77.584908,pm25,17.0,2019-07-17T14:00:00+00:00
6973,12.920984,77.584908,pm25,23.0,2019-07-17T14:15:00+00:00
6973,12.920984,77.584908,pm25,23.0,2019-07-17T14:30:00+00:00
6973,12.920984,77.584908,pm25,23.0,2019-07-17T14:45:00+00:00
6973,12.920984,77.584908,pm25,23.0,2019-07-17T15:00:00+00:00
6973,12.920984,77.584908,pm25,28.0,2019-07-17T15:15:00+00:00
6973,12.920984,77.584908,pm25,28.0,2019-07-17T15:30:00+00:00
6973,12.920984,77.584908,pm25,28.0,2019-07-17T15:45:00+00:00
6973,12.920984,77.584908,pm25,28.0,2019-07-17T16:00:00+00:00
6973,12.920984,77.584908,pm25,33.0,2019-07-17T16:15:00+00:00
6973,12.920984,77.584908,pm25,33.0,2019-07-17T16:30:00+00:00
6973,12.920984,77.584908,pm25,33.0,2019-07-17T16:45:00+00:00
6973,12.920984,77.584908,pm25,33.0,2019-07-17T17:00:00+00:00
6973,12.920984,77.584908,pm25,16.0,2019-07-17T17:15:00+00:00
6973,12.920984,77.584908,pm25,16.0,2019-07-17T17:30:00+00:00
6973,12.920984,77.584908,pm25,16.0,2019-07-17T17:45:00+00:00
6973,12.920984,77.584908,pm25,16.0,2019-07-17T18:00:00+00:00
6973,12.920984,77.584908,pm25,5.0,2019-07-17T18:15:00+00:00
6973,12.920984,77.584908,pm25,5.0,2019-07-17T18:30:00+00:00
6973,12.920984,77.584908,no2,14.9,2019-07-16T18:45:00+00:00
6973,12.920984,77.584908,no2,14.0,2019-07-16T19:00:00+00:00
6973,12.920984,77.584908,no2,13.4,2019-07-16T19:15:00+00:00
6973,12.920984,77.584908,no2,13.0,2019-07-16T19:30:00+00:00
6973,12.920984,77.584908,no2,12.7,2019-07-16T19:45:00+00:00
6973,12.920984,77.584908,no2,12.6,2019-07-16T20:00:00+00:00
6973,12.920984,77.584908,no2,12.3,2019-07-16T20:15:00+00:00
6973,12.920984,77.584908,no2,11.6,2019-07-16T20:30:00+00:00
6973,12.920984,77.584908,no2,11.0,2019-07-16T20:45:00+00:00
6973,12.920984,77.584908,no2,10.7,2019-07-16T21:00:00+00:00
6973,12.920984,77.584908,no2,10.5,2019-07-16T21:15:00+00:00
6973,12.920984,77.584908,no2,9.9,2019-07-16T21:30:00+00:00
6973,12.920984,77.584908,no2,9.5,2019-07-16T21:45:00+00:00
6973,12.920984,77.584908,no2,9.1,2019-07-16T22:00:00+00:00
6973,12.920984,77.584908,no2,9.0,2019-07-16T22:15:00+00:00
6973,12.920984,77.584908,no2,9.0,2019-07-16T22:30:00+00:00
6973,12.920984,77.584908,no2,9.1,2019-07-16T22:45:00+00:00
6973,12.920984,77.584908,no2,9.5,2019-07-16T23:00:00+00:00
6973,12.920984,77.584908,no2,11.3,2019-07-17T00:00:00+00:00
6973,12.920984,77.584908,no2,12.1,2019-07-17T00:15:00+00:00
6973,12.920984,77.584908,no2,13.1,2019-07-17T00:30:00+00:00
6973,12.920984,77.584908,no2,13.7,2019-07-17T00:45:00+00:00
6973,12.920984,77.584908,no2,14.6,2019-07-17T01:00:00+00:00
6973,12.920984,77.584908,no2,15.7,2019-07-17T01:15:00+00:00
6973,12.920984,77.584908,no2,16.9,2019-07-17T01:30:00+00:00
6973,12.920984,77.584908,no2,18.3,2019-07-17T01:45:00+00:00
6973,12.920984,77.584908,no2,19.2,2019-07-17T02:00:00+00:00
6973,12.920984,77.584908,no2,20.3,2019-07-17T02:15:00+00:00
6973,12.920984,77.584908,no2,20.8,2019-07-17T02:30:00+00:00
6973,12.920984,77.584908,no2,21.4,2019-07-17T02:45:00+00:00
6973,12.920984,77.584908,no2,22.6,2019-07-17T03:00:00+00:00
6973,12.920984,77.584908,no2,23.6,2019-07-17T03:15:00+00:00
6973,12.920984,77.584908,no2,23.9,2019-07-17T03:30:00+00:00
6973,12.920984,77.584908,no2,25.8,2019-07-17T03:45:00+00:00
6973,12.920984,77.584908,no2,30.8,2019-07-17T04:00:00+00:00
6973,12.920984,77.584908,no2,32.1,2019-07-17T04:15:00+00:00
6973,12.920984,77.584908,no2,31.9,2019-07-17T04:30:00+00:00
6973,12.920984,77.584908,no2,33.5,2019-07-17T04:45:00+00:00
6973,12.920984,77.584908,no2,35.1,2019-07-17T05:00:00+00:00
6973,12.920984,77.584908,no2,36.1,2019-07-17T05:15:00+00:00
6973,12.920984,77.584908,no2,36.9,2019-07-17T05:30:00+00:00
6973,12.920984,77.584908,no2,35.6,2019-07-17T05:45:00+00:00
6973,12.920984,77.584908,no2,34.9,2019-07-17T06:00:00+00:00
6973,12.920984,77.584908,no2,36.6,2019-07-17T06:15:00+00:00
6973,12.920984,77.584908,no2,39.4,2019-07-17T06:30:00+00:00
6973,12.920984,77.584908,no2,39.7,2019-07-17T06:45:00+00:00
6973,12.920984,77.584908,no2,39.4,2019-07-17T07:00:00+00:00
6973,12.920984,77.584908,no2,39.7,2019-07-17T07:15:00+00:00
6973,12.920984,77.584908,no2,39.4,2019-07-17T07:30:00+00:00
6973,12.920984,77.584908,no2,35.9,2019-07-17T07:45:00+00:00
6973,12.920984,77.584908,no2,33.4,2019-07-17T08:00:00+00:00
6973,12.920984,77.584908,no2,33.1,2019-07-17T08:15:00+00:00
6973,12.920984,77.584908,no2,30.6,2019-07-17T08:45:00+00:00
6973,12.920984,77.584908,no2,30.7,2019-07-17T09:15:00+00:00
6973,12.920984,77.584908,no2,31.6,2019-07-17T09:30:00+00:00
6973,12.920984,77.584908,no2,32.0,2019-07-17T09:45:00+00:00
6973,12.920984,77.584908,no2,33.2,2019-07-17T10:00:00+00:00
6973,12.920984,77.584908,no2,34.3,2019-07-17T10:15:00+00:00
6973,12.920984,77.584908,no2,36.2,2019-07-17T10:45:00+00:00
6973,12.920984,77.584908,no2,37.8,2019-07-17T11:00:00+00:00
6973,12.920984,77.584908,no2,34.9,2019-07-17T12:00:00+00:00
6973,12.920984,77.584908,no2,36.9,2019-07-17T12:15:00+00:00
6973,12.920984,77.584908,no2,39.0,2019-07-17T12:30:00+00:00
6973,12.920984,77.584908,no2,42.0,2019-07-17T12:45:00+00:00
6973,12.920984,77.584908,no2,46.3,2019-07-17T13:00:00+00:00
6973,12.920984,77.584908,no2,49.9,2019-07-17T13:15:00+00:00
6973,12.920984,77.584908,no2,52.0,2019-07-17T13:30:00+00:00
6973,12.920984,77.584908,no2,52.5,2019-07-17T13:45:00+00:00
6973,12.920984,77.584908,no2,51.2,2019-07-17T14:00:00+00:00
6973,12.920984,77.584908,no2,51.3,2019-07-17T14:15:00+00:00
6973,12.920984,77.584908,no2,52.5,2019-07-17T14:30:00+00:00
6973,12.920984,77.584908,no2,52.4,2019-07-17T14:45:00+00:00
6973,12.920984,77.584908,no2,52.9,2019-07-17T15:00:00+00:00
6973,12.920984,77.584908,no2,59.8,2019-07-17T15:15:00+00:00
6973,12.920984,77.584908,no2,61.3,2019-07-17T15:30:00+00:00
6973,12.920984,77.584908,no2,58.9,2019-07-17T15:45:00+00:00
6973,12.920984,77.584908,no2,42.7,2019-07-17T16:00:00+00:00
6973,12.920984,77.584908,no2,38.5,2019-07-17T16:15:00+00:00
6973,12.920984,77.584908,no2,31.6,2019-07-17T16:30:00+00:00
6973,12.920984,77.584908,no2,27.5,2019-07-17T16:45:00+00:00
6973,12.920984,77.584908,no2,28.2,2019-07-17T17:00:00+00:00
6973,12.920984,77.584908,no2,31.6,2019-07-17T17:15:00+00:00
6973,12.920984,77.584908,no2,31.2,2019-07-17T17:30:00+00:00
6973,12.920984,77.584908,no2,29.5,2019-07-17T17:45:00+00:00
6973,12.920984,77.584908,no2,27.2,2019-07-17T18:00:00+00:00
6973,12.920984,77.584908,no2,23.8,2019-07-17T18:15:00+00:00
6973,12.920984,77.584908,no2,21.7,2019-07-17T18:30:00+00:00
6973,12.920984,77.584908,so2,2.7,2019-07-16T18:45:00+00:00
6973,12.920984,77.584908,so2,2.5,2019-07-16T19:00:00+00:00
6973,12.920984,77.584908,so2,2.4,2019-07-16T19:15:00+00:00
6973,12.920984,77.584908,so2,2.5,2019-07-16T19:30:00+00:00
6973,12.920984,77.584908,so2,2.4,2019-07-16T19:45:00+00:00
6973,12.920984,77.584908,so2,2.5,2019-07-16T20:00:00+00:00
6973,12.920984,77.584908,so2,2.6,2019-07-16T20:15:00+00:00
6973,12.920984,77.584908,so2,2.5,2019-07-16T20:30:00+00:00
6973,12.920984,77.584908,so2,2.5,2019-07-16T20:45:00+00:00
6973,12.920984,77.584908,so2,2.5,2019-07-16T21:00:00+00:00
6973,12.920984,77.584908,so2,2.5,2019-07-16T21:15:00+00:00
6973,12.920984,77.584908,so2,2.5,2019-07-16T21:30:00+00:00
6973,12.920984,77.584908,so2,2.5,2019-07-16T21:45:00+00:00
6973,12.920984,77.584908,so2,2.5,2019-07-16T22:00:00+00:00
6973,12.920984,77.584908,so2,3.0,2019-07-16T22:30:00+00:00
6973,12.920984,77.584908,so2,3.3,2019-07-16T22:45:00+00:00
6973,12.920984,77.584908,so2,3.5,2019-07-16T23:00:00+00:00
6973,12.920984,77.584908,so2,3.7,2019-07-16T23:15:00+00:00
6973,12.920984,77.584908,so2,3.5,2019-07-16T23:30:00+00:00
6973,12.920984,77.584908,so2,3.5,2019-07-16T23:45:00+00:00
6973,12.920984,77.584908,so2,3.5,2019-07-17T00:00:00+00:00
6973,12.920984,77.584908,so2,3.7,2019-07-17T01:00:00+00:00
6973,12.920984,77.584908,so2,3.7,2019-07-17T01:15:00+00:00
6973,12.920984,77.584908,so2,3.7,2019-07-17T01:30:00+00:00
6973,12.920984,77.584908,so2,3.5,2019-07-17T01:45:00+00:00
6973,12.920984,77.584908,so2,3.6,2019-07-17T02:00:00+00:00
6973,12.920984,77.584908,so2,3.5,2019-07-17T02:30:00+00:00
6973,12.920984,77.584908,so2,3.6,2019-07-17T02:45:00+00:00
6973,12.920984,77.584908,so2,3.7,2019-07-17T03:00:00+00:00
6973,12.920984,77.584908,so2,3.8,2019-07-17T03:15:00+00:00
6973,12.920984,77.584908,so2,3.8,2019-07-17T03:30:00+00:00
6973,12.920984,77.584908,so2,3.8,2019-07-17T03:45:00+00:00
6973,12.920984,77.584908,so2,3.7,2019-07-17T04:00:00+00:00
6973,12.920984,77.584908,so2,3.8,2019-07-17T04:15:00+00:00
6973,12.920984,77.584908,so2,3.7,2019-07-17T04:30:00+00:00
6973,12.920984,77.584908,so2,3.9,2019-07-17T04:45:00+00:00
6973,12.920984,77.584908,so2,3.9,2019-07-17T05:00:00+00:00
6973,12.920984,77.584908,so2,4.0,2019-07-17T05:15:00+00:00
6973,12.920984,77.584908,so2,3.8,2019-07-17T05:30:00+00:00
6973,12.920984,77.584908,so2,3.7,2019-07-17T05:45:00+00:00
6973,12.920984,77.584908,so2,3.6,2019-07-17T06:00:00+00:00
6973,12.920984,77.584908,so2,3.7,2019-07-17T06:30:00+00:00
6973,12.920984,77.584908,so2,3.6,2019-07-17T06:45:00+00:00
6973,12.920984,77.584908,so2,3.6,2019-07-17T07:00:00+00:00
6973,12.920984,77.584908,so2,3.7,2019-07-17T07:15:00+00:00
6973,12.920984,77.584908,so2,3.7,2019-07-17T07:30:00+00:00
6973,12.920984,77.584908,so2,4.0,2019-07-17T07:45:00+00:00
6973,12.920984,77.584908,so2,3.8,2019-07-17T08:00:00+00:00
6973,12.920984,77.584908,so2,3.9,2019-07-17T08:15:00+00:00
6973,12.920984,77.584908,so2,3.6,2019-07-17T08:45:00+00:00
6973,12.920984,77.584908,so2,3.4,2019-07-17T09:15:00+00:00
6973,12.920984,77.584908,so2,3.3,2019-07-17T09:30:00+00:00
6973,12.920984,77.584908,so2,3.2,2019-07-17T09:45:00+00:00
6973,12.920984,77.584908,so2,3.3,2019-07-17T10:00:00+00:00
6973,12.920984,77.584908,so2,3.2,2019-07-17T10:45:00+00:00
6973,12.920984,77.584908,so2,3.4,2019-07-17T11:00:00+00:00
6973,12.920984,77.584908,so2,3.4,2019-07-17T12:00:00+00:00
6973,12.920984,77.584908,so2,3.5,2019-07-17T12:15:00+00:00
6973,12.920984,77.584908,so2,3.4,2019-07-17T12:30:00+00:00
6973,12.920984,77.584908,so2,3.4,2019-07-17T12:45:00+00:00
6973,12.920984,77.584908,so2,3.4,2019-07-17T13:00:00+00:00
6973,12.920984,77.584908,so2,3.5,2019-07-17T13:15:00+00:00
6973,12.920984,77.584908,so2,3.6,2019-07-17T13:30:00+00:00
6973,12.920984,77.584908,so2,3.4,2019-07-17T13:45:00+00:00
6973,12.920984,77.584908,so2,3.3,2019-07-17T14:00:00+00:00
6973,12.920984,77.584908,so2,3.6,2019-07-17T14:30:00+00:00
6973,12.920984,77.584908,so2,3.9,2019-07-17T14:45:00+00:00
6973,12.920984,77.584908,so2,4.1,2019-07-17T15:00:00+00:00
6973,12.920984,77.584908,so2,4.2,2019-07-17T15:15:00+00:00
6973,12.920984,77.584908,so2,4.5,2019-07-17T15:30:00+00:00
6973,12.920984,77.584908,so2,4.7,2019-07-17T15:45:00+00:00
6973,12.920984,77.584908,so2,4.6,2019-07-17T16:00:00+00:00
6973,12.920984,77.584908,so2,4.5,2019-07-17T16:15:00+00:00
6973,12.920984,77.584908,so2,4.5,2019-07-17T16:30:00+00:00
6973,12.920984,77.584908,so2,4.4,2019-07-17T16:45:00+00:00
6973,12.920984,77.584908,so2,4.4,2019-07-17T17:00:00+00:00
6973,12.920984,77.584908,so2,4.1,2019-07-17T17:15:00+00:00
6973,12.920984,77.584908,so2,3.9,2019-07-17T17:30:00+00:00
6973,12.920984,77.584908,so2,3.8,2019-07-17T17:45:00+00:00
6973,12.920984,77.584908,so2,3.7,2019-07-17T18:00:00+00:00
6973,12.920984,77.584908,so2,3.7,2019-07-17T18:30:00+00:00
6973,12.920984,77.584908,pm10,19.0,2019-07-17T18:45:00+00:00
6973,12.920984,77.584908,pm10,19.0,2019-07-17T19:00:00+00:00
6973,12.920984,77.584908,pm10,12.0,2019-07-17T19:15:00+00:00
6973,12.920984,77.584908,pm10,12.0,2019-07-17T19:30:00+00:00
6973,12.920984,77.584908,pm10,12.0,2019-07-17T19:45:00+00:00
6973,12.920984,77.584908,pm10,12.0,2019-07-17T20:00:00+00:00
6973,12.920984,77.584908,pm10,27.0,2019-07-17T20:15:00+00:00
6973,12.920984,77.584908,pm10,27.0,2019-07-17T20:30:00+00:00
6973,12.920984,77.584908,pm10,27.0,2019-07-17T20:45:00+00:00
6973,12.920984,77.584908,pm10,27.0,2019-07-17T21:00:00+00:00
6973,12.920984,77.584908,pm10,26.0,2019-07-17T21:15:00+00:00
6973,12.920984,77.584908,pm10,26.0,2019-07-17T21:30:00+00:00
6973,12.920984,77.584908,pm10,26.0,2019-07-17T21:45:00+00:00
6973,12.920984,77.584908,pm10,26.0,2019-07-17T22:00:00+00:00
6973,12.920984,77.584908,pm10,31.0,2019-07-17T22:15:00+00:00
6973,12.920984,77.584908,pm10,31.0,2019-07-17T22:30:00+00:00
6973,12.920984,77.584908,pm10,31.0,2019-07-17T22:45:00+00:00
6973,12.920984,77.584908,pm10,31.0,2019-07-17T23:00:00+00:00
6973,12.920984,77.584908,pm10,28.0,2019-07-17T23:15:00+00:00
6973,12.920984,77.584908,pm10,28.0,2019-07-17T23:30:00+00:00
6973,12.920984,77.584908,pm10,28.0,2019-07-17T23:45:00+00:00
6973,12.920984,77.584908,pm10,28.0,2019-07-18T00:00:00+00:00
6973,12.920984,77.584908,pm10,33.0,2019-07-18T00:15:00+00:00
6973,12.920984,77.584908,pm10,33.0,2019-07-18T00:30:00+00:00
6973,12.920984,77.584908,pm10,33.0,2019-07-18T00:45:00+00:00
6973,12.920984,77.584908,pm10,33.0,2019-07-18T01:00:00+00:00
6973,12.920984,77.584908,pm10,46.0,2019-07-18T01:15:00+00:00
6973,12.920984,77.584908,pm10,46.0,2019-07-18T01:30:00+00:00
6973,12.920984,77.584908,pm10,46.0,2019-07-18T01:45:00+00:00
6973,12.920984,77.584908,pm10,46.0,2019-07-18T02:00:00+00:00
6973,12.920984,77.584908,pm10,57.0,2019-07-18T02:15:00+00:00
6973,12.920984,77.584908,pm10,57.0,2019-07-18T02:30:00+00:00
6973,12.920984,77.584908,pm10,57.0,2019-07-18T02:45:00+00:00
6973,12.920984,77.584908,pm10,57.0,2019-07-18T03:00:00+00:00
6973,12.920984,77.584908,pm10,81.0,2019-07-18T03:15:00+00:00
6973,12.920984,77.584908,pm10,81.0,2019-07-18T03:30:00+00:00
6973,12.920984,77.584908,pm10,81.0,2019-07-18T03:45:00+00:00
6973,12.920984,77.584908,pm10,81.0,2019-07-18T04:00:00+00:00
6973,12.920984,77.584908,pm10,77.0,2019-07-18T04:15:00+00:00
6973,12.920984,77.584908,pm10,77.0,2019-07-18T04:30:00+00:00
6973,12.920984,77.584908,pm10,77.0,2019-07-18T04:45:00+00:00
6973,12.920984,77.584908,pm10,77.0,2019-07-18T05:00:00+00:00
6973,12.920984,77.584908,pm10,64.0,2019-07-18T05:15:00+00:00
6973,12.920984,77.584908,pm10,64.0,2019-07-18T05:30:00+00:00
6973,12.920984,77.584908,pm10,64.0,2019-07-18T05:45:00+00:00
6973,12.920984,77.584908,pm10,64.0,2019-07-18T06:00:00+00:00
6973,12.920984,77.584908,pm10,69.0,2019-07-18T06:15:00+00:00
6973,12.920984,77.584908,pm10,69.0,2019-07-18T06:30:00+00:00
6973,12.920984,77.584908,pm10,69.0,2019-07-18T06:45:00+00:00
6973,12.920984,77.584908,pm10,69.0,2019-07-18T07:00:00+00:00
6973,12.920984,77.584908,pm10,64.0,2019-07-18T07:15:00+00:00
6973,12.920984,77.584908,pm10,64.0,2019-07-18T07:30:00+00:00
6973,12.920984,77.584908,pm10,64.0,2019-07-18T07:45:00+00:00
6973,12.920984,77.584908,pm10,64.0,2019-07-18T08:00:00+00:00
6973,12.920984,77.584908,pm10,66.0,2019-07-18T08:15:00+00:00
6973,12.920984,77.584908,pm10,66.0,2019-07-18T08:30:00+00:00
6973,12.920984,77.584908,pm10,66.0,2019-07-18T08:45:00+00:00
6973,12.920984,77.584908,pm10,66.0,2019-07-18T09:00:00+00:00
6973,12.920984,77.584908,pm10,65.0,2019-07-18T09:15:00+00:00
6973,12.920984,77.584908,pm10,65.0,2019-07-18T09:30:00+00:00
6973,12.920984,77.584908,pm10,65.0,2019-07-18T09:45:00+00:00
6973,12.920984,77.584908,pm10,65.0,2019-07-18T10:00:00+00:00
6973,12.920984,77.584908,pm10,76.0,2019-07-18T10:15:00+00:00
6973,12.920984,77.584908,pm10,76.0,2019-07-18T10:30:00+00:00
6973,12.920984,77.584908,pm10,76.0,2019-07-18T10:45:00+00:00
6973,12.920984,77.584908,pm10,76.0,2019-07-18T11:00:00+00:00
6973,12.920984,77.584908,pm10,70.0,2019-07-18T11:15:00+00:00
6973,12.920984,77.584908,pm10,70.0,2019-07-18T11:30:00+00:00
6973,12.920984,77.584908,pm10,70.0,2019-07-18T11:45:00+00:00
6973,12.920984,77.584908,pm10,70.0,2019-07-18T12:00:00+00:00
6973,12.920984,77.584908,pm10,78.0,2019-07-18T12:15:00+00:00
6973,12.920984,77.584908,pm10,78.0,2019-07-18T12:30:00+00:00
6973,12.920984,77.584908,pm10,78.0,2019-07-18T12:45:00+00:00
6973,12.920984,77.584908,pm10,78.0,2019-07-18T13:00:00+00:00
6973,12.920984,77.584908,pm10,98.0,2019-07-18T13:15:00+00:00
6973,12.920984,77.584908,pm10,98.0,2019-07-18T13:30:00+00:00
6973,12.920984,77.584908,pm10,98.0,2019-07-18T13:45:00+00:00
6973,12.920984,77.584908,pm10,98.0,2019-07-18T14:00:00+00:00
6973,12.920984,77.584908,pm10,96.0,2019-07-18T14:15:00+00:00
6973,12.920984,77.584908,pm10,96.0,2019-07-18T14:30:00+00:00
6973,12.920984,77.584908,pm10,96.0,2019-07-18T14:45:00+00:00
6973,12.920984,77.584908,pm10,96.0,2019-07-18T15:00:00+00:00
6973,12.920984,77.584908,pm10,86.0,2019-07-18T15:15:00+00:00
6973,12.920984,77.584908,pm10,86.0,2019-07-18T15:30:00+00:00
6973,12.920984,77.584908,pm10,86.0,2019-07-18T15:45:00+00:00
6973,12.920984,77.584908,pm10,86.0,2019-07-18T16:00:00+00:00
6973,12.920984,77.584908,pm10,57.0,2019-07-18T16:15:00+00:00
6973,12.920984,77.584908,pm10,57.0,2019-07-18T16:30:00+00:00
6973,12.920984,77.584908,pm10,57.0,2019-07-18T16:45:00+00:00
6973,12.920984,77.584908,pm10,57.0,2019-07-18T17:00:00+00:00
6973,12.920984,77.584908,pm10,32.0,2019-07-18T17:15:00+00:00
6973,12.920984,77.584908,pm10,32.0,2019-07-18T17:30:00+00:00
6973,12.920984,77.584908,pm10,32.0,2019-07-18T17:45:00+00:00
6973,12.920984,77.584908,pm10,32.0,2019-07-18T18:00:00+00:00
6973,12.920984,77.584908,pm10,24.0,2019-07-18T18:15:00+00:00
6973,12.920984,77.584908,pm25,5.0,2019-07-17T18:45:00+00:00
6973,12.920984,77.584908,pm25,5.0,2019-07-17T19:00:00+00:00
6973,12.920984,77.584908,pm25,5.0,2019-07-17T19:15:00+00:00
6973,12.920984,77.584908,pm25,5.0,2019-07-17T19:30:00+00:00
6973,12.920984,77.584908,pm25,5.0,2019-07-17T19:45:00+00:00
6973,12.920984,77.584908,pm25,5.0,2019-07-17T20:00:00+00:00
6973,12.920984,77.584908,pm25,5.0,2019-07-17T20:15:00+00:00
6973,12.920984,77.584908,pm25,5.0,2019-07-17T20:30:00+00:00
6973,12.920984,77.584908,pm25,5.0,2019-07-17T20:45:00+00:00
6973,12.920984,77.584908,pm25,5.0,2019-07-17T21:00:00+00:00
6973,12.920984,77.584908,pm25,15.0,2019-07-17T21:15:00+00:00
6973,12.920984,77.584908,pm25,15.0,2019-07-17T21:30:00+00:00
6973,12.920984,77.584908,pm25,15.0,2019-07-17T21:45:00+00:00
6973,12.920984,77.584908,pm25,15.0,2019-07-17T22:00:00+00:00
6973,12.920984,77.584908,pm25,8.0,2019-07-17T22:15:00+00:00
6973,12.920984,77.584908,pm25,8.0,2019-07-17T22:30:00+00:00
6973,12.920984,77.584908,pm25,8.0,2019-07-17T22:45:00+00:00
6973,12.920984,77.584908,pm25,8.0,2019-07-17T23:00:00+00:00
6973,12.920984,77.584908,pm25,9.0,2019-07-17T23:15:00+00:00
6973,12.920984,77.584908,pm25,9.0,2019-07-17T23:30:00+00:00
6973,12.920984,77.584908,pm25,9.0,2019-07-17T23:45:00+00:00
6973,12.920984,77.584908,pm25,9.0,2019-07-18T00:00:00+00:00
6973,12.920984,77.584908,pm25,13.0,2019-07-18T00:15:00+00:00
6973,12.920984,77.584908,pm25,13.0,2019-07-18T00:30:00+00:00
6973,12.920984,77.584908,pm25,13.0,2019-07-18T00:45:00+00:00
6973,12.920984,77.584908,pm25,13.0,2019-07-18T01:00:00+00:00
6973,12.920984,77.584908,pm25,21.0,2019-07-18T01:15:00+00:00
6973,12.920984,77.584908,pm25,21.0,2019-07-18T01:30:00+00:00
6973,12.920984,77.584908,pm25,21.0,2019-07-18T01:45:00+00:00
6973,12.920984,77.584908,pm25,21.0,2019-07-18T02:00:00+00:00
6973,12.920984,77.584908,pm25,6.0,2019-07-18T02:15:00+00:00
6973,12.920984,77.584908,pm25,6.0,2019-07-18T02:30:00+00:00
6973,12.920984,77.584908,pm25,6.0,2019-07-18T02:45:00+00:00
6973,12.920984,77.584908,pm25,6.0,2019-07-18T03:00:00+00:00
6973,12.920984,77.584908,pm25,15.0,2019-07-18T03:15:00+00:00
6973,12.920984,77.584908,pm25,15.0,2019-07-18T03:30:00+00:00
6973,12.920984,77.584908,pm25,15.0,2019-07-18T03:45:00+00:00
6973,12.920984,77.584908,pm25,15.0,2019-07-18T04:00:00+00:00
6973,12.920984,77.584908,pm25,18.0,2019-07-18T04:15:00+00:00
6973,12.920984,77.584908,pm25,18.0,2019-07-18T04:30:00+00:00
6973,12.920984,77.584908,pm25,18.0,2019-07-18T04:45:00+00:00
6973,12.920984,77.584908,pm25,18.0,2019-07-18T05:00:00+00:00
6973,12.920984,77.584908,pm25,15.0,2019-07-18T05:15:00+00:00
6973,12.920984,77.584908,pm25,15.0,2019-07-18T05:30:00+00:00
6973,12.920984,77.584908,pm25,15.0,2019-07-18T05:45:00+00:00
6973,12.920984,77.584908,pm25,15.0,2019-07-18T06:00:00+00:00
6973,12.920984,77.584908,pm25,21.0,2019-07-18T06:15:00+00:00
6973,12.920984,77.584908,pm25,21.0,2019-07-18T06:30:00+00:00
6973,12.920984,77.584908,pm25,21.0,2019-07-18T06:45:00+00:00
6973,12.920984,77.584908,pm25,21.0,2019-07-18T07:00:00+00:00
6973,12.920984,77.584908,pm25,22.0,2019-07-18T07:15:00+00:00
6973,12.920984,77.584908,pm25,22.0,2019-07-18T07:30:00+00:00
6973,12.920984,77.584908,pm25,22.0,2019-07-18T07:45:00+00:00
6973,12.920984,77.584908,pm25,22.0,2019-07-18T08:00:00+00:00
6973,12.920984,77.584908,pm25,20.0,2019-07-18T08:15:00+00:00
6973,12.920984,77.584908,pm25,20.0,2019-07-18T08:30:00+00:00
6973,12.920984,77.584908,pm25,20.0,2019-07-18T08:45:00+00:00
6973,12.920984,77.584908,pm25,20.0,2019-07-18T09:00:00+00:00
6973,12.920984,77.584908,pm25,17.0,2019-07-18T09:15:00+00:00
6973,12.920984,77.584908,pm25,17.0,2019-07-18T09:30:00+00:00
6973,12.920984,77.584908,pm25,17.0,2019-07-18T09:45:00+00:00
6973,12.920984,77.584908,pm25,17.0,2019-07-18T10:00:00+00:00
6973,12.920984,77.584908,pm25,26.0,2019-07-18T10:15:00+00:00
6973,12.920984,77.584908,pm25,26.0,2019-07-18T10:30:00+00:00
6973,12.920984,77.584908,pm25,26.0,2019-07-18T10:45:00+00:00
6973,12.920984,77.584908,pm25,26.0,2019-07-18T11:00:00+00:00
6973,12.920984,77.584908,pm25,22.0,2019-07-18T11:15:00+00:00
6973,12.920984,77.584908,pm25,22.0,2019-07-18T11:30:00+00:00
6973,12.920984,77.584908,pm25,22.0,2019-07-18T11:45:00+00:00
6973,12.920984,77.584908,pm25,22.0,2019-07-18T12:00:00+00:00
6973,12.920984,77.584908,pm25,17.0,2019-07-18T12:15:00+00:00
6973,12.920984,77.584908,pm25,17.0,2019-07-18T12:30:00+00:00
6973,12.920984,77.584908,pm25,17.0,2019-07-18T12:45:00+00:00
6973,12.920984,77.584908,pm25,17.0,2019-07-18T13:00:00+00:00
6973,12.920984,77.584908,pm25,28.0,2019-07-18T13:15:00+00:00
6973,12.920984,77.584908,pm25,28.0,2019-07-18T13:30:00+00:00
6973,12.920984,77.584908,pm25,28.0,2019-07-18T13:45:00+00:00
6973,12.920984,77.584908,pm25,28.0,2019-07-18T14:00:00+00:00
6973,12.920984,77.584908,pm25,36.0,2019-07-18T14:15:00+00:00
6973,12.920984,77.584908,pm25,36.0,2019-07-18T14:30:00+00:00
6973,12.920984,77.584908,pm25,36.0,2019-07-18T14:45:00+00:00
6973,12.920984,77.584908,pm25,36.0,2019-07-18T15:00:00+00:00
6973,12.920984,77.584908,pm25,36.0,2019-07-18T15:15:00+00:00
6973,12.920984,77.584908,pm25,36.0,2019-07-18T15:30:00+00:00
6973,12.920984,77.584908,pm25,36.0,2019-07-18T15:45:00+00:00
6973,12.920984,77.584908,pm25,36.0,2019-07-18T16:00:00+00:00
6973,12.920984,77.584908,pm25,20.0,2019-07-18T16:15:00+00:00
6973,12.920984,77.584908,pm25,20.0,2019-07-18T16:30:00+00:00
6973,12.920984,77.584908,pm25,20.0,2019-07-18T16:45:00+00:00
6973,12.920984,77.584908,pm25,20.0,2019-07-18T17:00:00+00:00
6973,12.920984,77.584908,pm25,17.0,2019-07-18T17:15:00+00:00
6973,12.920984,77.584908,pm25,17.0,2019-07-18T17:30:00+00:00
6973,12.920984,77.584908,pm25,17.0,2019-07-18T17:45:00+00:00
6973,12.920984,77.584908,pm25,17.0,2019-07-18T18:00:00+00:00
6973,12.920984,77.584908,pm25,11.0,2019-07-18T18:15:00+00:00
6973,12.920984,77.584908,pm25,11.0,2019-07-18T18:30:00+00:00
6973,12.920984,77.584908,co,0.8,2019-07-17T18:45:00+00:00
6973,12.920984,77.584908,co,0.69,2019-07-17T19:00:00+00:00
6973,12.920984,77.584908,co,0.57,2019-07-17T19:30:00+00:00
6973,12.920984,77.584908,co,0.69,2019-07-17T19:45:00+00:00
6973,12.920984,77.584908,co,0.69,2019-07-17T20:00:00+00:00
6973,12.920984,77.584908,co,0.69,2019-07-17T20:15:00+00:00
6973,12.920984,77.584908,co,0.69,2019-07-17T20:30:00+00:00
6973,12.920984,77.584908,co,0.69,2019-07-17T20:45:00+00:00
6973,12.920984,77.584908,co,0.8,2019-07-17T21:00:00+00:00
6973,12.920984,77.584908,co,0.34,2019-07-17T21:30:00+00:00
6973,12.920984,77.584908,co,0.23,2019-07-17T21:45:00+00:00
6973,12.920984,77.584908,co,0.23,2019-07-17T22:00:00+00:00
6973,12.920984,77.584908,co,0.23,2019-07-17T23:00:00+00:00
6973,12.920984,77.584908,co,0.23,2019-07-17T23:30:00+00:00
6973,12.920984,77.584908,co,0.34,2019-07-17T23:45:00+00:00
6973,12.920984,77.584908,co,0.34,2019-07-18T00:00:00+00:00
6973,12.920984,77.584908,co,0.46,2019-07-18T00:15:00+00:00
6973,12.920984,77.584908,co,0.46,2019-07-18T00:30:00+00:00
6973,12.920984,77.584908,co,0.57,2019-07-18T00:45:00+00:00
6973,12.920984,77.584908,co,0.69,2019-07-18T01:00:00+00:00
6973,12.920984,77.584908,co,0.8,2019-07-18T01:30:00+00:00
6973,12.920984,77.584908,co,0.8,2019-07-18T01:45:00+00:00
6973,12.920984,77.584908,co,0.8,2019-07-18T02:00:00+00:00
6973,12.920984,77.584908,co,0.69,2019-07-18T02:15:00+00:00
6973,12.920984,77.584908,co,0.8,2019-07-18T02:30:00+00:00
6973,12.920984,77.584908,co,1.26,2019-07-18T02:45:00+00:00
6973,12.920984,77.584908,co,1.26,2019-07-18T03:00:00+00:00
6973,12.920984,77.584908,co,0.92,2019-07-18T03:30:00+00:00
6973,12.920984,77.584908,co,1.26,2019-07-18T03:45:00+00:00
6973,12.920984,77.584908,co,1.6,2019-07-18T04:00:00+00:00
6973,12.920984,77.584908,co,1.49,2019-07-18T04:15:00+00:00
6973,12.920984,77.584908,co,1.26,2019-07-18T04:30:00+00:00
6973,12.920984,77.584908,co,1.03,2019-07-18T04:45:00+00:00
6973,12.920984,77.584908,co,1.03,2019-07-18T05:00:00+00:00
6973,12.920984,77.584908,co,1.26,2019-07-18T05:30:00+00:00
6973,12.920984,77.584908,co,0.8,2019-07-18T05:45:00+00:00
6973,12.920984,77.584908,co,0.69,2019-07-18T06:00:00+00:00
6973,12.920984,77.584908,co,0.57,2019-07-18T06:15:00+00:00
6973,12.920984,77.584908,co,1.03,2019-07-18T06:30:00+00:00
6973,12.920984,77.584908,co,0.92,2019-07-18T06:45:00+00:00
6973,12.920984,77.584908,co,0.69,2019-07-18T07:00:00+00:00
6973,12.920984,77.584908,co,0.92,2019-07-18T07:30:00+00:00
6973,12.920984,77.584908,co,0.92,2019-07-18T07:45:00+00:00
6973,12.920984,77.584908,co,1.15,2019-07-18T08:00:00+00:00
6973,12.920984,77.584908,co,1.49,2019-07-18T08:15:00+00:00
6973,12.920984,77.584908,co,1.15,2019-07-18T08:30:00+00:00
6973,12.920984,77.584908,co,1.03,2019-07-18T08:45:00+00:00
6973,12.920984,77.584908,co,1.15,2019-07-18T09:00:00+00:00
6973,12.920984,77.584908,co,1.15,2019-07-18T09:30:00+00:00
6973,12.920984,77.584908,co,1.26,2019-07-18T09:45:00+00:00
6973,12.920984,77.584908,co,1.49,2019-07-18T10:00:00+00:00
6973,12.920984,77.584908,co,1.83,2019-07-18T10:15:00+00:00
6973,12.920984,77.584908,co,1.26,2019-07-18T10:30:00+00:00
6973,12.920984,77.584908,co,1.15,2019-07-18T10:45:00+00:00
6973,12.920984,77.584908,co,1.03,2019-07-18T11:00:00+00:00
6973,12.920984,77.584908,co,1.03,2019-07-18T11:30:00+00:00
6973,12.920984,77.584908,co,0.8,2019-07-18T11:45:00+00:00
6973,12.920984,77.584908,co,0.92,2019-07-18T12:00:00+00:00
6973,12.920984,77.584908,co,1.15,2019-07-18T12:15:00+00:00
6973,12.920984,77.584908,co,1.37,2019-07-18T12:30:00+00:00
6973,12.920984,77.584908,co,1.6,2019-07-18T12:45:00+00:00
6973,12.920984,77.584908,co,1.72,2019-07-18T13:00:00+00:00
6973,12.920984,77.584908,co,2.29,2019-07-18T13:30:00+00:00
6973,12.920984,77.584908,co,1.83,2019-07-18T13:45:00+00:00
6973,12.920984,77.584908,co,2.06,2019-07-18T14:00:00+00:00
6973,12.920984,77.584908,co,2.18,2019-07-18T14:15:00+00:00
6973,12.920984,77.584908,co,1.95,2019-07-18T14:30:00+00:00
6973,12.920984,77.584908,co,1.95,2019-07-18T14:45:00+00:00
6973,12.920984,77.584908,co,1.83,2019-07-18T15:00:00+00:00
6973,12.920984,77.584908,co,1.26,2019-07-18T15:30:00+00:00
6973,12.920984,77.584908,co,0.92,2019-07-18T15:45:00+00:00
6973,12.920984,77.584908,co,0.69,2019-07-18T16:00:00+00:00
6973,12.920984,77.584908,co,0.69,2019-07-18T16:15:00+00:00
6973,12.920984,77.584908,co,0.69,2019-07-18T16:30:00+00:00
6973,12.920984,77.584908,co,0.69,2019-07-18T16:45:00+00:00
6973,12.920984,77.584908,co,0.57,2019-07-18T17:00:00+00:00
6973,12.920984,77.584908,co,0.57,2019-07-18T17:30:00+00:00
6973,12.920984,77.584908,co,0.46,2019-07-18T17:45:00+00:00
6973,12.920984,77.584908,co,0.69,2019-07-18T18:00:00+00:00
6973,12.920984,77.584908,co,0.69,2019-07-18T18:15:00+00:00
6973,12.920984,77.584908,co,0.57,2019-07-18T18:30:00+00:00
6973,12.920984,77.584908,no2,20.2,2019-07-17T18:45:00+00:00
6973,12.920984,77.584908,no2,18.8,2019-07-17T19:00:00+00:00
6973,12.920984,77.584908,no2,17.9,2019-07-17T19:15:00+00:00
6973,12.920984,77.584908,no2,16.9,2019-07-17T19:30:00+00:00
6973,12.920984,77.584908,no2,16.4,2019-07-17T19:45:00+00:00
6973,12.920984,77.584908,no2,16.9,2019-07-17T20:00:00+00:00
6973,12.920984,77.584908,no2,16.8,2019-07-17T20:15:00+00:00
6973,12.920984,77.584908,no2,16.9,2019-07-17T20:30:00+00:00
6973,12.920984,77.584908,no2,16.7,2019-07-17T20:45:00+00:00
6973,12.920984,77.584908,no2,16.2,2019-07-17T21:00:00+00:00
6973,12.920984,77.584908,no2,16.2,2019-07-17T21:15:00+00:00
6973,12.920984,77.584908,no2,15.8,2019-07-17T21:30:00+00:00
6973,12.920984,77.584908,no2,15.5,2019-07-17T21:45:00+00:00
6973,12.920984,77.584908,no2,14.3,2019-07-17T22:00:00+00:00
6973,12.920984,77.584908,no2,13.5,2019-07-17T22:15:00+00:00
6973,12.920984,77.584908,no2,13.1,2019-07-17T22:30:00+00:00
6973,12.920984,77.584908,no2,12.8,2019-07-17T22:45:00+00:00
6973,12.920984,77.584908,no2,12.9,2019-07-17T23:00:00+00:00
6973,12.920984,77.584908,no2,13.9,2019-07-18T00:00:00+00:00
6973,12.920984,77.584908,no2,15.2,2019-07-18T00:15:00+00:00
6973,12.920984,77.584908,no2,17.0,2019-07-18T00:30:00+00:00
6973,12.920984,77.584908,no2,18.4,2019-07-18T00:45:00+00:00
6973,12.920984,77.584908,no2,19.9,2019-07-18T01:00:00+00:00
6973,12.920984,77.584908,no2,21.3,2019-07-18T01:15:00+00:00
6973,12.920984,77.584908,no2,22.5,2019-07-18T01:30:00+00:00
6973,12.920984,77.584908,no2,23.6,2019-07-18T01:45:00+00:00
6973,12.920984,77.584908,no2,24.2,2019-07-18T02:00:00+00:00
6973,12.920984,77.584908,no2,24.9,2019-07-18T02:15:00+00:00
6973,12.920984,77.584908,no2,26.0,2019-07-18T02:30:00+00:00
6973,12.920984,77.584908,no2,27.9,2019-07-18T02:45:00+00:00
6973,12.920984,77.584908,no2,30.8,2019-07-18T03:00:00+00:00
6973,12.920984,77.584908,no2,33.1,2019-07-18T03:15:00+00:00
6973,12.920984,77.584908,no2,33.5,2019-07-18T03:30:00+00:00
6973,12.920984,77.584908,no2,33.5,2019-07-18T03:45:00+00:00
6973,12.920984,77.584908,no2,34.1,2019-07-18T04:00:00+00:00
6973,12.920984,77.584908,no2,35.1,2019-07-18T04:15:00+00:00
6973,12.920984,77.584908,no2,35.6,2019-07-18T04:30:00+00:00
6973,12.920984,77.584908,no2,35.0,2019-07-18T04:45:00+00:00
6973,12.920984,77.584908,no2,33.8,2019-07-18T05:00:00+00:00
6973,12.920984,77.584908,no2,32.8,2019-07-18T05:15:00+00:00
6973,12.920984,77.584908,no2,33.7,2019-07-18T05:30:00+00:00
6973,12.920984,77.584908,no2,35.6,2019-07-18T05:45:00+00:00
6973,12.920984,77.584908,no2,35.2,2019-07-18T06:00:00+00:00
6973,12.920984,77.584908,no2,33.7,2019-07-18T06:15:00+00:00
6973,12.920984,77.584908,no2,32.9,2019-07-18T06:30:00+00:00
6973,12.920984,77.584908,no2,34.6,2019-07-18T06:45:00+00:00
6973,12.920984,77.584908,no2,35.3,2019-07-18T07:00:00+00:00
6973,12.920984,77.584908,no2,35.0,2019-07-18T07:15:00+00:00
6973,12.920984,77.584908,no2,35.9,2019-07-18T07:30:00+00:00
6973,12.920984,77.584908,no2,36.7,2019-07-18T07:45:00+00:00
6973,12.920984,77.584908,no2,38.5,2019-07-18T08:00:00+00:00
6973,12.920984,77.584908,no2,43.4,2019-07-18T08:15:00+00:00
6973,12.920984,77.584908,no2,46.8,2019-07-18T08:30:00+00:00
6973,12.920984,77.584908,no2,43.5,2019-07-18T08:45:00+00:00
6973,12.920984,77.584908,no2,43.1,2019-07-18T09:00:00+00:00
6973,12.920984,77.584908,no2,42.8,2019-07-18T09:15:00+00:00
6973,12.920984,77.584908,no2,42.5,2019-07-18T09:30:00+00:00
6973,12.920984,77.584908,no2,44.2,2019-07-18T09:45:00+00:00
6973,12.920984,77.584908,no2,46.1,2019-07-18T10:00:00+00:00
6973,12.920984,77.584908,no2,47.5,2019-07-18T10:15:00+00:00
6973,12.920984,77.584908,no2,49.0,2019-07-18T10:30:00+00:00
6973,12.920984,77.584908,no2,47.0,2019-07-18T10:45:00+00:00
6973,12.920984,77.584908,no2,44.3,2019-07-18T11:00:00+00:00
6973,12.920984,77.584908,no2,40.9,2019-07-18T11:15:00+00:00
6973,12.920984,77.584908,no2,40.9,2019-07-18T11:30:00+00:00
6973,12.920984,77.584908,no2,40.3,2019-07-18T11:45:00+00:00
6973,12.920984,77.584908,no2,39.5,2019-07-18T12:00:00+00:00
6973,12.920984,77.584908,no2,38.9,2019-07-18T12:15:00+00:00
6973,12.920984,77.584908,no2,40.5,2019-07-18T12:30:00+00:00
6973,12.920984,77.584908,no2,44.5,2019-07-18T12:45:00+00:00
6973,12.920984,77.584908,no2,49.3,2019-07-18T13:00:00+00:00
6973,12.920984,77.584908,no2,54.0,2019-07-18T13:15:00+00:00
6973,12.920984,77.584908,no2,60.6,2019-07-18T13:30:00+00:00
6973,12.920984,77.584908,no2,66.1,2019-07-18T13:45:00+00:00
6973,12.920984,77.584908,no2,64.7,2019-07-18T14:00:00+00:00
6973,12.920984,77.584908,no2,63.1,2019-07-18T14:15:00+00:00
6973,12.920984,77.584908,no2,62.2,2019-07-18T14:30:00+00:00
6973,12.920984,77.584908,no2,61.0,2019-07-18T14:45:00+00:00
6973,12.920984,77.584908,no2,59.4,2019-07-18T15:00:00+00:00
6973,12.920984,77.584908,no2,58.8,2019-07-18T15:15:00+00:00
6973,12.920984,77.584908,no2,56.4,2019-07-18T15:30:00+00:00
6973,12.920984,77.584908,no2,54.7,2019-07-18T15:45:00+00:00
6973,12.920984,77.584908,no2,39.7,2019-07-18T16:00:00+00:00
6973,12.920984,77.584908,no2,35.9,2019-07-18T16:15:00+00:00
6973,12.920984,77.584908,no2,31.8,2019-07-18T16:30:00+00:00
6973,12.920984,77.584908,no2,28.6,2019-07-18T16:45:00+00:00
6973,12.920984,77.584908,no2,26.8,2019-07-18T17:00:00+00:00
6973,12.920984,77.584908,no2,25.2,2019-07-18T17:15:00+00:00
6973,12.920984,77.584908,no2,23.6,2019-07-18T17:30:00+00:00
6973,12.920984,77.584908,no2,22.1,2019-07-18T17:45:00+00:00
6973,12.920984,77.584908,no2,20.8,2019-07-18T18:00:00+00:00
6973,12.920984,77.584908,no2,19.4,2019-07-18T18:15:00+00:00
6973,12.920984,77.584908,no2,18.9,2019-07-18T18:30:00+00:00
6973,12.920984,77.584908,so2,3.6,2019-07-17T18:45:00+00:00
6973,12.920984,77.584908,so2,3.6,2019-07-17T19:00:00+00:00
6973,12.920984,77.584908,so2,3.5,2019-07-17T19:15:00+00:00
6973,12.920984,77.584908,so2,3.5,2019-07-17T19:30:00+00:00
6973,12.920984,77.584908,so2,3.6,2019-07-17T19:45:00+00:00
6973,12.920984,77.584908,so2,3.6,2019-07-17T20:00:00+00:00
6973,12.920984,77.584908,so2,3.7,2019-07-17T20:15:00+00:00
6973,12.920984,77.584908,so2,3.6,2019-07-17T20:30:00+00:00
6973,12.920984,77.584908,so2,3.6,2019-07-17T20:45:00+00:00
6973,12.920984,77.584908,so2,3.6,2019-07-17T21:00:00+00:00
6973,12.920984,77.584908,so2,3.6,2019-07-17T21:15:00+00:00
6973,12.920984,77.584908,so2,3.5,2019-07-17T21:30:00+00:00
6973,12.920984,77.584908,so2,3.5,2019-07-17T21:45:00+00:00
6973,12.920984,77.584908,so2,3.4,2019-07-17T22:00:00+00:00
6973,12.920984,77.584908,so2,3.4,2019-07-17T22:30:00+00:00
6973,12.920984,77.584908,so2,3.3,2019-07-17T22:45:00+00:00
6973,12.920984,77.584908,so2,3.1,2019-07-17T23:00:00+00:00
6973,12.920984,77.584908,so2,3.2,2019-07-17T23:15:00+00:00
6973,12.920984,77.584908,so2,3.2,2019-07-17T23:30:00+00:00
6973,12.920984,77.584908,so2,3.2,2019-07-17T23:45:00+00:00
6973,12.920984,77.584908,so2,3.1,2019-07-18T00:00:00+00:00
6973,12.920984,77.584908,so2,3.2,2019-07-18T01:00:00+00:00
6973,12.920984,77.584908,so2,3.2,2019-07-18T01:15:00+00:00
6973,12.920984,77.584908,so2,3.4,2019-07-18T01:30:00+00:00
6973,12.920984,77.584908,so2,3.4,2019-07-18T01:45:00+00:00
6973,12.920984,77.584908,so2,3.3,2019-07-18T02:00:00+00:00
6973,12.920984,77.584908,so2,3.0,2019-07-18T02:30:00+00:00
6973,12.920984,77.584908,so2,3.0,2019-07-18T02:45:00+00:00
6973,12.920984,77.584908,so2,3.0,2019-07-18T03:00:00+00:00
6973,12.920984,77.584908,so2,3.1,2019-07-18T03:15:00+00:00
6973,12.920984,77.584908,so2,3.1,2019-07-18T03:30:00+00:00
6973,12.920984,77.584908,so2,3.1,2019-07-18T03:45:00+00:00
6973,12.920984,77.584908,so2,3.2,2019-07-18T04:00:00+00:00
6973,12.920984,77.584908,so2,3.3,2019-07-18T04:15:00+00:00
6973,12.920984,77.584908,so2,3.4,2019-07-18T04:30:00+00:00
6973,12.920984,77.584908,so2,3.2,2019-07-18T04:45:00+00:00
6973,12.920984,77.584908,so2,3.3,2019-07-18T05:00:00+00:00
6973,12.920984,77.584908,so2,3.2,2019-07-18T05:15:00+00:00
6973,12.920984,77.584908,so2,3.1,2019-07-18T05:30:00+00:00
6973,12.920984,77.584908,so2,3.1,2019-07-18T05:45:00+00:00
6973,12.920984,77.584908,so2,2.9,2019-07-18T06:00:00+00:00
6973,12.920984,77.584908,so2,3.4,2019-07-18T06:30:00+00:00
6973,12.920984,77.584908,so2,3.7,2019-07-18T06:45:00+00:00
6973,12.920984,77.584908,so2,3.9,2019-07-18T07:00:00+00:00
6973,12.920984,77.584908,so2,3.9,2019-07-18T07:15:00+00:00
6973,12.920984,77.584908,so2,3.9,2019-07-18T07:30:00+00:00
6973,12.920984,77.584908,so2,3.7,2019-07-18T07:45:00+00:00
6973,12.920984,77.584908,so2,3.8,2019-07-18T08:00:00+00:00
6973,12.920984,77.584908,so2,3.7,2019-07-18T08:15:00+00:00
6973,12.920984,77.584908,so2,3.5,2019-07-18T08:30:00+00:00
6973,12.920984,77.584908,so2,3.4,2019-07-18T08:45:00+00:00
6973,12.920984,77.584908,so2,3.5,2019-07-18T09:00:00+00:00
6973,12.920984,77.584908,so2,3.8,2019-07-18T09:15:00+00:00
6973,12.920984,77.584908,so2,4.0,2019-07-18T09:30:00+00:00
6973,12.920984,77.584908,so2,3.9,2019-07-18T09:45:00+00:00
6973,12.920984,77.584908,so2,3.8,2019-07-18T10:00:00+00:00
6973,12.920984,77.584908,so2,3.8,2019-07-18T10:30:00+00:00
6973,12.920984,77.584908,so2,3.9,2019-07-18T10:45:00+00:00
6973,12.920984,77.584908,so2,3.7,2019-07-18T11:00:00+00:00
6973,12.920984,77.584908,so2,3.7,2019-07-18T11:15:00+00:00
6973,12.920984,77.584908,so2,3.7,2019-07-18T11:30:00+00:00
6973,12.920984,77.584908,so2,3.6,2019-07-18T11:45:00+00:00
6973,12.920984,77.584908,so2,3.5,2019-07-18T12:00:00+00:00
6973,12.920984,77.584908,so2,3.7,2019-07-18T12:15:00+00:00
6973,12.920984,77.584908,so2,3.8,2019-07-18T12:30:00+00:00
6973,12.920984,77.584908,so2,3.7,2019-07-18T12:45:00+00:00
6973,12.920984,77.584908,so2,3.7,2019-07-18T13:00:00+00:00
6973,12.920984,77.584908,so2,3.9,2019-07-18T13:15:00+00:00
6973,12.920984,77.584908,so2,4.0,2019-07-18T13:30:00+00:00
6973,12.920984,77.584908,so2,4.0,2019-07-18T13:45:00+00:00
6973,12.920984,77.584908,so2,4.0,2019-07-18T14:00:00+00:00
6973,12.920984,77.584908,so2,3.7,2019-07-18T14:30:00+00:00
6973,12.920984,77.584908,so2,3.6,2019-07-18T14:45:00+00:00
6973,12.920984,77.584908,so2,3.7,2019-07-18T15:00:00+00:00
6973,12.920984,77.584908,so2,3.9,2019-07-18T15:15:00+00:00
6973,12.920984,77.584908,so2,4.0,2019-07-18T15:30:00+00:00
6973,12.920984,77.584908,so2,4.2,2019-07-18T15:45:00+00:00
6973,12.920984,77.584908,so2,4.3,2019-07-18T16:00:00+00:00
6973,12.920984,77.584908,so2,4.3,2019-07-18T16:15:00+00:00
6973,12.920984,77.584908,so2,4.2,2019-07-18T16:30:00+00:00
6973,12.920984,77.584908,so2,4.1,2019-07-18T16:45:00+00:00
6973,12.920984,77.584908,so2,4.1,2019-07-18T17:00:00+00:00
6973,12.920984,77.584908,so2,4.2,2019-07-18T17:15:00+00:00
6973,12.920984,77.584908,so2,4.1,2019-07-18T17:30:00+00:00
6973,12.920984,77.584908,so2,3.8,2019-07-18T17:45:00+00:00
6973,12.920984,77.584908,so2,3.6,2019-07-18T18:00:00+00:00
6973,12.920984,77.584908,so2,3.7,2019-07-18T18:30:00+00:00
6973,12.920984,77.584908,pm10,24.0,2019-07-18T18:45:00+00:00
6973,12.920984,77.584908,pm10,24.0,2019-07-18T19:00:00+00:00
6973,12.920984,77.584908,pm10,14.0,2019-07-18T19:15:00+00:00
6973,12.920984,77.584908,pm10,14.0,2019-07-18T19:30:00+00:00
6973,12.920984,77.584908,pm10,14.0,2019-07-18T19:45:00+00:00
6973,12.920984,77.584908,pm10,14.0,2019-07-18T20:00:00+00:00
6973,12.920984,77.584908,pm10,17.0,2019-07-18T20:15:00+00:00
6973,12.920984,77.584908,pm10,17.0,2019-07-18T20:30:00+00:00
6973,12.920984,77.584908,pm10,17.0,2019-07-18T20:45:00+00:00
6973,12.920984,77.584908,pm10,17.0,2019-07-18T21:00:00+00:00
6973,12.920984,77.584908,pm10,15.0,2019-07-18T21:15:00+00:00
6973,12.920984,77.584908,pm10,15.0,2019-07-18T21:30:00+00:00
6973,12.920984,77.584908,pm10,15.0,2019-07-18T21:45:00+00:00
6973,12.920984,77.584908,pm10,15.0,2019-07-18T22:00:00+00:00
6973,12.920984,77.584908,pm10,10.0,2019-07-18T22:15:00+00:00
6973,12.920984,77.584908,pm10,10.0,2019-07-18T22:30:00+00:00
6973,12.920984,77.584908,pm10,10.0,2019-07-18T22:45:00+00:00
6973,12.920984,77.584908,pm10,10.0,2019-07-18T23:00:00+00:00
6973,12.920984,77.584908,pm10,13.0,2019-07-18T23:15:00+00:00
6973,12.920984,77.584908,pm10,13.0,2019-07-18T23:30:00+00:00
6973,12.920984,77.584908,pm10,13.0,2019-07-18T23:45:00+00:00
6973,12.920984,77.584908,pm10,13.0,2019-07-19T00:00:00+00:00
6973,12.920984,77.584908,pm10,13.0,2019-07-19T00:15:00+00:00
6973,12.920984,77.584908,pm10,13.0,2019-07-19T00:30:00+00:00
6973,12.920984,77.584908,pm10,13.0,2019-07-19T00:45:00+00:00
6973,12.920984,77.584908,pm10,13.0,2019-07-19T01:00:00+00:00
6973,12.920984,77.584908,pm10,23.0,2019-07-19T01:15:00+00:00
6973,12.920984,77.584908,pm10,23.0,2019-07-19T01:30:00+00:00
6973,12.920984,77.584908,pm10,23.0,2019-07-19T01:45:00+00:00
6973,12.920984,77.584908,pm10,23.0,2019-07-19T02:00:00+00:00
6973,12.920984,77.584908,pm10,32.0,2019-07-19T02:15:00+00:00
6973,12.920984,77.584908,pm10,32.0,2019-07-19T02:30:00+00:00
6973,12.920984,77.584908,pm10,32.0,2019-07-19T02:45:00+00:00
6973,12.920984,77.584908,pm10,32.0,2019-07-19T03:00:00+00:00
6973,12.920984,77.584908,pm10,35.0,2019-07-19T03:15:00+00:00
6973,12.920984,77.584908,pm10,35.0,2019-07-19T03:30:00+00:00
6973,12.920984,77.584908,pm10,35.0,2019-07-19T03:45:00+00:00
6973,12.920984,77.584908,pm10,35.0,2019-07-19T04:00:00+00:00
6973,12.920984,77.584908,pm10,38.0,2019-07-19T04:15:00+00:00
6973,12.920984,77.584908,pm10,38.0,2019-07-19T04:30:00+00:00
6973,12.920984,77.584908,pm10,38.0,2019-07-19T04:45:00+00:00
6973,12.920984,77.584908,pm10,38.0,2019-07-19T05:00:00+00:00
6973,12.920984,77.584908,pm10,36.0,2019-07-19T05:15:00+00:00
6973,12.920984,77.584908,pm10,36.0,2019-07-19T05:30:00+00:00
6973,12.920984,77.584908,pm10,36.0,2019-07-19T05:45:00+00:00
6973,12.920984,77.584908,pm10,36.0,2019-07-19T06:00:00+00:00
6973,12.920984,77.584908,pm10,30.0,2019-07-19T06:15:00+00:00
6973,12.920984,77.584908,pm10,30.0,2019-07-19T06:30:00+00:00
6973,12.920984,77.584908,pm10,30.0,2019-07-19T06:45:00+00:00
6973,12.920984,77.584908,pm10,30.0,2019-07-19T07:00:00+00:00
6973,12.920984,77.584908,pm10,31.0,2019-07-19T07:30:00+00:00
6973,12.920984,77.584908,pm10,31.0,2019-07-19T07:45:00+00:00
6973,12.920984,77.584908,pm10,31.0,2019-07-19T08:00:00+00:00
6973,12.920984,77.584908,pm10,43.0,2019-07-19T08:15:00+00:00
6973,12.920984,77.584908,pm10,43.0,2019-07-19T08:30:00+00:00
6973,12.920984,77.584908,pm10,43.0,2019-07-19T08:45:00+00:00
6973,12.920984,77.584908,pm10,43.0,2019-07-19T09:00:00+00:00
6973,12.920984,77.584908,pm10,30.0,2019-07-19T09:15:00+00:00
6973,12.920984,77.584908,pm10,30.0,2019-07-19T09:30:00+00:00
6973,12.920984,77.584908,pm10,30.0,2019-07-19T09:45:00+00:00
6973,12.920984,77.584908,pm10,30.0,2019-07-19T10:00:00+00:00
6973,12.920984,77.584908,pm10,35.0,2019-07-19T10:15:00+00:00
6973,12.920984,77.584908,pm10,35.0,2019-07-19T10:30:00+00:00
6973,12.920984,77.584908,pm10,35.0,2019-07-19T10:45:00+00:00
6973,12.920984,77.584908,pm10,35.0,2019-07-19T11:00:00+00:00
6973,12.920984,77.584908,pm10,36.0,2019-07-19T11:15:00+00:00
6973,12.920984,77.584908,pm10,36.0,2019-07-19T11:30:00+00:00
6973,12.920984,77.584908,pm10,36.0,2019-07-19T11:45:00+00:00
6973,12.920984,77.584908,pm10,36.0,2019-07-19T12:00:00+00:00
6973,12.920984,77.584908,pm10,42.0,2019-07-19T12:15:00+00:00
6973,12.920984,77.584908,pm10,42.0,2019-07-19T12:30:00+00:00
6973,12.920984,77.584908,pm10,42.0,2019-07-19T12:45:00+00:00
6973,12.920984,77.584908,pm10,42.0,2019-07-19T13:00:00+00:00
6973,12.920984,77.584908,pm10,37.0,2019-07-19T13:15:00+00:00
6973,12.920984,77.584908,pm10,37.0,2019-07-19T13:45:00+00:00
6973,12.920984,77.584908,pm10,37.0,2019-07-19T14:00:00+00:00
6973,12.920984,77.584908,pm10,19.0,2019-07-19T14:15:00+00:00
6973,12.920984,77.584908,pm10,19.0,2019-07-19T14:30:00+00:00
6973,12.920984,77.584908,pm10,19.0,2019-07-19T14:45:00+00:00
6973,12.920984,77.584908,pm10,19.0,2019-07-19T15:00:00+00:00
6973,12.920984,77.584908,pm10,15.0,2019-07-19T15:15:00+00:00
6973,12.920984,77.584908,pm10,15.0,2019-07-19T15:30:00+00:00
6973,12.920984,77.584908,pm10,15.0,2019-07-19T15:45:00+00:00
6973,12.920984,77.584908,pm10,20.0,2019-07-19T16:15:00+00:00
6973,12.920984,77.584908,pm10,20.0,2019-07-19T16:30:00+00:00
6973,12.920984,77.584908,pm10,20.0,2019-07-19T16:45:00+00:00
6973,12.920984,77.584908,pm10,20.0,2019-07-19T17:00:00+00:00
6973,12.920984,77.584908,pm10,24.0,2019-07-19T17:15:00+00:00
6973,12.920984,77.584908,pm10,24.0,2019-07-19T17:30:00+00:00
6973,12.920984,77.584908,pm10,24.0,2019-07-19T17:45:00+00:00
6973,12.920984,77.584908,pm10,24.0,2019-07-19T18:00:00+00:00
6973,12.920984,77.584908,pm10,14.0,2019-07-19T18:15:00+00:00
6973,12.920984,77.584908,pm25,11.0,2019-07-18T18:45:00+00:00
6973,12.920984,77.584908,pm25,11.0,2019-07-18T19:00:00+00:00
6973,12.920984,77.584908,pm25,6.0,2019-07-18T19:15:00+00:00
6973,12.920984,77.584908,pm25,6.0,2019-07-18T19:30:00+00:00
6973,12.920984,77.584908,pm25,6.0,2019-07-18T19:45:00+00:00
6973,12.920984,77.584908,pm25,6.0,2019-07-18T20:00:00+00:00
6973,12.920984,77.584908,pm25,3.0,2019-07-18T20:15:00+00:00
6973,12.920984,77.584908,pm25,3.0,2019-07-18T20:30:00+00:00
6973,12.920984,77.584908,pm25,3.0,2019-07-18T20:45:00+00:00
6973,12.920984,77.584908,pm25,3.0,2019-07-18T21:00:00+00:00
6973,12.920984,77.584908,pm25,3.0,2019-07-18T21:15:00+00:00
6973,12.920984,77.584908,pm25,3.0,2019-07-18T21:30:00+00:00
6973,12.920984,77.584908,pm25,3.0,2019-07-18T21:45:00+00:00
6973,12.920984,77.584908,pm25,3.0,2019-07-18T22:00:00+00:00
6973,12.920984,77.584908,pm25,4.0,2019-07-18T22:15:00+00:00
6973,12.920984,77.584908,pm25,4.0,2019-07-18T22:30:00+00:00
6973,12.920984,77.584908,pm25,4.0,2019-07-18T22:45:00+00:00
6973,12.920984,77.584908,pm25,4.0,2019-07-18T23:00:00+00:00
6973,12.920984,77.584908,pm25,5.0,2019-07-18T23:15:00+00:00
6973,12.920984,77.584908,pm25,5.0,2019-07-18T23:30:00+00:00
6973,12.920984,77.584908,pm25,5.0,2019-07-18T23:45:00+00:00
6973,12.920984,77.584908,pm25,5.0,2019-07-19T00:00:00+00:00
6973,12.920984,77.584908,pm25,6.0,2019-07-19T00:15:00+00:00
6973,12.920984,77.584908,pm25,6.0,2019-07-19T00:30:00+00:00
6973,12.920984,77.584908,pm25,6.0,2019-07-19T00:45:00+00:00
6973,12.920984,77.584908,pm25,6.0,2019-07-19T01:00:00+00:00
6973,12.920984,77.584908,pm25,8.0,2019-07-19T01:15:00+00:00
6973,12.920984,77.584908,pm25,8.0,2019-07-19T01:30:00+00:00
6973,12.920984,77.584908,pm25,8.0,2019-07-19T01:45:00+00:00
6973,12.920984,77.584908,pm25,8.0,2019-07-19T02:00:00+00:00
6973,12.920984,77.584908,pm25,13.0,2019-07-19T02:15:00+00:00
6973,12.920984,77.584908,pm25,13.0,2019-07-19T02:30:00+00:00
6973,12.920984,77.584908,pm25,13.0,2019-07-19T02:45:00+00:00
6973,12.920984,77.584908,pm25,13.0,2019-07-19T03:00:00+00:00
6973,12.920984,77.584908,pm25,11.0,2019-07-19T03:15:00+00:00
6973,12.920984,77.584908,pm25,11.0,2019-07-19T03:30:00+00:00
6973,12.920984,77.584908,pm25,11.0,2019-07-19T03:45:00+00:00
6973,12.920984,77.584908,pm25,11.0,2019-07-19T04:00:00+00:00
6973,12.920984,77.584908,pm25,11.0,2019-07-19T04:15:00+00:00
6973,12.920984,77.584908,pm25,11.0,2019-07-19T04:30:00+00:00
6973,12.920984,77.584908,pm25,11.0,2019-07-19T04:45:00+00:00
6973,12.920984,77.584908,pm25,11.0,2019-07-19T05:00:00+00:00
6973,12.920984,77.584908,pm25,9.0,2019-07-19T05:15:00+00:00
6973,12.920984,77.584908,pm25,9.0,2019-07-19T05:30:00+00:00
6973,12.920984,77.584908,pm25,9.0,2019-07-19T05:45:00+00:00
6973,12.920984,77.584908,pm25,9.0,2019-07-19T06:00:00+00:00
6973,12.920984,77.584908,pm25,12.0,2019-07-19T06:15:00+00:00
6973,12.920984,77.584908,pm25,12.0,2019-07-19T06:30:00+00:00
6973,12.920984,77.584908,pm25,12.0,2019-07-19T06:45:00+00:00
6973,12.920984,77.584908,pm25,12.0,2019-07-19T07:00:00+00:00
6973,12.920984,77.584908,pm25,7.0,2019-07-19T07:30:00+00:00
6973,12.920984,77.584908,pm25,7.0,2019-07-19T07:45:00+00:00
6973,12.920984,77.584908,pm25,7.0,2019-07-19T08:00:00+00:00
6973,12.920984,77.584908,pm25,15.0,2019-07-19T08:15:00+00:00
6973,12.920984,77.584908,pm25,15.0,2019-07-19T08:30:00+00:00
6973,12.920984,77.584908,pm25,15.0,2019-07-19T08:45:00+00:00
6973,12.920984,77.584908,pm25,15.0,2019-07-19T09:00:00+00:00
6973,12.920984,77.584908,pm25,8.0,2019-07-19T09:15:00+00:00
6973,12.920984,77.584908,pm25,8.0,2019-07-19T09:30:00+00:00
6973,12.920984,77.584908,pm25,8.0,2019-07-19T09:45:00+00:00
6973,12.920984,77.584908,pm25,8.0,2019-07-19T10:00:00+00:00
6973,12.920984,77.584908,pm25,5.0,2019-07-19T10:15:00+00:00
6973,12.920984,77.584908,pm25,5.0,2019-07-19T10:30:00+00:00
6973,12.920984,77.584908,pm25,5.0,2019-07-19T10:45:00+00:00
6973,12.920984,77.584908,pm25,5.0,2019-07-19T11:00:00+00:00
6973,12.920984,77.584908,pm25,6.0,2019-07-19T11:15:00+00:00
6973,12.920984,77.584908,pm25,6.0,2019-07-19T11:30:00+00:00
6973,12.920984,77.584908,pm25,6.0,2019-07-19T11:45:00+00:00
6973,12.920984,77.584908,pm25,6.0,2019-07-19T12:00:00+00:00
6973,12.920984,77.584908,pm25,11.0,2019-07-19T12:15:00+00:00
6973,12.920984,77.584908,pm25,11.0,2019-07-19T12:30:00+00:00
6973,12.920984,77.584908,pm25,11.0,2019-07-19T12:45:00+00:00
6973,12.920984,77.584908,pm25,11.0,2019-07-19T13:00:00+00:00
6973,12.920984,77.584908,pm25,10.0,2019-07-19T13:15:00+00:00
6973,12.920984,77.584908,pm25,10.0,2019-07-19T13:45:00+00:00
6973,12.920984,77.584908,pm25,10.0,2019-07-19T14:00:00+00:00
6973,12.920984,77.584908,pm25,7.0,2019-07-19T14:15:00+00:00
6973,12.920984,77.584908,pm25,7.0,2019-07-19T14:30:00+00:00
6973,12.920984,77.584908,pm25,7.0,2019-07-19T14:45:00+00:00
6973,12.920984,77.584908,pm25,7.0,2019-07-19T15:00:00+00:00
6973,12.920984,77.584908,pm25,16.0,2019-07-19T15:15:00+00:00
6973,12.920984,77.584908,pm25,16.0,2019-07-19T15:30:00+00:00
6973,12.920984,77.584908,pm25,16.0,2019-07-19T15:45:00+00:00
6973,12.920984,77.584908,pm25,16.0,2019-07-19T16:00:00+00:00
6973,12.920984,77.584908,pm25,8.0,2019-07-19T16:15:00+00:00
6973,12.920984,77.584908,pm25,8.0,2019-07-19T16:30:00+00:00
6973,12.920984,77.584908,pm25,8.0,2019-07-19T16:45:00+00:00
6973,12.920984,77.584908,pm25,8.0,2019-07-19T17:00:00+00:00
6973,12.920984,77.584908,pm25,5.0,2019-07-19T17:15:00+00:00
6973,12.920984,77.584908,pm25,5.0,2019-07-19T17:30:00+00:00
6973,12.920984,77.584908,pm25,5.0,2019-07-19T17:45:00+00:00
6973,12.920984,77.584908,pm25,5.0,2019-07-19T18:00:00+00:00
6973,12.920984,77.584908,pm25,5.0,2019-07-19T18:15:00+00:00
6973,12.920984,77.584908,pm25,5.0,2019-07-19T18:30:00+00:00
6973,12.920984,77.584908,co,0.46,2019-07-18T18:45:00+00:00
6973,12.920984,77.584908,co,0.57,2019-07-18T19:00:00+00:00
6973,12.920984,77.584908,co,0.46,2019-07-18T19:30:00+00:00
6973,12.920984,77.584908,co,0.46,2019-07-18T19:45:00+00:00
6973,12.920984,77.584908,co,0.46,2019-07-18T20:00:00+00:00
6973,12.920984,77.584908,co,0.34,2019-07-18T20:15:00+00:00
6973,12.920984,77.584908,co,0.34,2019-07-18T20:30:00+00:00
6973,12.920984,77.584908,co,0.34,2019-07-18T20:45:00+00:00
6973,12.920984,77.584908,co,0.23,2019-07-18T21:00:00+00:00
6973,12.920984,77.584908,co,0.57,2019-07-18T21:30:00+00:00
6973,12.920984,77.584908,co,0.57,2019-07-18T21:45:00+00:00
6973,12.920984,77.584908,co,0.57,2019-07-18T22:00:00+00:00
6973,12.920984,77.584908,co,0.57,2019-07-18T23:00:00+00:00
6973,12.920984,77.584908,co,0.46,2019-07-18T23:30:00+00:00
6973,12.920984,77.584908,co,0.46,2019-07-18T23:45:00+00:00
6973,12.920984,77.584908,co,0.46,2019-07-19T00:00:00+00:00
6973,12.920984,77.584908,co,0.46,2019-07-19T00:15:00+00:00
6973,12.920984,77.584908,co,0.46,2019-07-19T00:30:00+00:00
6973,12.920984,77.584908,co,0.57,2019-07-19T00:45:00+00:00
6973,12.920984,77.584908,co,0.57,2019-07-19T01:00:00+00:00
6973,12.920984,77.584908,co,0.69,2019-07-19T01:30:00+00:00
6973,12.920984,77.584908,co,0.69,2019-07-19T01:45:00+00:00
6973,12.920984,77.584908,co,0.69,2019-07-19T02:00:00+00:00
6973,12.920984,77.584908,co,0.8,2019-07-19T02:15:00+00:00
6973,12.920984,77.584908,co,0.92,2019-07-19T02:30:00+00:00
6973,12.920984,77.584908,co,1.03,2019-07-19T02:45:00+00:00
6973,12.920984,77.584908,co,1.15,2019-07-19T03:00:00+00:00
6973,12.920984,77.584908,co,0.8,2019-07-19T03:30:00+00:00
6973,12.920984,77.584908,co,0.92,2019-07-19T03:45:00+00:00
6973,12.920984,77.584908,co,1.26,2019-07-19T04:00:00+00:00
6973,12.920984,77.584908,co,1.26,2019-07-19T04:15:00+00:00
6973,12.920984,77.584908,co,0.92,2019-07-19T04:30:00+00:00
6973,12.920984,77.584908,co,1.03,2019-07-19T04:45:00+00:00
6973,12.920984,77.584908,co,0.92,2019-07-19T05:00:00+00:00
6973,12.920984,77.584908,co,0.8,2019-07-19T05:30:00+00:00
6973,12.920984,77.584908,co,0.92,2019-07-19T05:45:00+00:00
6973,12.920984,77.584908,co,0.92,2019-07-19T06:00:00+00:00
6973,12.920984,77.584908,co,0.8,2019-07-19T06:15:00+00:00
6973,12.920984,77.584908,co,0.92,2019-07-19T06:30:00+00:00
6973,12.920984,77.584908,co,0.69,2019-07-19T06:45:00+00:00
6973,12.920984,77.584908,co,0.57,2019-07-19T07:00:00+00:00
6973,12.920984,77.584908,co,0.69,2019-07-19T07:30:00+00:00
6973,12.920984,77.584908,co,0.69,2019-07-19T07:45:00+00:00
6973,12.920984,77.584908,co,0.69,2019-07-19T08:00:00+00:00
6973,12.920984,77.584908,co,0.57,2019-07-19T08:15:00+00:00
6973,12.920984,77.584908,co,0.57,2019-07-19T08:30:00+00:00
6973,12.920984,77.584908,co,0.69,2019-07-19T08:45:00+00:00
6973,12.920984,77.584908,co,0.57,2019-07-19T09:00:00+00:00
6973,12.920984,77.584908,co,0.57,2019-07-19T09:30:00+00:00
6973,12.920984,77.584908,co,0.57,2019-07-19T09:45:00+00:00
6973,12.920984,77.584908,co,0.8,2019-07-19T10:00:00+00:00
6973,12.920984,77.584908,co,0.69,2019-07-19T10:15:00+00:00
6973,12.920984,77.584908,co,0.92,2019-07-19T10:30:00+00:00
6973,12.920984,77.584908,co,1.03,2019-07-19T10:45:00+00:00
6973,12.920984,77.584908,co,1.15,2019-07-19T11:00:00+00:00
6973,12.920984,77.584908,co,0.8,2019-07-19T11:30:00+00:00
6973,12.920984,77.584908,co,0.92,2019-07-19T11:45:00+00:00
6973,12.920984,77.584908,co,0.8,2019-07-19T12:00:00+00:00
6973,12.920984,77.584908,co,0.92,2019-07-19T12:15:00+00:00
6973,12.920984,77.584908,co,1.49,2019-07-19T12:30:00+00:00
6973,12.920984,77.584908,co,1.72,2019-07-19T12:45:00+00:00
6973,12.920984,77.584908,co,1.49,2019-07-19T13:00:00+00:00
6973,12.920984,77.584908,co,0.92,2019-07-19T13:45:00+00:00
6973,12.920984,77.584908,co,0.92,2019-07-19T14:00:00+00:00
6973,12.920984,77.584908,co,0.92,2019-07-19T14:15:00+00:00
6973,12.920984,77.584908,co,0.92,2019-07-19T14:30:00+00:00
6973,12.920984,77.584908,co,0.8,2019-07-19T14:45:00+00:00
6973,12.920984,77.584908,co,0.8,2019-07-19T15:00:00+00:00
6973,12.920984,77.584908,co,0.8,2019-07-19T15:30:00+00:00
6973,12.920984,77.584908,co,0.8,2019-07-19T15:45:00+00:00
6973,12.920984,77.584908,co,0.8,2019-07-19T16:00:00+00:00
6973,12.920984,77.584908,co,0.69,2019-07-19T16:15:00+00:00
6973,12.920984,77.584908,co,0.69,2019-07-19T16:30:00+00:00
6973,12.920984,77.584908,co,0.57,2019-07-19T16:45:00+00:00
6973,12.920984,77.584908,co,0.57,2019-07-19T17:00:00+00:00
6973,12.920984,77.584908,co,0.57,2019-07-19T17:30:00+00:00
6973,12.920984,77.584908,co,0.57,2019-07-19T17:45:00+00:00
6973,12.920984,77.584908,co,0.69,2019-07-19T18:00:00+00:00
6973,12.920984,77.584908,co,0.69,2019-07-19T18:15:00+00:00
6973,12.920984,77.584908,co,0.8,2019-07-19T18:30:00+00:00
6973,12.920984,77.584908,no2,17.9,2019-07-18T18:45:00+00:00
6973,12.920984,77.584908,no2,17.5,2019-07-18T19:00:00+00:00
6973,12.920984,77.584908,no2,17.4,2019-07-18T19:15:00+00:00
6973,12.920984,77.584908,no2,16.8,2019-07-18T19:30:00+00:00
6973,12.920984,77.584908,no2,18.5,2019-07-18T19:45:00+00:00
6973,12.920984,77.584908,no2,21.6,2019-07-18T20:00:00+00:00
6973,12.920984,77.584908,no2,23.9,2019-07-18T20:15:00+00:00
6973,12.920984,77.584908,no2,26.2,2019-07-18T20:30:00+00:00
6973,12.920984,77.584908,no2,27.9,2019-07-18T20:45:00+00:00
6973,12.920984,77.584908,no2,27.8,2019-07-18T21:00:00+00:00
6973,12.920984,77.584908,no2,24.6,2019-07-18T21:15:00+00:00
6973,12.920984,77.584908,no2,21.1,2019-07-18T21:30:00+00:00
6973,12.920984,77.584908,no2,18.2,2019-07-18T21:45:00+00:00
6973,12.920984,77.584908,no2,16.5,2019-07-18T22:00:00+00:00
6973,12.920984,77.584908,no2,16.2,2019-07-18T22:15:00+00:00
6973,12.920984,77.584908,no2,15.4,2019-07-18T22:30:00+00:00
6973,12.920984,77.584908,no2,14.9,2019-07-18T22:45:00+00:00
6973,12.920984,77.584908,no2,14.9,2019-07-18T23:00:00+00:00
6973,12.920984,77.584908,no2,15.6,2019-07-19T00:00:00+00:00
6973,12.920984,77.584908,no2,17.8,2019-07-19T00:15:00+00:00
6973,12.920984,77.584908,no2,19.4,2019-07-19T00:30:00+00:00
6973,12.920984,77.584908,no2,20.5,2019-07-19T00:45:00+00:00
6973,12.920984,77.584908,no2,21.8,2019-07-19T01:00:00+00:00
6973,12.920984,77.584908,no2,22.1,2019-07-19T01:15:00+00:00
6973,12.920984,77.584908,no2,23.5,2019-07-19T01:30:00+00:00
6973,12.920984,77.584908,no2,24.9,2019-07-19T01:45:00+00:00
6973,12.920984,77.584908,no2,26.0,2019-07-19T02:00:00+00:00
6973,12.920984,77.584908,no2,26.2,2019-07-19T02:15:00+00:00
6973,12.920984,77.584908,no2,26.4,2019-07-19T02:30:00+00:00
6973,12.920984,77.584908,no2,26.3,2019-07-19T02:45:00+00:00
6973,12.920984,77.584908,no2,26.9,2019-07-19T03:00:00+00:00
6973,12.920984,77.584908,no2,27.6,2019-07-19T03:15:00+00:00
6973,12.920984,77.584908,no2,28.4,2019-07-19T03:30:00+00:00
6973,12.920984,77.584908,no2,28.6,2019-07-19T03:45:00+00:00
6973,12.920984,77.584908,no2,29.6,2019-07-19T04:00:00+00:00
6973,12.920984,77.584908,no2,31.7,2019-07-19T04:15:00+00:00
6973,12.920984,77.584908,no2,32.7,2019-07-19T04:30:00+00:00
6973,12.920984,77.584908,no2,32.7,2019-07-19T04:45:00+00:00
6973,12.920984,77.584908,no2,32.8,2019-07-19T05:00:00+00:00
6973,12.920984,77.584908,no2,32.2,2019-07-19T05:15:00+00:00
6973,12.920984,77.584908,no2,31.0,2019-07-19T05:30:00+00:00
6973,12.920984,77.584908,no2,30.3,2019-07-19T05:45:00+00:00
6973,12.920984,77.584908,no2,30.6,2019-07-19T06:00:00+00:00
6973,12.920984,77.584908,no2,31.0,2019-07-19T06:15:00+00:00
6973,12.920984,77.584908,no2,30.8,2019-07-19T06:30:00+00:00
6973,12.920984,77.584908,no2,30.8,2019-07-19T06:45:00+00:00
6973,12.920984,77.584908,no2,29.2,2019-07-19T07:00:00+00:00
6973,12.920984,77.584908,no2,27.0,2019-07-19T07:30:00+00:00
6973,12.920984,77.584908,no2,27.6,2019-07-19T07:45:00+00:00
6973,12.920984,77.584908,no2,26.8,2019-07-19T08:00:00+00:00
6973,12.920984,77.584908,no2,24.9,2019-07-19T08:15:00+00:00
6973,12.920984,77.584908,no2,23.7,2019-07-19T08:30:00+00:00
6973,12.920984,77.584908,no2,22.4,2019-07-19T08:45:00+00:00
6973,12.920984,77.584908,no2,22.5,2019-07-19T09:00:00+00:00
6973,12.920984,77.584908,no2,22.4,2019-07-19T09:15:00+00:00
6973,12.920984,77.584908,no2,22.7,2019-07-19T09:30:00+00:00
6973,12.920984,77.584908,no2,23.3,2019-07-19T09:45:00+00:00
6973,12.920984,77.584908,no2,24.8,2019-07-19T10:00:00+00:00
6973,12.920984,77.584908,no2,26.9,2019-07-19T10:15:00+00:00
6973,12.920984,77.584908,no2,27.4,2019-07-19T10:30:00+00:00
6973,12.920984,77.584908,no2,27.3,2019-07-19T10:45:00+00:00
6973,12.920984,77.584908,no2,29.5,2019-07-19T11:00:00+00:00
6973,12.920984,77.584908,no2,32.5,2019-07-19T11:15:00+00:00
6973,12.920984,77.584908,no2,33.3,2019-07-19T11:30:00+00:00
6973,12.920984,77.584908,no2,34.7,2019-07-19T11:45:00+00:00
6973,12.920984,77.584908,no2,35.9,2019-07-19T12:00:00+00:00
6973,12.920984,77.584908,no2,36.0,2019-07-19T12:15:00+00:00
6973,12.920984,77.584908,no2,39.0,2019-07-19T12:30:00+00:00
6973,12.920984,77.584908,no2,50.1,2019-07-19T12:45:00+00:00
6973,12.920984,77.584908,no2,54.3,2019-07-19T13:00:00+00:00
6973,12.920984,77.584908,no2,52.3,2019-07-19T13:15:00+00:00
6973,12.920984,77.584908,no2,33.6,2019-07-19T13:45:00+00:00
6973,12.920984,77.584908,no2,33.0,2019-07-19T14:00:00+00:00
6973,12.920984,77.584908,no2,33.3,2019-07-19T14:15:00+00:00
6973,12.920984,77.584908,no2,32.9,2019-07-19T14:30:00+00:00
6973,12.920984,77.584908,no2,31.3,2019-07-19T14:45:00+00:00
6973,12.920984,77.584908,no2,30.5,2019-07-19T15:00:00+00:00
6973,12.920984,77.584908,no2,29.7,2019-07-19T15:15:00+00:00
6973,12.920984,77.584908,no2,29.1,2019-07-19T15:30:00+00:00
6973,12.920984,77.584908,no2,29.0,2019-07-19T15:45:00+00:00
6973,12.920984,77.584908,no2,28.3,2019-07-19T16:00:00+00:00
6973,12.920984,77.584908,no2,28.2,2019-07-19T16:15:00+00:00
6973,12.920984,77.584908,no2,26.9,2019-07-19T16:30:00+00:00
6973,12.920984,77.584908,no2,25.1,2019-07-19T16:45:00+00:00
6973,12.920984,77.584908,no2,24.1,2019-07-19T17:00:00+00:00
6973,12.920984,77.584908,no2,22.4,2019-07-19T17:15:00+00:00
6973,12.920984,77.584908,no2,21.2,2019-07-19T17:30:00+00:00
6973,12.920984,77.584908,no2,20.4,2019-07-19T17:45:00+00:00
6973,12.920984,77.584908,no2,19.2,2019-07-19T18:00:00+00:00
6973,12.920984,77.584908,no2,18.9,2019-07-19T18:15:00+00:00
6973,12.920984,77.584908,no2,19.0,2019-07-19T18:30:00+00:00
6973,12.920984,77.584908,so2,3.7,2019-07-18T18:45:00+00:00
6973,12.920984,77.584908,so2,3.5,2019-07-18T19:00:00+00:00
6973,12.920984,77.584908,so2,3.5,2019-07-18T19:15:00+00:00
6973,12.920984,77.584908,so2,3.7,2019-07-18T19:30:00+00:00
6973,12.920984,77.584908,so2,3.9,2019-07-18T19:45:00+00:00
6973,12.920984,77.584908,so2,3.9,2019-07-18T20:00:00+00:00
6973,12.920984,77.584908,so2,3.7,2019-07-18T20:15:00+00:00
6973,12.920984,77.584908,so2,3.7,2019-07-18T20:30:00+00:00
6973,12.920984,77.584908,so2,3.6,2019-07-18T20:45:00+00:00
6973,12.920984,77.584908,so2,3.5,2019-07-18T21:00:00+00:00
6973,12.920984,77.584908,so2,3.5,2019-07-18T21:15:00+00:00
6973,12.920984,77.584908,so2,3.7,2019-07-18T21:30:00+00:00
6973,12.920984,77.584908,so2,3.7,2019-07-18T21:45:00+00:00
6973,12.920984,77.584908,so2,3.9,2019-07-18T22:00:00+00:00
6973,12.920984,77.584908,so2,3.5,2019-07-18T22:30:00+00:00
6973,12.920984,77.584908,so2,3.2,2019-07-18T22:45:00+00:00
6973,12.920984,77.584908,so2,3.2,2019-07-18T23:00:00+00:00
6973,12.920984,77.584908,so2,3.1,2019-07-18T23:15:00+00:00
6973,12.920984,77.584908,so2,3.1,2019-07-18T23:30:00+00:00
6973,12.920984,77.584908,so2,2.9,2019-07-18T23:45:00+00:00
6973,12.920984,77.584908,so2,2.9,2019-07-19T00:00:00+00:00
6973,12.920984,77.584908,so2,3.1,2019-07-19T01:00:00+00:00
6973,12.920984,77.584908,so2,3.2,2019-07-19T01:15:00+00:00
6973,12.920984,77.584908,so2,3.4,2019-07-19T01:30:00+00:00
6973,12.920984,77.584908,so2,3.5,2019-07-19T01:45:00+00:00
6973,12.920984,77.584908,so2,3.2,2019-07-19T02:00:00+00:00
6973,12.920984,77.584908,so2,3.2,2019-07-19T02:30:00+00:00
6973,12.920984,77.584908,so2,3.4,2019-07-19T02:45:00+00:00
6973,12.920984,77.584908,so2,3.3,2019-07-19T03:00:00+00:00
6973,12.920984,77.584908,so2,3.4,2019-07-19T03:15:00+00:00
6973,12.920984,77.584908,so2,3.5,2019-07-19T03:30:00+00:00
6973,12.920984,77.584908,so2,3.6,2019-07-19T03:45:00+00:00
6973,12.920984,77.584908,so2,3.6,2019-07-19T04:00:00+00:00
6973,12.920984,77.584908,so2,3.6,2019-07-19T04:15:00+00:00
6973,12.920984,77.584908,so2,3.7,2019-07-19T04:30:00+00:00
6973,12.920984,77.584908,so2,3.7,2019-07-19T04:45:00+00:00
6973,12.920984,77.584908,so2,3.6,2019-07-19T05:00:00+00:00
6973,12.920984,77.584908,so2,3.5,2019-07-19T05:15:00+00:00
6973,12.920984,77.584908,so2,3.6,2019-07-19T05:30:00+00:00
6973,12.920984,77.584908,so2,3.6,2019-07-19T05:45:00+00:00
6973,12.920984,77.584908,so2,3.6,2019-07-19T06:00:00+00:00
6973,12.920984,77.584908,so2,3.6,2019-07-19T06:30:00+00:00
6973,12.920984,77.584908,so2,3.6,2019-07-19T06:45:00+00:00
6973,12.920984,77.584908,so2,3.5,2019-07-19T07:00:00+00:00
6973,12.920984,77.584908,so2,3.6,2019-07-19T07:30:00+00:00
6973,12.920984,77.584908,so2,3.8,2019-07-19T07:45:00+00:00
6973,12.920984,77.584908,so2,3.9,2019-07-19T08:00:00+00:00
6973,12.920984,77.584908,so2,3.9,2019-07-19T08:15:00+00:00
6973,12.920984,77.584908,so2,4.0,2019-07-19T08:30:00+00:00
6973,12.920984,77.584908,so2,4.0,2019-07-19T08:45:00+00:00
6973,12.920984,77.584908,so2,4.0,2019-07-19T09:00:00+00:00
6973,12.920984,77.584908,so2,4.0,2019-07-19T09:15:00+00:00
6973,12.920984,77.584908,so2,4.0,2019-07-19T09:30:00+00:00
6973,12.920984,77.584908,so2,3.9,2019-07-19T09:45:00+00:00
6973,12.920984,77.584908,so2,3.8,2019-07-19T10:00:00+00:00
6973,12.920984,77.584908,so2,3.7,2019-07-19T10:30:00+00:00
6973,12.920984,77.584908,so2,3.8,2019-07-19T10:45:00+00:00
6973,12.920984,77.584908,so2,3.9,2019-07-19T11:00:00+00:00
6973,12.920984,77.584908,so2,3.8,2019-07-19T11:15:00+00:00
6973,12.920984,77.584908,so2,3.8,2019-07-19T11:30:00+00:00
6973,12.920984,77.584908,so2,3.8,2019-07-19T11:45:00+00:00
6973,12.920984,77.584908,so2,3.9,2019-07-19T12:00:00+00:00
6973,12.920984,77.584908,so2,3.9,2019-07-19T12:15:00+00:00
6973,12.920984,77.584908,so2,4.0,2019-07-19T12:30:00+00:00
6973,12.920984,77.584908,so2,4.0,2019-07-19T12:45:00+00:00
6973,12.920984,77.584908,so2,4.1,2019-07-19T13:00:00+00:00
6973,12.920984,77.584908,so2,4.1,2019-07-19T13:15:00+00:00
6973,12.920984,77.584908,so2,4.1,2019-07-19T13:45:00+00:00
6973,12.920984,77.584908,so2,4.1,2019-07-19T14:00:00+00:00
6973,12.920984,77.584908,so2,3.7,2019-07-19T14:30:00+00:00
6973,12.920984,77.584908,so2,3.4,2019-07-19T14:45:00+00:00
6973,12.920984,77.584908,so2,3.2,2019-07-19T15:00:00+00:00
6973,12.920984,77.584908,so2,3.0,2019-07-19T15:15:00+00:00
6973,12.920984,77.584908,so2,3.1,2019-07-19T15:30:00+00:00
6973,12.920984,77.584908,so2,3.1,2019-07-19T15:45:00+00:00
6973,12.920984,77.584908,so2,3.1,2019-07-19T16:00:00+00:00
6973,12.920984,77.584908,so2,3.2,2019-07-19T16:15:00+00:00
6973,12.920984,77.584908,so2,3.2,2019-07-19T16:30:00+00:00
6973,12.920984,77.584908,so2,3.1,2019-07-19T16:45:00+00:00
6973,12.920984,77.584908,so2,3.1,2019-07-19T17:00:00+00:00
6973,12.920984,77.584908,so2,3.3,2019-07-19T17:15:00+00:00
6973,12.920984,77.584908,so2,3.3,2019-07-19T17:30:00+00:00
6973,12.920984,77.584908,so2,3.3,2019-07-19T17:45:00+00:00
6973,12.920984,77.584908,so2,3.2,2019-07-19T18:00:00+00:00
6973,12.920984,77.584908,so2,3.4,2019-07-19T18:30:00+00:00
6973,12.920984,77.584908,pm10,14.0,2019-07-19T18:45:00+00:00
6973,12.920984,77.584908,pm10,14.0,2019-07-19T19:00:00+00:00
6973,12.920984,77.584908,pm10,15.0,2019-07-19T19:15:00+00:00
6973,12.920984,77.584908,pm10,15.0,2019-07-19T19:30:00+00:00
6973,12.920984,77.584908,pm10,15.0,2019-07-19T19:45:00+00:00
6973,12.920984,77.584908,pm10,15.0,2019-07-19T20:00:00+00:00
6973,12.920984,77.584908,pm10,11.0,2019-07-19T20:15:00+00:00
6973,12.920984,77.584908,pm10,11.0,2019-07-19T20:30:00+00:00
6973,12.920984,77.584908,pm10,11.0,2019-07-19T20:45:00+00:00
6973,12.920984,77.584908,pm10,11.0,2019-07-19T21:00:00+00:00
6973,12.920984,77.584908,pm10,13.0,2019-07-19T21:15:00+00:00
6973,12.920984,77.584908,pm10,13.0,2019-07-19T21:30:00+00:00
6973,12.920984,77.584908,pm10,13.0,2019-07-19T21:45:00+00:00
6973,12.920984,77.584908,pm10,13.0,2019-07-19T22:00:00+00:00
6973,12.920984,77.584908,pm10,10.0,2019-07-19T22:15:00+00:00
6973,12.920984,77.584908,pm10,10.0,2019-07-19T22:30:00+00:00
6973,12.920984,77.584908,pm10,10.0,2019-07-19T22:45:00+00:00
6973,12.920984,77.584908,pm10,10.0,2019-07-19T23:15:00+00:00
6973,12.920984,77.584908,pm10,10.0,2019-07-19T23:30:00+00:00
6973,12.920984,77.584908,pm10,10.0,2019-07-19T23:45:00+00:00
6973,12.920984,77.584908,pm10,10.0,2019-07-20T00:00:00+00:00
6973,12.920984,77.584908,pm10,11.0,2019-07-20T00:15:00+00:00
6973,12.920984,77.584908,pm10,11.0,2019-07-20T00:30:00+00:00
6973,12.920984,77.584908,pm10,11.0,2019-07-20T00:45:00+00:00
6973,12.920984,77.584908,pm10,11.0,2019-07-20T01:00:00+00:00
6973,12.920984,77.584908,pm10,19.0,2019-07-20T01:15:00+00:00
6973,12.920984,77.584908,pm10,19.0,2019-07-20T01:30:00+00:00
6973,12.920984,77.584908,pm10,19.0,2019-07-20T01:45:00+00:00
6973,12.920984,77.584908,pm10,19.0,2019-07-20T02:00:00+00:00
6973,12.920984,77.584908,pm10,27.0,2019-07-20T02:15:00+00:00
6973,12.920984,77.584908,pm10,27.0,2019-07-20T02:30:00+00:00
6973,12.920984,77.584908,pm10,27.0,2019-07-20T02:45:00+00:00
6973,12.920984,77.584908,pm10,27.0,2019-07-20T03:00:00+00:00
6973,12.920984,77.584908,pm10,31.0,2019-07-20T03:15:00+00:00
6973,12.920984,77.584908,pm10,31.0,2019-07-20T03:30:00+00:00
6973,12.920984,77.584908,pm10,31.0,2019-07-20T03:45:00+00:00
6973,12.920984,77.584908,pm10,31.0,2019-07-20T04:00:00+00:00
6973,12.920984,77.584908,pm10,33.0,2019-07-20T04:15:00+00:00
6973,12.920984,77.584908,pm10,33.0,2019-07-20T04:30:00+00:00
6973,12.920984,77.584908,pm10,33.0,2019-07-20T04:45:00+00:00
6973,12.920984,77.584908,pm10,33.0,2019-07-20T05:00:00+00:00
6973,12.920984,77.584908,pm10,28.0,2019-07-20T05:15:00+00:00
6973,12.920984,77.584908,pm10,28.0,2019-07-20T05:45:00+00:00
6973,12.920984,77.584908,pm10,28.0,2019-07-20T06:00:00+00:00
6973,12.920984,77.584908,pm10,37.0,2019-07-20T06:15:00+00:00
6973,12.920984,77.584908,pm10,37.0,2019-07-20T06:30:00+00:00
6973,12.920984,77.584908,pm10,37.0,2019-07-20T06:45:00+00:00
6973,12.920984,77.584908,pm10,37.0,2019-07-20T07:00:00+00:00
6973,12.920984,77.584908,pm10,31.0,2019-07-20T07:15:00+00:00
6973,12.920984,77.584908,pm10,31.0,2019-07-20T07:30:00+00:00
6973,12.920984,77.584908,pm10,31.0,2019-07-20T07:45:00+00:00
6973,12.920984,77.584908,pm10,31.0,2019-07-20T08:00:00+00:00
6973,12.920984,77.584908,pm10,31.0,2019-07-20T08:15:00+00:00
6973,12.920984,77.584908,pm10,31.0,2019-07-20T08:45:00+00:00
6973,12.920984,77.584908,pm10,31.0,2019-07-20T09:15:00+00:00
6973,12.920984,77.584908,pm10,31.0,2019-07-20T09:30:00+00:00
6973,12.920984,77.584908,pm10,31.0,2019-07-20T10:00:00+00:00
6973,12.920984,77.584908,pm10,20.0,2019-07-20T10:15:00+00:00
6973,12.920984,77.584908,pm10,20.0,2019-07-20T10:30:00+00:00
6973,12.920984,77.584908,pm10,20.0,2019-07-20T10:45:00+00:00
6973,12.920984,77.584908,pm10,20.0,2019-07-20T11:00:00+00:00
6973,12.920984,77.584908,pm10,26.0,2019-07-20T11:15:00+00:00
6973,12.920984,77.584908,pm10,26.0,2019-07-20T11:30:00+00:00
6973,12.920984,77.584908,pm10,26.0,2019-07-20T11:45:00+00:00
6973,12.920984,77.584908,pm10,26.0,2019-07-20T12:00:00+00:00
6973,12.920984,77.584908,pm10,47.0,2019-07-20T12:15:00+00:00
6973,12.920984,77.584908,pm10,47.0,2019-07-20T12:30:00+00:00
6973,12.920984,77.584908,pm10,47.0,2019-07-20T12:45:00+00:00
6973,12.920984,77.584908,pm10,47.0,2019-07-20T13:00:00+00:00
6973,12.920984,77.584908,pm10,42.0,2019-07-20T13:15:00+00:00
6973,12.920984,77.584908,pm10,42.0,2019-07-20T13:30:00+00:00
6973,12.920984,77.584908,pm10,42.0,2019-07-20T13:45:00+00:00
6973,12.920984,77.584908,pm10,42.0,2019-07-20T14:00:00+00:00
6973,12.920984,77.584908,pm10,25.0,2019-07-20T14:15:00+00:00
6973,12.920984,77.584908,pm10,25.0,2019-07-20T14:30:00+00:00
6973,12.920984,77.584908,pm10,25.0,2019-07-20T14:45:00+00:00
6973,12.920984,77.584908,pm10,25.0,2019-07-20T15:00:00+00:00
6973,12.920984,77.584908,pm10,34.0,2019-07-20T15:15:00+00:00
6973,12.920984,77.584908,pm10,34.0,2019-07-20T15:30:00+00:00
6973,12.920984,77.584908,pm10,34.0,2019-07-20T15:45:00+00:00
6973,12.920984,77.584908,pm10,34.0,2019-07-20T16:00:00+00:00
6973,12.920984,77.584908,pm10,15.0,2019-07-20T16:15:00+00:00
6973,12.920984,77.584908,pm10,15.0,2019-07-20T16:30:00+00:00
6973,12.920984,77.584908,pm10,15.0,2019-07-20T16:45:00+00:00
6973,12.920984,77.584908,pm10,15.0,2019-07-20T17:00:00+00:00
6973,12.920984,77.584908,pm10,15.0,2019-07-20T17:15:00+00:00
6973,12.920984,77.584908,pm10,15.0,2019-07-20T17:30:00+00:00
6973,12.920984,77.584908,pm10,15.0,2019-07-20T17:45:00+00:00
6973,12.920984,77.584908,pm10,15.0,2019-07-20T18:00:00+00:00
6973,12.920984,77.584908,pm10,16.0,2019-07-20T18:15:00+00:00
6973,12.920984,77.584908,pm25,5.0,2019-07-19T18:45:00+00:00
6973,12.920984,77.584908,pm25,5.0,2019-07-19T19:00:00+00:00
6973,12.920984,77.584908,pm25,3.0,2019-07-19T19:15:00+00:00
6973,12.920984,77.584908,pm25,3.0,2019-07-19T19:30:00+00:00
6973,12.920984,77.584908,pm25,3.0,2019-07-19T19:45:00+00:00
6973,12.920984,77.584908,pm25,3.0,2019-07-19T20:00:00+00:00
6973,12.920984,77.584908,pm25,3.0,2019-07-19T20:15:00+00:00
6973,12.920984,77.584908,pm25,3.0,2019-07-19T20:30:00+00:00
6973,12.920984,77.584908,pm25,3.0,2019-07-19T20:45:00+00:00
6973,12.920984,77.584908,pm25,3.0,2019-07-19T21:00:00+00:00
6973,12.920984,77.584908,pm25,3.0,2019-07-19T21:15:00+00:00
6973,12.920984,77.584908,pm25,3.0,2019-07-19T21:30:00+00:00
6973,12.920984,77.584908,pm25,3.0,2019-07-19T21:45:00+00:00
6973,12.920984,77.584908,pm25,3.0,2019-07-19T22:00:00+00:00
6973,12.920984,77.584908,pm25,2.0,2019-07-19T22:15:00+00:00
6973,12.920984,77.584908,pm25,2.0,2019-07-19T22:30:00+00:00
6973,12.920984,77.584908,pm25,2.0,2019-07-19T22:45:00+00:00
6973,12.920984,77.584908,pm25,6.0,2019-07-19T23:15:00+00:00
6973,12.920984,77.584908,pm25,6.0,2019-07-19T23:30:00+00:00
6973,12.920984,77.584908,pm25,6.0,2019-07-19T23:45:00+00:00
6973,12.920984,77.584908,pm25,6.0,2019-07-20T00:00:00+00:00
6973,12.920984,77.584908,pm25,6.0,2019-07-20T00:15:00+00:00
6973,12.920984,77.584908,pm25,6.0,2019-07-20T00:30:00+00:00
6973,12.920984,77.584908,pm25,6.0,2019-07-20T00:45:00+00:00
6973,12.920984,77.584908,pm25,6.0,2019-07-20T01:00:00+00:00
6973,12.920984,77.584908,pm25,4.0,2019-07-20T01:15:00+00:00
6973,12.920984,77.584908,pm25,4.0,2019-07-20T01:30:00+00:00
6973,12.920984,77.584908,pm25,4.0,2019-07-20T01:45:00+00:00
6973,12.920984,77.584908,pm25,4.0,2019-07-20T02:00:00+00:00
6973,12.920984,77.584908,pm25,12.0,2019-07-20T02:15:00+00:00
6973,12.920984,77.584908,pm25,12.0,2019-07-20T02:30:00+00:00
6973,12.920984,77.584908,pm25,12.0,2019-07-20T02:45:00+00:00
6973,12.920984,77.584908,pm25,12.0,2019-07-20T03:00:00+00:00
6973,12.920984,77.584908,pm25,8.0,2019-07-20T03:15:00+00:00
6973,12.920984,77.584908,pm25,8.0,2019-07-20T03:30:00+00:00
6973,12.920984,77.584908,pm25,8.0,2019-07-20T03:45:00+00:00
6973,12.920984,77.584908,pm25,8.0,2019-07-20T04:00:00+00:00
6973,12.920984,77.584908,pm25,4.0,2019-07-20T04:15:00+00:00
6973,12.920984,77.584908,pm25,4.0,2019-07-20T04:30:00+00:00
6973,12.920984,77.584908,pm25,4.0,2019-07-20T04:45:00+00:00
6973,12.920984,77.584908,pm25,4.0,2019-07-20T05:00:00+00:00
6973,12.920984,77.584908,pm25,3.0,2019-07-20T05:15:00+00:00
6973,12.920984,77.584908,pm25,3.0,2019-07-20T05:45:00+00:00
6973,12.920984,77.584908,pm25,3.0,2019-07-20T06:00:00+00:00
6973,12.920984,77.584908,pm25,7.0,2019-07-20T06:15:00+00:00
6973,12.920984,77.584908,pm25,7.0,2019-07-20T06:30:00+00:00
6973,12.920984,77.584908,pm25,7.0,2019-07-20T06:45:00+00:00
6973,12.920984,77.584908,pm25,7.0,2019-07-20T07:00:00+00:00
6973,12.920984,77.584908,pm25,9.0,2019-07-20T07:15:00+00:00
6973,12.920984,77.584908,pm25,9.0,2019-07-20T07:30:00+00:00
6973,12.920984,77.584908,pm25,9.0,2019-07-20T07:45:00+00:00
6973,12.920984,77.584908,pm25,9.0,2019-07-20T08:00:00+00:00
6973,12.920984,77.584908,pm25,8.0,2019-07-20T08:15:00+00:00
6973,12.920984,77.584908,pm25,8.0,2019-07-20T08:45:00+00:00
6973,12.920984,77.584908,pm25,4.0,2019-07-20T09:15:00+00:00
6973,12.920984,77.584908,pm25,4.0,2019-07-20T09:30:00+00:00
6973,12.920984,77.584908,pm25,4.0,2019-07-20T10:00:00+00:00
6973,12.920984,77.584908,pm25,4.0,2019-07-20T10:15:00+00:00
6973,12.920984,77.584908,pm25,4.0,2019-07-20T10:30:00+00:00
6973,12.920984,77.584908,pm25,4.0,2019-07-20T10:45:00+00:00
6973,12.920984,77.584908,pm25,4.0,2019-07-20T11:00:00+00:00
6973,12.920984,77.584908,pm25,3.0,2019-07-20T13:15:00+00:00
6973,12.920984,77.584908,pm25,3.0,2019-07-20T13:30:00+00:00
6973,12.920984,77.584908,pm25,3.0,2019-07-20T13:45:00+00:00
6973,12.920984,77.584908,pm25,3.0,2019-07-20T14:00:00+00:00
6973,12.920984,77.584908,pm25,7.0,2019-07-20T14:15:00+00:00
6973,12.920984,77.584908,pm25,7.0,2019-07-20T14:30:00+00:00
6973,12.920984,77.584908,pm25,7.0,2019-07-20T14:45:00+00:00
6973,12.920984,77.584908,pm25,7.0,2019-07-20T15:00:00+00:00
6973,12.920984,77.584908,pm25,11.0,2019-07-20T15:15:00+00:00
6973,12.920984,77.584908,pm25,11.0,2019-07-20T15:30:00+00:00
6973,12.920984,77.584908,pm25,11.0,2019-07-20T15:45:00+00:00
6973,12.920984,77.584908,pm25,11.0,2019-07-20T16:00:00+00:00
6973,12.920984,77.584908,pm25,6.0,2019-07-20T16:15:00+00:00
6973,12.920984,77.584908,pm25,6.0,2019-07-20T16:30:00+00:00
6973,12.920984,77.584908,pm25,6.0,2019-07-20T16:45:00+00:00
6973,12.920984,77.584908,pm25,6.0,2019-07-20T17:00:00+00:00
6973,12.920984,77.584908,pm25,5.0,2019-07-20T17:15:00+00:00
6973,12.920984,77.584908,pm25,5.0,2019-07-20T17:30:00+00:00
6973,12.920984,77.584908,pm25,5.0,2019-07-20T17:45:00+00:00
6973,12.920984,77.584908,pm25,5.0,2019-07-20T18:00:00+00:00
6973,12.920984,77.584908,pm25,3.0,2019-07-20T18:15:00+00:00
6973,12.920984,77.584908,co,0.8,2019-07-19T18:45:00+00:00
6973,12.920984,77.584908,co,0.69,2019-07-19T19:00:00+00:00
6973,12.920984,77.584908,co,0.57,2019-07-19T19:30:00+00:00
6973,12.920984,77.584908,co,0.57,2019-07-19T19:45:00+00:00
6973,12.920984,77.584908,co,0.57,2019-07-19T20:00:00+00:00
6973,12.920984,77.584908,co,0.46,2019-07-19T20:15:00+00:00
6973,12.920984,77.584908,co,0.46,2019-07-19T20:30:00+00:00
6973,12.920984,77.584908,co,0.46,2019-07-19T20:45:00+00:00
6973,12.920984,77.584908,co,0.46,2019-07-19T21:00:00+00:00
6973,12.920984,77.584908,co,0.46,2019-07-19T21:30:00+00:00
6973,12.920984,77.584908,co,0.57,2019-07-19T21:45:00+00:00
6973,12.920984,77.584908,co,0.57,2019-07-19T22:00:00+00:00
6973,12.920984,77.584908,co,0.34,2019-07-19T23:30:00+00:00
6973,12.920984,77.584908,co,0.34,2019-07-19T23:45:00+00:00
6973,12.920984,77.584908,co,0.34,2019-07-20T00:00:00+00:00
6973,12.920984,77.584908,co,0.34,2019-07-20T00:15:00+00:00
6973,12.920984,77.584908,co,0.34,2019-07-20T00:30:00+00:00
6973,12.920984,77.584908,co,0.46,2019-07-20T00:45:00+00:00
6973,12.920984,77.584908,co,0.46,2019-07-20T01:00:00+00:00
6973,12.920984,77.584908,co,0.57,2019-07-20T01:30:00+00:00
6973,12.920984,77.584908,co,0.57,2019-07-20T01:45:00+00:00
6973,12.920984,77.584908,co,0.57,2019-07-20T02:00:00+00:00
6973,12.920984,77.584908,co,0.57,2019-07-20T02:15:00+00:00
6973,12.920984,77.584908,co,0.69,2019-07-20T02:30:00+00:00
6973,12.920984,77.584908,co,0.8,2019-07-20T02:45:00+00:00
6973,12.920984,77.584908,co,0.8,2019-07-20T03:00:00+00:00
6973,12.920984,77.584908,co,0.69,2019-07-20T03:30:00+00:00
6973,12.920984,77.584908,co,0.92,2019-07-20T03:45:00+00:00
6973,12.920984,77.584908,co,0.8,2019-07-20T04:00:00+00:00
6973,12.920984,77.584908,co,0.8,2019-07-20T04:15:00+00:00
6973,12.920984,77.584908,co,0.8,2019-07-20T04:30:00+00:00
6973,12.920984,77.584908,co,0.57,2019-07-20T04:45:00+00:00
6973,12.920984,77.584908,co,0.57,2019-07-20T05:00:00+00:00
6973,12.920984,77.584908,co,0.57,2019-07-20T05:45:00+00:00
6973,12.920984,77.584908,co,0.46,2019-07-20T06:00:00+00:00
6973,12.920984,77.584908,co,0.46,2019-07-20T06:15:00+00:00
6973,12.920984,77.584908,co,0.46,2019-07-20T06:30:00+00:00
6973,12.920984,77.584908,co,0.46,2019-07-20T06:45:00+00:00
6973,12.920984,77.584908,co,0.46,2019-07-20T07:00:00+00:00
6973,12.920984,77.584908,co,0.46,2019-07-20T07:30:00+00:00
6973,12.920984,77.584908,co,0.57,2019-07-20T07:45:00+00:00
6973,12.920984,77.584908,co,0.46,2019-07-20T08:00:00+00:00
6973,12.920984,77.584908,co,0.57,2019-07-20T08:15:00+00:00
6973,12.920984,77.584908,co,0.57,2019-07-20T08:45:00+00:00
6973,12.920984,77.584908,co,0.69,2019-07-20T09:30:00+00:00
6973,12.920984,77.584908,co,0.69,2019-07-20T10:00:00+00:00
6973,12.920984,77.584908,co,0.69,2019-07-20T10:15:00+00:00
6973,12.920984,77.584908,co,0.8,2019-07-20T10:30:00+00:00
6973,12.920984,77.584908,co,0.8,2019-07-20T10:45:00+00:00
6973,12.920984,77.584908,co,0.92,2019-07-20T11:00:00+00:00
6973,12.920984,77.584908,co,0.8,2019-07-20T11:30:00+00:00
6973,12.920984,77.584908,co,0.8,2019-07-20T11:45:00+00:00
6973,12.920984,77.584908,co,0.8,2019-07-20T12:00:00+00:00
6973,12.920984,77.584908,co,0.8,2019-07-20T12:15:00+00:00
6973,12.920984,77.584908,co,0.8,2019-07-20T12:30:00+00:00
6973,12.920984,77.584908,co,0.8,2019-07-20T12:45:00+00:00
6973,12.920984,77.584908,co,0.92,2019-07-20T13:00:00+00:00
6973,12.920984,77.584908,co,0.69,2019-07-20T13:30:00+00:00
6973,12.920984,77.584908,co,0.69,2019-07-20T13:45:00+00:00
6973,12.920984,77.584908,co,0.57,2019-07-20T14:00:00+00:00
6973,12.920984,77.584908,co,0.57,2019-07-20T14:15:00+00:00
6973,12.920984,77.584908,co,0.69,2019-07-20T14:30:00+00:00
6973,12.920984,77.584908,co,0.69,2019-07-20T14:45:00+00:00
6973,12.920984,77.584908,co,0.46,2019-07-20T15:00:00+00:00
6973,12.920984,77.584908,co,0.57,2019-07-20T15:30:00+00:00
6973,12.920984,77.584908,co,0.57,2019-07-20T15:45:00+00:00
6973,12.920984,77.584908,co,0.57,2019-07-20T16:00:00+00:00
6973,12.920984,77.584908,co,0.57,2019-07-20T16:15:00+00:00
6973,12.920984,77.584908,co,0.69,2019-07-20T16:30:00+00:00
6973,12.920984,77.584908,co,0.57,2019-07-20T16:45:00+00:00
6973,12.920984,77.584908,co,0.57,2019-07-20T17:00:00+00:00
6973,12.920984,77.584908,co,0.57,2019-07-20T17:30:00+00:00
6973,12.920984,77.584908,co,0.46,2019-07-20T17:45:00+00:00
6973,12.920984,77.584908,co,0.46,2019-07-20T18:00:00+00:00
6973,12.920984,77.584908,co,0.46,2019-07-20T18:15:00+00:00
6973,12.920984,77.584908,no2,18.3,2019-07-19T18:45:00+00:00
6973,12.920984,77.584908,no2,17.9,2019-07-19T19:00:00+00:00
6973,12.920984,77.584908,no2,17.5,2019-07-19T19:15:00+00:00
6973,12.920984,77.584908,no2,17.0,2019-07-19T19:30:00+00:00
6973,12.920984,77.584908,no2,16.2,2019-07-19T19:45:00+00:00
6973,12.920984,77.584908,no2,15.6,2019-07-19T20:00:00+00:00
6973,12.920984,77.584908,no2,15.3,2019-07-19T20:15:00+00:00
6973,12.920984,77.584908,no2,14.8,2019-07-19T20:30:00+00:00
6973,12.920984,77.584908,no2,15.3,2019-07-19T20:45:00+00:00
6973,12.920984,77.584908,no2,15.1,2019-07-19T21:00:00+00:00
6973,12.920984,77.584908,no2,15.1,2019-07-19T21:15:00+00:00
6973,12.920984,77.584908,no2,15.3,2019-07-19T21:30:00+00:00
6973,12.920984,77.584908,no2,14.7,2019-07-19T21:45:00+00:00
6973,12.920984,77.584908,no2,14.7,2019-07-19T22:00:00+00:00
6973,12.920984,77.584908,no2,14.6,2019-07-19T22:15:00+00:00
6973,12.920984,77.584908,no2,14.4,2019-07-19T22:30:00+00:00
6973,12.920984,77.584908,no2,14.4,2019-07-19T22:45:00+00:00
6973,12.920984,77.584908,no2,16.6,2019-07-20T00:00:00+00:00
6973,12.920984,77.584908,no2,17.3,2019-07-20T00:15:00+00:00
6973,12.920984,77.584908,no2,18.3,2019-07-20T00:30:00+00:00
6973,12.920984,77.584908,no2,19.7,2019-07-20T00:45:00+00:00
6973,12.920984,77.584908,no2,21.2,2019-07-20T01:00:00+00:00
6973,12.920984,77.584908,no2,22.4,2019-07-20T01:15:00+00:00
6973,12.920984,77.584908,no2,23.3,2019-07-20T01:30:00+00:00
6973,12.920984,77.584908,no2,23.6,2019-07-20T01:45:00+00:00
6973,12.920984,77.584908,no2,23.1,2019-07-20T02:00:00+00:00
6973,12.920984,77.584908,no2,22.6,2019-07-20T02:15:00+00:00
6973,12.920984,77.584908,no2,23.3,2019-07-20T02:30:00+00:00
6973,12.920984,77.584908,no2,24.2,2019-07-20T02:45:00+00:00
6973,12.920984,77.584908,no2,25.0,2019-07-20T03:00:00+00:00
6973,12.920984,77.584908,no2,25.6,2019-07-20T03:15:00+00:00
6973,12.920984,77.584908,no2,26.7,2019-07-20T03:30:00+00:00
6973,12.920984,77.584908,no2,29.2,2019-07-20T03:45:00+00:00
6973,12.920984,77.584908,no2,29.5,2019-07-20T04:00:00+00:00
6973,12.920984,77.584908,no2,28.6,2019-07-20T04:15:00+00:00
6973,12.920984,77.584908,no2,28.4,2019-07-20T04:30:00+00:00
6973,12.920984,77.584908,no2,28.8,2019-07-20T04:45:00+00:00
6973,12.920984,77.584908,no2,28.1,2019-07-20T05:00:00+00:00
6973,12.920984,77.584908,no2,28.1,2019-07-20T05:15:00+00:00
6973,12.920984,77.584908,no2,26.9,2019-07-20T05:45:00+00:00
6973,12.920984,77.584908,no2,26.2,2019-07-20T06:00:00+00:00
6973,12.920984,77.584908,no2,25.3,2019-07-20T06:15:00+00:00
6973,12.920984,77.584908,no2,25.9,2019-07-20T06:30:00+00:00
6973,12.920984,77.584908,no2,25.7,2019-07-20T06:45:00+00:00
6973,12.920984,77.584908,no2,25.5,2019-07-20T07:00:00+00:00
6973,12.920984,77.584908,no2,25.9,2019-07-20T07:15:00+00:00
6973,12.920984,77.584908,no2,25.8,2019-07-20T07:30:00+00:00
6973,12.920984,77.584908,no2,25.6,2019-07-20T07:45:00+00:00
6973,12.920984,77.584908,no2,25.6,2019-07-20T08:00:00+00:00
6973,12.920984,77.584908,no2,24.9,2019-07-20T08:15:00+00:00
6973,12.920984,77.584908,no2,25.1,2019-07-20T08:45:00+00:00
6973,12.920984,77.584908,no2,25.2,2019-07-20T09:15:00+00:00
6973,12.920984,77.584908,no2,26.2,2019-07-20T09:30:00+00:00
6973,12.920984,77.584908,no2,25.5,2019-07-20T10:00:00+00:00
6973,12.920984,77.584908,no2,25.4,2019-07-20T10:15:00+00:00
6973,12.920984,77.584908,no2,26.8,2019-07-20T10:30:00+00:00
6973,12.920984,77.584908,no2,27.3,2019-07-20T10:45:00+00:00
6973,12.920984,77.584908,no2,26.1,2019-07-20T11:00:00+00:00
6973,12.920984,77.584908,no2,25.3,2019-07-20T11:15:00+00:00
6973,12.920984,77.584908,no2,25.7,2019-07-20T11:30:00+00:00
6973,12.920984,77.584908,no2,26.5,2019-07-20T11:45:00+00:00
6973,12.920984,77.584908,no2,26.6,2019-07-20T12:00:00+00:00
6973,12.920984,77.584908,no2,27.0,2019-07-20T12:15:00+00:00
6973,12.920984,77.584908,no2,27.5,2019-07-20T12:30:00+00:00
6973,12.920984,77.584908,no2,27.4,2019-07-20T12:45:00+00:00
6973,12.920984,77.584908,no2,27.7,2019-07-20T13:00:00+00:00
6973,12.920984,77.584908,no2,28.9,2019-07-20T13:15:00+00:00
6973,12.920984,77.584908,no2,29.4,2019-07-20T13:30:00+00:00
6973,12.920984,77.584908,no2,29.0,2019-07-20T13:45:00+00:00
6973,12.920984,77.584908,no2,29.2,2019-07-20T14:00:00+00:00
6973,12.920984,77.584908,no2,28.4,2019-07-20T14:15:00+00:00
6973,12.920984,77.584908,no2,28.9,2019-07-20T14:30:00+00:00
6973,12.920984,77.584908,no2,29.4,2019-07-20T14:45:00+00:00
6973,12.920984,77.584908,no2,28.6,2019-07-20T15:00:00+00:00
6973,12.920984,77.584908,no2,27.4,2019-07-20T15:15:00+00:00
6973,12.920984,77.584908,no2,26.8,2019-07-20T15:30:00+00:00
6973,12.920984,77.584908,no2,26.4,2019-07-20T15:45:00+00:00
6973,12.920984,77.584908,no2,24.9,2019-07-20T16:00:00+00:00
6973,12.920984,77.584908,no2,23.6,2019-07-20T16:15:00+00:00
6973,12.920984,77.584908,no2,23.1,2019-07-20T16:30:00+00:00
6973,12.920984,77.584908,no2,22.3,2019-07-20T16:45:00+00:00
6973,12.920984,77.584908,no2,21.4,2019-07-20T17:00:00+00:00
6973,12.920984,77.584908,no2,20.4,2019-07-20T17:15:00+00:00
6973,12.920984,77.584908,no2,19.6,2019-07-20T17:30:00+00:00
6973,12.920984,77.584908,no2,18.8,2019-07-20T17:45:00+00:00
6973,12.920984,77.584908,no2,18.0,2019-07-20T18:00:00+00:00
6973,12.920984,77.584908,no2,17.0,2019-07-20T18:15:00+00:00
6973,12.920984,77.584908,so2,3.5,2019-07-19T18:45:00+00:00
6973,12.920984,77.584908,so2,3.7,2019-07-19T19:00:00+00:00
6973,12.920984,77.584908,so2,3.7,2019-07-19T19:15:00+00:00
6973,12.920984,77.584908,so2,3.7,2019-07-19T19:30:00+00:00
6973,12.920984,77.584908,so2,3.6,2019-07-19T19:45:00+00:00
6973,12.920984,77.584908,so2,3.7,2019-07-19T20:00:00+00:00
6973,12.920984,77.584908,so2,3.8,2019-07-19T20:15:00+00:00
6973,12.920984,77.584908,so2,3.7,2019-07-19T20:30:00+00:00
6973,12.920984,77.584908,so2,3.7,2019-07-19T20:45:00+00:00
6973,12.920984,77.584908,so2,3.8,2019-07-19T21:00:00+00:00
6973,12.920984,77.584908,so2,3.6,2019-07-19T21:15:00+00:00
6973,12.920984,77.584908,so2,3.6,2019-07-19T21:30:00+00:00
6973,12.920984,77.584908,so2,3.8,2019-07-19T21:45:00+00:00
6973,12.920984,77.584908,so2,3.8,2019-07-19T22:00:00+00:00
6973,12.920984,77.584908,so2,3.5,2019-07-19T22:30:00+00:00
6973,12.920984,77.584908,so2,3.2,2019-07-19T22:45:00+00:00
6973,12.920984,77.584908,so2,3.2,2019-07-19T23:15:00+00:00
6973,12.920984,77.584908,so2,3.2,2019-07-19T23:30:00+00:00
6973,12.920984,77.584908,so2,3.3,2019-07-19T23:45:00+00:00
6973,12.920984,77.584908,so2,3.2,2019-07-20T00:00:00+00:00
6973,12.920984,77.584908,so2,3.3,2019-07-20T01:00:00+00:00
6973,12.920984,77.584908,so2,3.4,2019-07-20T01:15:00+00:00
6973,12.920984,77.584908,so2,3.2,2019-07-20T01:30:00+00:00
6973,12.920984,77.584908,so2,3.1,2019-07-20T01:45:00+00:00
6973,12.920984,77.584908,so2,3.1,2019-07-20T02:00:00+00:00
6973,12.920984,77.584908,so2,3.0,2019-07-20T02:30:00+00:00
6973,12.920984,77.584908,so2,3.2,2019-07-20T02:45:00+00:00
6973,12.920984,77.584908,so2,3.2,2019-07-20T03:00:00+00:00
6973,12.920984,77.584908,so2,3.3,2019-07-20T03:15:00+00:00
6973,12.920984,77.584908,so2,3.5,2019-07-20T03:30:00+00:00
6973,12.920984,77.584908,so2,3.4,2019-07-20T03:45:00+00:00
6973,12.920984,77.584908,so2,3.4,2019-07-20T04:00:00+00:00
6973,12.920984,77.584908,so2,3.4,2019-07-20T04:15:00+00:00
6973,12.920984,77.584908,so2,3.3,2019-07-20T04:30:00+00:00
6973,12.920984,77.584908,so2,3.3,2019-07-20T04:45:00+00:00
6973,12.920984,77.584908,so2,3.3,2019-07-20T05:00:00+00:00
6973,12.920984,77.584908,so2,3.5,2019-07-20T05:15:00+00:00
6973,12.920984,77.584908,so2,3.5,2019-07-20T05:45:00+00:00
6973,12.920984,77.584908,so2,3.4,2019-07-20T06:00:00+00:00
6973,12.920984,77.584908,so2,3.2,2019-07-20T06:30:00+00:00
6973,12.920984,77.584908,so2,3.2,2019-07-20T06:45:00+00:00
6973,12.920984,77.584908,so2,3.1,2019-07-20T07:00:00+00:00
6973,12.920984,77.584908,so2,2.9,2019-07-20T07:15:00+00:00
6973,12.920984,77.584908,so2,3.0,2019-07-20T07:30:00+00:00
6973,12.920984,77.584908,so2,3.3,2019-07-20T07:45:00+00:00
6973,12.920984,77.584908,so2,3.3,2019-07-20T08:00:00+00:00
6973,12.920984,77.584908,so2,3.4,2019-07-20T08:15:00+00:00
6973,12.920984,77.584908,so2,3.4,2019-07-20T08:45:00+00:00
6973,12.920984,77.584908,so2,3.5,2019-07-20T09:15:00+00:00
6973,12.920984,77.584908,so2,3.4,2019-07-20T09:30:00+00:00
6973,12.920984,77.584908,so2,3.5,2019-07-20T10:00:00+00:00
6973,12.920984,77.584908,so2,3.1,2019-07-20T10:30:00+00:00
6973,12.920984,77.584908,so2,2.9,2019-07-20T10:45:00+00:00
6973,12.920984,77.584908,so2,2.9,2019-07-20T11:00:00+00:00
6973,12.920984,77.584908,so2,2.8,2019-07-20T11:15:00+00:00
6973,12.920984,77.584908,so2,2.7,2019-07-20T11:30:00+00:00
6973,12.920984,77.584908,so2,2.8,2019-07-20T11:45:00+00:00
6973,12.920984,77.584908,so2,2.8,2019-07-20T12:00:00+00:00
6973,12.920984,77.584908,so2,2.8,2019-07-20T12:15:00+00:00
6973,12.920984,77.584908,so2,2.7,2019-07-20T12:30:00+00:00
6973,12.920984,77.584908,so2,2.8,2019-07-20T12:45:00+00:00
6973,12.920984,77.584908,so2,2.7,2019-07-20T13:00:00+00:00
6973,12.920984,77.584908,so2,2.7,2019-07-20T13:15:00+00:00
6973,12.920984,77.584908,so2,2.7,2019-07-20T13:30:00+00:00
6973,12.920984,77.584908,so2,2.7,2019-07-20T13:45:00+00:00
6973,12.920984,77.584908,so2,2.8,2019-07-20T14:00:00+00:00
6973,12.920984,77.584908,so2,3.1,2019-07-20T14:30:00+00:00
6973,12.920984,77.584908,so2,3.5,2019-07-20T14:45:00+00:00
6973,12.920984,77.584908,so2,3.5,2019-07-20T15:00:00+00:00
6973,12.920984,77.584908,so2,3.5,2019-07-20T15:15:00+00:00
6973,12.920984,77.584908,so2,3.4,2019-07-20T15:30:00+00:00
6973,12.920984,77.584908,so2,3.4,2019-07-20T15:45:00+00:00
6973,12.920984,77.584908,so2,3.4,2019-07-20T16:00:00+00:00
6973,12.920984,77.584908,so2,3.2,2019-07-20T16:15:00+00:00
6973,12.920984,77.584908,so2,3.3,2019-07-20T16:30:00+00:00
6973,12.920984,77.584908,so2,3.4,2019-07-20T16:45:00+00:00
6973,12.920984,77.584908,so2,3.2,2019-07-20T17:00:00+00:00
6973,12.920984,77.584908,so2,3.1,2019-07-20T17:15:00+00:00
6973,12.920984,77.584908,so2,3.2,2019-07-20T17:30:00+00:00
6973,12.920984,77.584908,so2,3.2,2019-07-20T17:45:00+00:00
6973,12.920984,77.584908,so2,3.3,2019-07-20T18:00:00+00:00
6973,12.920984,77.584908,pm10,16.0,2019-07-20T18:45:00+00:00
6973,12.920984,77.584908,pm10,11.0,2019-07-20T19:15:00+00:00
6973,12.920984,77.584908,pm10,11.0,2019-07-20T19:30:00+00:00
6973,12.920984,77.584908,pm10,11.0,2019-07-20T19:45:00+00:00
6973,12.920984,77.584908,pm10,11.0,2019-07-20T20:00:00+00:00
6973,12.920984,77.584908,pm10,13.0,2019-07-20T20:15:00+00:00
6973,12.920984,77.584908,pm10,13.0,2019-07-20T20:30:00+00:00
6973,12.920984,77.584908,pm10,13.0,2019-07-20T20:45:00+00:00
6973,12.920984,77.584908,pm10,17.0,2019-07-20T21:15:00+00:00
6973,12.920984,77.584908,pm10,17.0,2019-07-20T21:30:00+00:00
6973,12.920984,77.584908,pm10,17.0,2019-07-20T21:45:00+00:00
6973,12.920984,77.584908,pm10,17.0,2019-07-20T22:00:00+00:00
6973,12.920984,77.584908,pm10,11.0,2019-07-20T22:15:00+00:00
6973,12.920984,77.584908,pm10,11.0,2019-07-20T22:30:00+00:00
6973,12.920984,77.584908,pm10,11.0,2019-07-20T22:45:00+00:00
6973,12.920984,77.584908,pm10,11.0,2019-07-20T23:00:00+00:00
6973,12.920984,77.584908,pm10,12.0,2019-07-20T23:15:00+00:00
6973,12.920984,77.584908,pm10,12.0,2019-07-20T23:30:00+00:00
6973,12.920984,77.584908,pm10,12.0,2019-07-20T23:45:00+00:00
6973,12.920984,77.584908,pm10,12.0,2019-07-21T00:00:00+00:00
6973,12.920984,77.584908,pm10,17.0,2019-07-21T00:15:00+00:00
6973,12.920984,77.584908,pm10,17.0,2019-07-21T00:30:00+00:00
6973,12.920984,77.584908,pm10,17.0,2019-07-21T00:45:00+00:00
6973,12.920984,77.584908,pm10,17.0,2019-07-21T01:00:00+00:00
6973,12.920984,77.584908,pm10,17.0,2019-07-21T01:15:00+00:00
6973,12.920984,77.584908,pm10,17.0,2019-07-21T01:30:00+00:00
6973,12.920984,77.584908,pm10,17.0,2019-07-21T01:45:00+00:00
6973,12.920984,77.584908,pm10,17.0,2019-07-21T02:00:00+00:00
6973,12.920984,77.584908,pm10,24.0,2019-07-21T02:15:00+00:00
6973,12.920984,77.584908,pm10,24.0,2019-07-21T02:45:00+00:00
6973,12.920984,77.584908,pm10,24.0,2019-07-21T03:00:00+00:00
6973,12.920984,77.584908,pm10,34.0,2019-07-21T03:15:00+00:00
6973,12.920984,77.584908,pm10,34.0,2019-07-21T03:30:00+00:00
6973,12.920984,77.584908,pm10,34.0,2019-07-21T03:45:00+00:00
6973,12.920984,77.584908,pm10,34.0,2019-07-21T04:00:00+00:00
6973,12.920984,77.584908,pm10,40.0,2019-07-21T04:15:00+00:00
6973,12.920984,77.584908,pm10,40.0,2019-07-21T04:30:00+00:00
6973,12.920984,77.584908,pm10,40.0,2019-07-21T04:45:00+00:00
6973,12.920984,77.584908,pm10,40.0,2019-07-21T05:00:00+00:00
6973,12.920984,77.584908,pm10,52.0,2019-07-21T05:15:00+00:00
6973,12.920984,77.584908,pm10,52.0,2019-07-21T05:30:00+00:00
6973,12.920984,77.584908,pm10,51.0,2019-07-21T06:15:00+00:00
6973,12.920984,77.584908,pm10,51.0,2019-07-21T07:00:00+00:00
6973,12.920984,77.584908,pm10,52.0,2019-07-21T07:15:00+00:00
6973,12.920984,77.584908,pm10,52.0,2019-07-21T07:30:00+00:00
6973,12.920984,77.584908,pm10,52.0,2019-07-21T07:45:00+00:00
6973,12.920984,77.584908,pm10,52.0,2019-07-21T08:00:00+00:00
6973,12.920984,77.584908,pm10,46.0,2019-07-21T08:15:00+00:00
6973,12.920984,77.584908,pm10,46.0,2019-07-21T08:30:00+00:00
6973,12.920984,77.584908,pm10,46.0,2019-07-21T08:45:00+00:00
6973,12.920984,77.584908,pm10,46.0,2019-07-21T09:00:00+00:00
6973,12.920984,77.584908,pm10,39.0,2019-07-21T09:15:00+00:00
6973,12.920984,77.584908,pm10,39.0,2019-07-21T09:30:00+00:00
6973,12.920984,77.584908,pm10,39.0,2019-07-21T09:45:00+00:00
6973,12.920984,77.584908,pm10,39.0,2019-07-21T10:00:00+00:00
6973,12.920984,77.584908,pm10,27.0,2019-07-21T10:15:00+00:00
6973,12.920984,77.584908,pm10,27.0,2019-07-21T10:30:00+00:00
6973,12.920984,77.584908,pm10,27.0,2019-07-21T10:45:00+00:00
6973,12.920984,77.584908,pm10,27.0,2019-07-21T11:00:00+00:00
6973,12.920984,77.584908,pm10,15.0,2019-07-21T11:15:00+00:00
6973,12.920984,77.584908,pm10,15.0,2019-07-21T11:30:00+00:00
6973,12.920984,77.584908,pm10,15.0,2019-07-21T11:45:00+00:00
6973,12.920984,77.584908,pm10,15.0,2019-07-21T12:00:00+00:00
6973,12.920984,77.584908,pm10,17.0,2019-07-21T12:15:00+00:00
6973,12.920984,77.584908,pm10,17.0,2019-07-21T12:30:00+00:00
6973,12.920984,77.584908,pm10,17.0,2019-07-21T12:45:00+00:00
6973,12.920984,77.584908,pm10,17.0,2019-07-21T13:00:00+00:00
6973,12.920984,77.584908,pm10,27.0,2019-07-21T13:15:00+00:00
6973,12.920984,77.584908,pm10,27.0,2019-07-21T13:30:00+00:00
6973,12.920984,77.584908,pm10,27.0,2019-07-21T13:45:00+00:00
6973,12.920984,77.584908,pm10,27.0,2019-07-21T14:00:00+00:00
6973,12.920984,77.584908,pm10,18.0,2019-07-21T14:15:00+00:00
6973,12.920984,77.584908,pm10,18.0,2019-07-21T14:30:00+00:00
6973,12.920984,77.584908,pm10,18.0,2019-07-21T14:45:00+00:00
6973,12.920984,77.584908,pm10,18.0,2019-07-21T15:00:00+00:00
6973,12.920984,77.584908,pm10,24.0,2019-07-21T15:15:00+00:00
6973,12.920984,77.584908,pm10,24.0,2019-07-21T15:30:00+00:00
6973,12.920984,77.584908,pm10,24.0,2019-07-21T15:45:00+00:00
6973,12.920984,77.584908,pm10,24.0,2019-07-21T16:00:00+00:00
6973,12.920984,77.584908,pm10,21.0,2019-07-21T16:15:00+00:00
6973,12.920984,77.584908,pm10,21.0,2019-07-21T16:30:00+00:00
6973,12.920984,77.584908,pm10,21.0,2019-07-21T16:45:00+00:00
6973,12.920984,77.584908,pm10,21.0,2019-07-21T17:00:00+00:00
6973,12.920984,77.584908,pm10,11.0,2019-07-21T17:15:00+00:00
6973,12.920984,77.584908,pm10,11.0,2019-07-21T17:30:00+00:00
6973,12.920984,77.584908,pm10,11.0,2019-07-21T17:45:00+00:00
6973,12.920984,77.584908,pm10,11.0,2019-07-21T18:00:00+00:00
6973,12.920984,77.584908,pm10,9.0,2019-07-21T18:15:00+00:00
6973,12.920984,77.584908,pm25,3.0,2019-07-20T18:45:00+00:00
6973,12.920984,77.584908,pm25,5.0,2019-07-20T21:15:00+00:00
6973,12.920984,77.584908,pm25,5.0,2019-07-20T21:30:00+00:00
6973,12.920984,77.584908,pm25,5.0,2019-07-20T21:45:00+00:00
6973,12.920984,77.584908,pm25,5.0,2019-07-20T22:00:00+00:00
6973,12.920984,77.584908,pm25,2.0,2019-07-20T22:15:00+00:00
6973,12.920984,77.584908,pm25,2.0,2019-07-20T22:30:00+00:00
6973,12.920984,77.584908,pm25,2.0,2019-07-20T22:45:00+00:00
6973,12.920984,77.584908,pm25,2.0,2019-07-20T23:00:00+00:00
6973,12.920984,77.584908,pm25,3.0,2019-07-20T23:15:00+00:00
6973,12.920984,77.584908,pm25,3.0,2019-07-20T23:30:00+00:00
6973,12.920984,77.584908,pm25,3.0,2019-07-20T23:45:00+00:00
6973,12.920984,77.584908,pm25,3.0,2019-07-21T00:00:00+00:00
6973,12.920984,77.584908,pm25,3.0,2019-07-21T00:15:00+00:00
6973,12.920984,77.584908,pm25,3.0,2019-07-21T00:30:00+00:00
6973,12.920984,77.584908,pm25,3.0,2019-07-21T00:45:00+00:00
6973,12.920984,77.584908,pm25,3.0,2019-07-21T01:00:00+00:00
6973,12.920984,77.584908,pm25,4.0,2019-07-21T01:15:00+00:00
6973,12.920984,77.584908,pm25,4.0,2019-07-21T01:30:00+00:00
6973,12.920984,77.584908,pm25,4.0,2019-07-21T01:45:00+00:00
6973,12.920984,77.584908,pm25,4.0,2019-07-21T02:00:00+00:00
6973,12.920984,77.584908,pm25,10.0,2019-07-21T02:15:00+00:00
6973,12.920984,77.584908,pm25,10.0,2019-07-21T02:45:00+00:00
6973,12.920984,77.584908,pm25,10.0,2019-07-21T03:00:00+00:00
6973,12.920984,77.584908,pm25,6.0,2019-07-21T03:15:00+00:00
6973,12.920984,77.584908,pm25,6.0,2019-07-21T03:30:00+00:00
6973,12.920984,77.584908,pm25,6.0,2019-07-21T03:45:00+00:00
6973,12.920984,77.584908,pm25,6.0,2019-07-21T04:00:00+00:00
6973,12.920984,77.584908,pm25,5.0,2019-07-21T05:15:00+00:00
6973,12.920984,77.584908,pm25,5.0,2019-07-21T05:30:00+00:00
6973,12.920984,77.584908,pm25,3.0,2019-07-21T06:15:00+00:00
6973,12.920984,77.584908,pm25,3.0,2019-07-21T07:00:00+00:00
6973,12.920984,77.584908,pm25,5.0,2019-07-21T07:15:00+00:00
6973,12.920984,77.584908,pm25,5.0,2019-07-21T07:30:00+00:00
6973,12.920984,77.584908,pm25,5.0,2019-07-21T07:45:00+00:00
6973,12.920984,77.584908,pm25,5.0,2019-07-21T08:00:00+00:00
6973,12.920984,77.584908,pm25,8.0,2019-07-21T08:15:00+00:00
6973,12.920984,77.584908,pm25,8.0,2019-07-21T08:30:00+00:00
6973,12.920984,77.584908,pm25,8.0,2019-07-21T08:45:00+00:00
6973,12.920984,77.584908,pm25,8.0,2019-07-21T09:00:00+00:00
6973,12.920984,77.584908,pm25,3.0,2019-07-21T09:15:00+00:00
6973,12.920984,77.584908,pm25,3.0,2019-07-21T09:30:00+00:00
6973,12.920984,77.584908,pm25,3.0,2019-07-21T09:45:00+00:00
6973,12.920984,77.584908,pm25,3.0,2019-07-21T10:00:00+00:00
6973,12.920984,77.584908,pm25,3.0,2019-07-21T11:15:00+00:00
6973,12.920984,77.584908,pm25,3.0,2019-07-21T11:30:00+00:00
6973,12.920984,77.584908,pm25,3.0,2019-07-21T11:45:00+00:00
6973,12.920984,77.584908,pm25,3.0,2019-07-21T12:00:00+00:00
6973,12.920984,77.584908,pm25,6.0,2019-07-21T12:15:00+00:00
6973,12.920984,77.584908,pm25,6.0,2019-07-21T12:30:00+00:00
6973,12.920984,77.584908,pm25,6.0,2019-07-21T12:45:00+00:00
6973,12.920984,77.584908,pm25,6.0,2019-07-21T13:00:00+00:00
6973,12.920984,77.584908,pm25,10.0,2019-07-21T13:15:00+00:00
6973,12.920984,77.584908,pm25,10.0,2019-07-21T13:30:00+00:00
6973,12.920984,77.584908,pm25,10.0,2019-07-21T13:45:00+00:00
6973,12.920984,77.584908,pm25,10.0,2019-07-21T14:00:00+00:00
6973,12.920984,77.584908,pm25,6.0,2019-07-21T14:15:00+00:00
6973,12.920984,77.584908,pm25,6.0,2019-07-21T14:30:00+00:00
6973,12.920984,77.584908,pm25,6.0,2019-07-21T14:45:00+00:00
6973,12.920984,77.584908,pm25,6.0,2019-07-21T15:00:00+00:00
6973,12.920984,77.584908,pm25,14.0,2019-07-21T15:15:00+00:00
6973,12.920984,77.584908,pm25,14.0,2019-07-21T15:30:00+00:00
6973,12.920984,77.584908,pm25,14.0,2019-07-21T15:45:00+00:00
6973,12.920984,77.584908,pm25,14.0,2019-07-21T16:00:00+00:00
6973,12.920984,77.584908,pm25,12.0,2019-07-21T16:15:00+00:00
6973,12.920984,77.584908,pm25,12.0,2019-07-21T16:30:00+00:00
6973,12.920984,77.584908,pm25,12.0,2019-07-21T16:45:00+00:00
6973,12.920984,77.584908,pm25,12.0,2019-07-21T17:00:00+00:00
6973,12.920984,77.584908,pm25,6.0,2019-07-21T17:15:00+00:00
6973,12.920984,77.584908,pm25,6.0,2019-07-21T17:30:00+00:00
6973,12.920984,77.584908,pm25,6.0,2019-07-21T17:45:00+00:00
6973,12.920984,77.584908,pm25,6.0,2019-07-21T18:00:00+00:00
6973,12.920984,77.584908,co,0.57,2019-07-20T18:45:00+00:00
6973,12.920984,77.584908,co,0.34,2019-07-20T19:30:00+00:00
6973,12.920984,77.584908,co,0.34,2019-07-20T19:45:00+00:00
6973,12.920984,77.584908,co,0.34,2019-07-20T20:00:00+00:00
6973,12.920984,77.584908,co,0.34,2019-07-20T20:15:00+00:00
6973,12.920984,77.584908,co,0.34,2019-07-20T20:30:00+00:00
6973,12.920984,77.584908,co,0.34,2019-07-20T20:45:00+00:00
6973,12.920984,77.584908,co,0.34,2019-07-20T21:30:00+00:00
6973,12.920984,77.584908,co,0.34,2019-07-20T21:45:00+00:00
6973,12.920984,77.584908,co,0.34,2019-07-20T22:00:00+00:00
6973,12.920984,77.584908,co,0.23,2019-07-20T23:00:00+00:00
6973,12.920984,77.584908,co,0.34,2019-07-20T23:30:00+00:00
6973,12.920984,77.584908,co,0.34,2019-07-20T23:45:00+00:00
6973,12.920984,77.584908,co,0.46,2019-07-21T00:00:00+00:00
6973,12.920984,77.584908,co,0.46,2019-07-21T00:15:00+00:00
6973,12.920984,77.584908,co,0.57,2019-07-21T00:30:00+00:00
6973,12.920984,77.584908,co,0.57,2019-07-21T00:45:00+00:00
6973,12.920984,77.584908,co,0.57,2019-07-21T01:00:00+00:00
6973,12.920984,77.584908,co,0.46,2019-07-21T01:30:00+00:00
6973,12.920984,77.584908,co,0.46,2019-07-21T01:45:00+00:00
6973,12.920984,77.584908,co,0.46,2019-07-21T02:00:00+00:00
6973,12.920984,77.584908,co,0.46,2019-07-21T02:15:00+00:00
6973,12.920984,77.584908,co,0.57,2019-07-21T02:45:00+00:00
6973,12.920984,77.584908,co,0.57,2019-07-21T03:00:00+00:00
6973,12.920984,77.584908,co,0.57,2019-07-21T03:30:00+00:00
6973,12.920984,77.584908,co,0.57,2019-07-21T03:45:00+00:00
6973,12.920984,77.584908,co,0.46,2019-07-21T04:00:00+00:00
6973,12.920984,77.584908,co,0.57,2019-07-21T04:15:00+00:00
6973,12.920984,77.584908,co,0.57,2019-07-21T04:30:00+00:00
6973,12.920984,77.584908,co,0.57,2019-07-21T04:45:00+00:00
6973,12.920984,77.584908,co,0.69,2019-07-21T05:00:00+00:00
6973,12.920984,77.584908,co,0.69,2019-07-21T05:30:00+00:00
6973,12.920984,77.584908,co,0.69,2019-07-21T06:15:00+00:00
6973,12.920984,77.584908,co,0.69,2019-07-21T07:00:00+00:00
6973,12.920984,77.584908,co,0.57,2019-07-21T07:30:00+00:00
6973,12.920984,77.584908,co,0.69,2019-07-21T07:45:00+00:00
6973,12.920984,77.584908,co,0.8,2019-07-21T08:00:00+00:00
6973,12.920984,77.584908,co,0.57,2019-07-21T08:15:00+00:00
6973,12.920984,77.584908,co,0.69,2019-07-21T08:30:00+00:00
6973,12.920984,77.584908,co,0.69,2019-07-21T08:45:00+00:00
6973,12.920984,77.584908,co,0.69,2019-07-21T09:00:00+00:00
6973,12.920984,77.584908,co,0.69,2019-07-21T09:30:00+00:00
6973,12.920984,77.584908,co,0.69,2019-07-21T09:45:00+00:00
6973,12.920984,77.584908,co,0.57,2019-07-21T10:00:00+00:00
6973,12.920984,77.584908,co,0.57,2019-07-21T10:15:00+00:00
6973,12.920984,77.584908,co,0.69,2019-07-21T10:30:00+00:00
6973,12.920984,77.584908,co,1.26,2019-07-21T10:45:00+00:00
6973,12.920984,77.584908,co,1.15,2019-07-21T11:00:00+00:00
6973,12.920984,77.584908,co,1.15,2019-07-21T11:30:00+00:00
6973,12.920984,77.584908,co,1.37,2019-07-21T11:45:00+00:00
6973,12.920984,77.584908,co,1.37,2019-07-21T12:00:00+00:00
6973,12.920984,77.584908,co,1.15,2019-07-21T12:15:00+00:00
6973,12.920984,77.584908,co,1.37,2019-07-21T12:30:00+00:00
6973,12.920984,77.584908,co,1.6,2019-07-21T12:45:00+00:00
6973,12.920984,77.584908,co,1.72,2019-07-21T13:00:00+00:00
6973,12.920984,77.584908,co,0.92,2019-07-21T13:30:00+00:00
6973,12.920984,77.584908,co,0.92,2019-07-21T13:45:00+00:00
6973,12.920984,77.584908,co,0.8,2019-07-21T14:00:00+00:00
6973,12.920984,77.584908,co,0.92,2019-07-21T14:15:00+00:00
6973,12.920984,77.584908,co,0.69,2019-07-21T14:30:00+00:00
6973,12.920984,77.584908,co,0.69,2019-07-21T14:45:00+00:00
6973,12.920984,77.584908,co,0.8,2019-07-21T15:00:00+00:00
6973,12.920984,77.584908,co,0.92,2019-07-21T15:30:00+00:00
6973,12.920984,77.584908,co,0.69,2019-07-21T15:45:00+00:00
6973,12.920984,77.584908,co,0.8,2019-07-21T16:00:00+00:00
6973,12.920984,77.584908,co,0.8,2019-07-21T16:15:00+00:00
6973,12.920984,77.584908,co,0.8,2019-07-21T16:30:00+00:00
6973,12.920984,77.584908,co,0.8,2019-07-21T16:45:00+00:00
6973,12.920984,77.584908,co,0.69,2019-07-21T17:00:00+00:00
6973,12.920984,77.584908,co,0.57,2019-07-21T17:30:00+00:00
6973,12.920984,77.584908,co,0.57,2019-07-21T17:45:00+00:00
6973,12.920984,77.584908,co,0.57,2019-07-21T18:00:00+00:00
6973,12.920984,77.584908,co,0.57,2019-07-21T18:15:00+00:00
6973,12.920984,77.584908,co,0.57,2019-07-21T18:30:00+00:00
6973,12.920984,77.584908,no2,15.5,2019-07-20T18:45:00+00:00
6973,12.920984,77.584908,no2,13.8,2019-07-20T19:15:00+00:00
6973,12.920984,77.584908,no2,13.3,2019-07-20T19:30:00+00:00
6973,12.920984,77.584908,no2,13.3,2019-07-20T19:45:00+00:00
6973,12.920984,77.584908,no2,13.2,2019-07-20T20:00:00+00:00
6973,12.920984,77.584908,no2,13.4,2019-07-20T20:15:00+00:00
6973,12.920984,77.584908,no2,13.6,2019-07-20T20:30:00+00:00
6973,12.920984,77.584908,no2,13.5,2019-07-20T20:45:00+00:00
6973,12.920984,77.584908,no2,13.0,2019-07-20T21:15:00+00:00
6973,12.920984,77.584908,no2,13.2,2019-07-20T21:30:00+00:00
6973,12.920984,77.584908,no2,13.7,2019-07-20T21:45:00+00:00
6973,12.920984,77.584908,no2,13.1,2019-07-20T22:00:00+00:00
6973,12.920984,77.584908,no2,13.0,2019-07-20T22:15:00+00:00
6973,12.920984,77.584908,no2,13.7,2019-07-20T22:30:00+00:00
6973,12.920984,77.584908,no2,13.8,2019-07-20T22:45:00+00:00
6973,12.920984,77.584908,no2,13.5,2019-07-20T23:00:00+00:00
6973,12.920984,77.584908,no2,13.4,2019-07-21T00:00:00+00:00
6973,12.920984,77.584908,no2,14.7,2019-07-21T00:15:00+00:00
6973,12.920984,77.584908,no2,16.0,2019-07-21T00:30:00+00:00
6973,12.920984,77.584908,no2,17.4,2019-07-21T00:45:00+00:00
6973,12.920984,77.584908,no2,18.1,2019-07-21T01:00:00+00:00
6973,12.920984,77.584908,no2,19.0,2019-07-21T01:15:00+00:00
6973,12.920984,77.584908,no2,19.7,2019-07-21T01:30:00+00:00
6973,12.920984,77.584908,no2,20.0,2019-07-21T01:45:00+00:00
6973,12.920984,77.584908,no2,20.8,2019-07-21T02:00:00+00:00
6973,12.920984,77.584908,no2,20.4,2019-07-21T02:15:00+00:00
6973,12.920984,77.584908,no2,20.2,2019-07-21T02:45:00+00:00
6973,12.920984,77.584908,no2,20.5,2019-07-21T03:00:00+00:00
6973,12.920984,77.584908,no2,20.9,2019-07-21T03:15:00+00:00
6973,12.920984,77.584908,no2,21.1,2019-07-21T03:30:00+00:00
6973,12.920984,77.584908,no2,22.0,2019-07-21T03:45:00+00:00
6973,12.920984,77.584908,no2,22.1,2019-07-21T04:00:00+00:00
6973,12.920984,77.584908,no2,22.4,2019-07-21T04:15:00+00:00
6973,12.920984,77.584908,no2,22.6,2019-07-21T04:30:00+00:00
6973,12.920984,77.584908,no2,22.0,2019-07-21T04:45:00+00:00
6973,12.920984,77.584908,no2,21.6,2019-07-21T05:00:00+00:00
6973,12.920984,77.584908,no2,22.2,2019-07-21T05:15:00+00:00
6973,12.920984,77.584908,no2,22.8,2019-07-21T05:30:00+00:00
6973,12.920984,77.584908,no2,24.2,2019-07-21T06:15:00+00:00
6973,12.920984,77.584908,no2,25.1,2019-07-21T07:00:00+00:00
6973,12.920984,77.584908,no2,24.7,2019-07-21T07:15:00+00:00
6973,12.920984,77.584908,no2,23.8,2019-07-21T07:30:00+00:00
6973,12.920984,77.584908,no2,23.0,2019-07-21T07:45:00+00:00
6973,12.920984,77.584908,no2,22.4,2019-07-21T08:00:00+00:00
6973,12.920984,77.584908,no2,22.1,2019-07-21T08:15:00+00:00
6973,12.920984,77.584908,no2,21.7,2019-07-21T08:30:00+00:00
6973,12.920984,77.584908,no2,21.2,2019-07-21T08:45:00+00:00
6973,12.920984,77.584908,no2,21.5,2019-07-21T09:00:00+00:00
6973,12.920984,77.584908,no2,21.5,2019-07-21T09:15:00+00:00
6973,12.920984,77.584908,no2,21.6,2019-07-21T09:30:00+00:00
6973,12.920984,77.584908,no2,22.1,2019-07-21T09:45:00+00:00
6973,12.920984,77.584908,no2,21.9,2019-07-21T10:00:00+00:00
6973,12.920984,77.584908,no2,21.5,2019-07-21T10:15:00+00:00
6973,12.920984,77.584908,no2,22.4,2019-07-21T10:30:00+00:00
6973,12.920984,77.584908,no2,26.1,2019-07-21T10:45:00+00:00
6973,12.920984,77.584908,no2,29.4,2019-07-21T11:00:00+00:00
6973,12.920984,77.584908,no2,33.1,2019-07-21T11:15:00+00:00
6973,12.920984,77.584908,no2,36.8,2019-07-21T11:30:00+00:00
6973,12.920984,77.584908,no2,39.8,2019-07-21T11:45:00+00:00
6973,12.920984,77.584908,no2,41.5,2019-07-21T12:00:00+00:00
6973,12.920984,77.584908,no2,43.2,2019-07-21T12:15:00+00:00
6973,12.920984,77.584908,no2,44.6,2019-07-21T12:30:00+00:00
6973,12.920984,77.584908,no2,45.6,2019-07-21T12:45:00+00:00
6973,12.920984,77.584908,no2,46.3,2019-07-21T13:00:00+00:00
6973,12.920984,77.584908,no2,45.2,2019-07-21T13:15:00+00:00
6973,12.920984,77.584908,no2,42.6,2019-07-21T13:30:00+00:00
6973,12.920984,77.584908,no2,40.0,2019-07-21T13:45:00+00:00
6973,12.920984,77.584908,no2,36.7,2019-07-21T14:00:00+00:00
6973,12.920984,77.584908,no2,34.9,2019-07-21T14:15:00+00:00
6973,12.920984,77.584908,no2,33.8,2019-07-21T14:30:00+00:00
6973,12.920984,77.584908,no2,32.3,2019-07-21T14:45:00+00:00
6973,12.920984,77.584908,no2,31.4,2019-07-21T15:00:00+00:00
6973,12.920984,77.584908,no2,31.8,2019-07-21T15:15:00+00:00
6973,12.920984,77.584908,no2,32.6,2019-07-21T15:30:00+00:00
6973,12.920984,77.584908,no2,32.0,2019-07-21T15:45:00+00:00
6973,12.920984,77.584908,no2,30.2,2019-07-21T16:00:00+00:00
6973,12.920984,77.584908,no2,29.2,2019-07-21T16:15:00+00:00
6973,12.920984,77.584908,no2,27.8,2019-07-21T16:30:00+00:00
6973,12.920984,77.584908,no2,26.2,2019-07-21T16:45:00+00:00
6973,12.920984,77.584908,no2,24.7,2019-07-21T17:00:00+00:00
6973,12.920984,77.584908,no2,22.4,2019-07-21T17:15:00+00:00
6973,12.920984,77.584908,no2,21.1,2019-07-21T17:30:00+00:00
6973,12.920984,77.584908,no2,20.0,2019-07-21T17:45:00+00:00
6973,12.920984,77.584908,no2,19.2,2019-07-21T18:00:00+00:00
6973,12.920984,77.584908,no2,18.1,2019-07-21T18:15:00+00:00
6973,12.920984,77.584908,no2,17.0,2019-07-21T18:30:00+00:00
6973,12.920984,77.584908,so2,3.6,2019-07-20T18:45:00+00:00
6973,12.920984,77.584908,so2,3.5,2019-07-20T19:15:00+00:00
6973,12.920984,77.584908,so2,3.6,2019-07-20T19:30:00+00:00
6973,12.920984,77.584908,so2,3.6,2019-07-20T19:45:00+00:00
6973,12.920984,77.584908,so2,3.7,2019-07-20T20:00:00+00:00
6973,12.920984,77.584908,so2,3.6,2019-07-20T20:15:00+00:00
6973,12.920984,77.584908,so2,3.6,2019-07-20T20:30:00+00:00
6973,12.920984,77.584908,so2,3.6,2019-07-20T20:45:00+00:00
6973,12.920984,77.584908,so2,3.6,2019-07-20T21:15:00+00:00
6973,12.920984,77.584908,so2,3.6,2019-07-20T21:30:00+00:00
6973,12.920984,77.584908,so2,3.7,2019-07-20T21:45:00+00:00
6973,12.920984,77.584908,so2,3.7,2019-07-20T22:00:00+00:00
6973,12.920984,77.584908,so2,3.6,2019-07-20T22:30:00+00:00
6973,12.920984,77.584908,so2,3.4,2019-07-20T22:45:00+00:00
6973,12.920984,77.584908,so2,3.4,2019-07-20T23:00:00+00:00
6973,12.920984,77.584908,so2,3.4,2019-07-20T23:15:00+00:00
6973,12.920984,77.584908,so2,3.4,2019-07-20T23:30:00+00:00
6973,12.920984,77.584908,so2,3.4,2019-07-20T23:45:00+00:00
6973,12.920984,77.584908,so2,3.5,2019-07-21T00:00:00+00:00
6973,12.920984,77.584908,so2,3.5,2019-07-21T01:00:00+00:00
6973,12.920984,77.584908,so2,3.6,2019-07-21T01:15:00+00:00
6973,12.920984,77.584908,so2,3.4,2019-07-21T01:30:00+00:00
6973,12.920984,77.584908,so2,3.3,2019-07-21T01:45:00+00:00
6973,12.920984,77.584908,so2,3.2,2019-07-21T02:00:00+00:00
6973,12.920984,77.584908,so2,3.5,2019-07-21T02:45:00+00:00
6973,12.920984,77.584908,so2,3.6,2019-07-21T03:00:00+00:00
6973,12.920984,77.584908,so2,3.8,2019-07-21T03:15:00+00:00
6973,12.920984,77.584908,so2,3.9,2019-07-21T03:30:00+00:00
6973,12.920984,77.584908,so2,3.8,2019-07-21T03:45:00+00:00
6973,12.920984,77.584908,so2,3.9,2019-07-21T04:00:00+00:00
6973,12.920984,77.584908,so2,3.9,2019-07-21T04:15:00+00:00
6973,12.920984,77.584908,so2,3.9,2019-07-21T04:30:00+00:00
6973,12.920984,77.584908,so2,3.8,2019-07-21T04:45:00+00:00
6973,12.920984,77.584908,so2,3.9,2019-07-21T05:00:00+00:00
6973,12.920984,77.584908,so2,3.9,2019-07-21T05:15:00+00:00
6973,12.920984,77.584908,so2,3.9,2019-07-21T05:30:00+00:00
6973,12.920984,77.584908,so2,3.2,2019-07-21T07:00:00+00:00
6973,12.920984,77.584908,so2,2.9,2019-07-21T07:15:00+00:00
6973,12.920984,77.584908,so2,2.9,2019-07-21T07:30:00+00:00
6973,12.920984,77.584908,so2,3.0,2019-07-21T07:45:00+00:00
6973,12.920984,77.584908,so2,3.4,2019-07-21T08:00:00+00:00
6973,12.920984,77.584908,so2,3.5,2019-07-21T08:15:00+00:00
6973,12.920984,77.584908,so2,3.6,2019-07-21T08:30:00+00:00
6973,12.920984,77.584908,so2,3.7,2019-07-21T08:45:00+00:00
6973,12.920984,77.584908,so2,3.7,2019-07-21T09:00:00+00:00
6973,12.920984,77.584908,so2,3.5,2019-07-21T09:15:00+00:00
6973,12.920984,77.584908,so2,3.6,2019-07-21T09:30:00+00:00
6973,12.920984,77.584908,so2,3.5,2019-07-21T09:45:00+00:00
6973,12.920984,77.584908,so2,3.5,2019-07-21T10:00:00+00:00
6973,12.920984,77.584908,so2,3.4,2019-07-21T10:30:00+00:00
6973,12.920984,77.584908,so2,3.2,2019-07-21T10:45:00+00:00
6973,12.920984,77.584908,so2,3.1,2019-07-21T11:00:00+00:00
6973,12.920984,77.584908,so2,3.0,2019-07-21T11:15:00+00:00
6973,12.920984,77.584908,so2,3.0,2019-07-21T11:30:00+00:00
6973,12.920984,77.584908,so2,3.0,2019-07-21T11:45:00+00:00
6973,12.920984,77.584908,so2,3.1,2019-07-21T12:00:00+00:00
6973,12.920984,77.584908,so2,3.3,2019-07-21T12:15:00+00:00
6973,12.920984,77.584908,so2,3.4,2019-07-21T12:30:00+00:00
6973,12.920984,77.584908,so2,3.4,2019-07-21T12:45:00+00:00
6973,12.920984,77.584908,so2,3.3,2019-07-21T13:00:00+00:00
6973,12.920984,77.584908,so2,3.3,2019-07-21T13:15:00+00:00
6973,12.920984,77.584908,so2,3.3,2019-07-21T13:30:00+00:00
6973,12.920984,77.584908,so2,3.3,2019-07-21T13:45:00+00:00
6973,12.920984,77.584908,so2,3.2,2019-07-21T14:00:00+00:00
6973,12.920984,77.584908,so2,3.3,2019-07-21T14:30:00+00:00
6973,12.920984,77.584908,so2,3.3,2019-07-21T14:45:00+00:00
6973,12.920984,77.584908,so2,3.3,2019-07-21T15:00:00+00:00
6973,12.920984,77.584908,so2,3.1,2019-07-21T15:15:00+00:00
6973,12.920984,77.584908,so2,3.1,2019-07-21T15:30:00+00:00
6973,12.920984,77.584908,so2,3.1,2019-07-21T15:45:00+00:00
6973,12.920984,77.584908,so2,3.2,2019-07-21T16:00:00+00:00
6973,12.920984,77.584908,so2,3.3,2019-07-21T16:15:00+00:00
6973,12.920984,77.584908,so2,3.1,2019-07-21T16:30:00+00:00
6973,12.920984,77.584908,so2,3.1,2019-07-21T16:45:00+00:00
6973,12.920984,77.584908,so2,3.0,2019-07-21T17:00:00+00:00
6973,12.920984,77.584908,so2,3.0,2019-07-21T17:15:00+00:00
6973,12.920984,77.584908,so2,2.9,2019-07-21T17:30:00+00:00
6973,12.920984,77.584908,so2,2.9,2019-07-21T17:45:00+00:00
6973,12.920984,77.584908,so2,2.9,2019-07-21T18:00:00+00:00
6973,12.920984,77.584908,so2,3.1,2019-07-21T18:30:00+00:00
6973,12.920984,77.584908,pm10,9.0,2019-07-21T18:45:00+00:00
6973,12.920984,77.584908,pm10,9.0,2019-07-21T19:00:00+00:00
6973,12.920984,77.584908,pm10,7.0,2019-07-21T19:15:00+00:00
6973,12.920984,77.584908,pm10,7.0,2019-07-21T19:30:00+00:00
6973,12.920984,77.584908,pm10,7.0,2019-07-21T19:45:00+00:00
6973,12.920984,77.584908,pm10,7.0,2019-07-21T20:00:00+00:00
6973,12.920984,77.584908,pm10,7.0,2019-07-21T20:15:00+00:00
6973,12.920984,77.584908,pm10,7.0,2019-07-21T20:30:00+00:00
6973,12.920984,77.584908,pm10,7.0,2019-07-21T20:45:00+00:00
6973,12.920984,77.584908,pm10,7.0,2019-07-21T21:00:00+00:00
6973,12.920984,77.584908,pm10,6.0,2019-07-21T21:15:00+00:00
6973,12.920984,77.584908,pm10,6.0,2019-07-21T21:30:00+00:00
6973,12.920984,77.584908,pm10,6.0,2019-07-21T21:45:00+00:00
6973,12.920984,77.584908,pm10,6.0,2019-07-21T22:00:00+00:00
6973,12.920984,77.584908,pm10,13.0,2019-07-21T22:15:00+00:00
6973,12.920984,77.584908,pm10,13.0,2019-07-21T22:30:00+00:00
6973,12.920984,77.584908,pm10,13.0,2019-07-21T22:45:00+00:00
6973,12.920984,77.584908,pm10,13.0,2019-07-21T23:00:00+00:00
6973,12.920984,77.584908,pm10,9.0,2019-07-21T23:15:00+00:00
6973,12.920984,77.584908,pm10,9.0,2019-07-21T23:30:00+00:00
6973,12.920984,77.584908,pm10,9.0,2019-07-21T23:45:00+00:00
6973,12.920984,77.584908,pm10,9.0,2019-07-22T00:00:00+00:00
6973,12.920984,77.584908,pm10,10.0,2019-07-22T00:15:00+00:00
6973,12.920984,77.584908,pm10,10.0,2019-07-22T00:30:00+00:00
6973,12.920984,77.584908,pm10,10.0,2019-07-22T00:45:00+00:00
6973,12.920984,77.584908,pm10,10.0,2019-07-22T01:00:00+00:00
6973,12.920984,77.584908,pm10,27.0,2019-07-22T01:15:00+00:00
6973,12.920984,77.584908,pm10,27.0,2019-07-22T01:30:00+00:00
6973,12.920984,77.584908,pm10,27.0,2019-07-22T01:45:00+00:00
6973,12.920984,77.584908,pm10,27.0,2019-07-22T02:00:00+00:00
6973,12.920984,77.584908,pm10,30.0,2019-07-22T02:15:00+00:00
6973,12.920984,77.584908,pm10,30.0,2019-07-22T02:30:00+00:00
6973,12.920984,77.584908,pm10,30.0,2019-07-22T02:45:00+00:00
6973,12.920984,77.584908,pm10,30.0,2019-07-22T03:00:00+00:00
6973,12.920984,77.584908,pm10,34.0,2019-07-22T03:15:00+00:00
6973,12.920984,77.584908,pm10,34.0,2019-07-22T03:30:00+00:00
6973,12.920984,77.584908,pm10,34.0,2019-07-22T03:45:00+00:00
6973,12.920984,77.584908,pm10,34.0,2019-07-22T04:00:00+00:00
6973,12.920984,77.584908,pm10,36.0,2019-07-22T04:15:00+00:00
6973,12.920984,77.584908,pm10,36.0,2019-07-22T04:45:00+00:00
6973,12.920984,77.584908,pm10,36.0,2019-07-22T05:00:00+00:00
6973,12.920984,77.584908,pm10,35.0,2019-07-22T05:15:00+00:00
6973,12.920984,77.584908,pm10,35.0,2019-07-22T05:30:00+00:00
6973,12.920984,77.584908,pm10,35.0,2019-07-22T05:45:00+00:00
6973,12.920984,77.584908,pm10,35.0,2019-07-22T06:00:00+00:00
6973,12.920984,77.584908,pm10,32.0,2019-07-22T06:15:00+00:00
6973,12.920984,77.584908,pm10,32.0,2019-07-22T06:30:00+00:00
6973,12.920984,77.584908,pm10,32.0,2019-07-22T06:45:00+00:00
6973,12.920984,77.584908,pm10,32.0,2019-07-22T07:00:00+00:00
6973,12.920984,77.584908,pm10,34.0,2019-07-22T07:15:00+00:00
6973,12.920984,77.584908,pm10,34.0,2019-07-22T07:30:00+00:00
6973,12.920984,77.584908,pm10,34.0,2019-07-22T07:45:00+00:00
6973,12.920984,77.584908,pm10,34.0,2019-07-22T08:00:00+00:00
6973,12.920984,77.584908,pm10,32.0,2019-07-22T08:15:00+00:00
6973,12.920984,77.584908,pm10,32.0,2019-07-22T08:45:00+00:00
6973,12.920984,77.584908,pm10,32.0,2019-07-22T09:00:00+00:00
6973,12.920984,77.584908,pm10,39.0,2019-07-22T09:15:00+00:00
6973,12.920984,77.584908,pm10,39.0,2019-07-22T09:30:00+00:00
6973,12.920984,77.584908,pm10,39.0,2019-07-22T09:45:00+00:00
6973,12.920984,77.584908,pm10,39.0,2019-07-22T10:00:00+00:00
6973,12.920984,77.584908,pm10,25.0,2019-07-22T10:15:00+00:00
6973,12.920984,77.584908,pm10,25.0,2019-07-22T10:30:00+00:00
6973,12.920984,77.584908,pm10,25.0,2019-07-22T10:45:00+00:00
6973,12.920984,77.584908,pm10,28.0,2019-07-22T11:30:00+00:00
6973,12.920984,77.584908,pm10,35.0,2019-07-22T13:15:00+00:00
6973,12.920984,77.584908,pm10,35.0,2019-07-22T13:30:00+00:00
6973,12.920984,77.584908,pm10,35.0,2019-07-22T13:45:00+00:00
6973,12.920984,77.584908,pm10,35.0,2019-07-22T14:00:00+00:00
6973,12.920984,77.584908,pm10,35.0,2019-07-22T14:15:00+00:00
6973,12.920984,77.584908,pm10,35.0,2019-07-22T14:30:00+00:00
6973,12.920984,77.584908,pm10,35.0,2019-07-22T14:45:00+00:00
6973,12.920984,77.584908,pm10,35.0,2019-07-22T15:00:00+00:00
6973,12.920984,77.584908,pm10,16.0,2019-07-22T15:15:00+00:00
6973,12.920984,77.584908,pm10,16.0,2019-07-22T15:30:00+00:00
6973,12.920984,77.584908,pm10,16.0,2019-07-22T15:45:00+00:00
6973,12.920984,77.584908,pm10,16.0,2019-07-22T16:00:00+00:00
6973,12.920984,77.584908,pm10,13.0,2019-07-22T16:15:00+00:00
6973,12.920984,77.584908,pm10,13.0,2019-07-22T16:30:00+00:00
6973,12.920984,77.584908,pm10,13.0,2019-07-22T16:45:00+00:00
6973,12.920984,77.584908,pm10,13.0,2019-07-22T17:00:00+00:00
6973,12.920984,77.584908,pm10,16.0,2019-07-22T17:15:00+00:00
6973,12.920984,77.584908,pm10,16.0,2019-07-22T17:30:00+00:00
6973,12.920984,77.584908,pm10,16.0,2019-07-22T17:45:00+00:00
6973,12.920984,77.584908,pm10,16.0,2019-07-22T18:00:00+00:00
6973,12.920984,77.584908,pm10,9.0,2019-07-22T18:15:00+00:00
6973,12.920984,77.584908,pm10,9.0,2019-07-22T18:30:00+00:00
6973,12.920984,77.584908,pm25,2.0,2019-07-21T20:15:00+00:00
6973,12.920984,77.584908,pm25,2.0,2019-07-21T20:30:00+00:00
6973,12.920984,77.584908,pm25,2.0,2019-07-21T20:45:00+00:00
6973,12.920984,77.584908,pm25,2.0,2019-07-21T21:00:00+00:00
6973,12.920984,77.584908,pm25,2.0,2019-07-21T21:15:00+00:00
6973,12.920984,77.584908,pm25,2.0,2019-07-21T21:30:00+00:00
6973,12.920984,77.584908,pm25,2.0,2019-07-21T21:45:00+00:00
6973,12.920984,77.584908,pm25,2.0,2019-07-21T22:00:00+00:00
6973,12.920984,77.584908,pm25,2.0,2019-07-22T00:15:00+00:00
6973,12.920984,77.584908,pm25,2.0,2019-07-22T00:30:00+00:00
6973,12.920984,77.584908,pm25,2.0,2019-07-22T00:45:00+00:00
6973,12.920984,77.584908,pm25,2.0,2019-07-22T01:00:00+00:00
6973,12.920984,77.584908,pm25,5.0,2019-07-22T01:15:00+00:00
6973,12.920984,77.584908,pm25,5.0,2019-07-22T01:30:00+00:00
6973,12.920984,77.584908,pm25,5.0,2019-07-22T01:45:00+00:00
6973,12.920984,77.584908,pm25,5.0,2019-07-22T02:00:00+00:00
6973,12.920984,77.584908,pm25,17.0,2019-07-22T02:15:00+00:00
6973,12.920984,77.584908,pm25,17.0,2019-07-22T02:30:00+00:00
6973,12.920984,77.584908,pm25,17.0,2019-07-22T02:45:00+00:00
6973,12.920984,77.584908,pm25,17.0,2019-07-22T03:00:00+00:00
6973,12.920984,77.584908,pm25,15.0,2019-07-22T03:15:00+00:00
6973,12.920984,77.584908,pm25,15.0,2019-07-22T03:30:00+00:00
6973,12.920984,77.584908,pm25,15.0,2019-07-22T03:45:00+00:00
6973,12.920984,77.584908,pm25,15.0,2019-07-22T04:00:00+00:00
6973,12.920984,77.584908,pm25,12.0,2019-07-22T04:15:00+00:00
6973,12.920984,77.584908,pm25,12.0,2019-07-22T04:45:00+00:00
6973,12.920984,77.584908,pm25,12.0,2019-07-22T05:00:00+00:00
6973,12.920984,77.584908,pm25,13.0,2019-07-22T05:15:00+00:00
6973,12.920984,77.584908,pm25,13.0,2019-07-22T05:30:00+00:00
6973,12.920984,77.584908,pm25,13.0,2019-07-22T05:45:00+00:00
6973,12.920984,77.584908,pm25,13.0,2019-07-22T06:00:00+00:00
6973,12.920984,77.584908,pm25,8.0,2019-07-22T06:15:00+00:00
6973,12.920984,77.584908,pm25,8.0,2019-07-22T06:30:00+00:00
6973,12.920984,77.584908,pm25,8.0,2019-07-22T06:45:00+00:00
6973,12.920984,77.584908,pm25,8.0,2019-07-22T07:00:00+00:00
6973,12.920984,77.584908,pm25,9.0,2019-07-22T07:15:00+00:00
6973,12.920984,77.584908,pm25,9.0,2019-07-22T07:30:00+00:00
6973,12.920984,77.584908,pm25,9.0,2019-07-22T07:45:00+00:00
6973,12.920984,77.584908,pm25,9.0,2019-07-22T08:00:00+00:00
6973,12.920984,77.584908,pm25,8.0,2019-07-22T08:15:00+00:00
6973,12.920984,77.584908,pm25,8.0,2019-07-22T08:45:00+00:00
6973,12.920984,77.584908,pm25,8.0,2019-07-22T09:00:00+00:00
6973,12.920984,77.584908,pm25,11.0,2019-07-22T09:15:00+00:00
6973,12.920984,77.584908,pm25,11.0,2019-07-22T09:30:00+00:00
6973,12.920984,77.584908,pm25,11.0,2019-07-22T09:45:00+00:00
6973,12.920984,77.584908,pm25,11.0,2019-07-22T10:00:00+00:00
6973,12.920984,77.584908,pm25,4.0,2019-07-22T10:15:00+00:00
6973,12.920984,77.584908,pm25,4.0,2019-07-22T10:30:00+00:00
6973,12.920984,77.584908,pm25,4.0,2019-07-22T10:45:00+00:00
6973,12.920984,77.584908,pm25,10.0,2019-07-22T13:15:00+00:00
6973,12.920984,77.584908,pm25,10.0,2019-07-22T13:30:00+00:00
6973,12.920984,77.584908,pm25,10.0,2019-07-22T13:45:00+00:00
6973,12.920984,77.584908,pm25,10.0,2019-07-22T14:00:00+00:00
6973,12.920984,77.584908,pm25,6.0,2019-07-22T14:15:00+00:00
6973,12.920984,77.584908,pm25,6.0,2019-07-22T14:30:00+00:00
6973,12.920984,77.584908,pm25,6.0,2019-07-22T14:45:00+00:00
6973,12.920984,77.584908,pm25,6.0,2019-07-22T15:00:00+00:00
6973,12.920984,77.584908,pm25,6.0,2019-07-22T15:15:00+00:00
6973,12.920984,77.584908,pm25,6.0,2019-07-22T15:30:00+00:00
6973,12.920984,77.584908,pm25,6.0,2019-07-22T15:45:00+00:00
6973,12.920984,77.584908,pm25,6.0,2019-07-22T16:00:00+00:00
6973,12.920984,77.584908,pm25,9.0,2019-07-22T16:15:00+00:00
6973,12.920984,77.584908,pm25,9.0,2019-07-22T16:30:00+00:00
6973,12.920984,77.584908,pm25,9.0,2019-07-22T16:45:00+00:00
6973,12.920984,77.584908,pm25,9.0,2019-07-22T17:00:00+00:00
6973,12.920984,77.584908,pm25,4.0,2019-07-22T17:15:00+00:00
6973,12.920984,77.584908,pm25,4.0,2019-07-22T17:30:00+00:00
6973,12.920984,77.584908,pm25,4.0,2019-07-22T17:45:00+00:00
6973,12.920984,77.584908,pm25,4.0,2019-07-22T18:00:00+00:00
6973,12.920984,77.584908,co,0.69,2019-07-21T18:45:00+00:00
6973,12.920984,77.584908,co,0.69,2019-07-21T19:00:00+00:00
6973,12.920984,77.584908,co,0.34,2019-07-21T19:30:00+00:00
6973,12.920984,77.584908,co,0.34,2019-07-21T19:45:00+00:00
6973,12.920984,77.584908,co,0.34,2019-07-21T20:00:00+00:00
6973,12.920984,77.584908,co,0.34,2019-07-21T20:15:00+00:00
6973,12.920984,77.584908,co,0.34,2019-07-21T20:30:00+00:00
6973,12.920984,77.584908,co,0.34,2019-07-21T20:45:00+00:00
6973,12.920984,77.584908,co,0.23,2019-07-21T21:00:00+00:00
6973,12.920984,77.584908,co,0.46,2019-07-21T21:30:00+00:00
6973,12.920984,77.584908,co,0.46,2019-07-21T21:45:00+00:00
6973,12.920984,77.584908,co,0.46,2019-07-21T22:00:00+00:00
6973,12.920984,77.584908,co,0.46,2019-07-21T23:00:00+00:00
6973,12.920984,77.584908,co,0.46,2019-07-21T23:30:00+00:00
6973,12.920984,77.584908,co,0.46,2019-07-21T23:45:00+00:00
6973,12.920984,77.584908,co,0.46,2019-07-22T00:00:00+00:00
6973,12.920984,77.584908,co,0.46,2019-07-22T00:15:00+00:00
6973,12.920984,77.584908,co,0.57,2019-07-22T00:30:00+00:00
6973,12.920984,77.584908,co,0.57,2019-07-22T00:45:00+00:00
6973,12.920984,77.584908,co,0.57,2019-07-22T01:00:00+00:00
6973,12.920984,77.584908,co,0.57,2019-07-22T01:30:00+00:00
6973,12.920984,77.584908,co,0.69,2019-07-22T01:45:00+00:00
6973,12.920984,77.584908,co,0.46,2019-07-22T02:00:00+00:00
6973,12.920984,77.584908,co,0.57,2019-07-22T02:15:00+00:00
6973,12.920984,77.584908,co,0.57,2019-07-22T02:30:00+00:00
6973,12.920984,77.584908,co,0.8,2019-07-22T02:45:00+00:00
6973,12.920984,77.584908,co,0.92,2019-07-22T03:00:00+00:00
6973,12.920984,77.584908,co,0.69,2019-07-22T03:30:00+00:00
6973,12.920984,77.584908,co,0.69,2019-07-22T03:45:00+00:00
6973,12.920984,77.584908,co,0.69,2019-07-22T04:00:00+00:00
6973,12.920984,77.584908,co,0.69,2019-07-22T04:15:00+00:00
6973,12.920984,77.584908,co,0.57,2019-07-22T04:45:00+00:00
6973,12.920984,77.584908,co,0.57,2019-07-22T05:00:00+00:00
6973,12.920984,77.584908,co,0.57,2019-07-22T05:30:00+00:00
6973,12.920984,77.584908,co,0.69,2019-07-22T05:45:00+00:00
6973,12.920984,77.584908,co,0.57,2019-07-22T06:00:00+00:00
6973,12.920984,77.584908,co,0.69,2019-07-22T06:15:00+00:00
6973,12.920984,77.584908,co,0.69,2019-07-22T06:30:00+00:00
6973,12.920984,77.584908,co,0.46,2019-07-22T06:45:00+00:00
6973,12.920984,77.584908,co,0.57,2019-07-22T07:00:00+00:00
6973,12.920984,77.584908,co,0.57,2019-07-22T07:30:00+00:00
6973,12.920984,77.584908,co,0.57,2019-07-22T07:45:00+00:00
6973,12.920984,77.584908,co,0.46,2019-07-22T08:00:00+00:00
6973,12.920984,77.584908,co,0.46,2019-07-22T08:15:00+00:00
6973,12.920984,77.584908,co,0.46,2019-07-22T08:45:00+00:00
6973,12.920984,77.584908,co,0.46,2019-07-22T09:00:00+00:00
6973,12.920984,77.584908,co,0.69,2019-07-22T09:30:00+00:00
6973,12.920984,77.584908,co,0.69,2019-07-22T09:45:00+00:00
6973,12.920984,77.584908,co,0.69,2019-07-22T10:00:00+00:00
6973,12.920984,77.584908,co,0.69,2019-07-22T10:15:00+00:00
6973,12.920984,77.584908,co,0.69,2019-07-22T10:30:00+00:00
6973,12.920984,77.584908,co,0.8,2019-07-22T10:45:00+00:00
6973,12.920984,77.584908,co,0.46,2019-07-22T11:30:00+00:00
6973,12.920984,77.584908,co,0.92,2019-07-22T13:30:00+00:00
6973,12.920984,77.584908,co,0.69,2019-07-22T13:45:00+00:00
6973,12.920984,77.584908,co,0.69,2019-07-22T14:00:00+00:00
6973,12.920984,77.584908,co,0.57,2019-07-22T14:15:00+00:00
6973,12.920984,77.584908,co,0.46,2019-07-22T14:30:00+00:00
6973,12.920984,77.584908,co,0.57,2019-07-22T14:45:00+00:00
6973,12.920984,77.584908,co,0.57,2019-07-22T15:00:00+00:00
6973,12.920984,77.584908,co,0.57,2019-07-22T15:30:00+00:00
6973,12.920984,77.584908,co,0.57,2019-07-22T15:45:00+00:00
6973,12.920984,77.584908,co,0.57,2019-07-22T16:00:00+00:00
6973,12.920984,77.584908,co,0.57,2019-07-22T16:15:00+00:00
6973,12.920984,77.584908,co,0.57,2019-07-22T16:30:00+00:00
6973,12.920984,77.584908,co,0.34,2019-07-22T16:45:00+00:00
6973,12.920984,77.584908,co,0.34,2019-07-22T17:00:00+00:00
6973,12.920984,77.584908,co,0.57,2019-07-22T17:30:00+00:00
6973,12.920984,77.584908,co,0.57,2019-07-22T17:45:00+00:00
6973,12.920984,77.584908,co,0.57,2019-07-22T18:00:00+00:00
6973,12.920984,77.584908,co,0.57,2019-07-22T18:15:00+00:00
6973,12.920984,77.584908,co,0.57,2019-07-22T18:30:00+00:00
6973,12.920984,77.584908,no2,16.8,2019-07-21T18:45:00+00:00
6973,12.920984,77.584908,no2,15.9,2019-07-21T19:00:00+00:00
6973,12.920984,77.584908,no2,14.9,2019-07-21T19:15:00+00:00
6973,12.920984,77.584908,no2,14.1,2019-07-21T19:30:00+00:00
6973,12.920984,77.584908,no2,14.0,2019-07-21T19:45:00+00:00
6973,12.920984,77.584908,no2,13.8,2019-07-21T20:00:00+00:00
6973,12.920984,77.584908,no2,13.9,2019-07-21T20:15:00+00:00
6973,12.920984,77.584908,no2,13.7,2019-07-21T20:30:00+00:00
6973,12.920984,77.584908,no2,13.6,2019-07-21T20:45:00+00:00
6973,12.920984,77.584908,no2,13.3,2019-07-21T21:00:00+00:00
6973,12.920984,77.584908,no2,12.9,2019-07-21T21:15:00+00:00
6973,12.920984,77.584908,no2,13.1,2019-07-21T21:30:00+00:00
6973,12.920984,77.584908,no2,12.7,2019-07-21T21:45:00+00:00
6973,12.920984,77.584908,no2,13.0,2019-07-21T22:00:00+00:00
6973,12.920984,77.584908,no2,12.8,2019-07-21T22:15:00+00:00
6973,12.920984,77.584908,no2,13.1,2019-07-21T22:30:00+00:00
6973,12.920984,77.584908,no2,13.2,2019-07-21T22:45:00+00:00
6973,12.920984,77.584908,no2,13.4,2019-07-21T23:00:00+00:00
6973,12.920984,77.584908,no2,16.1,2019-07-22T00:00:00+00:00
6973,12.920984,77.584908,no2,16.3,2019-07-22T00:15:00+00:00
6973,12.920984,77.584908,no2,16.9,2019-07-22T00:30:00+00:00
6973,12.920984,77.584908,no2,18.2,2019-07-22T00:45:00+00:00
6973,12.920984,77.584908,no2,19.5,2019-07-22T01:00:00+00:00
6973,12.920984,77.584908,no2,21.9,2019-07-22T01:15:00+00:00
6973,12.920984,77.584908,no2,22.8,2019-07-22T01:30:00+00:00
6973,12.920984,77.584908,no2,24.3,2019-07-22T01:45:00+00:00
6973,12.920984,77.584908,no2,25.7,2019-07-22T02:00:00+00:00
6973,12.920984,77.584908,no2,26.3,2019-07-22T02:15:00+00:00
6973,12.920984,77.584908,no2,26.7,2019-07-22T02:30:00+00:00
6973,12.920984,77.584908,no2,27.8,2019-07-22T02:45:00+00:00
6973,12.920984,77.584908,no2,29.5,2019-07-22T03:00:00+00:00
6973,12.920984,77.584908,no2,30.4,2019-07-22T03:15:00+00:00
6973,12.920984,77.584908,no2,30.8,2019-07-22T03:30:00+00:00
6973,12.920984,77.584908,no2,30.9,2019-07-22T03:45:00+00:00
6973,12.920984,77.584908,no2,30.8,2019-07-22T04:00:00+00:00
6973,12.920984,77.584908,no2,30.7,2019-07-22T04:15:00+00:00
6973,12.920984,77.584908,no2,31.3,2019-07-22T04:45:00+00:00
6973,12.920984,77.584908,no2,30.7,2019-07-22T05:00:00+00:00
6973,12.920984,77.584908,no2,30.7,2019-07-22T05:15:00+00:00
6973,12.920984,77.584908,no2,30.7,2019-07-22T05:30:00+00:00
6973,12.920984,77.584908,no2,30.4,2019-07-22T05:45:00+00:00
6973,12.920984,77.584908,no2,29.3,2019-07-22T06:00:00+00:00
6973,12.920984,77.584908,no2,28.0,2019-07-22T06:15:00+00:00
6973,12.920984,77.584908,no2,28.8,2019-07-22T06:30:00+00:00
6973,12.920984,77.584908,no2,30.2,2019-07-22T06:45:00+00:00
6973,12.920984,77.584908,no2,28.3,2019-07-22T07:00:00+00:00
6973,12.920984,77.584908,no2,26.2,2019-07-22T07:15:00+00:00
6973,12.920984,77.584908,no2,26.2,2019-07-22T07:30:00+00:00
6973,12.920984,77.584908,no2,25.9,2019-07-22T07:45:00+00:00
6973,12.920984,77.584908,no2,26.7,2019-07-22T08:00:00+00:00
6973,12.920984,77.584908,no2,26.4,2019-07-22T08:15:00+00:00
6973,12.920984,77.584908,no2,24.7,2019-07-22T08:45:00+00:00
6973,12.920984,77.584908,no2,25.4,2019-07-22T09:00:00+00:00
6973,12.920984,77.584908,no2,26.5,2019-07-22T09:15:00+00:00
6973,12.920984,77.584908,no2,28.2,2019-07-22T09:30:00+00:00
6973,12.920984,77.584908,no2,28.4,2019-07-22T09:45:00+00:00
6973,12.920984,77.584908,no2,27.8,2019-07-22T10:00:00+00:00
6973,12.920984,77.584908,no2,27.1,2019-07-22T10:15:00+00:00
6973,12.920984,77.584908,no2,27.1,2019-07-22T10:30:00+00:00
6973,12.920984,77.584908,no2,26.6,2019-07-22T10:45:00+00:00
6973,12.920984,77.584908,no2,26.8,2019-07-22T11:30:00+00:00
6973,12.920984,77.584908,no2,32.1,2019-07-22T13:15:00+00:00
6973,12.920984,77.584908,no2,33.4,2019-07-22T13:30:00+00:00
6973,12.920984,77.584908,no2,33.3,2019-07-22T13:45:00+00:00
6973,12.920984,77.584908,no2,32.7,2019-07-22T14:00:00+00:00
6973,12.920984,77.584908,no2,30.6,2019-07-22T14:15:00+00:00
6973,12.920984,77.584908,no2,27.7,2019-07-22T14:30:00+00:00
6973,12.920984,77.584908,no2,26.1,2019-07-22T14:45:00+00:00
6973,12.920984,77.584908,no2,25.3,2019-07-22T15:00:00+00:00
6973,12.920984,77.584908,no2,24.8,2019-07-22T15:15:00+00:00
6973,12.920984,77.584908,no2,24.5,2019-07-22T15:30:00+00:00
6973,12.920984,77.584908,no2,24.4,2019-07-22T15:45:00+00:00
6973,12.920984,77.584908,no2,24.9,2019-07-22T16:00:00+00:00
6973,12.920984,77.584908,no2,25.5,2019-07-22T16:15:00+00:00
6973,12.920984,77.584908,no2,25.1,2019-07-22T16:30:00+00:00
6973,12.920984,77.584908,no2,23.7,2019-07-22T16:45:00+00:00
6973,12.920984,77.584908,no2,22.6,2019-07-22T17:00:00+00:00
6973,12.920984,77.584908,no2,21.9,2019-07-22T17:15:00+00:00
6973,12.920984,77.584908,no2,21.8,2019-07-22T17:30:00+00:00
6973,12.920984,77.584908,no2,20.8,2019-07-22T17:45:00+00:00
6973,12.920984,77.584908,no2,19.4,2019-07-22T18:00:00+00:00
6973,12.920984,77.584908,no2,18.0,2019-07-22T18:15:00+00:00
6973,12.920984,77.584908,no2,17.4,2019-07-22T18:30:00+00:00
6973,12.920984,77.584908,so2,3.5,2019-07-21T18:45:00+00:00
6973,12.920984,77.584908,so2,3.6,2019-07-21T19:00:00+00:00
6973,12.920984,77.584908,so2,3.6,2019-07-21T19:15:00+00:00
6973,12.920984,77.584908,so2,3.6,2019-07-21T19:30:00+00:00
6973,12.920984,77.584908,so2,3.7,2019-07-21T19:45:00+00:00
6973,12.920984,77.584908,so2,3.7,2019-07-21T20:00:00+00:00
6973,12.920984,77.584908,so2,3.7,2019-07-21T20:15:00+00:00
6973,12.920984,77.584908,so2,3.7,2019-07-21T20:30:00+00:00
6973,12.920984,77.584908,so2,3.5,2019-07-21T20:45:00+00:00
6973,12.920984,77.584908,so2,3.5,2019-07-21T21:00:00+00:00
6973,12.920984,77.584908,so2,3.5,2019-07-21T21:15:00+00:00
6973,12.920984,77.584908,so2,3.7,2019-07-21T21:30:00+00:00
6973,12.920984,77.584908,so2,3.8,2019-07-21T21:45:00+00:00
6973,12.920984,77.584908,so2,3.7,2019-07-21T22:00:00+00:00
6973,12.920984,77.584908,so2,3.4,2019-07-21T22:30:00+00:00
6973,12.920984,77.584908,so2,3.2,2019-07-21T22:45:00+00:00
6973,12.920984,77.584908,so2,3.0,2019-07-21T23:00:00+00:00
6973,12.920984,77.584908,so2,3.0,2019-07-21T23:15:00+00:00
6973,12.920984,77.584908,so2,2.9,2019-07-21T23:30:00+00:00
6973,12.920984,77.584908,so2,3.0,2019-07-21T23:45:00+00:00
6973,12.920984,77.584908,so2,3.0,2019-07-22T00:00:00+00:00
6973,12.920984,77.584908,so2,3.2,2019-07-22T01:00:00+00:00
6973,12.920984,77.584908,so2,3.3,2019-07-22T01:15:00+00:00
6973,12.920984,77.584908,so2,3.0,2019-07-22T01:30:00+00:00
6973,12.920984,77.584908,so2,2.6,2019-07-22T01:45:00+00:00
6973,12.920984,77.584908,so2,2.5,2019-07-22T02:00:00+00:00
6973,12.920984,77.584908,so2,3.0,2019-07-22T02:30:00+00:00
6973,12.920984,77.584908,so2,3.6,2019-07-22T02:45:00+00:00
6973,12.920984,77.584908,so2,3.8,2019-07-22T03:00:00+00:00
6973,12.920984,77.584908,so2,3.9,2019-07-22T03:15:00+00:00
6973,12.920984,77.584908,so2,4.0,2019-07-22T03:30:00+00:00
6973,12.920984,77.584908,so2,3.9,2019-07-22T03:45:00+00:00
6973,12.920984,77.584908,so2,4.0,2019-07-22T04:00:00+00:00
6973,12.920984,77.584908,so2,4.1,2019-07-22T04:15:00+00:00
6973,12.920984,77.584908,so2,4.0,2019-07-22T04:45:00+00:00
6973,12.920984,77.584908,so2,4.1,2019-07-22T05:00:00+00:00
6973,12.920984,77.584908,so2,4.1,2019-07-22T05:15:00+00:00
6973,12.920984,77.584908,so2,4.0,2019-07-22T05:30:00+00:00
6973,12.920984,77.584908,so2,3.9,2019-07-22T05:45:00+00:00
6973,12.920984,77.584908,so2,3.8,2019-07-22T06:00:00+00:00
6973,12.920984,77.584908,so2,3.6,2019-07-22T06:30:00+00:00
6973,12.920984,77.584908,so2,3.3,2019-07-22T06:45:00+00:00
6973,12.920984,77.584908,so2,3.4,2019-07-22T07:00:00+00:00
6973,12.920984,77.584908,so2,3.0,2019-07-22T07:15:00+00:00
6973,12.920984,77.584908,so2,3.0,2019-07-22T07:30:00+00:00
6973,12.920984,77.584908,so2,3.0,2019-07-22T07:45:00+00:00
6973,12.920984,77.584908,so2,3.0,2019-07-22T08:00:00+00:00
6973,12.920984,77.584908,so2,3.3,2019-07-22T08:15:00+00:00
6973,12.920984,77.584908,so2,3.4,2019-07-22T08:45:00+00:00
6973,12.920984,77.584908,so2,3.4,2019-07-22T09:00:00+00:00
6973,12.920984,77.584908,so2,3.3,2019-07-22T09:15:00+00:00
6973,12.920984,77.584908,so2,3.2,2019-07-22T09:30:00+00:00
6973,12.920984,77.584908,so2,3.2,2019-07-22T09:45:00+00:00
6973,12.920984,77.584908,so2,3.3,2019-07-22T10:00:00+00:00
6973,12.920984,77.584908,so2,3.3,2019-07-22T10:30:00+00:00
6973,12.920984,77.584908,so2,3.3,2019-07-22T10:45:00+00:00
6973,12.920984,77.584908,so2,3.1,2019-07-22T11:30:00+00:00
6973,12.920984,77.584908,so2,3.3,2019-07-22T13:15:00+00:00
6973,12.920984,77.584908,so2,3.4,2019-07-22T13:30:00+00:00
6973,12.920984,77.584908,so2,3.5,2019-07-22T13:45:00+00:00
6973,12.920984,77.584908,so2,3.5,2019-07-22T14:00:00+00:00
6973,12.920984,77.584908,so2,3.5,2019-07-22T14:30:00+00:00
6973,12.920984,77.584908,so2,3.4,2019-07-22T14:45:00+00:00
6973,12.920984,77.584908,so2,3.4,2019-07-22T15:00:00+00:00
6973,12.920984,77.584908,so2,3.4,2019-07-22T15:15:00+00:00
6973,12.920984,77.584908,so2,3.2,2019-07-22T15:30:00+00:00
6973,12.920984,77.584908,so2,3.0,2019-07-22T15:45:00+00:00
6973,12.920984,77.584908,so2,3.0,2019-07-22T16:00:00+00:00
6973,12.920984,77.584908,so2,3.0,2019-07-22T16:15:00+00:00
6973,12.920984,77.584908,so2,2.9,2019-07-22T16:30:00+00:00
6973,12.920984,77.584908,so2,3.0,2019-07-22T16:45:00+00:00
6973,12.920984,77.584908,so2,3.1,2019-07-22T17:00:00+00:00
6973,12.920984,77.584908,so2,3.0,2019-07-22T17:15:00+00:00
6973,12.920984,77.584908,so2,3.0,2019-07-22T17:30:00+00:00
6973,12.920984,77.584908,so2,2.9,2019-07-22T17:45:00+00:00
6973,12.920984,77.584908,so2,2.9,2019-07-22T18:00:00+00:00
6973,12.920984,77.584908,so2,3.1,2019-07-22T18:30:00+00:00
6973,12.920984,77.584908,pm10,9.0,2019-07-22T18:45:00+00:00
6973,12.920984,77.584908,pm10,9.0,2019-07-22T19:00:00+00:00
6973,12.920984,77.584908,pm10,12.0,2019-07-22T19:15:00+00:00
6973,12.920984,77.584908,pm10,12.0,2019-07-22T19:30:00+00:00
6973,12.920984,77.584908,pm10,12.0,2019-07-22T19:45:00+00:00
6973,12.920984,77.584908,pm10,12.0,2019-07-22T20:00:00+00:00
6973,12.920984,77.584908,pm10,12.0,2019-07-22T20:15:00+00:00
6973,12.920984,77.584908,pm10,12.0,2019-07-22T20:30:00+00:00
6973,12.920984,77.584908,pm10,12.0,2019-07-22T20:45:00+00:00
6973,12.920984,77.584908,pm10,12.0,2019-07-22T21:00:00+00:00
6973,12.920984,77.584908,pm10,20.0,2019-07-22T21:15:00+00:00
6973,12.920984,77.584908,pm10,20.0,2019-07-22T21:30:00+00:00
6973,12.920984,77.584908,pm10,20.0,2019-07-22T21:45:00+00:00
6973,12.920984,77.584908,pm10,20.0,2019-07-22T22:00:00+00:00
6973,12.920984,77.584908,pm10,17.0,2019-07-22T22:15:00+00:00
6973,12.920984,77.584908,pm10,17.0,2019-07-22T22:30:00+00:00
6973,12.920984,77.584908,pm10,17.0,2019-07-22T22:45:00+00:00
6973,12.920984,77.584908,pm10,17.0,2019-07-22T23:00:00+00:00
6973,12.920984,77.584908,pm10,10.0,2019-07-22T23:15:00+00:00
6973,12.920984,77.584908,pm10,10.0,2019-07-22T23:30:00+00:00
6973,12.920984,77.584908,pm10,10.0,2019-07-22T23:45:00+00:00
6973,12.920984,77.584908,pm10,10.0,2019-07-23T00:00:00+00:00
6973,12.920984,77.584908,pm10,12.0,2019-07-23T00:15:00+00:00
6973,12.920984,77.584908,pm10,12.0,2019-07-23T00:30:00+00:00
6973,12.920984,77.584908,pm10,12.0,2019-07-23T00:45:00+00:00
6973,12.920984,77.584908,pm10,12.0,2019-07-23T01:00:00+00:00
6973,12.920984,77.584908,pm10,28.0,2019-07-23T01:15:00+00:00
6973,12.920984,77.584908,pm10,28.0,2019-07-23T01:30:00+00:00
6973,12.920984,77.584908,pm10,28.0,2019-07-23T01:45:00+00:00
6973,12.920984,77.584908,pm10,28.0,2019-07-23T02:00:00+00:00
6973,12.920984,77.584908,pm10,27.0,2019-07-23T02:15:00+00:00
6973,12.920984,77.584908,pm10,27.0,2019-07-23T02:30:00+00:00
6973,12.920984,77.584908,pm10,27.0,2019-07-23T02:45:00+00:00
6973,12.920984,77.584908,pm10,27.0,2019-07-23T03:00:00+00:00
6973,12.920984,77.584908,pm10,33.0,2019-07-23T03:15:00+00:00
6973,12.920984,77.584908,pm10,33.0,2019-07-23T03:30:00+00:00
6973,12.920984,77.584908,pm10,33.0,2019-07-23T03:45:00+00:00
6973,12.920984,77.584908,pm10,33.0,2019-07-23T04:00:00+00:00
6973,12.920984,77.584908,pm10,33.0,2019-07-23T04:15:00+00:00
6973,12.920984,77.584908,pm10,33.0,2019-07-23T04:30:00+00:00
6973,12.920984,77.584908,pm10,33.0,2019-07-23T04:45:00+00:00
6973,12.920984,77.584908,pm10,33.0,2019-07-23T05:00:00+00:00
6973,12.920984,77.584908,pm10,39.0,2019-07-23T05:15:00+00:00
6973,12.920984,77.584908,pm10,39.0,2019-07-23T05:30:00+00:00
6973,12.920984,77.584908,pm10,39.0,2019-07-23T05:45:00+00:00
6973,12.920984,77.584908,pm10,39.0,2019-07-23T06:00:00+00:00
6973,12.920984,77.584908,pm10,38.0,2019-07-23T06:15:00+00:00
6973,12.920984,77.584908,pm10,38.0,2019-07-23T06:30:00+00:00
6973,12.920984,77.584908,pm10,38.0,2019-07-23T06:45:00+00:00
6973,12.920984,77.584908,pm10,38.0,2019-07-23T07:00:00+00:00
6973,12.920984,77.584908,pm10,37.0,2019-07-23T07:15:00+00:00
6973,12.920984,77.584908,pm10,37.0,2019-07-23T07:30:00+00:00
6973,12.920984,77.584908,pm10,37.0,2019-07-23T07:45:00+00:00
6973,12.920984,77.584908,pm10,37.0,2019-07-23T08:00:00+00:00
6973,12.920984,77.584908,pm10,42.0,2019-07-23T08:15:00+00:00
6973,12.920984,77.584908,pm10,42.0,2019-07-23T08:30:00+00:00
6973,12.920984,77.584908,pm10,42.0,2019-07-23T08:45:00+00:00
6973,12.920984,77.584908,pm10,42.0,2019-07-23T09:00:00+00:00
6973,12.920984,77.584908,pm10,41.0,2019-07-23T09:15:00+00:00
6973,12.920984,77.584908,pm10,41.0,2019-07-23T09:30:00+00:00
6973,12.920984,77.584908,pm10,41.0,2019-07-23T10:00:00+00:00
6973,12.920984,77.584908,pm10,55.0,2019-07-23T10:15:00+00:00
6973,12.920984,77.584908,pm10,55.0,2019-07-23T10:30:00+00:00
6973,12.920984,77.584908,pm10,55.0,2019-07-23T10:45:00+00:00
6973,12.920984,77.584908,pm10,38.0,2019-07-23T11:45:00+00:00
6973,12.920984,77.584908,pm10,38.0,2019-07-23T12:00:00+00:00
6973,12.920984,77.584908,pm10,60.0,2019-07-23T12:15:00+00:00
6973,12.920984,77.584908,pm10,60.0,2019-07-23T12:30:00+00:00
6973,12.920984,77.584908,pm10,60.0,2019-07-23T12:45:00+00:00
6973,12.920984,77.584908,pm10,60.0,2019-07-23T13:00:00+00:00
6973,12.920984,77.584908,pm10,42.0,2019-07-23T13:15:00+00:00
6973,12.920984,77.584908,pm10,42.0,2019-07-23T13:30:00+00:00
6973,12.920984,77.584908,pm10,42.0,2019-07-23T13:45:00+00:00
6973,12.920984,77.584908,pm10,42.0,2019-07-23T14:00:00+00:00
6973,12.920984,77.584908,pm10,32.0,2019-07-23T14:15:00+00:00
6973,12.920984,77.584908,pm10,32.0,2019-07-23T14:30:00+00:00
6973,12.920984,77.584908,pm10,32.0,2019-07-23T14:45:00+00:00
6973,12.920984,77.584908,pm10,32.0,2019-07-23T15:00:00+00:00
6973,12.920984,77.584908,pm10,38.0,2019-07-23T15:15:00+00:00
6973,12.920984,77.584908,pm10,38.0,2019-07-23T15:30:00+00:00
6973,12.920984,77.584908,pm10,38.0,2019-07-23T15:45:00+00:00
6973,12.920984,77.584908,pm10,38.0,2019-07-23T16:00:00+00:00
6973,12.920984,77.584908,pm10,40.0,2019-07-23T16:15:00+00:00
6973,12.920984,77.584908,pm10,40.0,2019-07-23T16:30:00+00:00
6973,12.920984,77.584908,pm10,40.0,2019-07-23T16:45:00+00:00
6973,12.920984,77.584908,pm10,40.0,2019-07-23T17:00:00+00:00
6973,12.920984,77.584908,pm10,33.0,2019-07-23T17:15:00+00:00
6973,12.920984,77.584908,pm10,33.0,2019-07-23T17:30:00+00:00
6973,12.920984,77.584908,pm10,33.0,2019-07-23T17:45:00+00:00
6973,12.920984,77.584908,pm10,33.0,2019-07-23T18:00:00+00:00
6973,12.920984,77.584908,pm10,32.0,2019-07-23T18:15:00+00:00
6973,12.920984,77.584908,pm25,4.0,2019-07-22T21:15:00+00:00
6973,12.920984,77.584908,pm25,4.0,2019-07-22T21:30:00+00:00
6973,12.920984,77.584908,pm25,4.0,2019-07-22T21:45:00+00:00
6973,12.920984,77.584908,pm25,4.0,2019-07-22T22:00:00+00:00
6973,12.920984,77.584908,pm25,3.0,2019-07-22T22:15:00+00:00
6973,12.920984,77.584908,pm25,3.0,2019-07-22T22:30:00+00:00
6973,12.920984,77.584908,pm25,3.0,2019-07-22T22:45:00+00:00
6973,12.920984,77.584908,pm25,3.0,2019-07-22T23:00:00+00:00
6973,12.920984,77.584908,pm25,2.0,2019-07-22T23:15:00+00:00
6973,12.920984,77.584908,pm25,2.0,2019-07-22T23:30:00+00:00
6973,12.920984,77.584908,pm25,2.0,2019-07-22T23:45:00+00:00
6973,12.920984,77.584908,pm25,2.0,2019-07-23T00:00:00+00:00
6973,12.920984,77.584908,pm25,4.0,2019-07-23T00:15:00+00:00
6973,12.920984,77.584908,pm25,4.0,2019-07-23T00:30:00+00:00
6973,12.920984,77.584908,pm25,4.0,2019-07-23T00:45:00+00:00
6973,12.920984,77.584908,pm25,4.0,2019-07-23T01:00:00+00:00
6973,12.920984,77.584908,pm25,13.0,2019-07-23T01:15:00+00:00
6973,12.920984,77.584908,pm25,13.0,2019-07-23T01:30:00+00:00
6973,12.920984,77.584908,pm25,13.0,2019-07-23T01:45:00+00:00
6973,12.920984,77.584908,pm25,13.0,2019-07-23T02:00:00+00:00
6973,12.920984,77.584908,pm25,16.0,2019-07-23T02:15:00+00:00
6973,12.920984,77.584908,pm25,16.0,2019-07-23T02:30:00+00:00
6973,12.920984,77.584908,pm25,16.0,2019-07-23T02:45:00+00:00
6973,12.920984,77.584908,pm25,16.0,2019-07-23T03:00:00+00:00
6973,12.920984,77.584908,pm25,9.0,2019-07-23T03:15:00+00:00
6973,12.920984,77.584908,pm25,9.0,2019-07-23T03:30:00+00:00
6973,12.920984,77.584908,pm25,9.0,2019-07-23T03:45:00+00:00
6973,12.920984,77.584908,pm25,9.0,2019-07-23T04:00:00+00:00
6973,12.920984,77.584908,pm25,11.0,2019-07-23T04:15:00+00:00
6973,12.920984,77.584908,pm25,11.0,2019-07-23T04:30:00+00:00
6973,12.920984,77.584908,pm25,11.0,2019-07-23T04:45:00+00:00
6973,12.920984,77.584908,pm25,11.0,2019-07-23T05:00:00+00:00
6973,12.920984,77.584908,pm25,8.0,2019-07-23T05:15:00+00:00
6973,12.920984,77.584908,pm25,8.0,2019-07-23T05:30:00+00:00
6973,12.920984,77.584908,pm25,8.0,2019-07-23T05:45:00+00:00
6973,12.920984,77.584908,pm25,8.0,2019-07-23T06:00:00+00:00
6973,12.920984,77.584908,pm25,13.0,2019-07-23T06:15:00+00:00
6973,12.920984,77.584908,pm25,13.0,2019-07-23T06:30:00+00:00
6973,12.920984,77.584908,pm25,13.0,2019-07-23T06:45:00+00:00
6973,12.920984,77.584908,pm25,13.0,2019-07-23T07:00:00+00:00
6973,12.920984,77.584908,pm25,12.0,2019-07-23T07:15:00+00:00
6973,12.920984,77.584908,pm25,12.0,2019-07-23T07:30:00+00:00
6973,12.920984,77.584908,pm25,12.0,2019-07-23T07:45:00+00:00
6973,12.920984,77.584908,pm25,12.0,2019-07-23T08:00:00+00:00
6973,12.920984,77.584908,pm25,16.0,2019-07-23T08:15:00+00:00
6973,12.920984,77.584908,pm25,16.0,2019-07-23T08:30:00+00:00
6973,12.920984,77.584908,pm25,16.0,2019-07-23T08:45:00+00:00
6973,12.920984,77.584908,pm25,16.0,2019-07-23T09:00:00+00:00
6973,12.920984,77.584908,pm25,15.0,2019-07-23T09:15:00+00:00
6973,12.920984,77.584908,pm25,15.0,2019-07-23T09:30:00+00:00
6973,12.920984,77.584908,pm25,15.0,2019-07-23T10:00:00+00:00
6973,12.920984,77.584908,pm25,15.0,2019-07-23T10:15:00+00:00
6973,12.920984,77.584908,pm25,15.0,2019-07-23T10:30:00+00:00
6973,12.920984,77.584908,pm25,15.0,2019-07-23T10:45:00+00:00
6973,12.920984,77.584908,pm25,14.0,2019-07-23T11:45:00+00:00
6973,12.920984,77.584908,pm25,14.0,2019-07-23T12:00:00+00:00
6973,12.920984,77.584908,pm25,14.0,2019-07-23T12:15:00+00:00
6973,12.920984,77.584908,pm25,14.0,2019-07-23T12:30:00+00:00
6973,12.920984,77.584908,pm25,14.0,2019-07-23T12:45:00+00:00
6973,12.920984,77.584908,pm25,14.0,2019-07-23T13:00:00+00:00
6973,12.920984,77.584908,pm25,13.0,2019-07-23T13:15:00+00:00
6973,12.920984,77.584908,pm25,13.0,2019-07-23T13:30:00+00:00
6973,12.920984,77.584908,pm25,13.0,2019-07-23T13:45:00+00:00
6973,12.920984,77.584908,pm25,13.0,2019-07-23T14:00:00+00:00
6973,12.920984,77.584908,pm25,9.0,2019-07-23T14:15:00+00:00
6973,12.920984,77.584908,pm25,9.0,2019-07-23T14:30:00+00:00
6973,12.920984,77.584908,pm25,9.0,2019-07-23T14:45:00+00:00
6973,12.920984,77.584908,pm25,9.0,2019-07-23T15:00:00+00:00
6973,12.920984,77.584908,pm25,18.0,2019-07-23T15:15:00+00:00
6973,12.920984,77.584908,pm25,18.0,2019-07-23T15:30:00+00:00
6973,12.920984,77.584908,pm25,18.0,2019-07-23T15:45:00+00:00
6973,12.920984,77.584908,pm25,18.0,2019-07-23T16:00:00+00:00
6973,12.920984,77.584908,pm25,23.0,2019-07-23T16:15:00+00:00
6973,12.920984,77.584908,pm25,23.0,2019-07-23T16:30:00+00:00
6973,12.920984,77.584908,pm25,23.0,2019-07-23T16:45:00+00:00
6973,12.920984,77.584908,pm25,23.0,2019-07-23T17:00:00+00:00
6973,12.920984,77.584908,pm25,11.0,2019-07-23T17:15:00+00:00
6973,12.920984,77.584908,pm25,11.0,2019-07-23T17:30:00+00:00
6973,12.920984,77.584908,pm25,11.0,2019-07-23T17:45:00+00:00
6973,12.920984,77.584908,pm25,11.0,2019-07-23T18:00:00+00:00
6973,12.920984,77.584908,pm25,10.0,2019-07-23T18:15:00+00:00
6973,12.920984,77.584908,pm25,10.0,2019-07-23T18:30:00+00:00
6973,12.920984,77.584908,co,0.57,2019-07-22T18:45:00+00:00
6973,12.920984,77.584908,co,0.69,2019-07-22T19:00:00+00:00
6973,12.920984,77.584908,co,0.46,2019-07-22T19:30:00+00:00
6973,12.920984,77.584908,co,0.46,2019-07-22T19:45:00+00:00
6973,12.920984,77.584908,co,0.46,2019-07-22T20:00:00+00:00
6973,12.920984,77.584908,co,0.46,2019-07-22T20:15:00+00:00
6973,12.920984,77.584908,co,0.46,2019-07-22T20:30:00+00:00
6973,12.920984,77.584908,co,0.57,2019-07-22T20:45:00+00:00
6973,12.920984,77.584908,co,0.46,2019-07-22T21:00:00+00:00
6973,12.920984,77.584908,co,0.46,2019-07-22T21:30:00+00:00
6973,12.920984,77.584908,co,0.46,2019-07-22T21:45:00+00:00
6973,12.920984,77.584908,co,0.46,2019-07-22T22:00:00+00:00
6973,12.920984,77.584908,co,0.69,2019-07-22T23:00:00+00:00
6973,12.920984,77.584908,co,0.57,2019-07-22T23:30:00+00:00
6973,12.920984,77.584908,co,0.46,2019-07-22T23:45:00+00:00
6973,12.920984,77.584908,co,0.46,2019-07-23T00:00:00+00:00
6973,12.920984,77.584908,co,0.46,2019-07-23T00:15:00+00:00
6973,12.920984,77.584908,co,0.46,2019-07-23T00:30:00+00:00
6973,12.920984,77.584908,co,0.46,2019-07-23T00:45:00+00:00
6973,12.920984,77.584908,co,0.57,2019-07-23T01:00:00+00:00
6973,12.920984,77.584908,co,0.69,2019-07-23T01:30:00+00:00
6973,12.920984,77.584908,co,0.69,2019-07-23T01:45:00+00:00
6973,12.920984,77.584908,co,0.69,2019-07-23T02:00:00+00:00
6973,12.920984,77.584908,co,0.69,2019-07-23T02:15:00+00:00
6973,12.920984,77.584908,co,0.8,2019-07-23T02:30:00+00:00
6973,12.920984,77.584908,co,0.8,2019-07-23T02:45:00+00:00
6973,12.920984,77.584908,co,0.8,2019-07-23T03:00:00+00:00
6973,12.920984,77.584908,co,1.03,2019-07-23T03:30:00+00:00
6973,12.920984,77.584908,co,1.03,2019-07-23T03:45:00+00:00
6973,12.920984,77.584908,co,1.03,2019-07-23T04:00:00+00:00
6973,12.920984,77.584908,co,1.03,2019-07-23T04:15:00+00:00
6973,12.920984,77.584908,co,0.92,2019-07-23T04:30:00+00:00
6973,12.920984,77.584908,co,0.8,2019-07-23T04:45:00+00:00
6973,12.920984,77.584908,co,0.69,2019-07-23T05:00:00+00:00
6973,12.920984,77.584908,co,0.69,2019-07-23T05:30:00+00:00
6973,12.920984,77.584908,co,0.57,2019-07-23T05:45:00+00:00
6973,12.920984,77.584908,co,0.69,2019-07-23T06:00:00+00:00
6973,12.920984,77.584908,co,0.69,2019-07-23T06:15:00+00:00
6973,12.920984,77.584908,co,0.69,2019-07-23T06:30:00+00:00
6973,12.920984,77.584908,co,0.57,2019-07-23T06:45:00+00:00
6973,12.920984,77.584908,co,0.57,2019-07-23T07:00:00+00:00
6973,12.920984,77.584908,co,0.57,2019-07-23T07:30:00+00:00
6973,12.920984,77.584908,co,0.46,2019-07-23T07:45:00+00:00
6973,12.920984,77.584908,co,0.46,2019-07-23T08:00:00+00:00
6973,12.920984,77.584908,co,0.46,2019-07-23T08:15:00+00:00
6973,12.920984,77.584908,co,0.57,2019-07-23T08:30:00+00:00
6973,12.920984,77.584908,co,0.46,2019-07-23T08:45:00+00:00
6973,12.920984,77.584908,co,0.57,2019-07-23T09:00:00+00:00
6973,12.920984,77.584908,co,0.69,2019-07-23T09:30:00+00:00
6973,12.920984,77.584908,co,0.8,2019-07-23T10:00:00+00:00
6973,12.920984,77.584908,co,0.8,2019-07-23T10:15:00+00:00
6973,12.920984,77.584908,co,0.69,2019-07-23T10:30:00+00:00
6973,12.920984,77.584908,co,0.69,2019-07-23T10:45:00+00:00
6973,12.920984,77.584908,co,0.92,2019-07-23T11:45:00+00:00
6973,12.920984,77.584908,co,0.8,2019-07-23T12:00:00+00:00
6973,12.920984,77.584908,co,0.8,2019-07-23T12:15:00+00:00
6973,12.920984,77.584908,co,0.8,2019-07-23T12:30:00+00:00
6973,12.920984,77.584908,co,0.8,2019-07-23T12:45:00+00:00
6973,12.920984,77.584908,co,0.92,2019-07-23T13:00:00+00:00
6973,12.920984,77.584908,co,0.8,2019-07-23T13:30:00+00:00
6973,12.920984,77.584908,co,0.8,2019-07-23T13:45:00+00:00
6973,12.920984,77.584908,co,0.8,2019-07-23T14:00:00+00:00
6973,12.920984,77.584908,co,0.69,2019-07-23T14:15:00+00:00
6973,12.920984,77.584908,co,0.69,2019-07-23T14:30:00+00:00
6973,12.920984,77.584908,co,0.69,2019-07-23T14:45:00+00:00
6973,12.920984,77.584908,co,0.69,2019-07-23T15:00:00+00:00
6973,12.920984,77.584908,co,0.8,2019-07-23T15:30:00+00:00
6973,12.920984,77.584908,co,0.8,2019-07-23T15:45:00+00:00
6973,12.920984,77.584908,co,0.8,2019-07-23T16:00:00+00:00
6973,12.920984,77.584908,co,0.92,2019-07-23T16:15:00+00:00
6973,12.920984,77.584908,co,0.8,2019-07-23T16:30:00+00:00
6973,12.920984,77.584908,co,0.69,2019-07-23T16:45:00+00:00
6973,12.920984,77.584908,co,0.69,2019-07-23T17:00:00+00:00
6973,12.920984,77.584908,co,0.57,2019-07-23T17:30:00+00:00
6973,12.920984,77.584908,co,0.57,2019-07-23T17:45:00+00:00
6973,12.920984,77.584908,co,0.46,2019-07-23T18:00:00+00:00
6973,12.920984,77.584908,co,0.34,2019-07-23T18:15:00+00:00
6973,12.920984,77.584908,co,0.23,2019-07-23T18:30:00+00:00
6973,12.920984,77.584908,no2,16.5,2019-07-22T18:45:00+00:00
6973,12.920984,77.584908,no2,15.8,2019-07-22T19:00:00+00:00
6973,12.920984,77.584908,no2,15.5,2019-07-22T19:15:00+00:00
6973,12.920984,77.584908,no2,15.5,2019-07-22T19:30:00+00:00
6973,12.920984,77.584908,no2,15.4,2019-07-22T19:45:00+00:00
6973,12.920984,77.584908,no2,14.5,2019-07-22T20:00:00+00:00
6973,12.920984,77.584908,no2,14.6,2019-07-22T20:15:00+00:00
6973,12.920984,77.584908,no2,15.2,2019-07-22T20:30:00+00:00
6973,12.920984,77.584908,no2,15.5,2019-07-22T20:45:00+00:00
6973,12.920984,77.584908,no2,15.6,2019-07-22T21:00:00+00:00
6973,12.920984,77.584908,no2,15.9,2019-07-22T21:15:00+00:00
6973,12.920984,77.584908,no2,16.0,2019-07-22T21:30:00+00:00
6973,12.920984,77.584908,no2,16.3,2019-07-22T21:45:00+00:00
6973,12.920984,77.584908,no2,15.6,2019-07-22T22:00:00+00:00
6973,12.920984,77.584908,no2,15.1,2019-07-22T22:15:00+00:00
6973,12.920984,77.584908,no2,14.6,2019-07-22T22:30:00+00:00
6973,12.920984,77.584908,no2,15.1,2019-07-22T22:45:00+00:00
6973,12.920984,77.584908,no2,15.3,2019-07-22T23:00:00+00:00
6973,12.920984,77.584908,no2,17.3,2019-07-23T00:00:00+00:00
6973,12.920984,77.584908,no2,17.9,2019-07-23T00:15:00+00:00
6973,12.920984,77.584908,no2,18.6,2019-07-23T00:30:00+00:00
6973,12.920984,77.584908,no2,19.8,2019-07-23T00:45:00+00:00
6973,12.920984,77.584908,no2,21.6,2019-07-23T01:00:00+00:00
6973,12.920984,77.584908,no2,23.3,2019-07-23T01:15:00+00:00
6973,12.920984,77.584908,no2,23.9,2019-07-23T01:30:00+00:00
6973,12.920984,77.584908,no2,24.7,2019-07-23T01:45:00+00:00
6973,12.920984,77.584908,no2,25.4,2019-07-23T02:00:00+00:00
6973,12.920984,77.584908,no2,26.0,2019-07-23T02:15:00+00:00
6973,12.920984,77.584908,no2,26.6,2019-07-23T02:30:00+00:00
6973,12.920984,77.584908,no2,27.6,2019-07-23T02:45:00+00:00
6973,12.920984,77.584908,no2,27.6,2019-07-23T03:00:00+00:00
6973,12.920984,77.584908,no2,27.9,2019-07-23T03:15:00+00:00
6973,12.920984,77.584908,no2,28.4,2019-07-23T03:30:00+00:00
6973,12.920984,77.584908,no2,30.3,2019-07-23T03:45:00+00:00
6973,12.920984,77.584908,no2,33.0,2019-07-23T04:00:00+00:00
6973,12.920984,77.584908,no2,33.8,2019-07-23T04:15:00+00:00
6973,12.920984,77.584908,no2,33.0,2019-07-23T04:30:00+00:00
6973,12.920984,77.584908,no2,31.8,2019-07-23T04:45:00+00:00
6973,12.920984,77.584908,no2,30.9,2019-07-23T05:00:00+00:00
6973,12.920984,77.584908,no2,29.7,2019-07-23T05:15:00+00:00
6973,12.920984,77.584908,no2,29.5,2019-07-23T05:30:00+00:00
6973,12.920984,77.584908,no2,29.0,2019-07-23T05:45:00+00:00
6973,12.920984,77.584908,no2,27.7,2019-07-23T06:00:00+00:00
6973,12.920984,77.584908,no2,27.6,2019-07-23T06:15:00+00:00
6973,12.920984,77.584908,no2,27.7,2019-07-23T06:30:00+00:00
6973,12.920984,77.584908,no2,27.5,2019-07-23T06:45:00+00:00
6973,12.920984,77.584908,no2,27.0,2019-07-23T07:00:00+00:00
6973,12.920984,77.584908,no2,27.2,2019-07-23T07:15:00+00:00
6973,12.920984,77.584908,no2,27.3,2019-07-23T07:30:00+00:00
6973,12.920984,77.584908,no2,27.2,2019-07-23T07:45:00+00:00
6973,12.920984,77.584908,no2,27.7,2019-07-23T08:00:00+00:00
6973,12.920984,77.584908,no2,28.1,2019-07-23T08:15:00+00:00
6973,12.920984,77.584908,no2,29.0,2019-07-23T08:30:00+00:00
6973,12.920984,77.584908,no2,28.1,2019-07-23T08:45:00+00:00
6973,12.920984,77.584908,no2,27.8,2019-07-23T09:00:00+00:00
6973,12.920984,77.584908,no2,29.1,2019-07-23T09:15:00+00:00
6973,12.920984,77.584908,no2,31.0,2019-07-23T09:30:00+00:00
6973,12.920984,77.584908,no2,31.5,2019-07-23T10:00:00+00:00
6973,12.920984,77.584908,no2,31.4,2019-07-23T10:15:00+00:00
6973,12.920984,77.584908,no2,31.5,2019-07-23T10:30:00+00:00
6973,12.920984,77.584908,no2,30.3,2019-07-23T10:45:00+00:00
6973,12.920984,77.584908,no2,29.7,2019-07-23T11:45:00+00:00
6973,12.920984,77.584908,no2,31.7,2019-07-23T12:00:00+00:00
6973,12.920984,77.584908,no2,32.7,2019-07-23T12:15:00+00:00
6973,12.920984,77.584908,no2,33.2,2019-07-23T12:30:00+00:00
6973,12.920984,77.584908,no2,33.1,2019-07-23T12:45:00+00:00
6973,12.920984,77.584908,no2,32.5,2019-07-23T13:00:00+00:00
6973,12.920984,77.584908,no2,32.0,2019-07-23T13:15:00+00:00
6973,12.920984,77.584908,no2,32.1,2019-07-23T13:30:00+00:00
6973,12.920984,77.584908,no2,31.4,2019-07-23T13:45:00+00:00
6973,12.920984,77.584908,no2,30.9,2019-07-23T14:00:00+00:00
6973,12.920984,77.584908,no2,30.7,2019-07-23T14:15:00+00:00
6973,12.920984,77.584908,no2,30.2,2019-07-23T14:30:00+00:00
6973,12.920984,77.584908,no2,30.2,2019-07-23T14:45:00+00:00
6973,12.920984,77.584908,no2,30.2,2019-07-23T15:00:00+00:00
6973,12.920984,77.584908,no2,30.8,2019-07-23T15:15:00+00:00
6973,12.920984,77.584908,no2,30.7,2019-07-23T15:30:00+00:00
6973,12.920984,77.584908,no2,30.3,2019-07-23T15:45:00+00:00
6973,12.920984,77.584908,no2,30.1,2019-07-23T16:00:00+00:00
6973,12.920984,77.584908,no2,29.9,2019-07-23T16:15:00+00:00
6973,12.920984,77.584908,no2,29.4,2019-07-23T16:30:00+00:00
6973,12.920984,77.584908,no2,28.9,2019-07-23T16:45:00+00:00
6973,12.920984,77.584908,no2,28.0,2019-07-23T17:00:00+00:00
6973,12.920984,77.584908,no2,26.8,2019-07-23T17:15:00+00:00
6973,12.920984,77.584908,no2,25.9,2019-07-23T17:30:00+00:00
6973,12.920984,77.584908,no2,24.2,2019-07-23T17:45:00+00:00
6973,12.920984,77.584908,no2,22.7,2019-07-23T18:00:00+00:00
6973,12.920984,77.584908,no2,22.5,2019-07-23T18:15:00+00:00
6973,12.920984,77.584908,no2,22.6,2019-07-23T18:30:00+00:00
6973,12.920984,77.584908,so2,3.3,2019-07-22T18:45:00+00:00
6973,12.920984,77.584908,so2,3.6,2019-07-22T19:00:00+00:00
6973,12.920984,77.584908,so2,3.7,2019-07-22T19:15:00+00:00
6973,12.920984,77.584908,so2,3.8,2019-07-22T19:30:00+00:00
6973,12.920984,77.584908,so2,3.9,2019-07-22T19:45:00+00:00
6973,12.920984,77.584908,so2,3.8,2019-07-22T20:00:00+00:00
6973,12.920984,77.584908,so2,3.7,2019-07-22T20:15:00+00:00
6973,12.920984,77.584908,so2,3.7,2019-07-22T20:30:00+00:00
6973,12.920984,77.584908,so2,3.9,2019-07-22T20:45:00+00:00
6973,12.920984,77.584908,so2,3.8,2019-07-22T21:00:00+00:00
6973,12.920984,77.584908,so2,3.7,2019-07-22T21:15:00+00:00
6973,12.920984,77.584908,so2,3.7,2019-07-22T21:30:00+00:00
6973,12.920984,77.584908,so2,3.9,2019-07-22T21:45:00+00:00
6973,12.920984,77.584908,so2,3.9,2019-07-22T22:00:00+00:00
6973,12.920984,77.584908,so2,3.6,2019-07-22T22:30:00+00:00
6973,12.920984,77.584908,so2,3.5,2019-07-22T22:45:00+00:00
6973,12.920984,77.584908,so2,3.5,2019-07-22T23:00:00+00:00
6973,12.920984,77.584908,so2,3.3,2019-07-22T23:15:00+00:00
6973,12.920984,77.584908,so2,3.3,2019-07-22T23:30:00+00:00
6973,12.920984,77.584908,so2,3.4,2019-07-22T23:45:00+00:00
6973,12.920984,77.584908,so2,3.4,2019-07-23T00:00:00+00:00
6973,12.920984,77.584908,so2,3.6,2019-07-23T01:00:00+00:00
6973,12.920984,77.584908,so2,3.2,2019-07-23T01:15:00+00:00
6973,12.920984,77.584908,so2,3.0,2019-07-23T01:30:00+00:00
6973,12.920984,77.584908,so2,3.0,2019-07-23T01:45:00+00:00
6973,12.920984,77.584908,so2,3.1,2019-07-23T02:00:00+00:00
6973,12.920984,77.584908,so2,2.9,2019-07-23T02:30:00+00:00
6973,12.920984,77.584908,so2,2.8,2019-07-23T02:45:00+00:00
6973,12.920984,77.584908,so2,3.0,2019-07-23T03:00:00+00:00
6973,12.920984,77.584908,so2,3.3,2019-07-23T03:15:00+00:00
6973,12.920984,77.584908,so2,3.4,2019-07-23T03:30:00+00:00
6973,12.920984,77.584908,so2,3.4,2019-07-23T03:45:00+00:00
6973,12.920984,77.584908,so2,3.6,2019-07-23T04:00:00+00:00
6973,12.920984,77.584908,so2,3.4,2019-07-23T04:15:00+00:00
6973,12.920984,77.584908,so2,3.4,2019-07-23T04:30:00+00:00
6973,12.920984,77.584908,so2,3.2,2019-07-23T04:45:00+00:00
6973,12.920984,77.584908,so2,3.3,2019-07-23T05:00:00+00:00
6973,12.920984,77.584908,so2,3.4,2019-07-23T05:15:00+00:00
6973,12.920984,77.584908,so2,3.2,2019-07-23T05:30:00+00:00
6973,12.920984,77.584908,so2,3.2,2019-07-23T05:45:00+00:00
6973,12.920984,77.584908,so2,3.1,2019-07-23T06:00:00+00:00
6973,12.920984,77.584908,so2,3.4,2019-07-23T06:30:00+00:00
6973,12.920984,77.584908,so2,3.6,2019-07-23T06:45:00+00:00
6973,12.920984,77.584908,so2,3.5,2019-07-23T07:00:00+00:00
6973,12.920984,77.584908,so2,3.7,2019-07-23T07:15:00+00:00
6973,12.920984,77.584908,so2,3.9,2019-07-23T07:30:00+00:00
6973,12.920984,77.584908,so2,3.6,2019-07-23T07:45:00+00:00
6973,12.920984,77.584908,so2,3.6,2019-07-23T08:00:00+00:00
6973,12.920984,77.584908,so2,3.6,2019-07-23T08:15:00+00:00
6973,12.920984,77.584908,so2,4.0,2019-07-23T08:30:00+00:00
6973,12.920984,77.584908,so2,4.0,2019-07-23T08:45:00+00:00
6973,12.920984,77.584908,so2,3.9,2019-07-23T09:00:00+00:00
6973,12.920984,77.584908,so2,3.7,2019-07-23T09:15:00+00:00
6973,12.920984,77.584908,so2,3.7,2019-07-23T09:30:00+00:00
6973,12.920984,77.584908,so2,3.8,2019-07-23T10:00:00+00:00
6973,12.920984,77.584908,so2,3.5,2019-07-23T10:30:00+00:00
6973,12.920984,77.584908,so2,3.4,2019-07-23T10:45:00+00:00
6973,12.920984,77.584908,so2,3.2,2019-07-23T11:45:00+00:00
6973,12.920984,77.584908,so2,3.2,2019-07-23T12:00:00+00:00
6973,12.920984,77.584908,so2,3.1,2019-07-23T12:15:00+00:00
6973,12.920984,77.584908,so2,3.1,2019-07-23T12:30:00+00:00
6973,12.920984,77.584908,so2,3.2,2019-07-23T12:45:00+00:00
6973,12.920984,77.584908,so2,3.1,2019-07-23T13:00:00+00:00
6973,12.920984,77.584908,so2,3.1,2019-07-23T13:15:00+00:00
6973,12.920984,77.584908,so2,3.2,2019-07-23T13:30:00+00:00
6973,12.920984,77.584908,so2,3.2,2019-07-23T13:45:00+00:00
6973,12.920984,77.584908,so2,3.1,2019-07-23T14:00:00+00:00
6973,12.920984,77.584908,so2,3.2,2019-07-23T14:30:00+00:00
6973,12.920984,77.584908,so2,3.3,2019-07-23T14:45:00+00:00
6973,12.920984,77.584908,so2,3.3,2019-07-23T15:00:00+00:00
6973,12.920984,77.584908,so2,3.5,2019-07-23T15:15:00+00:00
6973,12.920984,77.584908,so2,3.5,2019-07-23T15:30:00+00:00
6973,12.920984,77.584908,so2,3.4,2019-07-23T15:45:00+00:00
6973,12.920984,77.584908,so2,3.3,2019-07-23T16:00:00+00:00
6973,12.920984,77.584908,so2,3.4,2019-07-23T16:15:00+00:00
6973,12.920984,77.584908,so2,3.2,2019-07-23T16:30:00+00:00
6973,12.920984,77.584908,so2,3.1,2019-07-23T16:45:00+00:00
6973,12.920984,77.584908,so2,3.2,2019-07-23T17:00:00+00:00
6973,12.920984,77.584908,so2,3.1,2019-07-23T17:15:00+00:00
6973,12.920984,77.584908,so2,3.1,2019-07-23T17:30:00+00:00
6973,12.920984,77.584908,so2,3.1,2019-07-23T17:45:00+00:00
6973,12.920984,77.584908,so2,2.9,2019-07-23T18:00:00+00:00
6973,12.920984,77.584908,so2,3.1,2019-07-23T18:30:00+00:00
6975,12.917348,77.622813,pm10,110.0,2019-07-16T18:45:00+00:00
6975,12.917348,77.622813,pm10,110.0,2019-07-16T19:00:00+00:00
6975,12.917348,77.622813,pm10,92.0,2019-07-16T19:30:00+00:00
6975,12.917348,77.622813,pm10,92.0,2019-07-16T19:45:00+00:00
6975,12.917348,77.622813,pm10,92.0,2019-07-16T20:00:00+00:00
6975,12.917348,77.622813,pm10,81.0,2019-07-16T20:15:00+00:00
6975,12.917348,77.622813,pm10,81.0,2019-07-16T20:30:00+00:00
6975,12.917348,77.622813,pm10,81.0,2019-07-16T20:45:00+00:00
6975,12.917348,77.622813,pm10,81.0,2019-07-16T21:00:00+00:00
6975,12.917348,77.622813,pm10,67.0,2019-07-16T21:15:00+00:00
6975,12.917348,77.622813,pm10,67.0,2019-07-16T21:30:00+00:00
6975,12.917348,77.622813,pm10,67.0,2019-07-16T21:45:00+00:00
6975,12.917348,77.622813,pm10,67.0,2019-07-16T22:00:00+00:00
6975,12.917348,77.622813,pm10,57.0,2019-07-16T22:15:00+00:00
6975,12.917348,77.622813,pm10,57.0,2019-07-16T22:30:00+00:00
6975,12.917348,77.622813,pm10,57.0,2019-07-16T22:45:00+00:00
6975,12.917348,77.622813,pm10,57.0,2019-07-16T23:00:00+00:00
6975,12.917348,77.622813,pm10,50.0,2019-07-16T23:15:00+00:00
6975,12.917348,77.622813,pm10,50.0,2019-07-16T23:30:00+00:00
6975,12.917348,77.622813,pm10,50.0,2019-07-16T23:45:00+00:00
6975,12.917348,77.622813,pm10,50.0,2019-07-17T00:00:00+00:00
6975,12.917348,77.622813,pm10,69.0,2019-07-17T00:15:00+00:00
6975,12.917348,77.622813,pm10,69.0,2019-07-17T00:30:00+00:00
6975,12.917348,77.622813,pm10,69.0,2019-07-17T00:45:00+00:00
6975,12.917348,77.622813,pm10,69.0,2019-07-17T01:00:00+00:00
6975,12.917348,77.622813,pm10,90.0,2019-07-17T01:15:00+00:00
6975,12.917348,77.622813,pm10,90.0,2019-07-17T01:30:00+00:00
6975,12.917348,77.622813,pm10,90.0,2019-07-17T01:45:00+00:00
6975,12.917348,77.622813,pm10,90.0,2019-07-17T02:00:00+00:00
6975,12.917348,77.622813,pm10,96.0,2019-07-17T02:15:00+00:00
6975,12.917348,77.622813,pm10,96.0,2019-07-17T02:30:00+00:00
6975,12.917348,77.622813,pm10,96.0,2019-07-17T02:45:00+00:00
6975,12.917348,77.622813,pm10,96.0,2019-07-17T03:00:00+00:00
6975,12.917348,77.622813,pm10,85.0,2019-07-17T03:15:00+00:00
6975,12.917348,77.622813,pm10,85.0,2019-07-17T03:30:00+00:00
6975,12.917348,77.622813,pm10,85.0,2019-07-17T04:00:00+00:00
6975,12.917348,77.622813,pm10,85.0,2019-07-17T04:15:00+00:00
6975,12.917348,77.622813,pm10,85.0,2019-07-17T04:30:00+00:00
6975,12.917348,77.622813,pm10,85.0,2019-07-17T05:00:00+00:00
6975,12.917348,77.622813,pm10,100.0,2019-07-17T05:15:00+00:00
6975,12.917348,77.622813,pm10,100.0,2019-07-17T05:30:00+00:00
6975,12.917348,77.622813,pm10,100.0,2019-07-17T05:45:00+00:00
6975,12.917348,77.622813,pm10,100.0,2019-07-17T06:00:00+00:00
6975,12.917348,77.622813,pm10,72.0,2019-07-17T06:15:00+00:00
6975,12.917348,77.622813,pm10,72.0,2019-07-17T06:30:00+00:00
6975,12.917348,77.622813,pm10,72.0,2019-07-17T06:45:00+00:00
6975,12.917348,77.622813,pm10,72.0,2019-07-17T07:00:00+00:00
6975,12.917348,77.622813,pm10,66.0,2019-07-17T07:15:00+00:00
6975,12.917348,77.622813,pm10,66.0,2019-07-17T07:45:00+00:00
6975,12.917348,77.622813,pm10,66.0,2019-07-17T08:00:00+00:00
6975,12.917348,77.622813,pm10,79.0,2019-07-17T08:15:00+00:00
6975,12.917348,77.622813,pm10,79.0,2019-07-17T08:45:00+00:00
6975,12.917348,77.622813,pm10,68.0,2019-07-17T09:15:00+00:00
6975,12.917348,77.622813,pm10,68.0,2019-07-17T09:45:00+00:00
6975,12.917348,77.622813,pm10,68.0,2019-07-17T10:00:00+00:00
6975,12.917348,77.622813,pm10,91.0,2019-07-17T10:15:00+00:00
6975,12.917348,77.622813,pm10,91.0,2019-07-17T10:45:00+00:00
6975,12.917348,77.622813,pm10,91.0,2019-07-17T11:00:00+00:00
6975,12.917348,77.622813,pm10,105.0,2019-07-17T12:00:00+00:00
6975,12.917348,77.622813,pm10,94.0,2019-07-17T12:30:00+00:00
6975,12.917348,77.622813,pm10,94.0,2019-07-17T12:45:00+00:00
6975,12.917348,77.622813,pm10,94.0,2019-07-17T13:00:00+00:00
6975,12.917348,77.622813,pm10,130.0,2019-07-17T13:15:00+00:00
6975,12.917348,77.622813,pm10,130.0,2019-07-17T13:30:00+00:00
6975,12.917348,77.622813,pm10,130.0,2019-07-17T13:45:00+00:00
6975,12.917348,77.622813,pm10,130.0,2019-07-17T14:00:00+00:00
6975,12.917348,77.622813,pm10,132.0,2019-07-17T14:15:00+00:00
6975,12.917348,77.622813,pm10,132.0,2019-07-17T14:30:00+00:00
6975,12.917348,77.622813,pm10,132.0,2019-07-17T14:45:00+00:00
6975,12.917348,77.622813,pm10,132.0,2019-07-17T15:00:00+00:00
6975,12.917348,77.622813,pm10,81.0,2019-07-17T15:15:00+00:00
6975,12.917348,77.622813,pm10,81.0,2019-07-17T15:30:00+00:00
6975,12.917348,77.622813,pm10,81.0,2019-07-17T15:45:00+00:00
6975,12.917348,77.622813,pm10,81.0,2019-07-17T16:00:00+00:00
6975,12.917348,77.622813,pm10,106.0,2019-07-17T16:15:00+00:00
6975,12.917348,77.622813,pm10,106.0,2019-07-17T16:30:00+00:00
6975,12.917348,77.622813,pm10,106.0,2019-07-17T16:45:00+00:00
6975,12.917348,77.622813,pm10,106.0,2019-07-17T17:00:00+00:00
6975,12.917348,77.622813,pm10,56.0,2019-07-17T17:15:00+00:00
6975,12.917348,77.622813,pm10,56.0,2019-07-17T17:30:00+00:00
6975,12.917348,77.622813,pm10,56.0,2019-07-17T17:45:00+00:00
6975,12.917348,77.622813,pm10,56.0,2019-07-17T18:00:00+00:00
6975,12.917348,77.622813,pm10,38.0,2019-07-17T18:15:00+00:00
6975,12.917348,77.622813,pm10,38.0,2019-07-17T18:30:00+00:00
6975,12.917348,77.622813,pm25,25.0,2019-07-16T18:45:00+00:00
6975,12.917348,77.622813,pm25,25.0,2019-07-16T19:00:00+00:00
6975,12.917348,77.622813,pm25,18.0,2019-07-16T19:30:00+00:00
6975,12.917348,77.622813,pm25,18.0,2019-07-16T19:45:00+00:00
6975,12.917348,77.622813,pm25,18.0,2019-07-16T20:00:00+00:00
6975,12.917348,77.622813,pm25,25.0,2019-07-16T20:15:00+00:00
6975,12.917348,77.622813,pm25,25.0,2019-07-16T20:30:00+00:00
6975,12.917348,77.622813,pm25,25.0,2019-07-16T20:45:00+00:00
6975,12.917348,77.622813,pm25,25.0,2019-07-16T21:00:00+00:00
6975,12.917348,77.622813,pm25,22.0,2019-07-16T21:15:00+00:00
6975,12.917348,77.622813,pm25,22.0,2019-07-16T21:30:00+00:00
6975,12.917348,77.622813,pm25,22.0,2019-07-16T21:45:00+00:00
6975,12.917348,77.622813,pm25,22.0,2019-07-16T22:00:00+00:00
6975,12.917348,77.622813,pm25,17.0,2019-07-16T22:15:00+00:00
6975,12.917348,77.622813,pm25,17.0,2019-07-16T22:30:00+00:00
6975,12.917348,77.622813,pm25,17.0,2019-07-16T22:45:00+00:00
6975,12.917348,77.622813,pm25,17.0,2019-07-16T23:00:00+00:00
6975,12.917348,77.622813,pm25,7.0,2019-07-16T23:15:00+00:00
6975,12.917348,77.622813,pm25,7.0,2019-07-16T23:30:00+00:00
6975,12.917348,77.622813,pm25,7.0,2019-07-16T23:45:00+00:00
6975,12.917348,77.622813,pm25,7.0,2019-07-17T00:00:00+00:00
6975,12.917348,77.622813,pm25,19.0,2019-07-17T00:15:00+00:00
6975,12.917348,77.622813,pm25,19.0,2019-07-17T00:30:00+00:00
6975,12.917348,77.622813,pm25,19.0,2019-07-17T00:45:00+00:00
6975,12.917348,77.622813,pm25,19.0,2019-07-17T01:00:00+00:00
6975,12.917348,77.622813,pm25,35.0,2019-07-17T01:15:00+00:00
6975,12.917348,77.622813,pm25,35.0,2019-07-17T01:30:00+00:00
6975,12.917348,77.622813,pm25,35.0,2019-07-17T01:45:00+00:00
6975,12.917348,77.622813,pm25,35.0,2019-07-17T02:00:00+00:00
6975,12.917348,77.622813,pm25,28.0,2019-07-17T02:15:00+00:00
6975,12.917348,77.622813,pm25,28.0,2019-07-17T02:30:00+00:00
6975,12.917348,77.622813,pm25,28.0,2019-07-17T02:45:00+00:00
6975,12.917348,77.622813,pm25,28.0,2019-07-17T03:00:00+00:00
6975,12.917348,77.622813,pm25,29.0,2019-07-17T03:15:00+00:00
6975,12.917348,77.622813,pm25,29.0,2019-07-17T03:30:00+00:00
6975,12.917348,77.622813,pm25,29.0,2019-07-17T04:00:00+00:00
6975,12.917348,77.622813,pm25,25.0,2019-07-17T04:15:00+00:00
6975,12.917348,77.622813,pm25,25.0,2019-07-17T04:30:00+00:00
6975,12.917348,77.622813,pm25,25.0,2019-07-17T05:00:00+00:00
6975,12.917348,77.622813,pm25,27.0,2019-07-17T05:15:00+00:00
6975,12.917348,77.622813,pm25,27.0,2019-07-17T05:30:00+00:00
6975,12.917348,77.622813,pm25,27.0,2019-07-17T05:45:00+00:00
6975,12.917348,77.622813,pm25,27.0,2019-07-17T06:00:00+00:00
6975,12.917348,77.622813,pm25,28.0,2019-07-17T06:15:00+00:00
6975,12.917348,77.622813,pm25,28.0,2019-07-17T06:30:00+00:00
6975,12.917348,77.622813,pm25,28.0,2019-07-17T06:45:00+00:00
6975,12.917348,77.622813,pm25,28.0,2019-07-17T07:00:00+00:00
6975,12.917348,77.622813,pm25,20.0,2019-07-17T07:15:00+00:00
6975,12.917348,77.622813,pm25,20.0,2019-07-17T07:45:00+00:00
6975,12.917348,77.622813,pm25,20.0,2019-07-17T08:00:00+00:00
6975,12.917348,77.622813,pm25,29.0,2019-07-17T08:15:00+00:00
6975,12.917348,77.622813,pm25,29.0,2019-07-17T08:45:00+00:00
6975,12.917348,77.622813,pm25,28.0,2019-07-17T09:15:00+00:00
6975,12.917348,77.622813,pm25,28.0,2019-07-17T09:45:00+00:00
6975,12.917348,77.622813,pm25,28.0,2019-07-17T10:00:00+00:00
6975,12.917348,77.622813,pm25,27.0,2019-07-17T10:15:00+00:00
6975,12.917348,77.622813,pm25,27.0,2019-07-17T10:45:00+00:00
6975,12.917348,77.622813,pm25,27.0,2019-07-17T11:00:00+00:00
6975,12.917348,77.622813,pm25,33.0,2019-07-17T12:00:00+00:00
6975,12.917348,77.622813,pm25,34.0,2019-07-17T12:30:00+00:00
6975,12.917348,77.622813,pm25,34.0,2019-07-17T12:45:00+00:00
6975,12.917348,77.622813,pm25,34.0,2019-07-17T13:00:00+00:00
6975,12.917348,77.622813,pm25,36.0,2019-07-17T13:15:00+00:00
6975,12.917348,77.622813,pm25,36.0,2019-07-17T13:30:00+00:00
6975,12.917348,77.622813,pm25,36.0,2019-07-17T13:45:00+00:00
6975,12.917348,77.622813,pm25,36.0,2019-07-17T14:00:00+00:00
6975,12.917348,77.622813,pm25,36.0,2019-07-17T14:15:00+00:00
6975,12.917348,77.622813,pm25,36.0,2019-07-17T14:30:00+00:00
6975,12.917348,77.622813,pm25,36.0,2019-07-17T14:45:00+00:00
6975,12.917348,77.622813,pm25,36.0,2019-07-17T15:00:00+00:00
6975,12.917348,77.622813,pm25,30.0,2019-07-17T15:15:00+00:00
6975,12.917348,77.622813,pm25,30.0,2019-07-17T15:30:00+00:00
6975,12.917348,77.622813,pm25,30.0,2019-07-17T15:45:00+00:00
6975,12.917348,77.622813,pm25,30.0,2019-07-17T16:00:00+00:00
6975,12.917348,77.622813,pm25,35.0,2019-07-17T16:15:00+00:00
6975,12.917348,77.622813,pm25,35.0,2019-07-17T16:30:00+00:00
6975,12.917348,77.622813,pm25,35.0,2019-07-17T16:45:00+00:00
6975,12.917348,77.622813,pm25,35.0,2019-07-17T17:00:00+00:00
6975,12.917348,77.622813,pm25,42.0,2019-07-17T17:15:00+00:00
6975,12.917348,77.622813,pm25,42.0,2019-07-17T17:30:00+00:00
6975,12.917348,77.622813,pm25,42.0,2019-07-17T17:45:00+00:00
6975,12.917348,77.622813,pm25,42.0,2019-07-17T18:00:00+00:00
6975,12.917348,77.622813,pm25,14.0,2019-07-17T18:15:00+00:00
6975,12.917348,77.622813,pm25,14.0,2019-07-17T18:30:00+00:00
6975,12.917348,77.622813,co,0.89,2019-07-16T18:45:00+00:00
6975,12.917348,77.622813,co,0.8,2019-07-16T19:00:00+00:00
6975,12.917348,77.622813,co,0.77,2019-07-16T19:15:00+00:00
6975,12.917348,77.622813,co,0.8,2019-07-16T19:30:00+00:00
6975,12.917348,77.622813,co,0.8,2019-07-16T19:45:00+00:00
6975,12.917348,77.622813,co,0.79,2019-07-16T20:00:00+00:00
6975,12.917348,77.622813,co,0.69,2019-07-16T20:15:00+00:00
6975,12.917348,77.622813,co,0.64,2019-07-16T20:30:00+00:00
6975,12.917348,77.622813,co,0.64,2019-07-16T20:45:00+00:00
6975,12.917348,77.622813,co,0.58,2019-07-16T21:00:00+00:00
6975,12.917348,77.622813,co,0.55,2019-07-16T21:15:00+00:00
6975,12.917348,77.622813,co,0.54,2019-07-16T21:30:00+00:00
6975,12.917348,77.622813,co,0.52,2019-07-16T21:45:00+00:00
6975,12.917348,77.622813,co,0.53,2019-07-16T22:00:00+00:00
6975,12.917348,77.622813,co,0.44,2019-07-16T23:15:00+00:00
6975,12.917348,77.622813,co,0.38,2019-07-16T23:30:00+00:00
6975,12.917348,77.622813,co,0.38,2019-07-16T23:45:00+00:00
6975,12.917348,77.622813,co,0.39,2019-07-17T00:00:00+00:00
6975,12.917348,77.622813,co,0.48,2019-07-17T00:15:00+00:00
6975,12.917348,77.622813,co,0.54,2019-07-17T00:30:00+00:00
6975,12.917348,77.622813,co,1.1,2019-07-17T01:00:00+00:00
6975,12.917348,77.622813,co,1.16,2019-07-17T01:15:00+00:00
6975,12.917348,77.622813,co,1.25,2019-07-17T01:30:00+00:00
6975,12.917348,77.622813,co,1.32,2019-07-17T01:45:00+00:00
6975,12.917348,77.622813,co,1.28,2019-07-17T02:00:00+00:00
6975,12.917348,77.622813,co,1.34,2019-07-17T02:15:00+00:00
6975,12.917348,77.622813,co,1.45,2019-07-17T02:30:00+00:00
6975,12.917348,77.622813,co,1.58,2019-07-17T02:45:00+00:00
6975,12.917348,77.622813,co,1.66,2019-07-17T03:00:00+00:00
6975,12.917348,77.622813,co,1.82,2019-07-17T03:15:00+00:00
6975,12.917348,77.622813,co,2.0,2019-07-17T03:30:00+00:00
6975,12.917348,77.622813,co,2.3,2019-07-17T04:00:00+00:00
6975,12.917348,77.622813,co,2.2,2019-07-17T04:15:00+00:00
6975,12.917348,77.622813,co,2.12,2019-07-17T04:30:00+00:00
6975,12.917348,77.622813,co,2.12,2019-07-17T05:00:00+00:00
6975,12.917348,77.622813,co,2.22,2019-07-17T05:15:00+00:00
6975,12.917348,77.622813,co,1.97,2019-07-17T05:30:00+00:00
6975,12.917348,77.622813,co,1.68,2019-07-17T05:45:00+00:00
6975,12.917348,77.622813,co,1.56,2019-07-17T06:15:00+00:00
6975,12.917348,77.622813,co,1.53,2019-07-17T06:30:00+00:00
6975,12.917348,77.622813,co,1.45,2019-07-17T06:45:00+00:00
6975,12.917348,77.622813,co,1.21,2019-07-17T07:00:00+00:00
6975,12.917348,77.622813,co,1.18,2019-07-17T07:15:00+00:00
6975,12.917348,77.622813,co,1.31,2019-07-17T07:30:00+00:00
6975,12.917348,77.622813,co,1.36,2019-07-17T07:45:00+00:00
6975,12.917348,77.622813,co,1.53,2019-07-17T08:00:00+00:00
6975,12.917348,77.622813,co,1.48,2019-07-17T08:45:00+00:00
6975,12.917348,77.622813,co,1.33,2019-07-17T09:15:00+00:00
6975,12.917348,77.622813,co,1.33,2019-07-17T09:30:00+00:00
6975,12.917348,77.622813,co,1.43,2019-07-17T09:45:00+00:00
6975,12.917348,77.622813,co,1.47,2019-07-17T10:00:00+00:00
6975,12.917348,77.622813,co,1.55,2019-07-17T10:15:00+00:00
6975,12.917348,77.622813,co,1.65,2019-07-17T10:45:00+00:00
6975,12.917348,77.622813,co,1.67,2019-07-17T11:00:00+00:00
6975,12.917348,77.622813,co,2.08,2019-07-17T12:00:00+00:00
6975,12.917348,77.622813,co,2.16,2019-07-17T12:15:00+00:00
6975,12.917348,77.622813,co,2.28,2019-07-17T12:30:00+00:00
6975,12.917348,77.622813,co,2.61,2019-07-17T12:45:00+00:00
6975,12.917348,77.622813,co,2.87,2019-07-17T13:00:00+00:00
6975,12.917348,77.622813,co,3.1,2019-07-17T13:15:00+00:00
6975,12.917348,77.622813,co,3.55,2019-07-17T13:30:00+00:00
6975,12.917348,77.622813,co,4.24,2019-07-17T14:00:00+00:00
6975,12.917348,77.622813,co,4.24,2019-07-17T14:15:00+00:00
6975,12.917348,77.622813,co,3.72,2019-07-17T14:30:00+00:00
6975,12.917348,77.622813,co,3.4,2019-07-17T14:45:00+00:00
6975,12.917348,77.622813,co,3.17,2019-07-17T15:00:00+00:00
6975,12.917348,77.622813,co,2.5,2019-07-17T15:15:00+00:00
6975,12.917348,77.622813,co,2.23,2019-07-17T15:30:00+00:00
6975,12.917348,77.622813,co,2.53,2019-07-17T15:45:00+00:00
6975,12.917348,77.622813,co,1.98,2019-07-17T16:00:00+00:00
6975,12.917348,77.622813,co,1.64,2019-07-17T16:15:00+00:00
6975,12.917348,77.622813,co,1.45,2019-07-17T16:30:00+00:00
6975,12.917348,77.622813,co,1.47,2019-07-17T16:45:00+00:00
6975,12.917348,77.622813,co,1.01,2019-07-17T17:00:00+00:00
6975,12.917348,77.622813,co,0.8,2019-07-17T17:15:00+00:00
6975,12.917348,77.622813,co,0.84,2019-07-17T17:30:00+00:00
6975,12.917348,77.622813,co,0.93,2019-07-17T17:45:00+00:00
6975,12.917348,77.622813,co,1.44,2019-07-17T18:30:00+00:00
6975,12.917348,77.622813,no2,44.9,2019-07-16T18:45:00+00:00
6975,12.917348,77.622813,no2,44.2,2019-07-16T19:00:00+00:00
6975,12.917348,77.622813,no2,43.8,2019-07-16T19:15:00+00:00
6975,12.917348,77.622813,no2,39.1,2019-07-16T19:30:00+00:00
6975,12.917348,77.622813,no2,38.2,2019-07-16T19:45:00+00:00
6975,12.917348,77.622813,no2,37.0,2019-07-16T20:00:00+00:00
6975,12.917348,77.622813,no2,35.2,2019-07-16T20:15:00+00:00
6975,12.917348,77.622813,no2,34.2,2019-07-16T20:30:00+00:00
6975,12.917348,77.622813,no2,34.6,2019-07-16T20:45:00+00:00
6975,12.917348,77.622813,no2,38.0,2019-07-16T21:00:00+00:00
6975,12.917348,77.622813,no2,35.0,2019-07-16T21:15:00+00:00
6975,12.917348,77.622813,no2,32.9,2019-07-16T21:30:00+00:00
6975,12.917348,77.622813,no2,32.3,2019-07-16T21:45:00+00:00
6975,12.917348,77.622813,no2,32.5,2019-07-16T22:00:00+00:00
6975,12.917348,77.622813,no2,32.0,2019-07-16T22:15:00+00:00
6975,12.917348,77.622813,no2,31.6,2019-07-16T22:30:00+00:00
6975,12.917348,77.622813,no2,31.4,2019-07-16T22:45:00+00:00
6975,12.917348,77.622813,no2,31.8,2019-07-16T23:00:00+00:00
6975,12.917348,77.622813,no2,34.4,2019-07-17T00:00:00+00:00
6975,12.917348,77.622813,no2,41.7,2019-07-17T00:15:00+00:00
6975,12.917348,77.622813,no2,39.7,2019-07-17T00:30:00+00:00
6975,12.917348,77.622813,no2,41.0,2019-07-17T00:45:00+00:00
6975,12.917348,77.622813,no2,44.0,2019-07-17T01:00:00+00:00
6975,12.917348,77.622813,no2,44.2,2019-07-17T01:15:00+00:00
6975,12.917348,77.622813,no2,45.9,2019-07-17T01:30:00+00:00
6975,12.917348,77.622813,no2,45.9,2019-07-17T01:45:00+00:00
6975,12.917348,77.622813,no2,45.9,2019-07-17T02:00:00+00:00
6975,12.917348,77.622813,no2,45.9,2019-07-17T02:15:00+00:00
6975,12.917348,77.622813,no2,47.0,2019-07-17T02:30:00+00:00
6975,12.917348,77.622813,no2,46.1,2019-07-17T02:45:00+00:00
6975,12.917348,77.622813,no2,45.7,2019-07-17T03:00:00+00:00
6975,12.917348,77.622813,no2,46.8,2019-07-17T03:15:00+00:00
6975,12.917348,77.622813,no2,47.4,2019-07-17T03:30:00+00:00
6975,12.917348,77.622813,no2,46.4,2019-07-17T04:00:00+00:00
6975,12.917348,77.622813,no2,45.7,2019-07-17T04:15:00+00:00
6975,12.917348,77.622813,no2,47.0,2019-07-17T04:30:00+00:00
6975,12.917348,77.622813,no2,51.5,2019-07-17T05:00:00+00:00
6975,12.917348,77.622813,no2,52.1,2019-07-17T05:15:00+00:00
6975,12.917348,77.622813,no2,51.1,2019-07-17T05:30:00+00:00
6975,12.917348,77.622813,no2,51.5,2019-07-17T05:45:00+00:00
6975,12.917348,77.622813,no2,52.3,2019-07-17T06:00:00+00:00
6975,12.917348,77.622813,no2,54.5,2019-07-17T06:15:00+00:00
6975,12.917348,77.622813,no2,55.3,2019-07-17T06:30:00+00:00
6975,12.917348,77.622813,no2,53.8,2019-07-17T06:45:00+00:00
6975,12.917348,77.622813,no2,52.1,2019-07-17T07:00:00+00:00
6975,12.917348,77.622813,no2,53.4,2019-07-17T07:15:00+00:00
6975,12.917348,77.622813,no2,57.0,2019-07-17T07:30:00+00:00
6975,12.917348,77.622813,no2,59.6,2019-07-17T07:45:00+00:00
6975,12.917348,77.622813,no2,60.3,2019-07-17T08:00:00+00:00
6975,12.917348,77.622813,no2,61.5,2019-07-17T08:15:00+00:00
6975,12.917348,77.622813,no2,65.0,2019-07-17T08:45:00+00:00
6975,12.917348,77.622813,no2,64.9,2019-07-17T09:15:00+00:00
6975,12.917348,77.622813,no2,64.5,2019-07-17T09:30:00+00:00
6975,12.917348,77.622813,no2,64.9,2019-07-17T09:45:00+00:00
6975,12.917348,77.622813,no2,64.9,2019-07-17T10:00:00+00:00
6975,12.917348,77.622813,no2,65.4,2019-07-17T10:15:00+00:00
6975,12.917348,77.622813,no2,63.7,2019-07-17T10:45:00+00:00
6975,12.917348,77.622813,no2,64.9,2019-07-17T11:00:00+00:00
6975,12.917348,77.622813,no2,59.6,2019-07-17T12:00:00+00:00
6975,12.917348,77.622813,no2,54.7,2019-07-17T12:15:00+00:00
6975,12.917348,77.622813,no2,55.6,2019-07-17T12:30:00+00:00
6975,12.917348,77.622813,no2,60.3,2019-07-17T12:45:00+00:00
6975,12.917348,77.622813,no2,62.0,2019-07-17T13:00:00+00:00
6975,12.917348,77.622813,no2,63.2,2019-07-17T13:15:00+00:00
6975,12.917348,77.622813,no2,64.7,2019-07-17T13:30:00+00:00
6975,12.917348,77.622813,no2,65.6,2019-07-17T13:45:00+00:00
6975,12.917348,77.622813,no2,65.8,2019-07-17T14:00:00+00:00
6975,12.917348,77.622813,no2,66.6,2019-07-17T14:15:00+00:00
6975,12.917348,77.622813,no2,66.7,2019-07-17T14:30:00+00:00
6975,12.917348,77.622813,no2,66.4,2019-07-17T14:45:00+00:00
6975,12.917348,77.622813,no2,66.7,2019-07-17T15:00:00+00:00
6975,12.917348,77.622813,no2,53.6,2019-07-17T15:15:00+00:00
6975,12.917348,77.622813,no2,59.4,2019-07-17T15:30:00+00:00
6975,12.917348,77.622813,no2,60.3,2019-07-17T15:45:00+00:00
6975,12.917348,77.622813,no2,55.6,2019-07-17T16:00:00+00:00
6975,12.917348,77.622813,no2,46.1,2019-07-17T16:15:00+00:00
6975,12.917348,77.622813,no2,54.1,2019-07-17T16:30:00+00:00
6975,12.917348,77.622813,no2,57.5,2019-07-17T16:45:00+00:00
6975,12.917348,77.622813,no2,46.1,2019-07-17T17:00:00+00:00
6975,12.917348,77.622813,no2,54.5,2019-07-17T17:15:00+00:00
6975,12.917348,77.622813,no2,55.3,2019-07-17T17:30:00+00:00
6975,12.917348,77.622813,no2,52.3,2019-07-17T17:45:00+00:00
6975,12.917348,77.622813,no2,50.6,2019-07-17T18:00:00+00:00
6975,12.917348,77.622813,no2,49.8,2019-07-17T18:15:00+00:00
6975,12.917348,77.622813,no2,48.1,2019-07-17T18:30:00+00:00
6975,12.917348,77.622813,so2,2.4,2019-07-16T18:45:00+00:00
6975,12.917348,77.622813,so2,2.1,2019-07-16T19:00:00+00:00
6975,12.917348,77.622813,so2,0.5,2019-07-16T19:15:00+00:00
6975,12.917348,77.622813,so2,0.5,2019-07-16T19:30:00+00:00
6975,12.917348,77.622813,so2,0.5,2019-07-16T19:45:00+00:00
6975,12.917348,77.622813,so2,1.3,2019-07-16T20:00:00+00:00
6975,12.917348,77.622813,so2,2.4,2019-07-16T20:30:00+00:00
6975,12.917348,77.622813,so2,3.1,2019-07-16T20:45:00+00:00
6975,12.917348,77.622813,so2,3.7,2019-07-16T21:00:00+00:00
6975,12.917348,77.622813,so2,3.9,2019-07-16T21:15:00+00:00
6975,12.917348,77.622813,so2,3.9,2019-07-16T21:30:00+00:00
6975,12.917348,77.622813,so2,3.9,2019-07-16T21:45:00+00:00
6975,12.917348,77.622813,so2,3.9,2019-07-16T22:00:00+00:00
6975,12.917348,77.622813,so2,3.4,2019-07-16T22:30:00+00:00
6975,12.917348,77.622813,so2,4.5,2019-07-16T22:45:00+00:00
6975,12.917348,77.622813,so2,4.5,2019-07-16T23:00:00+00:00
6975,12.917348,77.622813,so2,4.5,2019-07-16T23:15:00+00:00
6975,12.917348,77.622813,so2,4.5,2019-07-16T23:30:00+00:00
6975,12.917348,77.622813,so2,4.7,2019-07-16T23:45:00+00:00
6975,12.917348,77.622813,so2,4.7,2019-07-17T00:00:00+00:00
6975,12.917348,77.622813,so2,7.3,2019-07-17T01:00:00+00:00
6975,12.917348,77.622813,so2,7.3,2019-07-17T01:15:00+00:00
6975,12.917348,77.622813,so2,7.3,2019-07-17T01:30:00+00:00
6975,12.917348,77.622813,so2,7.3,2019-07-17T01:45:00+00:00
6975,12.917348,77.622813,so2,6.6,2019-07-17T02:00:00+00:00
6975,12.917348,77.622813,so2,7.3,2019-07-17T02:30:00+00:00
6975,12.917348,77.622813,so2,7.1,2019-07-17T02:45:00+00:00
6975,12.917348,77.622813,so2,3.9,2019-07-17T03:00:00+00:00
6975,12.917348,77.622813,so2,4.5,2019-07-17T03:15:00+00:00
6975,12.917348,77.622813,so2,5.5,2019-07-17T03:30:00+00:00
6975,12.917348,77.622813,so2,5.5,2019-07-17T04:00:00+00:00
6975,12.917348,77.622813,so2,5.5,2019-07-17T04:30:00+00:00
6975,12.917348,77.622813,so2,6.0,2019-07-17T05:00:00+00:00
6975,12.917348,77.622813,so2,7.1,2019-07-17T05:15:00+00:00
6975,12.917348,77.622813,so2,5.8,2019-07-17T05:30:00+00:00
6975,12.917348,77.622813,so2,5.5,2019-07-17T05:45:00+00:00
6975,12.917348,77.622813,so2,5.0,2019-07-17T06:00:00+00:00
6975,12.917348,77.622813,so2,5.5,2019-07-17T06:30:00+00:00
6975,12.917348,77.622813,so2,6.3,2019-07-17T06:45:00+00:00
6975,12.917348,77.622813,so2,7.9,2019-07-17T07:00:00+00:00
6975,12.917348,77.622813,so2,7.9,2019-07-17T07:15:00+00:00
6975,12.917348,77.622813,so2,7.1,2019-07-17T07:30:00+00:00
6975,12.917348,77.622813,so2,7.1,2019-07-17T07:45:00+00:00
6975,12.917348,77.622813,so2,6.8,2019-07-17T08:00:00+00:00
6975,12.917348,77.622813,so2,5.5,2019-07-17T08:45:00+00:00
6975,12.917348,77.622813,so2,4.2,2019-07-17T09:15:00+00:00
6975,12.917348,77.622813,so2,4.5,2019-07-17T09:30:00+00:00
6975,12.917348,77.622813,so2,4.5,2019-07-17T09:45:00+00:00
6975,12.917348,77.622813,so2,4.2,2019-07-17T10:00:00+00:00
6975,12.917348,77.622813,so2,6.0,2019-07-17T10:45:00+00:00
6975,12.917348,77.622813,so2,6.0,2019-07-17T11:00:00+00:00
6975,12.917348,77.622813,so2,6.8,2019-07-17T12:00:00+00:00
6975,12.917348,77.622813,so2,6.3,2019-07-17T12:30:00+00:00
6975,12.917348,77.622813,so2,5.8,2019-07-17T12:45:00+00:00
6975,12.917348,77.622813,so2,5.8,2019-07-17T13:00:00+00:00
6975,12.917348,77.622813,so2,5.8,2019-07-17T13:15:00+00:00
6975,12.917348,77.622813,so2,6.6,2019-07-17T13:30:00+00:00
6975,12.917348,77.622813,so2,7.1,2019-07-17T13:45:00+00:00
6975,12.917348,77.622813,so2,6.8,2019-07-17T14:00:00+00:00
6975,12.917348,77.622813,so2,6.3,2019-07-17T14:30:00+00:00
6975,12.917348,77.622813,so2,4.7,2019-07-17T14:45:00+00:00
6975,12.917348,77.622813,so2,4.2,2019-07-17T15:00:00+00:00
6975,12.917348,77.622813,so2,4.2,2019-07-17T15:15:00+00:00
6975,12.917348,77.622813,so2,3.7,2019-07-17T15:30:00+00:00
6975,12.917348,77.622813,so2,4.5,2019-07-17T15:45:00+00:00
6975,12.917348,77.622813,so2,5.8,2019-07-17T16:00:00+00:00
6975,12.917348,77.622813,so2,5.5,2019-07-17T16:30:00+00:00
6975,12.917348,77.622813,so2,5.0,2019-07-17T16:45:00+00:00
6975,12.917348,77.622813,so2,4.2,2019-07-17T17:00:00+00:00
6975,12.917348,77.622813,so2,3.7,2019-07-17T17:15:00+00:00
6975,12.917348,77.622813,so2,3.9,2019-07-17T17:30:00+00:00
6975,12.917348,77.622813,so2,3.9,2019-07-17T17:45:00+00:00
6975,12.917348,77.622813,so2,3.9,2019-07-17T18:00:00+00:00
6975,12.917348,77.622813,so2,4.5,2019-07-17T18:30:00+00:00
6975,12.917348,77.622813,pm10,38.0,2019-07-17T18:45:00+00:00
6975,12.917348,77.622813,pm10,38.0,2019-07-17T19:00:00+00:00
6975,12.917348,77.622813,pm10,41.0,2019-07-17T19:15:00+00:00
6975,12.917348,77.622813,pm10,41.0,2019-07-17T19:30:00+00:00
6975,12.917348,77.622813,pm10,41.0,2019-07-17T19:45:00+00:00
6975,12.917348,77.622813,pm10,41.0,2019-07-17T20:00:00+00:00
6975,12.917348,77.622813,pm10,33.0,2019-07-17T20:15:00+00:00
6975,12.917348,77.622813,pm10,33.0,2019-07-17T20:30:00+00:00
6975,12.917348,77.622813,pm10,33.0,2019-07-17T21:00:00+00:00
6975,12.917348,77.622813,pm10,33.0,2019-07-17T21:15:00+00:00
6975,12.917348,77.622813,pm10,42.0,2019-07-17T21:30:00+00:00
6975,12.917348,77.622813,pm10,42.0,2019-07-17T21:45:00+00:00
6975,12.917348,77.622813,pm10,42.0,2019-07-17T22:00:00+00:00
6975,12.917348,77.622813,pm10,42.0,2019-07-17T22:15:00+00:00
6975,12.917348,77.622813,pm10,51.0,2019-07-17T22:30:00+00:00
6975,12.917348,77.622813,pm10,51.0,2019-07-17T22:45:00+00:00
6975,12.917348,77.622813,pm10,51.0,2019-07-17T23:00:00+00:00
6975,12.917348,77.622813,pm10,51.0,2019-07-17T23:15:00+00:00
6975,12.917348,77.622813,pm10,57.0,2019-07-17T23:30:00+00:00
6975,12.917348,77.622813,pm10,57.0,2019-07-17T23:45:00+00:00
6975,12.917348,77.622813,pm10,57.0,2019-07-18T00:00:00+00:00
6975,12.917348,77.622813,pm10,57.0,2019-07-18T00:15:00+00:00
6975,12.917348,77.622813,pm10,75.0,2019-07-18T00:30:00+00:00
6975,12.917348,77.622813,pm10,75.0,2019-07-18T00:45:00+00:00
6975,12.917348,77.622813,pm10,75.0,2019-07-18T01:00:00+00:00
6975,12.917348,77.622813,pm10,75.0,2019-07-18T01:15:00+00:00
6975,12.917348,77.622813,pm10,92.0,2019-07-18T01:30:00+00:00
6975,12.917348,77.622813,pm10,92.0,2019-07-18T01:45:00+00:00
6975,12.917348,77.622813,pm10,92.0,2019-07-18T02:00:00+00:00
6975,12.917348,77.622813,pm10,92.0,2019-07-18T02:15:00+00:00
6975,12.917348,77.622813,pm10,116.0,2019-07-18T02:30:00+00:00
6975,12.917348,77.622813,pm10,116.0,2019-07-18T02:45:00+00:00
6975,12.917348,77.622813,pm10,116.0,2019-07-18T03:00:00+00:00
6975,12.917348,77.622813,pm10,116.0,2019-07-18T03:15:00+00:00
6975,12.917348,77.622813,pm10,118.0,2019-07-18T03:30:00+00:00
6975,12.917348,77.622813,pm10,118.0,2019-07-18T03:45:00+00:00
6975,12.917348,77.622813,pm10,118.0,2019-07-18T04:00:00+00:00
6975,12.917348,77.622813,pm10,118.0,2019-07-18T04:15:00+00:00
6975,12.917348,77.622813,pm10,123.0,2019-07-18T04:30:00+00:00
6975,12.917348,77.622813,pm10,123.0,2019-07-18T04:45:00+00:00
6975,12.917348,77.622813,pm10,123.0,2019-07-18T05:00:00+00:00
6975,12.917348,77.622813,pm10,123.0,2019-07-18T05:15:00+00:00
6975,12.917348,77.622813,pm10,141.0,2019-07-18T05:30:00+00:00
6975,12.917348,77.622813,pm10,141.0,2019-07-18T05:45:00+00:00
6975,12.917348,77.622813,pm10,141.0,2019-07-18T06:15:00+00:00
6975,12.917348,77.622813,pm10,151.0,2019-07-18T06:30:00+00:00
6975,12.917348,77.622813,pm10,151.0,2019-07-18T07:00:00+00:00
6975,12.917348,77.622813,pm10,114.0,2019-07-18T07:15:00+00:00
6975,12.917348,77.622813,pm10,114.0,2019-07-18T07:45:00+00:00
6975,12.917348,77.622813,pm10,114.0,2019-07-18T08:00:00+00:00
6975,12.917348,77.622813,pm10,116.0,2019-07-18T08:15:00+00:00
6975,12.917348,77.622813,pm10,116.0,2019-07-18T08:30:00+00:00
6975,12.917348,77.622813,pm10,116.0,2019-07-18T08:45:00+00:00
6975,12.917348,77.622813,pm10,116.0,2019-07-18T09:00:00+00:00
6975,12.917348,77.622813,pm10,124.0,2019-07-18T09:15:00+00:00
6975,12.917348,77.622813,pm10,124.0,2019-07-18T09:30:00+00:00
6975,12.917348,77.622813,pm10,124.0,2019-07-18T10:00:00+00:00
6975,12.917348,77.622813,pm10,101.0,2019-07-18T10:15:00+00:00
6975,12.917348,77.622813,pm10,101.0,2019-07-18T10:30:00+00:00
6975,12.917348,77.622813,pm10,101.0,2019-07-18T10:45:00+00:00
6975,12.917348,77.622813,pm10,101.0,2019-07-18T11:00:00+00:00
6975,12.917348,77.622813,pm10,125.0,2019-07-18T11:15:00+00:00
6975,12.917348,77.622813,pm10,125.0,2019-07-18T11:30:00+00:00
6975,12.917348,77.622813,pm10,125.0,2019-07-18T11:45:00+00:00
6975,12.917348,77.622813,pm10,125.0,2019-07-18T12:00:00+00:00
6975,12.917348,77.622813,pm10,139.0,2019-07-18T12:15:00+00:00
6975,12.917348,77.622813,pm10,139.0,2019-07-18T12:30:00+00:00
6975,12.917348,77.622813,pm10,139.0,2019-07-18T12:45:00+00:00
6975,12.917348,77.622813,pm10,139.0,2019-07-18T13:00:00+00:00
6975,12.917348,77.622813,pm10,184.0,2019-07-18T13:15:00+00:00
6975,12.917348,77.622813,pm10,184.0,2019-07-18T13:30:00+00:00
6975,12.917348,77.622813,pm10,184.0,2019-07-18T13:45:00+00:00
6975,12.917348,77.622813,pm10,129.0,2019-07-18T14:15:00+00:00
6975,12.917348,77.622813,pm10,129.0,2019-07-18T14:30:00+00:00
6975,12.917348,77.622813,pm10,129.0,2019-07-18T14:45:00+00:00
6975,12.917348,77.622813,pm10,129.0,2019-07-18T15:00:00+00:00
6975,12.917348,77.622813,pm10,179.0,2019-07-18T15:15:00+00:00
6975,12.917348,77.622813,pm10,179.0,2019-07-18T15:30:00+00:00
6975,12.917348,77.622813,pm10,179.0,2019-07-18T15:45:00+00:00
6975,12.917348,77.622813,pm10,179.0,2019-07-18T16:00:00+00:00
6975,12.917348,77.622813,pm10,164.0,2019-07-18T16:30:00+00:00
6975,12.917348,77.622813,pm10,164.0,2019-07-18T17:00:00+00:00
6975,12.917348,77.622813,pm10,129.0,2019-07-18T17:15:00+00:00
6975,12.917348,77.622813,pm10,129.0,2019-07-18T17:30:00+00:00
6975,12.917348,77.622813,pm10,129.0,2019-07-18T17:45:00+00:00
6975,12.917348,77.622813,pm10,129.0,2019-07-18T18:00:00+00:00
6975,12.917348,77.622813,pm10,100.0,2019-07-18T18:15:00+00:00
6975,12.917348,77.622813,pm25,14.0,2019-07-17T18:45:00+00:00
6975,12.917348,77.622813,pm25,14.0,2019-07-17T19:00:00+00:00
6975,12.917348,77.622813,pm25,24.0,2019-07-17T19:15:00+00:00
6975,12.917348,77.622813,pm25,24.0,2019-07-17T19:30:00+00:00
6975,12.917348,77.622813,pm25,24.0,2019-07-17T19:45:00+00:00
6975,12.917348,77.622813,pm25,24.0,2019-07-17T20:00:00+00:00
6975,12.917348,77.622813,pm25,23.0,2019-07-17T20:15:00+00:00
6975,12.917348,77.622813,pm25,23.0,2019-07-17T20:30:00+00:00
6975,12.917348,77.622813,pm25,23.0,2019-07-17T21:00:00+00:00
6975,12.917348,77.622813,pm25,23.0,2019-07-17T21:15:00+00:00
6975,12.917348,77.622813,pm25,20.0,2019-07-17T21:30:00+00:00
6975,12.917348,77.622813,pm25,20.0,2019-07-17T21:45:00+00:00
6975,12.917348,77.622813,pm25,20.0,2019-07-17T22:00:00+00:00
6975,12.917348,77.622813,pm25,20.0,2019-07-17T22:15:00+00:00
6975,12.917348,77.622813,pm25,22.0,2019-07-17T22:30:00+00:00
6975,12.917348,77.622813,pm25,22.0,2019-07-17T22:45:00+00:00
6975,12.917348,77.622813,pm25,22.0,2019-07-17T23:00:00+00:00
6975,12.917348,77.622813,pm25,22.0,2019-07-17T23:15:00+00:00
6975,12.917348,77.622813,pm25,16.0,2019-07-17T23:30:00+00:00
6975,12.917348,77.622813,pm25,16.0,2019-07-17T23:45:00+00:00
6975,12.917348,77.622813,pm25,16.0,2019-07-18T00:00:00+00:00
6975,12.917348,77.622813,pm25,16.0,2019-07-18T00:15:00+00:00
6975,12.917348,77.622813,pm25,28.0,2019-07-18T00:30:00+00:00
6975,12.917348,77.622813,pm25,28.0,2019-07-18T00:45:00+00:00
6975,12.917348,77.622813,pm25,28.0,2019-07-18T01:00:00+00:00
6975,12.917348,77.622813,pm25,28.0,2019-07-18T01:15:00+00:00
6975,12.917348,77.622813,pm25,35.0,2019-07-18T01:30:00+00:00
6975,12.917348,77.622813,pm25,35.0,2019-07-18T01:45:00+00:00
6975,12.917348,77.622813,pm25,35.0,2019-07-18T02:00:00+00:00
6975,12.917348,77.622813,pm25,35.0,2019-07-18T02:15:00+00:00
6975,12.917348,77.622813,pm25,44.0,2019-07-18T02:30:00+00:00
6975,12.917348,77.622813,pm25,44.0,2019-07-18T02:45:00+00:00
6975,12.917348,77.622813,pm25,44.0,2019-07-18T03:00:00+00:00
6975,12.917348,77.622813,pm25,44.0,2019-07-18T03:15:00+00:00
6975,12.917348,77.622813,pm25,39.0,2019-07-18T03:30:00+00:00
6975,12.917348,77.622813,pm25,39.0,2019-07-18T03:45:00+00:00
6975,12.917348,77.622813,pm25,39.0,2019-07-18T04:00:00+00:00
6975,12.917348,77.622813,pm25,39.0,2019-07-18T04:15:00+00:00
6975,12.917348,77.622813,pm25,31.0,2019-07-18T04:30:00+00:00
6975,12.917348,77.622813,pm25,31.0,2019-07-18T04:45:00+00:00
6975,12.917348,77.622813,pm25,31.0,2019-07-18T05:00:00+00:00
6975,12.917348,77.622813,pm25,31.0,2019-07-18T05:15:00+00:00
6975,12.917348,77.622813,pm25,29.0,2019-07-18T05:30:00+00:00
6975,12.917348,77.622813,pm25,29.0,2019-07-18T05:45:00+00:00
6975,12.917348,77.622813,pm25,29.0,2019-07-18T06:00:00+00:00
6975,12.917348,77.622813,pm25,29.0,2019-07-18T06:15:00+00:00
6975,12.917348,77.622813,pm25,38.0,2019-07-18T06:30:00+00:00
6975,12.917348,77.622813,pm25,38.0,2019-07-18T07:00:00+00:00
6975,12.917348,77.622813,pm25,41.0,2019-07-18T07:15:00+00:00
6975,12.917348,77.622813,pm25,41.0,2019-07-18T07:45:00+00:00
6975,12.917348,77.622813,pm25,41.0,2019-07-18T08:00:00+00:00
6975,12.917348,77.622813,pm25,28.0,2019-07-18T08:15:00+00:00
6975,12.917348,77.622813,pm25,28.0,2019-07-18T08:30:00+00:00
6975,12.917348,77.622813,pm25,28.0,2019-07-18T08:45:00+00:00
6975,12.917348,77.622813,pm25,28.0,2019-07-18T09:00:00+00:00
6975,12.917348,77.622813,pm25,27.0,2019-07-18T09:30:00+00:00
6975,12.917348,77.622813,pm25,27.0,2019-07-18T10:00:00+00:00
6975,12.917348,77.622813,pm25,34.0,2019-07-18T10:15:00+00:00
6975,12.917348,77.622813,pm25,34.0,2019-07-18T10:30:00+00:00
6975,12.917348,77.622813,pm25,34.0,2019-07-18T10:45:00+00:00
6975,12.917348,77.622813,pm25,34.0,2019-07-18T11:00:00+00:00
6975,12.917348,77.622813,pm25,35.0,2019-07-18T11:15:00+00:00
6975,12.917348,77.622813,pm25,35.0,2019-07-18T11:30:00+00:00
6975,12.917348,77.622813,pm25,35.0,2019-07-18T11:45:00+00:00
6975,12.917348,77.622813,pm25,35.0,2019-07-18T12:00:00+00:00
6975,12.917348,77.622813,pm25,38.0,2019-07-18T12:15:00+00:00
6975,12.917348,77.622813,pm25,38.0,2019-07-18T12:30:00+00:00
6975,12.917348,77.622813,pm25,38.0,2019-07-18T12:45:00+00:00
6975,12.917348,77.622813,pm25,38.0,2019-07-18T13:00:00+00:00
6975,12.917348,77.622813,pm25,57.0,2019-07-18T13:15:00+00:00
6975,12.917348,77.622813,pm25,57.0,2019-07-18T13:30:00+00:00
6975,12.917348,77.622813,pm25,57.0,2019-07-18T13:45:00+00:00
6975,12.917348,77.622813,pm25,57.0,2019-07-18T14:15:00+00:00
6975,12.917348,77.622813,pm25,57.0,2019-07-18T14:30:00+00:00
6975,12.917348,77.622813,pm25,57.0,2019-07-18T14:45:00+00:00
6975,12.917348,77.622813,pm25,57.0,2019-07-18T15:00:00+00:00
6975,12.917348,77.622813,pm25,51.0,2019-07-18T15:15:00+00:00
6975,12.917348,77.622813,pm25,51.0,2019-07-18T15:30:00+00:00
6975,12.917348,77.622813,pm25,51.0,2019-07-18T15:45:00+00:00
6975,12.917348,77.622813,pm25,51.0,2019-07-18T16:00:00+00:00
6975,12.917348,77.622813,pm25,35.0,2019-07-18T16:30:00+00:00
6975,12.917348,77.622813,pm25,35.0,2019-07-18T17:00:00+00:00
6975,12.917348,77.622813,pm25,29.0,2019-07-18T17:15:00+00:00
6975,12.917348,77.622813,pm25,29.0,2019-07-18T17:30:00+00:00
6975,12.917348,77.622813,pm25,29.0,2019-07-18T17:45:00+00:00
6975,12.917348,77.622813,pm25,29.0,2019-07-18T18:00:00+00:00
6975,12.917348,77.622813,pm25,30.0,2019-07-18T18:15:00+00:00
6975,12.917348,77.622813,co,1.51,2019-07-17T18:45:00+00:00
6975,12.917348,77.622813,co,1.4,2019-07-17T19:00:00+00:00
6975,12.917348,77.622813,co,1.12,2019-07-17T19:15:00+00:00
6975,12.917348,77.622813,co,0.96,2019-07-17T19:30:00+00:00
6975,12.917348,77.622813,co,0.87,2019-07-17T19:45:00+00:00
6975,12.917348,77.622813,co,0.79,2019-07-17T20:00:00+00:00
6975,12.917348,77.622813,co,0.82,2019-07-17T20:15:00+00:00
6975,12.917348,77.622813,co,0.7,2019-07-17T20:30:00+00:00
6975,12.917348,77.622813,co,0.74,2019-07-17T20:45:00+00:00
6975,12.917348,77.622813,co,0.65,2019-07-17T21:00:00+00:00
6975,12.917348,77.622813,co,0.65,2019-07-17T21:15:00+00:00
6975,12.917348,77.622813,co,0.64,2019-07-17T21:30:00+00:00
6975,12.917348,77.622813,co,0.48,2019-07-17T22:00:00+00:00
6975,12.917348,77.622813,co,0.54,2019-07-17T23:00:00+00:00
6975,12.917348,77.622813,co,0.5,2019-07-17T23:15:00+00:00
6975,12.917348,77.622813,co,0.52,2019-07-17T23:30:00+00:00
6975,12.917348,77.622813,co,0.54,2019-07-17T23:45:00+00:00
6975,12.917348,77.622813,co,0.6,2019-07-18T00:00:00+00:00
6975,12.917348,77.622813,co,0.8,2019-07-18T00:15:00+00:00
6975,12.917348,77.622813,co,1.15,2019-07-18T00:45:00+00:00
6975,12.917348,77.622813,co,1.28,2019-07-18T01:00:00+00:00
6975,12.917348,77.622813,co,1.27,2019-07-18T01:15:00+00:00
6975,12.917348,77.622813,co,1.32,2019-07-18T01:30:00+00:00
6975,12.917348,77.622813,co,1.33,2019-07-18T01:45:00+00:00
6975,12.917348,77.622813,co,1.41,2019-07-18T02:00:00+00:00
6975,12.917348,77.622813,co,1.58,2019-07-18T02:15:00+00:00
6975,12.917348,77.622813,co,1.67,2019-07-18T02:30:00+00:00
6975,12.917348,77.622813,co,1.73,2019-07-18T02:45:00+00:00
6975,12.917348,77.622813,co,1.84,2019-07-18T03:00:00+00:00
6975,12.917348,77.622813,co,2.02,2019-07-18T03:15:00+00:00
6975,12.917348,77.622813,co,2.22,2019-07-18T03:30:00+00:00
6975,12.917348,77.622813,co,2.24,2019-07-18T03:45:00+00:00
6975,12.917348,77.622813,co,2.23,2019-07-18T04:00:00+00:00
6975,12.917348,77.622813,co,2.37,2019-07-18T04:15:00+00:00
6975,12.917348,77.622813,co,2.42,2019-07-18T04:30:00+00:00
6975,12.917348,77.622813,co,2.4,2019-07-18T04:45:00+00:00
6975,12.917348,77.622813,co,2.28,2019-07-18T05:00:00+00:00
6975,12.917348,77.622813,co,2.15,2019-07-18T05:15:00+00:00
6975,12.917348,77.622813,co,1.98,2019-07-18T05:30:00+00:00
6975,12.917348,77.622813,co,1.88,2019-07-18T05:45:00+00:00
6975,12.917348,77.622813,co,1.81,2019-07-18T06:00:00+00:00
6975,12.917348,77.622813,co,1.68,2019-07-18T06:15:00+00:00
6975,12.917348,77.622813,co,1.59,2019-07-18T06:30:00+00:00
6975,12.917348,77.622813,co,1.66,2019-07-18T06:45:00+00:00
6975,12.917348,77.622813,co,1.72,2019-07-18T07:00:00+00:00
6975,12.917348,77.622813,co,1.63,2019-07-18T07:15:00+00:00
6975,12.917348,77.622813,co,1.37,2019-07-18T07:45:00+00:00
6975,12.917348,77.622813,co,1.47,2019-07-18T08:00:00+00:00
6975,12.917348,77.622813,co,1.51,2019-07-18T08:15:00+00:00
6975,12.917348,77.622813,co,1.44,2019-07-18T08:30:00+00:00
6975,12.917348,77.622813,co,1.39,2019-07-18T08:45:00+00:00
6975,12.917348,77.622813,co,1.32,2019-07-18T09:00:00+00:00
6975,12.917348,77.622813,co,1.37,2019-07-18T09:15:00+00:00
6975,12.917348,77.622813,co,1.37,2019-07-18T09:30:00+00:00
6975,12.917348,77.622813,co,1.36,2019-07-18T10:00:00+00:00
6975,12.917348,77.622813,co,1.34,2019-07-18T10:15:00+00:00
6975,12.917348,77.622813,co,1.45,2019-07-18T10:30:00+00:00
6975,12.917348,77.622813,co,1.57,2019-07-18T10:45:00+00:00
6975,12.917348,77.622813,co,1.64,2019-07-18T11:00:00+00:00
6975,12.917348,77.622813,co,1.43,2019-07-18T11:15:00+00:00
6975,12.917348,77.622813,co,1.53,2019-07-18T11:30:00+00:00
6975,12.917348,77.622813,co,1.88,2019-07-18T11:45:00+00:00
6975,12.917348,77.622813,co,2.27,2019-07-18T12:00:00+00:00
6975,12.917348,77.622813,co,2.43,2019-07-18T12:15:00+00:00
6975,12.917348,77.622813,co,2.56,2019-07-18T12:30:00+00:00
6975,12.917348,77.622813,co,2.71,2019-07-18T12:45:00+00:00
6975,12.917348,77.622813,co,2.93,2019-07-18T13:00:00+00:00
6975,12.917348,77.622813,co,3.22,2019-07-18T13:15:00+00:00
6975,12.917348,77.622813,co,3.25,2019-07-18T13:30:00+00:00
6975,12.917348,77.622813,co,3.55,2019-07-18T13:45:00+00:00
6975,12.917348,77.622813,co,3.63,2019-07-18T14:15:00+00:00
6975,12.917348,77.622813,co,3.64,2019-07-18T14:30:00+00:00
6975,12.917348,77.622813,co,4.12,2019-07-18T15:00:00+00:00
6975,12.917348,77.622813,co,4.25,2019-07-18T15:15:00+00:00
6975,12.917348,77.622813,co,3.84,2019-07-18T15:30:00+00:00
6975,12.917348,77.622813,co,2.99,2019-07-18T15:45:00+00:00
6975,12.917348,77.622813,co,2.13,2019-07-18T16:00:00+00:00
6975,12.917348,77.622813,co,1.56,2019-07-18T16:30:00+00:00
6975,12.917348,77.622813,co,1.52,2019-07-18T16:45:00+00:00
6975,12.917348,77.622813,co,1.33,2019-07-18T17:00:00+00:00
6975,12.917348,77.622813,co,1.29,2019-07-18T17:15:00+00:00
6975,12.917348,77.622813,co,1.18,2019-07-18T17:30:00+00:00
6975,12.917348,77.622813,co,1.06,2019-07-18T17:45:00+00:00
6975,12.917348,77.622813,co,0.8,2019-07-18T18:00:00+00:00
6975,12.917348,77.622813,no2,51.5,2019-07-17T18:45:00+00:00
6975,12.917348,77.622813,no2,54.3,2019-07-17T19:00:00+00:00
6975,12.917348,77.622813,no2,50.0,2019-07-17T19:15:00+00:00
6975,12.917348,77.622813,no2,46.2,2019-07-17T19:30:00+00:00
6975,12.917348,77.622813,no2,51.9,2019-07-17T19:45:00+00:00
6975,12.917348,77.622813,no2,41.2,2019-07-17T20:00:00+00:00
6975,12.917348,77.622813,no2,39.7,2019-07-17T20:15:00+00:00
6975,12.917348,77.622813,no2,36.7,2019-07-17T20:30:00+00:00
6975,12.917348,77.622813,no2,36.7,2019-07-17T20:45:00+00:00
6975,12.917348,77.622813,no2,35.7,2019-07-17T21:00:00+00:00
6975,12.917348,77.622813,no2,35.0,2019-07-17T21:15:00+00:00
6975,12.917348,77.622813,no2,34.6,2019-07-17T21:30:00+00:00
6975,12.917348,77.622813,no2,34.2,2019-07-17T21:45:00+00:00
6975,12.917348,77.622813,no2,34.8,2019-07-17T22:00:00+00:00
6975,12.917348,77.622813,no2,35.2,2019-07-17T22:15:00+00:00
6975,12.917348,77.622813,no2,35.3,2019-07-17T22:30:00+00:00
6975,12.917348,77.622813,no2,35.9,2019-07-17T22:45:00+00:00
6975,12.917348,77.622813,no2,37.0,2019-07-17T23:00:00+00:00
6975,12.917348,77.622813,no2,41.4,2019-07-18T00:00:00+00:00
6975,12.917348,77.622813,no2,40.6,2019-07-18T00:15:00+00:00
6975,12.917348,77.622813,no2,37.0,2019-07-18T00:30:00+00:00
6975,12.917348,77.622813,no2,35.3,2019-07-18T00:45:00+00:00
6975,12.917348,77.622813,no2,45.9,2019-07-18T01:00:00+00:00
6975,12.917348,77.622813,no2,46.2,2019-07-18T01:15:00+00:00
6975,12.917348,77.622813,no2,47.2,2019-07-18T01:30:00+00:00
6975,12.917348,77.622813,no2,50.0,2019-07-18T01:45:00+00:00
6975,12.917348,77.622813,no2,49.8,2019-07-18T02:00:00+00:00
6975,12.917348,77.622813,no2,48.7,2019-07-18T02:15:00+00:00
6975,12.917348,77.622813,no2,49.6,2019-07-18T02:30:00+00:00
6975,12.917348,77.622813,no2,51.3,2019-07-18T02:45:00+00:00
6975,12.917348,77.622813,no2,53.6,2019-07-18T03:00:00+00:00
6975,12.917348,77.622813,no2,53.6,2019-07-18T03:15:00+00:00
6975,12.917348,77.622813,no2,54.0,2019-07-18T03:30:00+00:00
6975,12.917348,77.622813,no2,54.1,2019-07-18T03:45:00+00:00
6975,12.917348,77.622813,no2,55.5,2019-07-18T04:00:00+00:00
6975,12.917348,77.622813,no2,55.6,2019-07-18T04:15:00+00:00
6975,12.917348,77.622813,no2,52.3,2019-07-18T04:30:00+00:00
6975,12.917348,77.622813,no2,49.6,2019-07-18T04:45:00+00:00
6975,12.917348,77.622813,no2,50.0,2019-07-18T05:00:00+00:00
6975,12.917348,77.622813,no2,52.1,2019-07-18T05:15:00+00:00
6975,12.917348,77.622813,no2,54.7,2019-07-18T05:30:00+00:00
6975,12.917348,77.622813,no2,56.0,2019-07-18T05:45:00+00:00
6975,12.917348,77.622813,no2,58.8,2019-07-18T06:00:00+00:00
6975,12.917348,77.622813,no2,61.3,2019-07-18T06:15:00+00:00
6975,12.917348,77.622813,no2,59.2,2019-07-18T06:30:00+00:00
6975,12.917348,77.622813,no2,53.6,2019-07-18T06:45:00+00:00
6975,12.917348,77.622813,no2,48.3,2019-07-18T07:00:00+00:00
6975,12.917348,77.622813,no2,45.1,2019-07-18T07:15:00+00:00
6975,12.917348,77.622813,no2,78.4,2019-07-18T07:45:00+00:00
6975,12.917348,77.622813,no2,62.0,2019-07-18T08:00:00+00:00
6975,12.917348,77.622813,no2,54.1,2019-07-18T08:15:00+00:00
6975,12.917348,77.622813,no2,48.9,2019-07-18T08:30:00+00:00
6975,12.917348,77.622813,no2,47.4,2019-07-18T08:45:00+00:00
6975,12.917348,77.622813,no2,49.6,2019-07-18T09:00:00+00:00
6975,12.917348,77.622813,no2,54.9,2019-07-18T09:15:00+00:00
6975,12.917348,77.622813,no2,59.0,2019-07-18T09:30:00+00:00
6975,12.917348,77.622813,no2,63.7,2019-07-18T10:00:00+00:00
6975,12.917348,77.622813,no2,65.2,2019-07-18T10:15:00+00:00
6975,12.917348,77.622813,no2,65.8,2019-07-18T10:30:00+00:00
6975,12.917348,77.622813,no2,68.6,2019-07-18T10:45:00+00:00
6975,12.917348,77.622813,no2,69.9,2019-07-18T11:00:00+00:00
6975,12.917348,77.622813,no2,70.3,2019-07-18T11:15:00+00:00
6975,12.917348,77.622813,no2,72.0,2019-07-18T11:30:00+00:00
6975,12.917348,77.622813,no2,61.7,2019-07-18T11:45:00+00:00
6975,12.917348,77.622813,no2,71.1,2019-07-18T12:00:00+00:00
6975,12.917348,77.622813,no2,76.7,2019-07-18T12:15:00+00:00
6975,12.917348,77.622813,no2,77.6,2019-07-18T12:30:00+00:00
6975,12.917348,77.622813,no2,71.4,2019-07-18T12:45:00+00:00
6975,12.917348,77.622813,no2,63.2,2019-07-18T13:00:00+00:00
6975,12.917348,77.622813,no2,56.8,2019-07-18T13:15:00+00:00
6975,12.917348,77.622813,no2,58.8,2019-07-18T13:30:00+00:00
6975,12.917348,77.622813,no2,62.2,2019-07-18T13:45:00+00:00
6975,12.917348,77.622813,no2,63.2,2019-07-18T14:15:00+00:00
6975,12.917348,77.622813,no2,63.2,2019-07-18T14:30:00+00:00
6975,12.917348,77.622813,no2,62.4,2019-07-18T14:45:00+00:00
6975,12.917348,77.622813,no2,63.5,2019-07-18T15:00:00+00:00
6975,12.917348,77.622813,no2,64.9,2019-07-18T15:15:00+00:00
6975,12.917348,77.622813,no2,65.2,2019-07-18T15:30:00+00:00
6975,12.917348,77.622813,no2,65.4,2019-07-18T15:45:00+00:00
6975,12.917348,77.622813,no2,57.5,2019-07-18T16:00:00+00:00
6975,12.917348,77.622813,no2,58.5,2019-07-18T16:30:00+00:00
6975,12.917348,77.622813,no2,56.2,2019-07-18T16:45:00+00:00
6975,12.917348,77.622813,no2,55.8,2019-07-18T17:00:00+00:00
6975,12.917348,77.622813,no2,56.0,2019-07-18T17:15:00+00:00
6975,12.917348,77.622813,no2,56.4,2019-07-18T17:30:00+00:00
6975,12.917348,77.622813,no2,56.4,2019-07-18T17:45:00+00:00
6975,12.917348,77.622813,no2,55.1,2019-07-18T18:00:00+00:00
6975,12.917348,77.622813,no2,52.8,2019-07-18T18:15:00+00:00
6975,12.917348,77.622813,so2,5.5,2019-07-17T18:45:00+00:00
6975,12.917348,77.622813,so2,6.0,2019-07-17T19:00:00+00:00
6975,12.917348,77.622813,so2,5.8,2019-07-17T19:15:00+00:00
6975,12.917348,77.622813,so2,6.0,2019-07-17T19:30:00+00:00
6975,12.917348,77.622813,so2,6.0,2019-07-17T19:45:00+00:00
6975,12.917348,77.622813,so2,5.8,2019-07-17T20:00:00+00:00
6975,12.917348,77.622813,so2,4.2,2019-07-17T20:30:00+00:00
6975,12.917348,77.622813,so2,3.1,2019-07-17T20:45:00+00:00
6975,12.917348,77.622813,so2,2.6,2019-07-17T21:00:00+00:00
6975,12.917348,77.622813,so2,1.8,2019-07-17T21:15:00+00:00
6975,12.917348,77.622813,so2,1.6,2019-07-17T21:30:00+00:00
6975,12.917348,77.622813,so2,1.8,2019-07-17T21:45:00+00:00
6975,12.917348,77.622813,so2,2.4,2019-07-17T22:00:00+00:00
6975,12.917348,77.622813,so2,2.9,2019-07-17T22:30:00+00:00
6975,12.917348,77.622813,so2,3.4,2019-07-17T22:45:00+00:00
6975,12.917348,77.622813,so2,4.2,2019-07-17T23:00:00+00:00
6975,12.917348,77.622813,so2,4.2,2019-07-17T23:15:00+00:00
6975,12.917348,77.622813,so2,5.8,2019-07-17T23:30:00+00:00
6975,12.917348,77.622813,so2,7.9,2019-07-17T23:45:00+00:00
6975,12.917348,77.622813,so2,8.6,2019-07-18T00:00:00+00:00
6975,12.917348,77.622813,so2,9.2,2019-07-18T01:00:00+00:00
6975,12.917348,77.622813,so2,8.1,2019-07-18T01:15:00+00:00
6975,12.917348,77.622813,so2,8.1,2019-07-18T01:30:00+00:00
6975,12.917348,77.622813,so2,8.4,2019-07-18T01:45:00+00:00
6975,12.917348,77.622813,so2,8.9,2019-07-18T02:00:00+00:00
6975,12.917348,77.622813,so2,8.4,2019-07-18T02:30:00+00:00
6975,12.917348,77.622813,so2,9.4,2019-07-18T02:45:00+00:00
6975,12.917348,77.622813,so2,10.0,2019-07-18T03:00:00+00:00
6975,12.917348,77.622813,so2,7.6,2019-07-18T03:15:00+00:00
6975,12.917348,77.622813,so2,7.6,2019-07-18T03:30:00+00:00
6975,12.917348,77.622813,so2,7.1,2019-07-18T03:45:00+00:00
6975,12.917348,77.622813,so2,7.3,2019-07-18T04:00:00+00:00
6975,12.917348,77.622813,so2,7.9,2019-07-18T04:30:00+00:00
6975,12.917348,77.622813,so2,9.2,2019-07-18T04:45:00+00:00
6975,12.917348,77.622813,so2,10.7,2019-07-18T05:00:00+00:00
6975,12.917348,77.622813,so2,8.9,2019-07-18T05:15:00+00:00
6975,12.917348,77.622813,so2,8.9,2019-07-18T05:30:00+00:00
6975,12.917348,77.622813,so2,9.4,2019-07-18T05:45:00+00:00
6975,12.917348,77.622813,so2,8.4,2019-07-18T06:00:00+00:00
6975,12.917348,77.622813,so2,8.6,2019-07-18T06:30:00+00:00
6975,12.917348,77.622813,so2,9.7,2019-07-18T06:45:00+00:00
6975,12.917348,77.622813,so2,9.4,2019-07-18T07:00:00+00:00
6975,12.917348,77.622813,so2,8.9,2019-07-18T07:15:00+00:00
6975,12.917348,77.622813,so2,6.3,2019-07-18T07:45:00+00:00
6975,12.917348,77.622813,so2,5.0,2019-07-18T08:00:00+00:00
6975,12.917348,77.622813,so2,4.7,2019-07-18T08:30:00+00:00
6975,12.917348,77.622813,so2,3.7,2019-07-18T08:45:00+00:00
6975,12.917348,77.622813,so2,3.1,2019-07-18T09:00:00+00:00
6975,12.917348,77.622813,so2,2.6,2019-07-18T09:15:00+00:00
6975,12.917348,77.622813,so2,2.4,2019-07-18T09:30:00+00:00
6975,12.917348,77.622813,so2,2.6,2019-07-18T10:00:00+00:00
6975,12.917348,77.622813,so2,4.7,2019-07-18T10:30:00+00:00
6975,12.917348,77.622813,so2,7.1,2019-07-18T10:45:00+00:00
6975,12.917348,77.622813,so2,6.3,2019-07-18T11:00:00+00:00
6975,12.917348,77.622813,so2,6.0,2019-07-18T11:15:00+00:00
6975,12.917348,77.622813,so2,6.6,2019-07-18T11:30:00+00:00
6975,12.917348,77.622813,so2,6.8,2019-07-18T11:45:00+00:00
6975,12.917348,77.622813,so2,7.3,2019-07-18T12:00:00+00:00
6975,12.917348,77.622813,so2,8.4,2019-07-18T12:30:00+00:00
6975,12.917348,77.622813,so2,8.1,2019-07-18T12:45:00+00:00
6975,12.917348,77.622813,so2,9.2,2019-07-18T13:00:00+00:00
6975,12.917348,77.622813,so2,9.7,2019-07-18T13:15:00+00:00
6975,12.917348,77.622813,so2,10.2,2019-07-18T13:30:00+00:00
6975,12.917348,77.622813,so2,10.2,2019-07-18T13:45:00+00:00
6975,12.917348,77.622813,so2,9.7,2019-07-18T14:30:00+00:00
6975,12.917348,77.622813,so2,7.9,2019-07-18T14:45:00+00:00
6975,12.917348,77.622813,so2,7.3,2019-07-18T15:00:00+00:00
6975,12.917348,77.622813,so2,7.3,2019-07-18T15:15:00+00:00
6975,12.917348,77.622813,so2,8.1,2019-07-18T15:30:00+00:00
6975,12.917348,77.622813,so2,7.6,2019-07-18T15:45:00+00:00
6975,12.917348,77.622813,so2,6.3,2019-07-18T16:00:00+00:00
6975,12.917348,77.622813,so2,6.3,2019-07-18T16:30:00+00:00
6975,12.917348,77.622813,so2,6.6,2019-07-18T16:45:00+00:00
6975,12.917348,77.622813,so2,7.1,2019-07-18T17:00:00+00:00
6975,12.917348,77.622813,so2,7.1,2019-07-18T17:15:00+00:00
6975,12.917348,77.622813,so2,7.6,2019-07-18T17:30:00+00:00
6975,12.917348,77.622813,so2,6.8,2019-07-18T17:45:00+00:00
6975,12.917348,77.622813,so2,6.0,2019-07-18T18:00:00+00:00
6975,12.917348,77.622813,pm10,100.0,2019-07-18T18:45:00+00:00
6975,12.917348,77.622813,pm10,100.0,2019-07-18T19:00:00+00:00
6975,12.917348,77.622813,pm10,39.0,2019-07-18T19:30:00+00:00
6975,12.917348,77.622813,pm10,39.0,2019-07-18T19:45:00+00:00
6975,12.917348,77.622813,pm10,39.0,2019-07-18T20:00:00+00:00
6975,12.917348,77.622813,pm10,66.0,2019-07-18T20:30:00+00:00
6975,12.917348,77.622813,pm10,66.0,2019-07-18T20:45:00+00:00
6975,12.917348,77.622813,pm10,66.0,2019-07-18T21:00:00+00:00
6975,12.917348,77.622813,pm10,52.0,2019-07-18T21:15:00+00:00
6975,12.917348,77.622813,pm10,52.0,2019-07-18T21:45:00+00:00
6975,12.917348,77.622813,pm10,52.0,2019-07-18T22:00:00+00:00
6975,12.917348,77.622813,pm10,48.0,2019-07-18T22:15:00+00:00
6975,12.917348,77.622813,pm10,48.0,2019-07-18T22:30:00+00:00
6975,12.917348,77.622813,pm10,48.0,2019-07-18T22:45:00+00:00
6975,12.917348,77.622813,pm10,48.0,2019-07-18T23:00:00+00:00
6975,12.917348,77.622813,pm10,48.0,2019-07-18T23:15:00+00:00
6975,12.917348,77.622813,pm10,48.0,2019-07-18T23:30:00+00:00
6975,12.917348,77.622813,pm10,48.0,2019-07-18T23:45:00+00:00
6975,12.917348,77.622813,pm10,48.0,2019-07-19T00:00:00+00:00
6975,12.917348,77.622813,pm10,66.0,2019-07-19T00:15:00+00:00
6975,12.917348,77.622813,pm10,66.0,2019-07-19T00:30:00+00:00
6975,12.917348,77.622813,pm10,66.0,2019-07-19T00:45:00+00:00
6975,12.917348,77.622813,pm10,66.0,2019-07-19T01:00:00+00:00
6975,12.917348,77.622813,pm10,92.0,2019-07-19T01:30:00+00:00
6975,12.917348,77.622813,pm10,92.0,2019-07-19T01:45:00+00:00
6975,12.917348,77.622813,pm10,92.0,2019-07-19T02:00:00+00:00
6975,12.917348,77.622813,pm10,111.0,2019-07-19T02:30:00+00:00
6975,12.917348,77.622813,pm10,111.0,2019-07-19T02:45:00+00:00
6975,12.917348,77.622813,pm10,111.0,2019-07-19T03:00:00+00:00
6975,12.917348,77.622813,pm10,182.0,2019-07-19T03:15:00+00:00
6975,12.917348,77.622813,pm10,182.0,2019-07-19T03:30:00+00:00
6975,12.917348,77.622813,pm10,182.0,2019-07-19T03:45:00+00:00
6975,12.917348,77.622813,pm10,182.0,2019-07-19T04:00:00+00:00
6975,12.917348,77.622813,pm10,149.0,2019-07-19T04:15:00+00:00
6975,12.917348,77.622813,pm10,149.0,2019-07-19T04:30:00+00:00
6975,12.917348,77.622813,pm10,149.0,2019-07-19T04:45:00+00:00
6975,12.917348,77.622813,pm10,149.0,2019-07-19T05:00:00+00:00
6975,12.917348,77.622813,pm10,130.0,2019-07-19T05:15:00+00:00
6975,12.917348,77.622813,pm10,130.0,2019-07-19T05:45:00+00:00
6975,12.917348,77.622813,pm10,130.0,2019-07-19T06:00:00+00:00
6975,12.917348,77.622813,pm10,116.0,2019-07-19T06:15:00+00:00
6975,12.917348,77.622813,pm10,116.0,2019-07-19T06:30:00+00:00
6975,12.917348,77.622813,pm10,116.0,2019-07-19T06:45:00+00:00
6975,12.917348,77.622813,pm10,116.0,2019-07-19T07:00:00+00:00
6975,12.917348,77.622813,pm10,133.0,2019-07-19T07:15:00+00:00
6975,12.917348,77.622813,pm10,133.0,2019-07-19T07:30:00+00:00
6975,12.917348,77.622813,pm10,133.0,2019-07-19T07:45:00+00:00
6975,12.917348,77.622813,pm10,133.0,2019-07-19T08:00:00+00:00
6975,12.917348,77.622813,pm10,119.0,2019-07-19T08:15:00+00:00
6975,12.917348,77.622813,pm10,119.0,2019-07-19T08:30:00+00:00
6975,12.917348,77.622813,pm10,119.0,2019-07-19T08:45:00+00:00
6975,12.917348,77.622813,pm10,111.0,2019-07-19T09:15:00+00:00
6975,12.917348,77.622813,pm10,111.0,2019-07-19T09:30:00+00:00
6975,12.917348,77.622813,pm10,111.0,2019-07-19T09:45:00+00:00
6975,12.917348,77.622813,pm10,111.0,2019-07-19T10:00:00+00:00
6975,12.917348,77.622813,pm10,110.0,2019-07-19T10:30:00+00:00
6975,12.917348,77.622813,pm10,110.0,2019-07-19T10:45:00+00:00
6975,12.917348,77.622813,pm10,110.0,2019-07-19T11:00:00+00:00
6975,12.917348,77.622813,pm10,100.0,2019-07-19T11:15:00+00:00
6975,12.917348,77.622813,pm10,100.0,2019-07-19T11:30:00+00:00
6975,12.917348,77.622813,pm10,100.0,2019-07-19T11:45:00+00:00
6975,12.917348,77.622813,pm10,100.0,2019-07-19T12:00:00+00:00
6975,12.917348,77.622813,pm10,125.0,2019-07-19T12:15:00+00:00
6975,12.917348,77.622813,pm10,125.0,2019-07-19T12:30:00+00:00
6975,12.917348,77.622813,pm10,125.0,2019-07-19T12:45:00+00:00
6975,12.917348,77.622813,pm10,125.0,2019-07-19T13:00:00+00:00
6975,12.917348,77.622813,pm10,128.0,2019-07-19T13:45:00+00:00
6975,12.917348,77.622813,pm10,128.0,2019-07-19T14:00:00+00:00
6975,12.917348,77.622813,pm10,52.0,2019-07-19T14:30:00+00:00
6975,12.917348,77.622813,pm10,52.0,2019-07-19T15:00:00+00:00
6975,12.917348,77.622813,pm10,35.0,2019-07-19T15:15:00+00:00
6975,12.917348,77.622813,pm10,35.0,2019-07-19T16:00:00+00:00
6975,12.917348,77.622813,pm10,41.0,2019-07-19T16:30:00+00:00
6975,12.917348,77.622813,pm10,41.0,2019-07-19T17:00:00+00:00
6975,12.917348,77.622813,pm10,56.0,2019-07-19T18:00:00+00:00
6975,12.917348,77.622813,pm25,30.0,2019-07-18T18:45:00+00:00
6975,12.917348,77.622813,pm25,30.0,2019-07-18T19:00:00+00:00
6975,12.917348,77.622813,pm25,8.0,2019-07-18T19:30:00+00:00
6975,12.917348,77.622813,pm25,8.0,2019-07-18T19:45:00+00:00
6975,12.917348,77.622813,pm25,8.0,2019-07-18T20:00:00+00:00
6975,12.917348,77.622813,pm25,8.0,2019-07-18T20:30:00+00:00
6975,12.917348,77.622813,pm25,8.0,2019-07-18T20:45:00+00:00
6975,12.917348,77.622813,pm25,8.0,2019-07-18T21:00:00+00:00
6975,12.917348,77.622813,pm25,14.0,2019-07-18T21:15:00+00:00
6975,12.917348,77.622813,pm25,14.0,2019-07-18T21:45:00+00:00
6975,12.917348,77.622813,pm25,14.0,2019-07-18T22:00:00+00:00
6975,12.917348,77.622813,pm25,16.0,2019-07-18T22:15:00+00:00
6975,12.917348,77.622813,pm25,16.0,2019-07-18T22:30:00+00:00
6975,12.917348,77.622813,pm25,16.0,2019-07-18T22:45:00+00:00
6975,12.917348,77.622813,pm25,16.0,2019-07-18T23:00:00+00:00
6975,12.917348,77.622813,pm25,6.0,2019-07-18T23:15:00+00:00
6975,12.917348,77.622813,pm25,6.0,2019-07-18T23:30:00+00:00
6975,12.917348,77.622813,pm25,6.0,2019-07-18T23:45:00+00:00
6975,12.917348,77.622813,pm25,6.0,2019-07-19T00:00:00+00:00
6975,12.917348,77.622813,pm25,19.0,2019-07-19T00:15:00+00:00
6975,12.917348,77.622813,pm25,19.0,2019-07-19T00:30:00+00:00
6975,12.917348,77.622813,pm25,19.0,2019-07-19T00:45:00+00:00
6975,12.917348,77.622813,pm25,19.0,2019-07-19T01:00:00+00:00
6975,12.917348,77.622813,pm25,17.0,2019-07-19T01:30:00+00:00
6975,12.917348,77.622813,pm25,17.0,2019-07-19T01:45:00+00:00
6975,12.917348,77.622813,pm25,17.0,2019-07-19T02:00:00+00:00
6975,12.917348,77.622813,pm25,39.0,2019-07-19T02:30:00+00:00
6975,12.917348,77.622813,pm25,39.0,2019-07-19T02:45:00+00:00
6975,12.917348,77.622813,pm25,39.0,2019-07-19T03:00:00+00:00
6975,12.917348,77.622813,pm25,29.0,2019-07-19T03:15:00+00:00
6975,12.917348,77.622813,pm25,29.0,2019-07-19T03:30:00+00:00
6975,12.917348,77.622813,pm25,29.0,2019-07-19T03:45:00+00:00
6975,12.917348,77.622813,pm25,29.0,2019-07-19T04:00:00+00:00
6975,12.917348,77.622813,pm25,22.0,2019-07-19T04:15:00+00:00
6975,12.917348,77.622813,pm25,22.0,2019-07-19T04:30:00+00:00
6975,12.917348,77.622813,pm25,22.0,2019-07-19T04:45:00+00:00
6975,12.917348,77.622813,pm25,22.0,2019-07-19T05:00:00+00:00
6975,12.917348,77.622813,pm25,28.0,2019-07-19T05:15:00+00:00
6975,12.917348,77.622813,pm25,28.0,2019-07-19T05:45:00+00:00
6975,12.917348,77.622813,pm25,28.0,2019-07-19T06:00:00+00:00
6975,12.917348,77.622813,pm25,24.0,2019-07-19T06:15:00+00:00
6975,12.917348,77.622813,pm25,24.0,2019-07-19T06:30:00+00:00
6975,12.917348,77.622813,pm25,24.0,2019-07-19T06:45:00+00:00
6975,12.917348,77.622813,pm25,24.0,2019-07-19T07:00:00+00:00
6975,12.917348,77.622813,pm25,23.0,2019-07-19T07:15:00+00:00
6975,12.917348,77.622813,pm25,23.0,2019-07-19T07:30:00+00:00
6975,12.917348,77.622813,pm25,23.0,2019-07-19T07:45:00+00:00
6975,12.917348,77.622813,pm25,23.0,2019-07-19T08:00:00+00:00
6975,12.917348,77.622813,pm25,20.0,2019-07-19T08:15:00+00:00
6975,12.917348,77.622813,pm25,20.0,2019-07-19T08:30:00+00:00
6975,12.917348,77.622813,pm25,20.0,2019-07-19T08:45:00+00:00
6975,12.917348,77.622813,pm25,22.0,2019-07-19T09:15:00+00:00
6975,12.917348,77.622813,pm25,22.0,2019-07-19T09:30:00+00:00
6975,12.917348,77.622813,pm25,22.0,2019-07-19T09:45:00+00:00
6975,12.917348,77.622813,pm25,22.0,2019-07-19T10:00:00+00:00
6975,12.917348,77.622813,pm25,20.0,2019-07-19T10:30:00+00:00
6975,12.917348,77.622813,pm25,20.0,2019-07-19T10:45:00+00:00
6975,12.917348,77.622813,pm25,20.0,2019-07-19T11:00:00+00:00
6975,12.917348,77.622813,pm25,30.0,2019-07-19T11:15:00+00:00
6975,12.917348,77.622813,pm25,30.0,2019-07-19T11:30:00+00:00
6975,12.917348,77.622813,pm25,30.0,2019-07-19T11:45:00+00:00
6975,12.917348,77.622813,pm25,30.0,2019-07-19T12:00:00+00:00
6975,12.917348,77.622813,pm25,28.0,2019-07-19T12:15:00+00:00
6975,12.917348,77.622813,pm25,28.0,2019-07-19T12:30:00+00:00
6975,12.917348,77.622813,pm25,28.0,2019-07-19T12:45:00+00:00
6975,12.917348,77.622813,pm25,28.0,2019-07-19T13:00:00+00:00
6975,12.917348,77.622813,pm25,31.0,2019-07-19T13:45:00+00:00
6975,12.917348,77.622813,pm25,31.0,2019-07-19T14:00:00+00:00
6975,12.917348,77.622813,pm25,12.0,2019-07-19T14:30:00+00:00
6975,12.917348,77.622813,pm25,12.0,2019-07-19T15:00:00+00:00
6975,12.917348,77.622813,pm25,16.0,2019-07-19T15:15:00+00:00
6975,12.917348,77.622813,pm25,16.0,2019-07-19T16:00:00+00:00
6975,12.917348,77.622813,pm25,13.0,2019-07-19T16:30:00+00:00
6975,12.917348,77.622813,pm25,13.0,2019-07-19T17:00:00+00:00
6975,12.917348,77.622813,pm25,19.0,2019-07-19T17:45:00+00:00
6975,12.917348,77.622813,pm25,19.0,2019-07-19T18:00:00+00:00
6975,12.917348,77.622813,co,0.64,2019-07-18T18:45:00+00:00
6975,12.917348,77.622813,co,0.53,2019-07-18T19:00:00+00:00
6975,12.917348,77.622813,co,0.48,2019-07-18T19:15:00+00:00
6975,12.917348,77.622813,co,0.48,2019-07-18T19:30:00+00:00
6975,12.917348,77.622813,co,0.44,2019-07-18T19:45:00+00:00
6975,12.917348,77.622813,co,0.41,2019-07-18T20:00:00+00:00
6975,12.917348,77.622813,co,0.39,2019-07-18T20:15:00+00:00
6975,12.917348,77.622813,co,0.38,2019-07-18T20:30:00+00:00
6975,12.917348,77.622813,co,0.44,2019-07-18T20:45:00+00:00
6975,12.917348,77.622813,co,0.5,2019-07-18T21:00:00+00:00
6975,12.917348,77.622813,co,1.24,2019-07-18T21:15:00+00:00
6975,12.917348,77.622813,co,1.43,2019-07-18T21:30:00+00:00
6975,12.917348,77.622813,co,1.41,2019-07-18T21:45:00+00:00
6975,12.917348,77.622813,co,1.39,2019-07-18T22:00:00+00:00
6975,12.917348,77.622813,co,1.36,2019-07-18T23:00:00+00:00
6975,12.917348,77.622813,co,1.32,2019-07-18T23:15:00+00:00
6975,12.917348,77.622813,co,1.32,2019-07-18T23:30:00+00:00
6975,12.917348,77.622813,co,1.39,2019-07-18T23:45:00+00:00
6975,12.917348,77.622813,co,1.5,2019-07-19T00:00:00+00:00
6975,12.917348,77.622813,co,1.58,2019-07-19T00:15:00+00:00
6975,12.917348,77.622813,co,1.6,2019-07-19T00:30:00+00:00
6975,12.917348,77.622813,co,1.64,2019-07-19T00:45:00+00:00
6975,12.917348,77.622813,co,1.61,2019-07-19T01:00:00+00:00
6975,12.917348,77.622813,co,1.82,2019-07-19T01:30:00+00:00
6975,12.917348,77.622813,co,1.79,2019-07-19T01:45:00+00:00
6975,12.917348,77.622813,co,1.83,2019-07-19T02:00:00+00:00
6975,12.917348,77.622813,co,2.03,2019-07-19T02:15:00+00:00
6975,12.917348,77.622813,co,2.22,2019-07-19T02:30:00+00:00
6975,12.917348,77.622813,co,2.54,2019-07-19T02:45:00+00:00
6975,12.917348,77.622813,co,2.7,2019-07-19T03:00:00+00:00
6975,12.917348,77.622813,co,2.95,2019-07-19T03:15:00+00:00
6975,12.917348,77.622813,co,3.1,2019-07-19T03:30:00+00:00
6975,12.917348,77.622813,co,3.14,2019-07-19T03:45:00+00:00
6975,12.917348,77.622813,co,3.27,2019-07-19T04:00:00+00:00
6975,12.917348,77.622813,co,3.24,2019-07-19T04:15:00+00:00
6975,12.917348,77.622813,co,3.18,2019-07-19T04:30:00+00:00
6975,12.917348,77.622813,co,3.17,2019-07-19T04:45:00+00:00
6975,12.917348,77.622813,co,3.08,2019-07-19T05:00:00+00:00
6975,12.917348,77.622813,co,3.16,2019-07-19T05:15:00+00:00
6975,12.917348,77.622813,co,3.06,2019-07-19T05:30:00+00:00
6975,12.917348,77.622813,co,3.01,2019-07-19T05:45:00+00:00
6975,12.917348,77.622813,co,2.91,2019-07-19T06:00:00+00:00
6975,12.917348,77.622813,co,2.85,2019-07-19T06:15:00+00:00
6975,12.917348,77.622813,co,2.83,2019-07-19T06:30:00+00:00
6975,12.917348,77.622813,co,2.62,2019-07-19T06:45:00+00:00
6975,12.917348,77.622813,co,2.58,2019-07-19T07:00:00+00:00
6975,12.917348,77.622813,co,2.46,2019-07-19T07:15:00+00:00
6975,12.917348,77.622813,co,1.37,2019-07-19T07:45:00+00:00
6975,12.917348,77.622813,co,1.24,2019-07-19T08:00:00+00:00
6975,12.917348,77.622813,co,1.06,2019-07-19T08:15:00+00:00
6975,12.917348,77.622813,co,1.02,2019-07-19T08:30:00+00:00
6975,12.917348,77.622813,co,1.1,2019-07-19T08:45:00+00:00
6975,12.917348,77.622813,co,1.08,2019-07-19T09:15:00+00:00
6975,12.917348,77.622813,co,1.01,2019-07-19T09:30:00+00:00
6975,12.917348,77.622813,co,1.09,2019-07-19T09:45:00+00:00
6975,12.917348,77.622813,co,1.16,2019-07-19T10:00:00+00:00
6975,12.917348,77.622813,co,1.31,2019-07-19T10:15:00+00:00
6975,12.917348,77.622813,co,1.32,2019-07-19T10:30:00+00:00
6975,12.917348,77.622813,co,1.49,2019-07-19T10:45:00+00:00
6975,12.917348,77.622813,co,1.75,2019-07-19T11:00:00+00:00
6975,12.917348,77.622813,co,1.95,2019-07-19T11:15:00+00:00
6975,12.917348,77.622813,co,2.04,2019-07-19T11:30:00+00:00
6975,12.917348,77.622813,co,1.81,2019-07-19T11:45:00+00:00
6975,12.917348,77.622813,co,1.97,2019-07-19T12:00:00+00:00
6975,12.917348,77.622813,co,2.07,2019-07-19T12:15:00+00:00
6975,12.917348,77.622813,co,2.31,2019-07-19T12:30:00+00:00
6975,12.917348,77.622813,co,2.4,2019-07-19T12:45:00+00:00
6975,12.917348,77.622813,co,2.36,2019-07-19T13:00:00+00:00
6975,12.917348,77.622813,co,2.06,2019-07-19T13:15:00+00:00
6975,12.917348,77.622813,co,1.51,2019-07-19T13:45:00+00:00
6975,12.917348,77.622813,co,1.26,2019-07-19T14:00:00+00:00
6975,12.917348,77.622813,co,1.25,2019-07-19T14:15:00+00:00
6975,12.917348,77.622813,co,1.23,2019-07-19T14:30:00+00:00
6975,12.917348,77.622813,co,1.21,2019-07-19T14:45:00+00:00
6975,12.917348,77.622813,co,1.23,2019-07-19T15:00:00+00:00
6975,12.917348,77.622813,co,1.37,2019-07-19T15:15:00+00:00
6975,12.917348,77.622813,co,1.43,2019-07-19T15:30:00+00:00
6975,12.917348,77.622813,co,1.45,2019-07-19T16:00:00+00:00
6975,12.917348,77.622813,co,1.45,2019-07-19T16:15:00+00:00
6975,12.917348,77.622813,co,1.45,2019-07-19T16:30:00+00:00
6975,12.917348,77.622813,co,1.39,2019-07-19T16:45:00+00:00
6975,12.917348,77.622813,co,1.16,2019-07-19T17:00:00+00:00
6975,12.917348,77.622813,co,1.06,2019-07-19T17:15:00+00:00
6975,12.917348,77.622813,co,0.96,2019-07-19T17:30:00+00:00
6975,12.917348,77.622813,co,0.87,2019-07-19T17:45:00+00:00
6975,12.917348,77.622813,co,0.79,2019-07-19T18:00:00+00:00
6975,12.917348,77.622813,co,0.78,2019-07-19T18:30:00+00:00
6975,12.917348,77.622813,no2,50.2,2019-07-18T18:45:00+00:00
6975,12.917348,77.622813,no2,45.3,2019-07-18T19:00:00+00:00
6975,12.917348,77.622813,no2,40.0,2019-07-18T19:15:00+00:00
6975,12.917348,77.622813,no2,42.1,2019-07-18T19:30:00+00:00
6975,12.917348,77.622813,no2,40.8,2019-07-18T19:45:00+00:00
6975,12.917348,77.622813,no2,39.3,2019-07-18T20:00:00+00:00
6975,12.917348,77.622813,no2,39.3,2019-07-18T20:15:00+00:00
6975,12.917348,77.622813,no2,38.2,2019-07-18T20:30:00+00:00
6975,12.917348,77.622813,no2,37.2,2019-07-18T20:45:00+00:00
6975,12.917348,77.622813,no2,36.1,2019-07-18T21:00:00+00:00
6975,12.917348,77.622813,no2,35.7,2019-07-18T21:15:00+00:00
6975,12.917348,77.622813,no2,35.0,2019-07-18T21:30:00+00:00
6975,12.917348,77.622813,no2,33.8,2019-07-18T21:45:00+00:00
6975,12.917348,77.622813,no2,33.8,2019-07-18T22:00:00+00:00
6975,12.917348,77.622813,no2,34.2,2019-07-18T22:15:00+00:00
6975,12.917348,77.622813,no2,33.7,2019-07-18T22:30:00+00:00
6975,12.917348,77.622813,no2,33.1,2019-07-18T22:45:00+00:00
6975,12.917348,77.622813,no2,32.7,2019-07-18T23:00:00+00:00
6975,12.917348,77.622813,no2,33.7,2019-07-19T00:00:00+00:00
6975,12.917348,77.622813,no2,34.4,2019-07-19T00:15:00+00:00
6975,12.917348,77.622813,no2,34.8,2019-07-19T00:30:00+00:00
6975,12.917348,77.622813,no2,44.2,2019-07-19T00:45:00+00:00
6975,12.917348,77.622813,no2,37.8,2019-07-19T01:00:00+00:00
6975,12.917348,77.622813,no2,32.9,2019-07-19T01:30:00+00:00
6975,12.917348,77.622813,no2,35.5,2019-07-19T01:45:00+00:00
6975,12.917348,77.622813,no2,40.4,2019-07-19T02:00:00+00:00
6975,12.917348,77.622813,no2,42.1,2019-07-19T02:15:00+00:00
6975,12.917348,77.622813,no2,44.0,2019-07-19T02:30:00+00:00
6975,12.917348,77.622813,no2,44.7,2019-07-19T02:45:00+00:00
6975,12.917348,77.622813,no2,44.2,2019-07-19T03:00:00+00:00
6975,12.917348,77.622813,no2,44.9,2019-07-19T03:15:00+00:00
6975,12.917348,77.622813,no2,44.9,2019-07-19T03:30:00+00:00
6975,12.917348,77.622813,no2,47.0,2019-07-19T03:45:00+00:00
6975,12.917348,77.622813,no2,48.1,2019-07-19T04:00:00+00:00
6975,12.917348,77.622813,no2,48.9,2019-07-19T04:15:00+00:00
6975,12.917348,77.622813,no2,50.8,2019-07-19T04:30:00+00:00
6975,12.917348,77.622813,no2,52.8,2019-07-19T04:45:00+00:00
6975,12.917348,77.622813,no2,50.8,2019-07-19T05:00:00+00:00
6975,12.917348,77.622813,no2,49.8,2019-07-19T05:15:00+00:00
6975,12.917348,77.622813,no2,50.4,2019-07-19T05:30:00+00:00
6975,12.917348,77.622813,no2,49.4,2019-07-19T05:45:00+00:00
6975,12.917348,77.622813,no2,49.3,2019-07-19T06:00:00+00:00
6975,12.917348,77.622813,no2,50.9,2019-07-19T06:15:00+00:00
6975,12.917348,77.622813,no2,52.3,2019-07-19T06:30:00+00:00
6975,12.917348,77.622813,no2,54.3,2019-07-19T06:45:00+00:00
6975,12.917348,77.622813,no2,56.6,2019-07-19T07:00:00+00:00
6975,12.917348,77.622813,no2,57.3,2019-07-19T07:15:00+00:00
6975,12.917348,77.622813,no2,58.3,2019-07-19T07:30:00+00:00
6975,12.917348,77.622813,no2,59.4,2019-07-19T07:45:00+00:00
6975,12.917348,77.622813,no2,62.4,2019-07-19T08:00:00+00:00
6975,12.917348,77.622813,no2,61.9,2019-07-19T08:15:00+00:00
6975,12.917348,77.622813,no2,57.7,2019-07-19T08:30:00+00:00
6975,12.917348,77.622813,no2,57.0,2019-07-19T08:45:00+00:00
6975,12.917348,77.622813,no2,55.6,2019-07-19T09:00:00+00:00
6975,12.917348,77.622813,no2,55.3,2019-07-19T09:15:00+00:00
6975,12.917348,77.622813,no2,56.0,2019-07-19T09:30:00+00:00
6975,12.917348,77.622813,no2,56.8,2019-07-19T09:45:00+00:00
6975,12.917348,77.622813,no2,59.2,2019-07-19T10:00:00+00:00
6975,12.917348,77.622813,no2,66.7,2019-07-19T10:15:00+00:00
6975,12.917348,77.622813,no2,64.7,2019-07-19T10:30:00+00:00
6975,12.917348,77.622813,no2,66.0,2019-07-19T10:45:00+00:00
6975,12.917348,77.622813,no2,60.7,2019-07-19T11:00:00+00:00
6975,12.917348,77.622813,no2,65.8,2019-07-19T11:15:00+00:00
6975,12.917348,77.622813,no2,70.5,2019-07-19T11:30:00+00:00
6975,12.917348,77.622813,no2,59.2,2019-07-19T11:45:00+00:00
6975,12.917348,77.622813,no2,62.6,2019-07-19T12:00:00+00:00
6975,12.917348,77.622813,no2,64.7,2019-07-19T12:15:00+00:00
6975,12.917348,77.622813,no2,64.1,2019-07-19T12:30:00+00:00
6975,12.917348,77.622813,no2,63.7,2019-07-19T12:45:00+00:00
6975,12.917348,77.622813,no2,61.9,2019-07-19T13:00:00+00:00
6975,12.917348,77.622813,no2,44.6,2019-07-19T13:15:00+00:00
6975,12.917348,77.622813,no2,44.7,2019-07-19T13:45:00+00:00
6975,12.917348,77.622813,no2,39.1,2019-07-19T14:00:00+00:00
6975,12.917348,77.622813,no2,39.1,2019-07-19T14:15:00+00:00
6975,12.917348,77.622813,no2,40.0,2019-07-19T14:30:00+00:00
6975,12.917348,77.622813,no2,40.2,2019-07-19T14:45:00+00:00
6975,12.917348,77.622813,no2,39.5,2019-07-19T15:00:00+00:00
6975,12.917348,77.622813,no2,39.9,2019-07-19T15:15:00+00:00
6975,12.917348,77.622813,no2,44.0,2019-07-19T15:30:00+00:00
6975,12.917348,77.622813,no2,46.6,2019-07-19T15:45:00+00:00
6975,12.917348,77.622813,no2,44.2,2019-07-19T16:00:00+00:00
6975,12.917348,77.622813,no2,43.8,2019-07-19T16:15:00+00:00
6975,12.917348,77.622813,no2,44.2,2019-07-19T16:30:00+00:00
6975,12.917348,77.622813,no2,43.8,2019-07-19T16:45:00+00:00
6975,12.917348,77.622813,no2,41.5,2019-07-19T17:00:00+00:00
6975,12.917348,77.622813,no2,38.9,2019-07-19T17:15:00+00:00
6975,12.917348,77.622813,no2,42.1,2019-07-19T17:30:00+00:00
6975,12.917348,77.622813,no2,41.9,2019-07-19T17:45:00+00:00
6975,12.917348,77.622813,no2,42.3,2019-07-19T18:00:00+00:00
6975,12.917348,77.622813,no2,45.1,2019-07-19T18:15:00+00:00
6975,12.917348,77.622813,no2,44.2,2019-07-19T18:30:00+00:00
6975,12.917348,77.622813,so2,6.0,2019-07-18T18:45:00+00:00
6975,12.917348,77.622813,so2,5.8,2019-07-18T19:00:00+00:00
6975,12.917348,77.622813,so2,5.2,2019-07-18T19:15:00+00:00
6975,12.917348,77.622813,so2,5.0,2019-07-18T19:30:00+00:00
6975,12.917348,77.622813,so2,5.2,2019-07-18T19:45:00+00:00
6975,12.917348,77.622813,so2,5.2,2019-07-18T20:00:00+00:00
6975,12.917348,77.622813,so2,5.8,2019-07-18T20:30:00+00:00
6975,12.917348,77.622813,so2,6.3,2019-07-18T20:45:00+00:00
6975,12.917348,77.622813,so2,7.1,2019-07-18T21:00:00+00:00
6975,12.917348,77.622813,so2,6.6,2019-07-18T21:15:00+00:00
6975,12.917348,77.622813,so2,5.8,2019-07-18T21:30:00+00:00
6975,12.917348,77.622813,so2,5.8,2019-07-18T21:45:00+00:00
6975,12.917348,77.622813,so2,6.0,2019-07-18T22:00:00+00:00
6975,12.917348,77.622813,so2,5.2,2019-07-18T22:30:00+00:00
6975,12.917348,77.622813,so2,4.7,2019-07-18T22:45:00+00:00
6975,12.917348,77.622813,so2,4.2,2019-07-18T23:00:00+00:00
6975,12.917348,77.622813,so2,5.2,2019-07-18T23:15:00+00:00
6975,12.917348,77.622813,so2,6.3,2019-07-18T23:30:00+00:00
6975,12.917348,77.622813,so2,6.8,2019-07-18T23:45:00+00:00
6975,12.917348,77.622813,so2,7.3,2019-07-19T00:00:00+00:00
6975,12.917348,77.622813,so2,4.5,2019-07-19T01:00:00+00:00
6975,12.917348,77.622813,so2,3.7,2019-07-19T01:30:00+00:00
6975,12.917348,77.622813,so2,3.9,2019-07-19T01:45:00+00:00
6975,12.917348,77.622813,so2,3.9,2019-07-19T02:00:00+00:00
6975,12.917348,77.622813,so2,5.2,2019-07-19T02:30:00+00:00
6975,12.917348,77.622813,so2,6.3,2019-07-19T02:45:00+00:00
6975,12.917348,77.622813,so2,7.3,2019-07-19T03:00:00+00:00
6975,12.917348,77.622813,so2,9.2,2019-07-19T03:15:00+00:00
6975,12.917348,77.622813,so2,8.4,2019-07-19T03:30:00+00:00
6975,12.917348,77.622813,so2,8.1,2019-07-19T03:45:00+00:00
6975,12.917348,77.622813,so2,8.4,2019-07-19T04:00:00+00:00
6975,12.917348,77.622813,so2,10.5,2019-07-19T04:30:00+00:00
6975,12.917348,77.622813,so2,11.3,2019-07-19T04:45:00+00:00
6975,12.917348,77.622813,so2,10.2,2019-07-19T05:00:00+00:00
6975,12.917348,77.622813,so2,9.2,2019-07-19T05:15:00+00:00
6975,12.917348,77.622813,so2,10.0,2019-07-19T05:30:00+00:00
6975,12.917348,77.622813,so2,10.0,2019-07-19T05:45:00+00:00
6975,12.917348,77.622813,so2,11.0,2019-07-19T06:00:00+00:00
6975,12.917348,77.622813,so2,10.0,2019-07-19T06:30:00+00:00
6975,12.917348,77.622813,so2,8.6,2019-07-19T06:45:00+00:00
6975,12.917348,77.622813,so2,8.9,2019-07-19T07:00:00+00:00
6975,12.917348,77.622813,so2,8.1,2019-07-19T07:15:00+00:00
6975,12.917348,77.622813,so2,7.1,2019-07-19T07:30:00+00:00
6975,12.917348,77.622813,so2,7.6,2019-07-19T07:45:00+00:00
6975,12.917348,77.622813,so2,6.3,2019-07-19T08:00:00+00:00
6975,12.917348,77.622813,so2,6.3,2019-07-19T08:30:00+00:00
6975,12.917348,77.622813,so2,6.3,2019-07-19T08:45:00+00:00
6975,12.917348,77.622813,so2,6.3,2019-07-19T09:00:00+00:00
6975,12.917348,77.622813,so2,5.0,2019-07-19T09:15:00+00:00
6975,12.917348,77.622813,so2,4.2,2019-07-19T09:30:00+00:00
6975,12.917348,77.622813,so2,4.5,2019-07-19T09:45:00+00:00
6975,12.917348,77.622813,so2,4.7,2019-07-19T10:00:00+00:00
6975,12.917348,77.622813,so2,5.5,2019-07-19T10:30:00+00:00
6975,12.917348,77.622813,so2,6.6,2019-07-19T10:45:00+00:00
6975,12.917348,77.622813,so2,6.3,2019-07-19T11:00:00+00:00
6975,12.917348,77.622813,so2,6.6,2019-07-19T11:15:00+00:00
6975,12.917348,77.622813,so2,6.8,2019-07-19T11:30:00+00:00
6975,12.917348,77.622813,so2,7.1,2019-07-19T11:45:00+00:00
6975,12.917348,77.622813,so2,6.8,2019-07-19T12:00:00+00:00
6975,12.917348,77.622813,so2,7.3,2019-07-19T12:30:00+00:00
6975,12.917348,77.622813,so2,9.2,2019-07-19T12:45:00+00:00
6975,12.917348,77.622813,so2,10.0,2019-07-19T13:00:00+00:00
6975,12.917348,77.622813,so2,10.2,2019-07-19T13:15:00+00:00
6975,12.917348,77.622813,so2,8.1,2019-07-19T13:45:00+00:00
6975,12.917348,77.622813,so2,8.9,2019-07-19T14:00:00+00:00
6975,12.917348,77.622813,so2,7.6,2019-07-19T14:30:00+00:00
6975,12.917348,77.622813,so2,6.0,2019-07-19T14:45:00+00:00
6975,12.917348,77.622813,so2,5.8,2019-07-19T15:00:00+00:00
6975,12.917348,77.622813,so2,5.8,2019-07-19T15:15:00+00:00
6975,12.917348,77.622813,so2,5.8,2019-07-19T15:30:00+00:00
6975,12.917348,77.622813,so2,6.0,2019-07-19T15:45:00+00:00
6975,12.917348,77.622813,so2,5.5,2019-07-19T16:00:00+00:00
6975,12.917348,77.622813,so2,5.5,2019-07-19T16:30:00+00:00
6975,12.917348,77.622813,so2,5.5,2019-07-19T16:45:00+00:00
6975,12.917348,77.622813,so2,6.0,2019-07-19T17:00:00+00:00
6975,12.917348,77.622813,so2,6.3,2019-07-19T17:15:00+00:00
6975,12.917348,77.622813,so2,6.0,2019-07-19T17:30:00+00:00
6975,12.917348,77.622813,so2,6.0,2019-07-19T17:45:00+00:00
6975,12.917348,77.622813,so2,5.8,2019-07-19T18:00:00+00:00
6975,12.917348,77.622813,so2,6.0,2019-07-19T18:30:00+00:00
6975,12.917348,77.622813,pm10,70.0,2019-07-19T19:15:00+00:00
6975,12.917348,77.622813,pm10,70.0,2019-07-19T19:30:00+00:00
6975,12.917348,77.622813,pm10,46.0,2019-07-19T20:15:00+00:00
6975,12.917348,77.622813,pm10,46.0,2019-07-19T20:30:00+00:00
6975,12.917348,77.622813,pm10,46.0,2019-07-19T21:00:00+00:00
6975,12.917348,77.622813,pm10,40.0,2019-07-19T21:15:00+00:00
6975,12.917348,77.622813,pm10,40.0,2019-07-19T21:30:00+00:00
6975,12.917348,77.622813,pm10,40.0,2019-07-19T21:45:00+00:00
6975,12.917348,77.622813,pm10,57.0,2019-07-19T22:45:00+00:00
6975,12.917348,77.622813,pm10,46.0,2019-07-19T23:30:00+00:00
6975,12.917348,77.622813,pm10,53.0,2019-07-20T00:30:00+00:00
6975,12.917348,77.622813,pm10,53.0,2019-07-20T00:45:00+00:00
6975,12.917348,77.622813,pm10,53.0,2019-07-20T01:00:00+00:00
6975,12.917348,77.622813,pm10,57.0,2019-07-20T01:15:00+00:00
6975,12.917348,77.622813,pm10,57.0,2019-07-20T01:30:00+00:00
6975,12.917348,77.622813,pm10,57.0,2019-07-20T01:45:00+00:00
6975,12.917348,77.622813,pm10,66.0,2019-07-20T02:30:00+00:00
6975,12.917348,77.622813,pm10,66.0,2019-07-20T02:45:00+00:00
6975,12.917348,77.622813,pm10,90.0,2019-07-20T03:15:00+00:00
6975,12.917348,77.622813,pm10,92.0,2019-07-20T04:30:00+00:00
6975,12.917348,77.622813,pm10,80.0,2019-07-20T05:15:00+00:00
6975,12.917348,77.622813,pm10,80.0,2019-07-20T06:00:00+00:00
6975,12.917348,77.622813,pm10,66.0,2019-07-20T06:15:00+00:00
6975,12.917348,77.622813,pm10,66.0,2019-07-20T06:30:00+00:00
6975,12.917348,77.622813,pm10,66.0,2019-07-20T07:00:00+00:00
6975,12.917348,77.622813,pm10,79.0,2019-07-20T07:15:00+00:00
6975,12.917348,77.622813,pm10,62.0,2019-07-20T10:30:00+00:00
6975,12.917348,77.622813,pm10,62.0,2019-07-20T10:45:00+00:00
6975,12.917348,77.622813,pm10,62.0,2019-07-20T11:00:00+00:00
6975,12.917348,77.622813,pm10,84.0,2019-07-20T11:15:00+00:00
6975,12.917348,77.622813,pm10,84.0,2019-07-20T11:30:00+00:00
6975,12.917348,77.622813,pm10,84.0,2019-07-20T11:45:00+00:00
6975,12.917348,77.622813,pm10,84.0,2019-07-20T12:00:00+00:00
6975,12.917348,77.622813,pm10,51.0,2019-07-20T12:15:00+00:00
6975,12.917348,77.622813,pm10,51.0,2019-07-20T12:30:00+00:00
6975,12.917348,77.622813,pm10,51.0,2019-07-20T12:45:00+00:00
6975,12.917348,77.622813,pm10,51.0,2019-07-20T13:00:00+00:00
6975,12.917348,77.622813,pm10,70.0,2019-07-20T13:15:00+00:00
6975,12.917348,77.622813,pm10,70.0,2019-07-20T13:30:00+00:00
6975,12.917348,77.622813,pm10,70.0,2019-07-20T13:45:00+00:00
6975,12.917348,77.622813,pm10,70.0,2019-07-20T14:00:00+00:00
6975,12.917348,77.622813,pm10,64.0,2019-07-20T14:15:00+00:00
6975,12.917348,77.622813,pm10,64.0,2019-07-20T14:30:00+00:00
6975,12.917348,77.622813,pm10,64.0,2019-07-20T14:45:00+00:00
6975,12.917348,77.622813,pm10,64.0,2019-07-20T15:00:00+00:00
6975,12.917348,77.622813,pm10,67.0,2019-07-20T15:15:00+00:00
6975,12.917348,77.622813,pm10,67.0,2019-07-20T15:30:00+00:00
6975,12.917348,77.622813,pm10,67.0,2019-07-20T15:45:00+00:00
6975,12.917348,77.622813,pm10,67.0,2019-07-20T16:00:00+00:00
6975,12.917348,77.622813,pm10,66.0,2019-07-20T16:15:00+00:00
6975,12.917348,77.622813,pm10,66.0,2019-07-20T16:30:00+00:00
6975,12.917348,77.622813,pm10,66.0,2019-07-20T16:45:00+00:00
6975,12.917348,77.622813,pm10,66.0,2019-07-20T17:00:00+00:00
6975,12.917348,77.622813,pm10,64.0,2019-07-20T17:15:00+00:00
6975,12.917348,77.622813,pm10,64.0,2019-07-20T17:30:00+00:00
6975,12.917348,77.622813,pm10,64.0,2019-07-20T17:45:00+00:00
6975,12.917348,77.622813,pm10,64.0,2019-07-20T18:00:00+00:00
6975,12.917348,77.622813,pm10,42.0,2019-07-20T18:15:00+00:00
6975,12.917348,77.622813,pm25,9.0,2019-07-19T19:15:00+00:00
6975,12.917348,77.622813,pm25,9.0,2019-07-19T19:30:00+00:00
6975,12.917348,77.622813,pm25,12.0,2019-07-19T20:15:00+00:00
6975,12.917348,77.622813,pm25,12.0,2019-07-19T20:30:00+00:00
6975,12.917348,77.622813,pm25,12.0,2019-07-19T21:00:00+00:00
6975,12.917348,77.622813,pm25,8.0,2019-07-19T21:15:00+00:00
6975,12.917348,77.622813,pm25,8.0,2019-07-19T21:30:00+00:00
6975,12.917348,77.622813,pm25,8.0,2019-07-19T21:45:00+00:00
6975,12.917348,77.622813,pm25,14.0,2019-07-19T22:45:00+00:00
6975,12.917348,77.622813,pm25,12.0,2019-07-19T23:30:00+00:00
6975,12.917348,77.622813,pm25,12.0,2019-07-19T23:45:00+00:00
6975,12.917348,77.622813,pm25,12.0,2019-07-20T00:30:00+00:00
6975,12.917348,77.622813,pm25,12.0,2019-07-20T00:45:00+00:00
6975,12.917348,77.622813,pm25,12.0,2019-07-20T01:00:00+00:00
6975,12.917348,77.622813,pm25,17.0,2019-07-20T01:15:00+00:00
6975,12.917348,77.622813,pm25,17.0,2019-07-20T01:30:00+00:00
6975,12.917348,77.622813,pm25,17.0,2019-07-20T01:45:00+00:00
6975,12.917348,77.622813,pm25,16.0,2019-07-20T02:30:00+00:00
6975,12.917348,77.622813,pm25,13.0,2019-07-20T03:15:00+00:00
6975,12.917348,77.622813,pm25,20.0,2019-07-20T04:30:00+00:00
6975,12.917348,77.622813,pm25,20.0,2019-07-20T04:45:00+00:00
6975,12.917348,77.622813,pm25,17.0,2019-07-20T05:15:00+00:00
6975,12.917348,77.622813,pm25,17.0,2019-07-20T06:00:00+00:00
6975,12.917348,77.622813,pm25,20.0,2019-07-20T06:15:00+00:00
6975,12.917348,77.622813,pm25,20.0,2019-07-20T06:30:00+00:00
6975,12.917348,77.622813,pm25,20.0,2019-07-20T07:00:00+00:00
6975,12.917348,77.622813,pm25,22.0,2019-07-20T07:15:00+00:00
6975,12.917348,77.622813,pm25,7.0,2019-07-20T09:30:00+00:00
6975,12.917348,77.622813,pm25,6.0,2019-07-20T10:30:00+00:00
6975,12.917348,77.622813,pm25,6.0,2019-07-20T10:45:00+00:00
6975,12.917348,77.622813,pm25,6.0,2019-07-20T11:00:00+00:00
6975,12.917348,77.622813,pm25,22.0,2019-07-20T11:15:00+00:00
6975,12.917348,77.622813,pm25,22.0,2019-07-20T11:30:00+00:00
6975,12.917348,77.622813,pm25,22.0,2019-07-20T11:45:00+00:00
6975,12.917348,77.622813,pm25,22.0,2019-07-20T12:00:00+00:00
6975,12.917348,77.622813,pm25,18.0,2019-07-20T12:15:00+00:00
6975,12.917348,77.622813,pm25,18.0,2019-07-20T12:30:00+00:00
6975,12.917348,77.622813,pm25,18.0,2019-07-20T12:45:00+00:00
6975,12.917348,77.622813,pm25,18.0,2019-07-20T13:00:00+00:00
6975,12.917348,77.622813,pm25,19.0,2019-07-20T13:15:00+00:00
6975,12.917348,77.622813,pm25,19.0,2019-07-20T13:30:00+00:00
6975,12.917348,77.622813,pm25,19.0,2019-07-20T13:45:00+00:00
6975,12.917348,77.622813,pm25,19.0,2019-07-20T14:00:00+00:00
6975,12.917348,77.622813,pm25,16.0,2019-07-20T14:15:00+00:00
6975,12.917348,77.622813,pm25,16.0,2019-07-20T14:30:00+00:00
6975,12.917348,77.622813,pm25,16.0,2019-07-20T14:45:00+00:00
6975,12.917348,77.622813,pm25,16.0,2019-07-20T15:00:00+00:00
6975,12.917348,77.622813,pm25,12.0,2019-07-20T15:15:00+00:00
6975,12.917348,77.622813,pm25,12.0,2019-07-20T15:30:00+00:00
6975,12.917348,77.622813,pm25,12.0,2019-07-20T15:45:00+00:00
6975,12.917348,77.622813,pm25,12.0,2019-07-20T16:00:00+00:00
6975,12.917348,77.622813,pm25,9.0,2019-07-20T16:15:00+00:00
6975,12.917348,77.622813,pm25,9.0,2019-07-20T16:30:00+00:00
6975,12.917348,77.622813,pm25,9.0,2019-07-20T16:45:00+00:00
6975,12.917348,77.622813,pm25,9.0,2019-07-20T17:00:00+00:00
6975,12.917348,77.622813,pm25,14.0,2019-07-20T17:15:00+00:00
6975,12.917348,77.622813,pm25,14.0,2019-07-20T17:30:00+00:00
6975,12.917348,77.622813,pm25,14.0,2019-07-20T17:45:00+00:00
6975,12.917348,77.622813,pm25,14.0,2019-07-20T18:00:00+00:00
6975,12.917348,77.622813,pm25,8.0,2019-07-20T18:15:00+00:00
6975,12.917348,77.622813,co,0.77,2019-07-19T18:45:00+00:00
6975,12.917348,77.622813,co,0.69,2019-07-19T19:00:00+00:00
6975,12.917348,77.622813,co,0.62,2019-07-19T19:15:00+00:00
6975,12.917348,77.622813,co,0.54,2019-07-19T19:30:00+00:00
6975,12.917348,77.622813,co,0.45,2019-07-19T19:45:00+00:00
6975,12.917348,77.622813,co,0.39,2019-07-19T20:00:00+00:00
6975,12.917348,77.622813,co,0.38,2019-07-19T20:15:00+00:00
6975,12.917348,77.622813,co,0.35,2019-07-19T20:30:00+00:00
6975,12.917348,77.622813,co,0.34,2019-07-19T20:45:00+00:00
6975,12.917348,77.622813,co,0.35,2019-07-19T21:00:00+00:00
6975,12.917348,77.622813,co,0.46,2019-07-19T21:15:00+00:00
6975,12.917348,77.622813,co,0.48,2019-07-19T21:30:00+00:00
6975,12.917348,77.622813,co,0.47,2019-07-19T21:45:00+00:00
6975,12.917348,77.622813,co,0.46,2019-07-19T22:00:00+00:00
6975,12.917348,77.622813,co,0.4,2019-07-19T23:15:00+00:00
6975,12.917348,77.622813,co,0.42,2019-07-19T23:45:00+00:00
6975,12.917348,77.622813,co,0.44,2019-07-20T00:00:00+00:00
6975,12.917348,77.622813,co,0.45,2019-07-20T00:15:00+00:00
6975,12.917348,77.622813,co,0.49,2019-07-20T00:30:00+00:00
6975,12.917348,77.622813,co,0.58,2019-07-20T00:45:00+00:00
6975,12.917348,77.622813,co,0.6,2019-07-20T01:00:00+00:00
6975,12.917348,77.622813,co,0.66,2019-07-20T01:15:00+00:00
6975,12.917348,77.622813,co,0.7,2019-07-20T01:30:00+00:00
6975,12.917348,77.622813,co,0.71,2019-07-20T01:45:00+00:00
6975,12.917348,77.622813,co,0.68,2019-07-20T02:00:00+00:00
6975,12.917348,77.622813,co,0.66,2019-07-20T02:15:00+00:00
6975,12.917348,77.622813,co,0.73,2019-07-20T02:30:00+00:00
6975,12.917348,77.622813,co,0.92,2019-07-20T02:45:00+00:00
6975,12.917348,77.622813,co,1.24,2019-07-20T03:15:00+00:00
6975,12.917348,77.622813,co,1.21,2019-07-20T03:30:00+00:00
6975,12.917348,77.622813,co,1.31,2019-07-20T03:45:00+00:00
6975,12.917348,77.622813,co,1.34,2019-07-20T04:00:00+00:00
6975,12.917348,77.622813,co,1.48,2019-07-20T04:15:00+00:00
6975,12.917348,77.622813,co,1.45,2019-07-20T04:30:00+00:00
6975,12.917348,77.622813,co,1.25,2019-07-20T04:45:00+00:00
6975,12.917348,77.622813,co,1.18,2019-07-20T05:00:00+00:00
6975,12.917348,77.622813,co,1.27,2019-07-20T05:15:00+00:00
6975,12.917348,77.622813,co,1.01,2019-07-20T05:45:00+00:00
6975,12.917348,77.622813,co,0.98,2019-07-20T06:00:00+00:00
6975,12.917348,77.622813,co,1.05,2019-07-20T06:15:00+00:00
6975,12.917348,77.622813,co,1.13,2019-07-20T06:30:00+00:00
6975,12.917348,77.622813,co,1.15,2019-07-20T07:00:00+00:00
6975,12.917348,77.622813,co,1.11,2019-07-20T07:15:00+00:00
6975,12.917348,77.622813,co,1.18,2019-07-20T07:30:00+00:00
6975,12.917348,77.622813,co,1.21,2019-07-20T07:45:00+00:00
6975,12.917348,77.622813,co,1.16,2019-07-20T08:00:00+00:00
6975,12.917348,77.622813,co,0.97,2019-07-20T08:15:00+00:00
6975,12.917348,77.622813,co,1.01,2019-07-20T08:45:00+00:00
6975,12.917348,77.622813,co,1.09,2019-07-20T09:00:00+00:00
6975,12.917348,77.622813,co,1.16,2019-07-20T09:15:00+00:00
6975,12.917348,77.622813,co,1.11,2019-07-20T09:30:00+00:00
6975,12.917348,77.622813,co,1.03,2019-07-20T09:45:00+00:00
6975,12.917348,77.622813,co,1.0,2019-07-20T10:00:00+00:00
6975,12.917348,77.622813,co,1.04,2019-07-20T10:15:00+00:00
6975,12.917348,77.622813,co,1.09,2019-07-20T10:30:00+00:00
6975,12.917348,77.622813,co,1.1,2019-07-20T10:45:00+00:00
6975,12.917348,77.622813,co,0.98,2019-07-20T11:00:00+00:00
6975,12.917348,77.622813,co,0.97,2019-07-20T11:15:00+00:00
6975,12.917348,77.622813,co,0.96,2019-07-20T11:30:00+00:00
6975,12.917348,77.622813,co,0.87,2019-07-20T11:45:00+00:00
6975,12.917348,77.622813,co,0.9,2019-07-20T12:00:00+00:00
6975,12.917348,77.622813,co,0.86,2019-07-20T12:15:00+00:00
6975,12.917348,77.622813,co,0.88,2019-07-20T12:30:00+00:00
6975,12.917348,77.622813,co,0.89,2019-07-20T12:45:00+00:00
6975,12.917348,77.622813,co,1.11,2019-07-20T13:00:00+00:00
6975,12.917348,77.622813,co,1.15,2019-07-20T13:15:00+00:00
6975,12.917348,77.622813,co,1.16,2019-07-20T13:30:00+00:00
6975,12.917348,77.622813,co,1.15,2019-07-20T13:45:00+00:00
6975,12.917348,77.622813,co,1.08,2019-07-20T14:00:00+00:00
6975,12.917348,77.622813,co,1.16,2019-07-20T14:15:00+00:00
6975,12.917348,77.622813,co,1.06,2019-07-20T14:30:00+00:00
6975,12.917348,77.622813,co,1.02,2019-07-20T14:45:00+00:00
6975,12.917348,77.622813,co,0.97,2019-07-20T15:00:00+00:00
6975,12.917348,77.622813,co,0.92,2019-07-20T15:15:00+00:00
6975,12.917348,77.622813,co,0.95,2019-07-20T15:45:00+00:00
6975,12.917348,77.622813,co,0.93,2019-07-20T16:00:00+00:00
6975,12.917348,77.622813,co,0.72,2019-07-20T16:15:00+00:00
6975,12.917348,77.622813,co,0.71,2019-07-20T16:30:00+00:00
6975,12.917348,77.622813,co,0.77,2019-07-20T16:45:00+00:00
6975,12.917348,77.622813,co,0.85,2019-07-20T17:00:00+00:00
6975,12.917348,77.622813,co,0.73,2019-07-20T17:15:00+00:00
6975,12.917348,77.622813,co,0.65,2019-07-20T17:30:00+00:00
6975,12.917348,77.622813,co,0.58,2019-07-20T17:45:00+00:00
6975,12.917348,77.622813,no2,45.5,2019-07-19T18:45:00+00:00
6975,12.917348,77.622813,no2,43.4,2019-07-19T19:00:00+00:00
6975,12.917348,77.622813,no2,43.8,2019-07-19T19:15:00+00:00
6975,12.917348,77.622813,no2,32.5,2019-07-19T19:30:00+00:00
6975,12.917348,77.622813,no2,41.2,2019-07-19T19:45:00+00:00
6975,12.917348,77.622813,no2,39.1,2019-07-19T20:00:00+00:00
6975,12.917348,77.622813,no2,38.2,2019-07-19T20:15:00+00:00
6975,12.917348,77.622813,no2,36.1,2019-07-19T20:30:00+00:00
6975,12.917348,77.622813,no2,34.8,2019-07-19T20:45:00+00:00
6975,12.917348,77.622813,no2,34.0,2019-07-19T21:00:00+00:00
6975,12.917348,77.622813,no2,33.3,2019-07-19T21:15:00+00:00
6975,12.917348,77.622813,no2,33.1,2019-07-19T21:30:00+00:00
6975,12.917348,77.622813,no2,32.9,2019-07-19T21:45:00+00:00
6975,12.917348,77.622813,no2,33.3,2019-07-19T22:00:00+00:00
6975,12.917348,77.622813,no2,34.0,2019-07-19T22:15:00+00:00
6975,12.917348,77.622813,no2,34.0,2019-07-19T22:45:00+00:00
6975,12.917348,77.622813,no2,36.5,2019-07-20T00:00:00+00:00
6975,12.917348,77.622813,no2,37.4,2019-07-20T00:15:00+00:00
6975,12.917348,77.622813,no2,38.2,2019-07-20T00:30:00+00:00
6975,12.917348,77.622813,no2,38.9,2019-07-20T00:45:00+00:00
6975,12.917348,77.622813,no2,38.9,2019-07-20T01:00:00+00:00
6975,12.917348,77.622813,no2,39.1,2019-07-20T01:15:00+00:00
6975,12.917348,77.622813,no2,39.7,2019-07-20T01:30:00+00:00
6975,12.917348,77.622813,no2,40.8,2019-07-20T01:45:00+00:00
6975,12.917348,77.622813,no2,40.8,2019-07-20T02:00:00+00:00
6975,12.917348,77.622813,no2,40.2,2019-07-20T02:15:00+00:00
6975,12.917348,77.622813,no2,40.8,2019-07-20T02:30:00+00:00
6975,12.917348,77.622813,no2,40.6,2019-07-20T02:45:00+00:00
6975,12.917348,77.622813,no2,39.3,2019-07-20T03:00:00+00:00
6975,12.917348,77.622813,no2,41.9,2019-07-20T03:15:00+00:00
6975,12.917348,77.622813,no2,43.6,2019-07-20T03:30:00+00:00
6975,12.917348,77.622813,no2,44.2,2019-07-20T03:45:00+00:00
6975,12.917348,77.622813,no2,44.6,2019-07-20T04:00:00+00:00
6975,12.917348,77.622813,no2,45.9,2019-07-20T04:15:00+00:00
6975,12.917348,77.622813,no2,47.2,2019-07-20T04:30:00+00:00
6975,12.917348,77.622813,no2,47.6,2019-07-20T04:45:00+00:00
6975,12.917348,77.622813,no2,48.1,2019-07-20T05:00:00+00:00
6975,12.917348,77.622813,no2,48.5,2019-07-20T05:15:00+00:00
6975,12.917348,77.622813,no2,40.4,2019-07-20T05:45:00+00:00
6975,12.917348,77.622813,no2,41.2,2019-07-20T06:00:00+00:00
6975,12.917348,77.622813,no2,41.4,2019-07-20T06:15:00+00:00
6975,12.917348,77.622813,no2,42.1,2019-07-20T06:30:00+00:00
6975,12.917348,77.622813,no2,45.5,2019-07-20T07:00:00+00:00
6975,12.917348,77.622813,no2,45.7,2019-07-20T07:15:00+00:00
6975,12.917348,77.622813,no2,45.9,2019-07-20T07:30:00+00:00
6975,12.917348,77.622813,no2,45.1,2019-07-20T07:45:00+00:00
6975,12.917348,77.622813,no2,45.7,2019-07-20T08:00:00+00:00
6975,12.917348,77.622813,no2,44.9,2019-07-20T08:15:00+00:00
6975,12.917348,77.622813,no2,46.6,2019-07-20T08:45:00+00:00
6975,12.917348,77.622813,no2,48.3,2019-07-20T09:00:00+00:00
6975,12.917348,77.622813,no2,49.1,2019-07-20T09:15:00+00:00
6975,12.917348,77.622813,no2,48.9,2019-07-20T09:30:00+00:00
6975,12.917348,77.622813,no2,47.6,2019-07-20T09:45:00+00:00
6975,12.917348,77.622813,no2,46.1,2019-07-20T10:00:00+00:00
6975,12.917348,77.622813,no2,46.4,2019-07-20T10:15:00+00:00
6975,12.917348,77.622813,no2,47.9,2019-07-20T10:30:00+00:00
6975,12.917348,77.622813,no2,49.4,2019-07-20T10:45:00+00:00
6975,12.917348,77.622813,no2,48.9,2019-07-20T11:00:00+00:00
6975,12.917348,77.622813,no2,47.2,2019-07-20T11:15:00+00:00
6975,12.917348,77.622813,no2,47.0,2019-07-20T11:30:00+00:00
6975,12.917348,77.622813,no2,47.8,2019-07-20T11:45:00+00:00
6975,12.917348,77.622813,no2,47.2,2019-07-20T12:00:00+00:00
6975,12.917348,77.622813,no2,46.8,2019-07-20T12:15:00+00:00
6975,12.917348,77.622813,no2,47.4,2019-07-20T12:30:00+00:00
6975,12.917348,77.622813,no2,47.0,2019-07-20T12:45:00+00:00
6975,12.917348,77.622813,no2,47.2,2019-07-20T13:00:00+00:00
6975,12.917348,77.622813,no2,46.8,2019-07-20T13:15:00+00:00
6975,12.917348,77.622813,no2,45.9,2019-07-20T13:30:00+00:00
6975,12.917348,77.622813,no2,44.0,2019-07-20T13:45:00+00:00
6975,12.917348,77.622813,no2,42.5,2019-07-20T14:00:00+00:00
6975,12.917348,77.622813,no2,41.5,2019-07-20T14:15:00+00:00
6975,12.917348,77.622813,no2,41.4,2019-07-20T14:30:00+00:00
6975,12.917348,77.622813,no2,41.4,2019-07-20T14:45:00+00:00
6975,12.917348,77.622813,no2,40.6,2019-07-20T15:00:00+00:00
6975,12.917348,77.622813,no2,40.4,2019-07-20T15:15:00+00:00
6975,12.917348,77.622813,no2,40.6,2019-07-20T15:30:00+00:00
6975,12.917348,77.622813,no2,41.4,2019-07-20T15:45:00+00:00
6975,12.917348,77.622813,no2,40.8,2019-07-20T16:00:00+00:00
6975,12.917348,77.622813,no2,39.5,2019-07-20T16:15:00+00:00
6975,12.917348,77.622813,no2,39.1,2019-07-20T16:30:00+00:00
6975,12.917348,77.622813,no2,39.5,2019-07-20T16:45:00+00:00
6975,12.917348,77.622813,no2,39.1,2019-07-20T17:00:00+00:00
6975,12.917348,77.622813,no2,38.0,2019-07-20T17:15:00+00:00
6975,12.917348,77.622813,no2,36.8,2019-07-20T17:30:00+00:00
6975,12.917348,77.622813,no2,36.5,2019-07-20T17:45:00+00:00
6975,12.917348,77.622813,no2,36.7,2019-07-20T18:00:00+00:00
6975,12.917348,77.622813,no2,36.7,2019-07-20T18:15:00+00:00
6975,12.917348,77.622813,so2,6.6,2019-07-19T18:45:00+00:00
6975,12.917348,77.622813,so2,6.6,2019-07-19T19:00:00+00:00
6975,12.917348,77.622813,so2,6.3,2019-07-19T19:15:00+00:00
6975,12.917348,77.622813,so2,5.8,2019-07-19T19:30:00+00:00
6975,12.917348,77.622813,so2,5.8,2019-07-19T19:45:00+00:00
6975,12.917348,77.622813,so2,6.0,2019-07-19T20:00:00+00:00
6975,12.917348,77.622813,so2,6.6,2019-07-19T20:30:00+00:00
6975,12.917348,77.622813,so2,6.6,2019-07-19T20:45:00+00:00
6975,12.917348,77.622813,so2,6.6,2019-07-19T21:00:00+00:00
6975,12.917348,77.622813,so2,6.3,2019-07-19T21:15:00+00:00
6975,12.917348,77.622813,so2,6.6,2019-07-19T21:30:00+00:00
6975,12.917348,77.622813,so2,5.8,2019-07-19T21:45:00+00:00
6975,12.917348,77.622813,so2,6.0,2019-07-19T22:00:00+00:00
6975,12.917348,77.622813,so2,5.0,2019-07-19T22:45:00+00:00
6975,12.917348,77.622813,so2,4.5,2019-07-19T23:15:00+00:00
6975,12.917348,77.622813,so2,4.2,2019-07-19T23:45:00+00:00
6975,12.917348,77.622813,so2,4.2,2019-07-20T00:00:00+00:00
6975,12.917348,77.622813,so2,6.8,2019-07-20T01:00:00+00:00
6975,12.917348,77.622813,so2,7.1,2019-07-20T01:30:00+00:00
6975,12.917348,77.622813,so2,7.3,2019-07-20T02:30:00+00:00
6975,12.917348,77.622813,so2,7.3,2019-07-20T02:45:00+00:00
6975,12.917348,77.622813,so2,8.6,2019-07-20T05:15:00+00:00
6975,12.917348,77.622813,so2,8.4,2019-07-20T06:00:00+00:00
6975,12.917348,77.622813,so2,5.2,2019-07-20T11:00:00+00:00
6975,12.917348,77.622813,so2,4.7,2019-07-20T11:15:00+00:00
6975,12.917348,77.622813,so2,4.7,2019-07-20T11:30:00+00:00
6975,12.917348,77.622813,so2,4.5,2019-07-20T11:45:00+00:00
6975,12.917348,77.622813,so2,3.9,2019-07-20T12:00:00+00:00
6975,12.917348,77.622813,so2,5.0,2019-07-20T12:30:00+00:00
6975,12.917348,77.622813,so2,7.1,2019-07-20T12:45:00+00:00
6975,12.917348,77.622813,so2,7.3,2019-07-20T13:00:00+00:00
6975,12.917348,77.622813,so2,7.9,2019-07-20T13:15:00+00:00
6975,12.917348,77.622813,so2,8.4,2019-07-20T13:30:00+00:00
6975,12.917348,77.622813,so2,8.6,2019-07-20T13:45:00+00:00
6975,12.917348,77.622813,so2,9.4,2019-07-20T14:00:00+00:00
6975,12.917348,77.622813,so2,8.4,2019-07-20T14:30:00+00:00
6975,12.917348,77.622813,so2,6.8,2019-07-20T14:45:00+00:00
6975,12.917348,77.622813,so2,6.0,2019-07-20T15:00:00+00:00
6975,12.917348,77.622813,so2,6.0,2019-07-20T15:15:00+00:00
6975,12.917348,77.622813,so2,5.2,2019-07-20T15:30:00+00:00
6975,12.917348,77.622813,so2,5.0,2019-07-20T15:45:00+00:00
6975,12.917348,77.622813,so2,5.2,2019-07-20T16:00:00+00:00
6975,12.917348,77.622813,so2,6.0,2019-07-20T16:30:00+00:00
6975,12.917348,77.622813,so2,6.3,2019-07-20T16:45:00+00:00
6975,12.917348,77.622813,so2,6.6,2019-07-20T17:00:00+00:00
6975,12.917348,77.622813,so2,7.9,2019-07-20T17:15:00+00:00
6975,12.917348,77.622813,so2,7.6,2019-07-20T17:30:00+00:00
6975,12.917348,77.622813,so2,7.6,2019-07-20T17:45:00+00:00
6975,12.917348,77.622813,so2,6.8,2019-07-20T18:00:00+00:00
6975,12.917348,77.622813,pm10,42.0,2019-07-20T18:45:00+00:00
6975,12.917348,77.622813,pm10,42.0,2019-07-20T19:00:00+00:00
6975,12.917348,77.622813,pm10,50.0,2019-07-20T19:15:00+00:00
6975,12.917348,77.622813,pm10,50.0,2019-07-20T19:45:00+00:00
6975,12.917348,77.622813,pm10,50.0,2019-07-20T20:00:00+00:00
6975,12.917348,77.622813,pm10,40.0,2019-07-20T20:15:00+00:00
6975,12.917348,77.622813,pm10,40.0,2019-07-20T20:30:00+00:00
6975,12.917348,77.622813,pm10,40.0,2019-07-20T20:45:00+00:00
6975,12.917348,77.622813,pm10,40.0,2019-07-20T21:00:00+00:00
6975,12.917348,77.622813,pm10,42.0,2019-07-20T21:30:00+00:00
6975,12.917348,77.622813,pm10,42.0,2019-07-20T21:45:00+00:00
6975,12.917348,77.622813,pm10,42.0,2019-07-20T22:00:00+00:00
6975,12.917348,77.622813,pm10,41.0,2019-07-20T22:15:00+00:00
6975,12.917348,77.622813,pm10,41.0,2019-07-20T22:30:00+00:00
6975,12.917348,77.622813,pm10,41.0,2019-07-20T22:45:00+00:00
6975,12.917348,77.622813,pm10,41.0,2019-07-20T23:00:00+00:00
6975,12.917348,77.622813,pm10,39.0,2019-07-20T23:15:00+00:00
6975,12.917348,77.622813,pm10,39.0,2019-07-20T23:30:00+00:00
6975,12.917348,77.622813,pm10,58.0,2019-07-21T00:15:00+00:00
6975,12.917348,77.622813,pm10,58.0,2019-07-21T00:30:00+00:00
6975,12.917348,77.622813,pm10,58.0,2019-07-21T00:45:00+00:00
6975,12.917348,77.622813,pm10,58.0,2019-07-21T01:00:00+00:00
6975,12.917348,77.622813,pm10,39.0,2019-07-21T01:15:00+00:00
6975,12.917348,77.622813,pm10,39.0,2019-07-21T01:30:00+00:00
6975,12.917348,77.622813,pm10,39.0,2019-07-21T01:45:00+00:00
6975,12.917348,77.622813,pm10,45.0,2019-07-21T02:45:00+00:00
6975,12.917348,77.622813,pm10,45.0,2019-07-21T03:00:00+00:00
6975,12.917348,77.622813,pm10,53.0,2019-07-21T03:15:00+00:00
6975,12.917348,77.622813,pm10,53.0,2019-07-21T03:30:00+00:00
6975,12.917348,77.622813,pm10,53.0,2019-07-21T03:45:00+00:00
6975,12.917348,77.622813,pm10,53.0,2019-07-21T04:00:00+00:00
6975,12.917348,77.622813,pm10,52.0,2019-07-21T04:45:00+00:00
6975,12.917348,77.622813,pm10,52.0,2019-07-21T05:00:00+00:00
6975,12.917348,77.622813,pm10,70.0,2019-07-21T05:15:00+00:00
6975,12.917348,77.622813,pm10,70.0,2019-07-21T05:30:00+00:00
6975,12.917348,77.622813,pm10,67.0,2019-07-21T07:00:00+00:00
6975,12.917348,77.622813,pm10,61.0,2019-07-21T07:15:00+00:00
6975,12.917348,77.622813,pm10,61.0,2019-07-21T07:30:00+00:00
6975,12.917348,77.622813,pm10,61.0,2019-07-21T07:45:00+00:00
6975,12.917348,77.622813,pm10,61.0,2019-07-21T08:00:00+00:00
6975,12.917348,77.622813,pm10,52.0,2019-07-21T08:15:00+00:00
6975,12.917348,77.622813,pm10,52.0,2019-07-21T08:30:00+00:00
6975,12.917348,77.622813,pm10,52.0,2019-07-21T09:00:00+00:00
6975,12.917348,77.622813,pm10,36.0,2019-07-21T09:15:00+00:00
6975,12.917348,77.622813,pm10,36.0,2019-07-21T09:30:00+00:00
6975,12.917348,77.622813,pm10,36.0,2019-07-21T09:45:00+00:00
6975,12.917348,77.622813,pm10,36.0,2019-07-21T10:00:00+00:00
6975,12.917348,77.622813,pm10,47.0,2019-07-21T10:15:00+00:00
6975,12.917348,77.622813,pm10,47.0,2019-07-21T10:30:00+00:00
6975,12.917348,77.622813,pm10,47.0,2019-07-21T10:45:00+00:00
6975,12.917348,77.622813,pm10,47.0,2019-07-21T11:00:00+00:00
6975,12.917348,77.622813,pm10,28.0,2019-07-21T11:15:00+00:00
6975,12.917348,77.622813,pm10,28.0,2019-07-21T11:45:00+00:00
6975,12.917348,77.622813,pm10,28.0,2019-07-21T12:00:00+00:00
6975,12.917348,77.622813,pm10,19.0,2019-07-21T12:15:00+00:00
6975,12.917348,77.622813,pm10,19.0,2019-07-21T12:30:00+00:00
6975,12.917348,77.622813,pm10,19.0,2019-07-21T12:45:00+00:00
6975,12.917348,77.622813,pm10,19.0,2019-07-21T13:00:00+00:00
6975,12.917348,77.622813,pm10,36.0,2019-07-21T13:15:00+00:00
6975,12.917348,77.622813,pm10,36.0,2019-07-21T13:30:00+00:00
6975,12.917348,77.622813,pm10,36.0,2019-07-21T13:45:00+00:00
6975,12.917348,77.622813,pm10,36.0,2019-07-21T14:00:00+00:00
6975,12.917348,77.622813,pm10,33.0,2019-07-21T14:15:00+00:00
6975,12.917348,77.622813,pm10,33.0,2019-07-21T14:30:00+00:00
6975,12.917348,77.622813,pm10,33.0,2019-07-21T14:45:00+00:00
6975,12.917348,77.622813,pm10,33.0,2019-07-21T15:00:00+00:00
6975,12.917348,77.622813,pm10,31.0,2019-07-21T15:15:00+00:00
6975,12.917348,77.622813,pm10,31.0,2019-07-21T15:30:00+00:00
6975,12.917348,77.622813,pm10,31.0,2019-07-21T16:30:00+00:00
6975,12.917348,77.622813,pm10,31.0,2019-07-21T16:45:00+00:00
6975,12.917348,77.622813,pm10,31.0,2019-07-21T17:00:00+00:00
6975,12.917348,77.622813,pm10,35.0,2019-07-21T17:15:00+00:00
6975,12.917348,77.622813,pm10,35.0,2019-07-21T17:30:00+00:00
6975,12.917348,77.622813,pm10,35.0,2019-07-21T17:45:00+00:00
6975,12.917348,77.622813,pm10,35.0,2019-07-21T18:00:00+00:00
6975,12.917348,77.622813,pm10,14.0,2019-07-21T18:15:00+00:00
6975,12.917348,77.622813,pm10,14.0,2019-07-21T18:30:00+00:00
6975,12.917348,77.622813,pm25,8.0,2019-07-20T18:45:00+00:00
6975,12.917348,77.622813,pm25,8.0,2019-07-20T19:00:00+00:00
6975,12.917348,77.622813,pm25,14.0,2019-07-20T19:15:00+00:00
6975,12.917348,77.622813,pm25,14.0,2019-07-20T19:45:00+00:00
6975,12.917348,77.622813,pm25,14.0,2019-07-20T20:00:00+00:00
6975,12.917348,77.622813,pm25,9.0,2019-07-20T20:15:00+00:00
6975,12.917348,77.622813,pm25,9.0,2019-07-20T20:30:00+00:00
6975,12.917348,77.622813,pm25,9.0,2019-07-20T20:45:00+00:00
6975,12.917348,77.622813,pm25,9.0,2019-07-20T21:00:00+00:00
6975,12.917348,77.622813,pm25,9.0,2019-07-20T21:30:00+00:00
6975,12.917348,77.622813,pm25,9.0,2019-07-20T21:45:00+00:00
6975,12.917348,77.622813,pm25,9.0,2019-07-20T22:00:00+00:00
6975,12.917348,77.622813,pm25,7.0,2019-07-20T22:15:00+00:00
6975,12.917348,77.622813,pm25,7.0,2019-07-20T22:30:00+00:00
6975,12.917348,77.622813,pm25,7.0,2019-07-20T22:45:00+00:00
6975,12.917348,77.622813,pm25,7.0,2019-07-20T23:00:00+00:00
6975,12.917348,77.622813,pm25,11.0,2019-07-20T23:15:00+00:00
6975,12.917348,77.622813,pm25,11.0,2019-07-20T23:30:00+00:00
6975,12.917348,77.622813,pm25,16.0,2019-07-21T00:15:00+00:00
6975,12.917348,77.622813,pm25,16.0,2019-07-21T00:30:00+00:00
6975,12.917348,77.622813,pm25,16.0,2019-07-21T00:45:00+00:00
6975,12.917348,77.622813,pm25,16.0,2019-07-21T01:00:00+00:00
6975,12.917348,77.622813,pm25,13.0,2019-07-21T01:15:00+00:00
6975,12.917348,77.622813,pm25,13.0,2019-07-21T01:30:00+00:00
6975,12.917348,77.622813,pm25,13.0,2019-07-21T01:45:00+00:00
6975,12.917348,77.622813,pm25,9.0,2019-07-21T02:45:00+00:00
6975,12.917348,77.622813,pm25,9.0,2019-07-21T03:00:00+00:00
6975,12.917348,77.622813,pm25,16.0,2019-07-21T03:15:00+00:00
6975,12.917348,77.622813,pm25,16.0,2019-07-21T03:30:00+00:00
6975,12.917348,77.622813,pm25,16.0,2019-07-21T03:45:00+00:00
6975,12.917348,77.622813,pm25,16.0,2019-07-21T04:00:00+00:00
6975,12.917348,77.622813,pm25,14.0,2019-07-21T04:45:00+00:00
6975,12.917348,77.622813,pm25,14.0,2019-07-21T05:00:00+00:00
6975,12.917348,77.622813,pm25,14.0,2019-07-21T05:15:00+00:00
6975,12.917348,77.622813,pm25,14.0,2019-07-21T05:30:00+00:00
6975,12.917348,77.622813,pm25,18.0,2019-07-21T07:00:00+00:00
6975,12.917348,77.622813,pm25,11.0,2019-07-21T07:15:00+00:00
6975,12.917348,77.622813,pm25,11.0,2019-07-21T07:30:00+00:00
6975,12.917348,77.622813,pm25,11.0,2019-07-21T07:45:00+00:00
6975,12.917348,77.622813,pm25,11.0,2019-07-21T08:00:00+00:00
6975,12.917348,77.622813,pm25,8.0,2019-07-21T08:15:00+00:00
6975,12.917348,77.622813,pm25,8.0,2019-07-21T08:30:00+00:00
6975,12.917348,77.622813,pm25,8.0,2019-07-21T09:00:00+00:00
6975,12.917348,77.622813,pm25,5.0,2019-07-21T09:15:00+00:00
6975,12.917348,77.622813,pm25,5.0,2019-07-21T09:30:00+00:00
6975,12.917348,77.622813,pm25,5.0,2019-07-21T09:45:00+00:00
6975,12.917348,77.622813,pm25,5.0,2019-07-21T10:00:00+00:00
6975,12.917348,77.622813,pm25,5.0,2019-07-21T10:15:00+00:00
6975,12.917348,77.622813,pm25,5.0,2019-07-21T10:30:00+00:00
6975,12.917348,77.622813,pm25,5.0,2019-07-21T10:45:00+00:00
6975,12.917348,77.622813,pm25,5.0,2019-07-21T11:00:00+00:00
6975,12.917348,77.622813,pm25,9.0,2019-07-21T11:15:00+00:00
6975,12.917348,77.622813,pm25,9.0,2019-07-21T11:45:00+00:00
6975,12.917348,77.622813,pm25,9.0,2019-07-21T12:00:00+00:00
6975,12.917348,77.622813,pm25,11.0,2019-07-21T12:15:00+00:00
6975,12.917348,77.622813,pm25,11.0,2019-07-21T12:30:00+00:00
6975,12.917348,77.622813,pm25,11.0,2019-07-21T12:45:00+00:00
6975,12.917348,77.622813,pm25,11.0,2019-07-21T13:00:00+00:00
6975,12.917348,77.622813,pm25,16.0,2019-07-21T13:15:00+00:00
6975,12.917348,77.622813,pm25,16.0,2019-07-21T13:30:00+00:00
6975,12.917348,77.622813,pm25,16.0,2019-07-21T13:45:00+00:00
6975,12.917348,77.622813,pm25,16.0,2019-07-21T14:00:00+00:00
6975,12.917348,77.622813,pm25,12.0,2019-07-21T14:15:00+00:00
6975,12.917348,77.622813,pm25,12.0,2019-07-21T14:30:00+00:00
6975,12.917348,77.622813,pm25,12.0,2019-07-21T14:45:00+00:00
6975,12.917348,77.622813,pm25,12.0,2019-07-21T15:00:00+00:00
6975,12.917348,77.622813,pm25,12.0,2019-07-21T15:15:00+00:00
6975,12.917348,77.622813,pm25,12.0,2019-07-21T15:30:00+00:00
6975,12.917348,77.622813,pm25,8.0,2019-07-21T16:30:00+00:00
6975,12.917348,77.622813,pm25,8.0,2019-07-21T16:45:00+00:00
6975,12.917348,77.622813,pm25,8.0,2019-07-21T17:00:00+00:00
6975,12.917348,77.622813,pm25,11.0,2019-07-21T17:15:00+00:00
6975,12.917348,77.622813,pm25,11.0,2019-07-21T17:30:00+00:00
6975,12.917348,77.622813,pm25,11.0,2019-07-21T17:45:00+00:00
6975,12.917348,77.622813,pm25,11.0,2019-07-21T18:00:00+00:00
6975,12.917348,77.622813,pm25,8.0,2019-07-21T18:15:00+00:00
6975,12.917348,77.622813,pm25,8.0,2019-07-21T18:30:00+00:00
6975,12.917348,77.622813,co,0.5,2019-07-20T18:45:00+00:00
6975,12.917348,77.622813,co,0.46,2019-07-20T19:00:00+00:00
6975,12.917348,77.622813,co,0.41,2019-07-20T19:15:00+00:00
6975,12.917348,77.622813,co,0.34,2019-07-20T19:45:00+00:00
6975,12.917348,77.622813,co,0.37,2019-07-20T20:00:00+00:00
6975,12.917348,77.622813,co,0.33,2019-07-20T20:15:00+00:00
6975,12.917348,77.622813,co,0.31,2019-07-20T20:30:00+00:00
6975,12.917348,77.622813,co,0.27,2019-07-20T20:45:00+00:00
6975,12.917348,77.622813,co,0.32,2019-07-20T21:00:00+00:00
6975,12.917348,77.622813,co,0.42,2019-07-20T21:30:00+00:00
6975,12.917348,77.622813,co,0.42,2019-07-20T21:45:00+00:00
6975,12.917348,77.622813,co,0.35,2019-07-20T22:00:00+00:00
6975,12.917348,77.622813,co,0.37,2019-07-20T23:00:00+00:00
6975,12.917348,77.622813,co,0.34,2019-07-20T23:15:00+00:00
6975,12.917348,77.622813,co,0.33,2019-07-20T23:30:00+00:00
6975,12.917348,77.622813,co,0.38,2019-07-21T00:00:00+00:00
6975,12.917348,77.622813,co,0.61,2019-07-21T00:15:00+00:00
6975,12.917348,77.622813,co,0.69,2019-07-21T00:30:00+00:00
6975,12.917348,77.622813,co,0.68,2019-07-21T01:00:00+00:00
6975,12.917348,77.622813,co,0.52,2019-07-21T01:15:00+00:00
6975,12.917348,77.622813,co,0.52,2019-07-21T01:30:00+00:00
6975,12.917348,77.622813,co,0.46,2019-07-21T01:45:00+00:00
6975,12.917348,77.622813,co,0.46,2019-07-21T02:15:00+00:00
6975,12.917348,77.622813,co,0.57,2019-07-21T02:45:00+00:00
6975,12.917348,77.622813,co,0.62,2019-07-21T03:00:00+00:00
6975,12.917348,77.622813,co,0.56,2019-07-21T03:15:00+00:00
6975,12.917348,77.622813,co,0.6,2019-07-21T03:30:00+00:00
6975,12.917348,77.622813,co,0.62,2019-07-21T03:45:00+00:00
6975,12.917348,77.622813,co,0.6,2019-07-21T04:00:00+00:00
6975,12.917348,77.622813,co,0.61,2019-07-21T04:15:00+00:00
6975,12.917348,77.622813,co,0.6,2019-07-21T04:30:00+00:00
6975,12.917348,77.622813,co,0.56,2019-07-21T04:45:00+00:00
6975,12.917348,77.622813,co,0.58,2019-07-21T05:00:00+00:00
6975,12.917348,77.622813,co,0.53,2019-07-21T05:15:00+00:00
6975,12.917348,77.622813,co,0.42,2019-07-21T05:30:00+00:00
6975,12.917348,77.622813,co,0.58,2019-07-21T07:00:00+00:00
6975,12.917348,77.622813,co,0.45,2019-07-21T07:15:00+00:00
6975,12.917348,77.622813,co,0.4,2019-07-21T07:30:00+00:00
6975,12.917348,77.622813,co,0.38,2019-07-21T07:45:00+00:00
6975,12.917348,77.622813,co,0.44,2019-07-21T08:00:00+00:00
6975,12.917348,77.622813,co,0.45,2019-07-21T08:15:00+00:00
6975,12.917348,77.622813,co,0.39,2019-07-21T08:30:00+00:00
6975,12.917348,77.622813,co,0.26,2019-07-21T08:45:00+00:00
6975,12.917348,77.622813,co,0.21,2019-07-21T09:00:00+00:00
6975,12.917348,77.622813,co,0.11,2019-07-21T09:15:00+00:00
6975,12.917348,77.622813,co,0.03,2019-07-21T09:30:00+00:00
6975,12.917348,77.622813,co,0.08,2019-07-21T09:45:00+00:00
6975,12.917348,77.622813,co,0.19,2019-07-21T10:00:00+00:00
6975,12.917348,77.622813,co,0.3,2019-07-21T10:15:00+00:00
6975,12.917348,77.622813,co,0.37,2019-07-21T10:30:00+00:00
6975,12.917348,77.622813,co,0.48,2019-07-21T10:45:00+00:00
6975,12.917348,77.622813,co,0.55,2019-07-21T11:00:00+00:00
6975,12.917348,77.622813,co,0.72,2019-07-21T11:15:00+00:00
6975,12.917348,77.622813,co,0.77,2019-07-21T11:30:00+00:00
6975,12.917348,77.622813,co,0.74,2019-07-21T11:45:00+00:00
6975,12.917348,77.622813,co,0.79,2019-07-21T12:00:00+00:00
6975,12.917348,77.622813,co,0.84,2019-07-21T12:15:00+00:00
6975,12.917348,77.622813,co,1.06,2019-07-21T12:30:00+00:00
6975,12.917348,77.622813,co,1.18,2019-07-21T12:45:00+00:00
6975,12.917348,77.622813,co,1.23,2019-07-21T13:00:00+00:00
6975,12.917348,77.622813,co,1.2,2019-07-21T13:15:00+00:00
6975,12.917348,77.622813,co,1.31,2019-07-21T13:30:00+00:00
6975,12.917348,77.622813,co,1.2,2019-07-21T13:45:00+00:00
6975,12.917348,77.622813,co,1.0,2019-07-21T14:00:00+00:00
6975,12.917348,77.622813,co,0.86,2019-07-21T14:15:00+00:00
6975,12.917348,77.622813,co,0.65,2019-07-21T14:30:00+00:00
6975,12.917348,77.622813,co,0.55,2019-07-21T14:45:00+00:00
6975,12.917348,77.622813,co,0.56,2019-07-21T15:00:00+00:00
6975,12.917348,77.622813,co,0.55,2019-07-21T15:15:00+00:00
6975,12.917348,77.622813,co,0.57,2019-07-21T15:30:00+00:00
6975,12.917348,77.622813,co,0.92,2019-07-21T15:45:00+00:00
6975,12.917348,77.622813,co,1.1,2019-07-21T16:00:00+00:00
6975,12.917348,77.622813,co,1.04,2019-07-21T16:15:00+00:00
6975,12.917348,77.622813,co,0.92,2019-07-21T16:30:00+00:00
6975,12.917348,77.622813,co,1.03,2019-07-21T16:45:00+00:00
6975,12.917348,77.622813,co,1.0,2019-07-21T17:00:00+00:00
6975,12.917348,77.622813,co,0.89,2019-07-21T17:15:00+00:00
6975,12.917348,77.622813,co,0.79,2019-07-21T17:45:00+00:00
6975,12.917348,77.622813,co,0.69,2019-07-21T18:00:00+00:00
6975,12.917348,77.622813,co,0.65,2019-07-21T18:30:00+00:00
6975,12.917348,77.622813,no2,38.5,2019-07-20T18:45:00+00:00
6975,12.917348,77.622813,no2,37.8,2019-07-20T19:00:00+00:00
6975,12.917348,77.622813,no2,36.3,2019-07-20T19:15:00+00:00
6975,12.917348,77.622813,no2,35.5,2019-07-20T19:45:00+00:00
6975,12.917348,77.622813,no2,34.8,2019-07-20T20:00:00+00:00
6975,12.917348,77.622813,no2,33.8,2019-07-20T20:15:00+00:00
6975,12.917348,77.622813,no2,33.1,2019-07-20T20:30:00+00:00
6975,12.917348,77.622813,no2,32.0,2019-07-20T20:45:00+00:00
6975,12.917348,77.622813,no2,31.6,2019-07-20T21:00:00+00:00
6975,12.917348,77.622813,no2,31.0,2019-07-20T21:30:00+00:00
6975,12.917348,77.622813,no2,30.6,2019-07-20T21:45:00+00:00
6975,12.917348,77.622813,no2,30.6,2019-07-20T22:00:00+00:00
6975,12.917348,77.622813,no2,29.7,2019-07-20T22:15:00+00:00
6975,12.917348,77.622813,no2,29.1,2019-07-20T22:30:00+00:00
6975,12.917348,77.622813,no2,29.7,2019-07-20T22:45:00+00:00
6975,12.917348,77.622813,no2,30.5,2019-07-20T23:00:00+00:00
6975,12.917348,77.622813,no2,32.5,2019-07-21T00:00:00+00:00
6975,12.917348,77.622813,no2,34.2,2019-07-21T00:15:00+00:00
6975,12.917348,77.622813,no2,33.1,2019-07-21T00:30:00+00:00
6975,12.917348,77.622813,no2,32.3,2019-07-21T00:45:00+00:00
6975,12.917348,77.622813,no2,32.3,2019-07-21T01:00:00+00:00
6975,12.917348,77.622813,no2,33.5,2019-07-21T01:15:00+00:00
6975,12.917348,77.622813,no2,35.3,2019-07-21T01:30:00+00:00
6975,12.917348,77.622813,no2,35.7,2019-07-21T01:45:00+00:00
6975,12.917348,77.622813,no2,36.5,2019-07-21T02:15:00+00:00
6975,12.917348,77.622813,no2,37.0,2019-07-21T02:45:00+00:00
6975,12.917348,77.622813,no2,37.8,2019-07-21T03:00:00+00:00
6975,12.917348,77.622813,no2,38.2,2019-07-21T03:15:00+00:00
6975,12.917348,77.622813,no2,39.1,2019-07-21T03:30:00+00:00
6975,12.917348,77.622813,no2,39.9,2019-07-21T03:45:00+00:00
6975,12.917348,77.622813,no2,40.2,2019-07-21T04:00:00+00:00
6975,12.917348,77.622813,no2,40.2,2019-07-21T04:15:00+00:00
6975,12.917348,77.622813,no2,39.9,2019-07-21T04:30:00+00:00
6975,12.917348,77.622813,no2,40.2,2019-07-21T04:45:00+00:00
6975,12.917348,77.622813,no2,41.2,2019-07-21T05:00:00+00:00
6975,12.917348,77.622813,no2,41.7,2019-07-21T05:15:00+00:00
6975,12.917348,77.622813,no2,43.1,2019-07-21T05:30:00+00:00
6975,12.917348,77.622813,no2,43.4,2019-07-21T07:00:00+00:00
6975,12.917348,77.622813,no2,43.2,2019-07-21T07:15:00+00:00
6975,12.917348,77.622813,no2,42.9,2019-07-21T07:30:00+00:00
6975,12.917348,77.622813,no2,43.6,2019-07-21T07:45:00+00:00
6975,12.917348,77.622813,no2,43.6,2019-07-21T08:00:00+00:00
6975,12.917348,77.622813,no2,42.7,2019-07-21T08:15:00+00:00
6975,12.917348,77.622813,no2,42.3,2019-07-21T08:30:00+00:00
6975,12.917348,77.622813,no2,42.5,2019-07-21T08:45:00+00:00
6975,12.917348,77.622813,no2,42.3,2019-07-21T09:00:00+00:00
6975,12.917348,77.622813,no2,40.8,2019-07-21T09:15:00+00:00
6975,12.917348,77.622813,no2,40.6,2019-07-21T09:30:00+00:00
6975,12.917348,77.622813,no2,38.7,2019-07-21T09:45:00+00:00
6975,12.917348,77.622813,no2,34.8,2019-07-21T10:00:00+00:00
6975,12.917348,77.622813,no2,44.4,2019-07-21T10:15:00+00:00
6975,12.917348,77.622813,no2,41.0,2019-07-21T10:30:00+00:00
6975,12.917348,77.622813,no2,42.9,2019-07-21T10:45:00+00:00
6975,12.917348,77.622813,no2,49.3,2019-07-21T11:00:00+00:00
6975,12.917348,77.622813,no2,47.8,2019-07-21T11:15:00+00:00
6975,12.917348,77.622813,no2,49.3,2019-07-21T11:30:00+00:00
6975,12.917348,77.622813,no2,49.6,2019-07-21T11:45:00+00:00
6975,12.917348,77.622813,no2,49.3,2019-07-21T12:00:00+00:00
6975,12.917348,77.622813,no2,48.5,2019-07-21T12:15:00+00:00
6975,12.917348,77.622813,no2,49.4,2019-07-21T12:30:00+00:00
6975,12.917348,77.622813,no2,57.5,2019-07-21T12:45:00+00:00
6975,12.917348,77.622813,no2,54.1,2019-07-21T13:00:00+00:00
6975,12.917348,77.622813,no2,50.0,2019-07-21T13:15:00+00:00
6975,12.917348,77.622813,no2,47.2,2019-07-21T13:30:00+00:00
6975,12.917348,77.622813,no2,44.7,2019-07-21T13:45:00+00:00
6975,12.917348,77.622813,no2,42.1,2019-07-21T14:00:00+00:00
6975,12.917348,77.622813,no2,31.6,2019-07-21T14:15:00+00:00
6975,12.917348,77.622813,no2,34.0,2019-07-21T14:30:00+00:00
6975,12.917348,77.622813,no2,38.5,2019-07-21T14:45:00+00:00
6975,12.917348,77.622813,no2,39.5,2019-07-21T15:00:00+00:00
6975,12.917348,77.622813,no2,39.9,2019-07-21T15:15:00+00:00
6975,12.917348,77.622813,no2,41.9,2019-07-21T15:30:00+00:00
6975,12.917348,77.622813,no2,42.9,2019-07-21T15:45:00+00:00
6975,12.917348,77.622813,no2,44.2,2019-07-21T16:00:00+00:00
6975,12.917348,77.622813,no2,45.3,2019-07-21T16:15:00+00:00
6975,12.917348,77.622813,no2,44.9,2019-07-21T16:30:00+00:00
6975,12.917348,77.622813,no2,41.4,2019-07-21T16:45:00+00:00
6975,12.917348,77.622813,no2,35.7,2019-07-21T17:00:00+00:00
6975,12.917348,77.622813,no2,34.6,2019-07-21T17:15:00+00:00
6975,12.917348,77.622813,no2,35.5,2019-07-21T17:30:00+00:00
6975,12.917348,77.622813,no2,34.4,2019-07-21T17:45:00+00:00
6975,12.917348,77.622813,no2,37.2,2019-07-21T18:00:00+00:00
6975,12.917348,77.622813,no2,36.7,2019-07-21T18:15:00+00:00
6975,12.917348,77.622813,no2,36.8,2019-07-21T18:30:00+00:00
6975,12.917348,77.622813,so2,6.8,2019-07-20T18:45:00+00:00
6975,12.917348,77.622813,so2,7.3,2019-07-20T19:00:00+00:00
6975,12.917348,77.622813,so2,6.8,2019-07-20T19:15:00+00:00
6975,12.917348,77.622813,so2,7.6,2019-07-20T19:45:00+00:00
6975,12.917348,77.622813,so2,7.6,2019-07-20T20:00:00+00:00
6975,12.917348,77.622813,so2,6.6,2019-07-20T20:30:00+00:00
6975,12.917348,77.622813,so2,4.7,2019-07-20T20:45:00+00:00
6975,12.917348,77.622813,so2,3.1,2019-07-20T21:00:00+00:00
6975,12.917348,77.622813,so2,3.4,2019-07-20T21:30:00+00:00
6975,12.917348,77.622813,so2,3.1,2019-07-20T21:45:00+00:00
6975,12.917348,77.622813,so2,2.6,2019-07-20T22:00:00+00:00
6975,12.917348,77.622813,so2,3.9,2019-07-20T22:30:00+00:00
6975,12.917348,77.622813,so2,5.2,2019-07-20T22:45:00+00:00
6975,12.917348,77.622813,so2,5.2,2019-07-20T23:00:00+00:00
6975,12.917348,77.622813,so2,6.3,2019-07-20T23:15:00+00:00
6975,12.917348,77.622813,so2,5.5,2019-07-20T23:30:00+00:00
6975,12.917348,77.622813,so2,4.5,2019-07-20T23:45:00+00:00
6975,12.917348,77.622813,so2,4.2,2019-07-21T00:00:00+00:00
6975,12.917348,77.622813,so2,7.3,2019-07-21T01:00:00+00:00
6975,12.917348,77.622813,so2,5.2,2019-07-21T01:15:00+00:00
6975,12.917348,77.622813,so2,3.9,2019-07-21T01:30:00+00:00
6975,12.917348,77.622813,so2,4.7,2019-07-21T01:45:00+00:00
6975,12.917348,77.622813,so2,7.1,2019-07-21T02:45:00+00:00
6975,12.917348,77.622813,so2,6.3,2019-07-21T03:00:00+00:00
6975,12.917348,77.622813,so2,5.0,2019-07-21T03:15:00+00:00
6975,12.917348,77.622813,so2,5.2,2019-07-21T03:30:00+00:00
6975,12.917348,77.622813,so2,5.5,2019-07-21T03:45:00+00:00
6975,12.917348,77.622813,so2,5.0,2019-07-21T04:00:00+00:00
6975,12.917348,77.622813,so2,3.7,2019-07-21T04:30:00+00:00
6975,12.917348,77.622813,so2,1.3,2019-07-21T04:45:00+00:00
6975,12.917348,77.622813,so2,1.0,2019-07-21T05:00:00+00:00
6975,12.917348,77.622813,so2,2.1,2019-07-21T05:15:00+00:00
6975,12.917348,77.622813,so2,1.8,2019-07-21T05:30:00+00:00
6975,12.917348,77.622813,so2,5.8,2019-07-21T07:00:00+00:00
6975,12.917348,77.622813,so2,7.6,2019-07-21T07:15:00+00:00
6975,12.917348,77.622813,so2,10.0,2019-07-21T07:30:00+00:00
6975,12.917348,77.622813,so2,10.5,2019-07-21T07:45:00+00:00
6975,12.917348,77.622813,so2,10.0,2019-07-21T08:00:00+00:00
6975,12.917348,77.622813,so2,8.1,2019-07-21T08:30:00+00:00
6975,12.917348,77.622813,so2,7.1,2019-07-21T08:45:00+00:00
6975,12.917348,77.622813,so2,7.1,2019-07-21T09:00:00+00:00
6975,12.917348,77.622813,so2,6.8,2019-07-21T09:15:00+00:00
6975,12.917348,77.622813,so2,6.6,2019-07-21T09:30:00+00:00
6975,12.917348,77.622813,so2,6.6,2019-07-21T09:45:00+00:00
6975,12.917348,77.622813,so2,5.8,2019-07-21T10:00:00+00:00
6975,12.917348,77.622813,so2,3.4,2019-07-21T10:30:00+00:00
6975,12.917348,77.622813,so2,1.6,2019-07-21T10:45:00+00:00
6975,12.917348,77.622813,so2,2.9,2019-07-21T11:00:00+00:00
6975,12.917348,77.622813,so2,4.2,2019-07-21T11:15:00+00:00
6975,12.917348,77.622813,so2,2.6,2019-07-21T11:30:00+00:00
6975,12.917348,77.622813,so2,2.1,2019-07-21T11:45:00+00:00
6975,12.917348,77.622813,so2,1.6,2019-07-21T12:00:00+00:00
6975,12.917348,77.622813,so2,3.7,2019-07-21T12:30:00+00:00
6975,12.917348,77.622813,so2,3.1,2019-07-21T12:45:00+00:00
6975,12.917348,77.622813,so2,3.7,2019-07-21T13:00:00+00:00
6975,12.917348,77.622813,so2,4.5,2019-07-21T13:15:00+00:00
6975,12.917348,77.622813,so2,7.6,2019-07-21T13:30:00+00:00
6975,12.917348,77.622813,so2,5.0,2019-07-21T13:45:00+00:00
6975,12.917348,77.622813,so2,5.5,2019-07-21T14:00:00+00:00
6975,12.917348,77.622813,so2,5.0,2019-07-21T14:30:00+00:00
6975,12.917348,77.622813,so2,5.2,2019-07-21T14:45:00+00:00
6975,12.917348,77.622813,so2,6.3,2019-07-21T15:00:00+00:00
6975,12.917348,77.622813,so2,6.8,2019-07-21T15:15:00+00:00
6975,12.917348,77.622813,so2,6.8,2019-07-21T15:30:00+00:00
6975,12.917348,77.622813,so2,6.0,2019-07-21T15:45:00+00:00
6975,12.917348,77.622813,so2,5.2,2019-07-21T16:00:00+00:00
6975,12.917348,77.622813,so2,6.0,2019-07-21T16:30:00+00:00
6975,12.917348,77.622813,so2,7.6,2019-07-21T16:45:00+00:00
6975,12.917348,77.622813,so2,8.4,2019-07-21T17:00:00+00:00
6975,12.917348,77.622813,so2,8.4,2019-07-21T17:15:00+00:00
6975,12.917348,77.622813,so2,8.4,2019-07-21T17:30:00+00:00
6975,12.917348,77.622813,so2,8.1,2019-07-21T17:45:00+00:00
6975,12.917348,77.622813,so2,7.9,2019-07-21T18:00:00+00:00
6975,12.917348,77.622813,so2,7.3,2019-07-21T18:30:00+00:00
6975,12.917348,77.622813,pm10,14.0,2019-07-21T18:45:00+00:00
6975,12.917348,77.622813,pm10,14.0,2019-07-21T19:00:00+00:00
6975,12.917348,77.622813,pm10,23.0,2019-07-21T19:15:00+00:00
6975,12.917348,77.622813,pm10,23.0,2019-07-21T19:30:00+00:00
6975,12.917348,77.622813,pm10,23.0,2019-07-21T19:45:00+00:00
6975,12.917348,77.622813,pm10,23.0,2019-07-21T20:00:00+00:00
6975,12.917348,77.622813,pm10,30.0,2019-07-21T20:15:00+00:00
6975,12.917348,77.622813,pm10,30.0,2019-07-21T20:30:00+00:00
6975,12.917348,77.622813,pm10,30.0,2019-07-21T21:00:00+00:00
6975,12.917348,77.622813,pm10,22.0,2019-07-21T21:15:00+00:00
6975,12.917348,77.622813,pm10,22.0,2019-07-21T21:30:00+00:00
6975,12.917348,77.622813,pm10,22.0,2019-07-21T21:45:00+00:00
6975,12.917348,77.622813,pm10,22.0,2019-07-21T22:00:00+00:00
6975,12.917348,77.622813,pm10,35.0,2019-07-21T22:30:00+00:00
6975,12.917348,77.622813,pm10,35.0,2019-07-21T22:45:00+00:00
6975,12.917348,77.622813,pm10,36.0,2019-07-21T23:15:00+00:00
6975,12.917348,77.622813,pm10,36.0,2019-07-21T23:30:00+00:00
6975,12.917348,77.622813,pm10,36.0,2019-07-21T23:45:00+00:00
6975,12.917348,77.622813,pm10,36.0,2019-07-22T00:00:00+00:00
6975,12.917348,77.622813,pm10,51.0,2019-07-22T00:15:00+00:00
6975,12.917348,77.622813,pm10,51.0,2019-07-22T00:30:00+00:00
6975,12.917348,77.622813,pm10,51.0,2019-07-22T00:45:00+00:00
6975,12.917348,77.622813,pm10,51.0,2019-07-22T01:00:00+00:00
6975,12.917348,77.622813,pm10,73.0,2019-07-22T01:15:00+00:00
6975,12.917348,77.622813,pm10,73.0,2019-07-22T01:30:00+00:00
6975,12.917348,77.622813,pm10,73.0,2019-07-22T01:45:00+00:00
6975,12.917348,77.622813,pm10,73.0,2019-07-22T02:00:00+00:00
6975,12.917348,77.622813,pm10,80.0,2019-07-22T02:15:00+00:00
6975,12.917348,77.622813,pm10,80.0,2019-07-22T02:30:00+00:00
6975,12.917348,77.622813,pm10,80.0,2019-07-22T02:45:00+00:00
6975,12.917348,77.622813,pm10,80.0,2019-07-22T03:00:00+00:00
6975,12.917348,77.622813,pm10,96.0,2019-07-22T03:15:00+00:00
6975,12.917348,77.622813,pm10,96.0,2019-07-22T03:30:00+00:00
6975,12.917348,77.622813,pm10,96.0,2019-07-22T03:45:00+00:00
6975,12.917348,77.622813,pm10,96.0,2019-07-22T04:00:00+00:00
6975,12.917348,77.622813,pm10,88.0,2019-07-22T04:15:00+00:00
6975,12.917348,77.622813,pm10,88.0,2019-07-22T04:30:00+00:00
6975,12.917348,77.622813,pm10,88.0,2019-07-22T04:45:00+00:00
6975,12.917348,77.622813,pm10,88.0,2019-07-22T05:00:00+00:00
6975,12.917348,77.622813,pm10,100.0,2019-07-22T05:15:00+00:00
6975,12.917348,77.622813,pm10,100.0,2019-07-22T05:30:00+00:00
6975,12.917348,77.622813,pm10,100.0,2019-07-22T05:45:00+00:00
6975,12.917348,77.622813,pm10,100.0,2019-07-22T06:00:00+00:00
6975,12.917348,77.622813,pm10,112.0,2019-07-22T06:15:00+00:00
6975,12.917348,77.622813,pm10,112.0,2019-07-22T06:30:00+00:00
6975,12.917348,77.622813,pm10,112.0,2019-07-22T06:45:00+00:00
6975,12.917348,77.622813,pm10,112.0,2019-07-22T07:00:00+00:00
6975,12.917348,77.622813,pm10,96.0,2019-07-22T07:15:00+00:00
6975,12.917348,77.622813,pm10,96.0,2019-07-22T07:30:00+00:00
6975,12.917348,77.622813,pm10,96.0,2019-07-22T07:45:00+00:00
6975,12.917348,77.622813,pm10,96.0,2019-07-22T08:00:00+00:00
6975,12.917348,77.622813,pm10,106.0,2019-07-22T08:15:00+00:00
6975,12.917348,77.622813,pm10,106.0,2019-07-22T08:30:00+00:00
6975,12.917348,77.622813,pm10,106.0,2019-07-22T09:00:00+00:00
6975,12.917348,77.622813,pm10,88.0,2019-07-22T09:15:00+00:00
6975,12.917348,77.622813,pm10,88.0,2019-07-22T09:30:00+00:00
6975,12.917348,77.622813,pm10,88.0,2019-07-22T09:45:00+00:00
6975,12.917348,77.622813,pm10,73.0,2019-07-22T10:15:00+00:00
6975,12.917348,77.622813,pm10,73.0,2019-07-22T10:30:00+00:00
6975,12.917348,77.622813,pm10,73.0,2019-07-22T10:45:00+00:00
6975,12.917348,77.622813,pm10,66.0,2019-07-22T11:15:00+00:00
6975,12.917348,77.622813,pm10,66.0,2019-07-22T11:30:00+00:00
6975,12.917348,77.622813,pm10,66.0,2019-07-22T11:45:00+00:00
6975,12.917348,77.622813,pm10,66.0,2019-07-22T12:00:00+00:00
6975,12.917348,77.622813,pm10,74.0,2019-07-22T12:15:00+00:00
6975,12.917348,77.622813,pm10,74.0,2019-07-22T12:30:00+00:00
6975,12.917348,77.622813,pm10,74.0,2019-07-22T12:45:00+00:00
6975,12.917348,77.622813,pm10,74.0,2019-07-22T13:00:00+00:00
6975,12.917348,77.622813,pm10,72.0,2019-07-22T13:30:00+00:00
6975,12.917348,77.622813,pm10,72.0,2019-07-22T13:45:00+00:00
6975,12.917348,77.622813,pm10,72.0,2019-07-22T14:00:00+00:00
6975,12.917348,77.622813,pm10,58.0,2019-07-22T14:15:00+00:00
6975,12.917348,77.622813,pm10,58.0,2019-07-22T14:30:00+00:00
6975,12.917348,77.622813,pm10,58.0,2019-07-22T14:45:00+00:00
6975,12.917348,77.622813,pm10,58.0,2019-07-22T15:00:00+00:00
6975,12.917348,77.622813,pm10,40.0,2019-07-22T15:45:00+00:00
6975,12.917348,77.622813,pm10,40.0,2019-07-22T16:00:00+00:00
6975,12.917348,77.622813,pm10,29.0,2019-07-22T16:15:00+00:00
6975,12.917348,77.622813,pm10,29.0,2019-07-22T16:30:00+00:00
6975,12.917348,77.622813,pm10,29.0,2019-07-22T16:45:00+00:00
6975,12.917348,77.622813,pm10,29.0,2019-07-22T17:00:00+00:00
6975,12.917348,77.622813,pm10,29.0,2019-07-22T17:15:00+00:00
6975,12.917348,77.622813,pm10,29.0,2019-07-22T17:30:00+00:00
6975,12.917348,77.622813,pm10,29.0,2019-07-22T17:45:00+00:00
6975,12.917348,77.622813,pm10,29.0,2019-07-22T18:00:00+00:00
6975,12.917348,77.622813,pm10,16.0,2019-07-22T18:15:00+00:00
6975,12.917348,77.622813,pm10,16.0,2019-07-22T18:30:00+00:00
6975,12.917348,77.622813,pm25,8.0,2019-07-21T18:45:00+00:00
6975,12.917348,77.622813,pm25,8.0,2019-07-21T19:00:00+00:00
6975,12.917348,77.622813,pm25,3.0,2019-07-21T19:15:00+00:00
6975,12.917348,77.622813,pm25,3.0,2019-07-21T19:30:00+00:00
6975,12.917348,77.622813,pm25,3.0,2019-07-21T19:45:00+00:00
6975,12.917348,77.622813,pm25,3.0,2019-07-21T20:00:00+00:00
6975,12.917348,77.622813,pm25,3.0,2019-07-21T20:30:00+00:00
6975,12.917348,77.622813,pm25,3.0,2019-07-21T21:00:00+00:00
6975,12.917348,77.622813,pm25,11.0,2019-07-21T21:15:00+00:00
6975,12.917348,77.622813,pm25,11.0,2019-07-21T21:30:00+00:00
6975,12.917348,77.622813,pm25,11.0,2019-07-21T21:45:00+00:00
6975,12.917348,77.622813,pm25,11.0,2019-07-21T22:00:00+00:00
6975,12.917348,77.622813,pm25,13.0,2019-07-21T22:30:00+00:00
6975,12.917348,77.622813,pm25,13.0,2019-07-21T22:45:00+00:00
6975,12.917348,77.622813,pm25,8.0,2019-07-21T23:15:00+00:00
6975,12.917348,77.622813,pm25,8.0,2019-07-21T23:30:00+00:00
6975,12.917348,77.622813,pm25,8.0,2019-07-21T23:45:00+00:00
6975,12.917348,77.622813,pm25,8.0,2019-07-22T00:00:00+00:00
6975,12.917348,77.622813,pm25,20.0,2019-07-22T00:15:00+00:00
6975,12.917348,77.622813,pm25,20.0,2019-07-22T00:30:00+00:00
6975,12.917348,77.622813,pm25,20.0,2019-07-22T00:45:00+00:00
6975,12.917348,77.622813,pm25,20.0,2019-07-22T01:00:00+00:00
6975,12.917348,77.622813,pm25,22.0,2019-07-22T01:15:00+00:00
6975,12.917348,77.622813,pm25,22.0,2019-07-22T01:30:00+00:00
6975,12.917348,77.622813,pm25,22.0,2019-07-22T01:45:00+00:00
6975,12.917348,77.622813,pm25,22.0,2019-07-22T02:00:00+00:00
6975,12.917348,77.622813,pm25,35.0,2019-07-22T02:15:00+00:00
6975,12.917348,77.622813,pm25,35.0,2019-07-22T02:30:00+00:00
6975,12.917348,77.622813,pm25,35.0,2019-07-22T02:45:00+00:00
6975,12.917348,77.622813,pm25,35.0,2019-07-22T03:00:00+00:00
6975,12.917348,77.622813,pm25,22.0,2019-07-22T03:15:00+00:00
6975,12.917348,77.622813,pm25,22.0,2019-07-22T03:30:00+00:00
6975,12.917348,77.622813,pm25,22.0,2019-07-22T03:45:00+00:00
6975,12.917348,77.622813,pm25,22.0,2019-07-22T04:00:00+00:00
6975,12.917348,77.622813,pm25,19.0,2019-07-22T04:15:00+00:00
6975,12.917348,77.622813,pm25,19.0,2019-07-22T04:30:00+00:00
6975,12.917348,77.622813,pm25,19.0,2019-07-22T04:45:00+00:00
6975,12.917348,77.622813,pm25,19.0,2019-07-22T05:00:00+00:00
6975,12.917348,77.622813,pm25,12.0,2019-07-22T05:15:00+00:00
6975,12.917348,77.622813,pm25,12.0,2019-07-22T05:30:00+00:00
6975,12.917348,77.622813,pm25,12.0,2019-07-22T05:45:00+00:00
6975,12.917348,77.622813,pm25,12.0,2019-07-22T06:00:00+00:00
6975,12.917348,77.622813,pm25,34.0,2019-07-22T06:15:00+00:00
6975,12.917348,77.622813,pm25,34.0,2019-07-22T06:30:00+00:00
6975,12.917348,77.622813,pm25,34.0,2019-07-22T06:45:00+00:00
6975,12.917348,77.622813,pm25,34.0,2019-07-22T07:00:00+00:00
6975,12.917348,77.622813,pm25,22.0,2019-07-22T07:15:00+00:00
6975,12.917348,77.622813,pm25,22.0,2019-07-22T07:30:00+00:00
6975,12.917348,77.622813,pm25,22.0,2019-07-22T07:45:00+00:00
6975,12.917348,77.622813,pm25,22.0,2019-07-22T08:00:00+00:00
6975,12.917348,77.622813,pm25,30.0,2019-07-22T08:15:00+00:00
6975,12.917348,77.622813,pm25,30.0,2019-07-22T08:30:00+00:00
6975,12.917348,77.622813,pm25,30.0,2019-07-22T09:00:00+00:00
6975,12.917348,77.622813,pm25,22.0,2019-07-22T09:15:00+00:00
6975,12.917348,77.622813,pm25,22.0,2019-07-22T09:30:00+00:00
6975,12.917348,77.622813,pm25,22.0,2019-07-22T09:45:00+00:00
6975,12.917348,77.622813,pm25,22.0,2019-07-22T10:00:00+00:00
6975,12.917348,77.622813,pm25,18.0,2019-07-22T10:15:00+00:00
6975,12.917348,77.622813,pm25,18.0,2019-07-22T10:30:00+00:00
6975,12.917348,77.622813,pm25,18.0,2019-07-22T10:45:00+00:00
6975,12.917348,77.622813,pm25,18.0,2019-07-22T11:15:00+00:00
6975,12.917348,77.622813,pm25,18.0,2019-07-22T11:30:00+00:00
6975,12.917348,77.622813,pm25,18.0,2019-07-22T11:45:00+00:00
6975,12.917348,77.622813,pm25,18.0,2019-07-22T12:00:00+00:00
6975,12.917348,77.622813,pm25,16.0,2019-07-22T12:15:00+00:00
6975,12.917348,77.622813,pm25,16.0,2019-07-22T12:30:00+00:00
6975,12.917348,77.622813,pm25,16.0,2019-07-22T12:45:00+00:00
6975,12.917348,77.622813,pm25,16.0,2019-07-22T13:00:00+00:00
6975,12.917348,77.622813,pm25,24.0,2019-07-22T13:30:00+00:00
6975,12.917348,77.622813,pm25,24.0,2019-07-22T13:45:00+00:00
6975,12.917348,77.622813,pm25,24.0,2019-07-22T14:00:00+00:00
6975,12.917348,77.622813,pm25,23.0,2019-07-22T14:15:00+00:00
6975,12.917348,77.622813,pm25,23.0,2019-07-22T14:30:00+00:00
6975,12.917348,77.622813,pm25,23.0,2019-07-22T14:45:00+00:00
6975,12.917348,77.622813,pm25,23.0,2019-07-22T15:00:00+00:00
6975,12.917348,77.622813,pm25,9.0,2019-07-22T15:45:00+00:00
6975,12.917348,77.622813,pm25,9.0,2019-07-22T16:00:00+00:00
6975,12.917348,77.622813,pm25,14.0,2019-07-22T16:15:00+00:00
6975,12.917348,77.622813,pm25,14.0,2019-07-22T16:30:00+00:00
6975,12.917348,77.622813,pm25,14.0,2019-07-22T16:45:00+00:00
6975,12.917348,77.622813,pm25,14.0,2019-07-22T17:00:00+00:00
6975,12.917348,77.622813,pm25,9.0,2019-07-22T17:15:00+00:00
6975,12.917348,77.622813,pm25,9.0,2019-07-22T17:30:00+00:00
6975,12.917348,77.622813,pm25,9.0,2019-07-22T17:45:00+00:00
6975,12.917348,77.622813,pm25,9.0,2019-07-22T18:00:00+00:00
6975,12.917348,77.622813,pm25,17.0,2019-07-22T18:15:00+00:00
6975,12.917348,77.622813,pm25,17.0,2019-07-22T18:30:00+00:00
6975,12.917348,77.622813,co,0.56,2019-07-21T18:45:00+00:00
6975,12.917348,77.622813,co,0.49,2019-07-21T19:00:00+00:00
6975,12.917348,77.622813,co,0.46,2019-07-21T19:15:00+00:00
6975,12.917348,77.622813,co,0.46,2019-07-21T19:30:00+00:00
6975,12.917348,77.622813,co,0.42,2019-07-21T19:45:00+00:00
6975,12.917348,77.622813,co,0.4,2019-07-21T20:00:00+00:00
6975,12.917348,77.622813,co,0.38,2019-07-21T20:15:00+00:00
6975,12.917348,77.622813,co,0.38,2019-07-21T20:30:00+00:00
6975,12.917348,77.622813,co,0.34,2019-07-21T20:45:00+00:00
6975,12.917348,77.622813,co,0.32,2019-07-21T21:00:00+00:00
6975,12.917348,77.622813,co,0.33,2019-07-21T21:15:00+00:00
6975,12.917348,77.622813,co,0.35,2019-07-21T21:30:00+00:00
6975,12.917348,77.622813,co,0.48,2019-07-21T21:45:00+00:00
6975,12.917348,77.622813,co,0.52,2019-07-21T22:00:00+00:00
6975,12.917348,77.622813,co,0.44,2019-07-21T23:00:00+00:00
6975,12.917348,77.622813,co,0.45,2019-07-21T23:15:00+00:00
6975,12.917348,77.622813,co,0.46,2019-07-21T23:30:00+00:00
6975,12.917348,77.622813,co,0.48,2019-07-21T23:45:00+00:00
6975,12.917348,77.622813,co,0.52,2019-07-22T00:00:00+00:00
6975,12.917348,77.622813,co,0.56,2019-07-22T00:15:00+00:00
6975,12.917348,77.622813,co,0.63,2019-07-22T00:30:00+00:00
6975,12.917348,77.622813,co,0.88,2019-07-22T00:45:00+00:00
6975,12.917348,77.622813,co,0.92,2019-07-22T01:00:00+00:00
6975,12.917348,77.622813,co,0.88,2019-07-22T01:15:00+00:00
6975,12.917348,77.622813,co,0.85,2019-07-22T01:30:00+00:00
6975,12.917348,77.622813,co,1.01,2019-07-22T01:45:00+00:00
6975,12.917348,77.622813,co,1.06,2019-07-22T02:00:00+00:00
6975,12.917348,77.622813,co,1.11,2019-07-22T02:15:00+00:00
6975,12.917348,77.622813,co,1.18,2019-07-22T02:30:00+00:00
6975,12.917348,77.622813,co,1.36,2019-07-22T02:45:00+00:00
6975,12.917348,77.622813,co,1.37,2019-07-22T03:00:00+00:00
6975,12.917348,77.622813,co,1.21,2019-07-22T03:15:00+00:00
6975,12.917348,77.622813,co,1.28,2019-07-22T03:30:00+00:00
6975,12.917348,77.622813,co,1.67,2019-07-22T04:00:00+00:00
6975,12.917348,77.622813,co,1.88,2019-07-22T04:15:00+00:00
6975,12.917348,77.622813,co,1.84,2019-07-22T04:30:00+00:00
6975,12.917348,77.622813,co,1.8,2019-07-22T04:45:00+00:00
6975,12.917348,77.622813,co,1.69,2019-07-22T05:00:00+00:00
6975,12.917348,77.622813,co,1.68,2019-07-22T05:15:00+00:00
6975,12.917348,77.622813,co,1.74,2019-07-22T05:30:00+00:00
6975,12.917348,77.622813,co,1.79,2019-07-22T05:45:00+00:00
6975,12.917348,77.622813,co,1.8,2019-07-22T06:00:00+00:00
6975,12.917348,77.622813,co,1.61,2019-07-22T06:15:00+00:00
6975,12.917348,77.622813,co,1.49,2019-07-22T06:30:00+00:00
6975,12.917348,77.622813,co,1.4,2019-07-22T06:45:00+00:00
6975,12.917348,77.622813,co,1.27,2019-07-22T07:00:00+00:00
6975,12.917348,77.622813,co,1.28,2019-07-22T07:15:00+00:00
6975,12.917348,77.622813,co,1.27,2019-07-22T07:30:00+00:00
6975,12.917348,77.622813,co,1.33,2019-07-22T07:45:00+00:00
6975,12.917348,77.622813,co,1.36,2019-07-22T08:00:00+00:00
6975,12.917348,77.622813,co,1.32,2019-07-22T08:15:00+00:00
6975,12.917348,77.622813,co,1.16,2019-07-22T08:30:00+00:00
6975,12.917348,77.622813,co,1.06,2019-07-22T09:00:00+00:00
6975,12.917348,77.622813,co,1.1,2019-07-22T09:15:00+00:00
6975,12.917348,77.622813,co,1.11,2019-07-22T09:30:00+00:00
6975,12.917348,77.622813,co,1.08,2019-07-22T09:45:00+00:00
6975,12.917348,77.622813,co,1.0,2019-07-22T10:00:00+00:00
6975,12.917348,77.622813,co,0.95,2019-07-22T10:30:00+00:00
6975,12.917348,77.622813,co,0.97,2019-07-22T10:45:00+00:00
6975,12.917348,77.622813,co,1.0,2019-07-22T11:00:00+00:00
6975,12.917348,77.622813,co,0.98,2019-07-22T11:15:00+00:00
6975,12.917348,77.622813,co,0.96,2019-07-22T11:30:00+00:00
6975,12.917348,77.622813,co,1.09,2019-07-22T11:45:00+00:00
6975,12.917348,77.622813,co,1.16,2019-07-22T12:00:00+00:00
6975,12.917348,77.622813,co,1.09,2019-07-22T12:15:00+00:00
6975,12.917348,77.622813,co,1.13,2019-07-22T12:30:00+00:00
6975,12.917348,77.622813,co,1.31,2019-07-22T12:45:00+00:00
6975,12.917348,77.622813,co,1.37,2019-07-22T13:00:00+00:00
6975,12.917348,77.622813,co,1.4,2019-07-22T13:15:00+00:00
6975,12.917348,77.622813,co,1.49,2019-07-22T13:30:00+00:00
6975,12.917348,77.622813,co,1.55,2019-07-22T13:45:00+00:00
6975,12.917348,77.622813,co,1.41,2019-07-22T14:00:00+00:00
6975,12.917348,77.622813,co,1.28,2019-07-22T14:15:00+00:00
6975,12.917348,77.622813,co,1.24,2019-07-22T14:30:00+00:00
6975,12.917348,77.622813,co,1.23,2019-07-22T14:45:00+00:00
6975,12.917348,77.622813,co,1.26,2019-07-22T15:00:00+00:00
6975,12.917348,77.622813,co,1.19,2019-07-22T15:30:00+00:00
6975,12.917348,77.622813,co,1.15,2019-07-22T16:00:00+00:00
6975,12.917348,77.622813,co,1.09,2019-07-22T16:15:00+00:00
6975,12.917348,77.622813,co,1.02,2019-07-22T16:30:00+00:00
6975,12.917348,77.622813,co,0.95,2019-07-22T16:45:00+00:00
6975,12.917348,77.622813,co,0.9,2019-07-22T17:00:00+00:00
6975,12.917348,77.622813,co,0.9,2019-07-22T17:15:00+00:00
6975,12.917348,77.622813,co,0.85,2019-07-22T17:30:00+00:00
6975,12.917348,77.622813,co,0.76,2019-07-22T17:45:00+00:00
6975,12.917348,77.622813,co,0.63,2019-07-22T18:00:00+00:00
6975,12.917348,77.622813,co,0.64,2019-07-22T18:30:00+00:00
6975,12.917348,77.622813,no2,36.1,2019-07-21T18:45:00+00:00
6975,12.917348,77.622813,no2,35.7,2019-07-21T19:00:00+00:00
6975,12.917348,77.622813,no2,33.7,2019-07-21T19:15:00+00:00
6975,12.917348,77.622813,no2,32.5,2019-07-21T19:30:00+00:00
6975,12.917348,77.622813,no2,32.7,2019-07-21T19:45:00+00:00
6975,12.917348,77.622813,no2,32.3,2019-07-21T20:00:00+00:00
6975,12.917348,77.622813,no2,32.1,2019-07-21T20:15:00+00:00
6975,12.917348,77.622813,no2,32.5,2019-07-21T20:30:00+00:00
6975,12.917348,77.622813,no2,32.0,2019-07-21T20:45:00+00:00
6975,12.917348,77.622813,no2,31.2,2019-07-21T21:00:00+00:00
6975,12.917348,77.622813,no2,31.4,2019-07-21T21:15:00+00:00
6975,12.917348,77.622813,no2,31.0,2019-07-21T21:30:00+00:00
6975,12.917348,77.622813,no2,30.5,2019-07-21T21:45:00+00:00
6975,12.917348,77.622813,no2,29.9,2019-07-21T22:00:00+00:00
6975,12.917348,77.622813,no2,30.6,2019-07-21T22:30:00+00:00
6975,12.917348,77.622813,no2,31.4,2019-07-21T22:45:00+00:00
6975,12.917348,77.622813,no2,32.9,2019-07-21T23:00:00+00:00
6975,12.917348,77.622813,no2,37.6,2019-07-22T00:00:00+00:00
6975,12.917348,77.622813,no2,38.9,2019-07-22T00:15:00+00:00
6975,12.917348,77.622813,no2,39.7,2019-07-22T00:30:00+00:00
6975,12.917348,77.622813,no2,41.2,2019-07-22T00:45:00+00:00
6975,12.917348,77.622813,no2,44.9,2019-07-22T01:00:00+00:00
6975,12.917348,77.622813,no2,42.3,2019-07-22T01:15:00+00:00
6975,12.917348,77.622813,no2,39.5,2019-07-22T01:30:00+00:00
6975,12.917348,77.622813,no2,41.9,2019-07-22T01:45:00+00:00
6975,12.917348,77.622813,no2,42.7,2019-07-22T02:00:00+00:00
6975,12.917348,77.622813,no2,43.2,2019-07-22T02:15:00+00:00
6975,12.917348,77.622813,no2,45.5,2019-07-22T02:30:00+00:00
6975,12.917348,77.622813,no2,47.4,2019-07-22T02:45:00+00:00
6975,12.917348,77.622813,no2,48.1,2019-07-22T03:00:00+00:00
6975,12.917348,77.622813,no2,47.4,2019-07-22T03:15:00+00:00
6975,12.917348,77.622813,no2,46.8,2019-07-22T03:30:00+00:00
6975,12.917348,77.622813,no2,46.6,2019-07-22T03:45:00+00:00
6975,12.917348,77.622813,no2,46.8,2019-07-22T04:00:00+00:00
6975,12.917348,77.622813,no2,47.2,2019-07-22T04:15:00+00:00
6975,12.917348,77.622813,no2,47.4,2019-07-22T04:30:00+00:00
6975,12.917348,77.622813,no2,48.5,2019-07-22T04:45:00+00:00
6975,12.917348,77.622813,no2,49.1,2019-07-22T05:00:00+00:00
6975,12.917348,77.622813,no2,47.6,2019-07-22T05:15:00+00:00
6975,12.917348,77.622813,no2,47.8,2019-07-22T05:30:00+00:00
6975,12.917348,77.622813,no2,47.0,2019-07-22T05:45:00+00:00
6975,12.917348,77.622813,no2,46.6,2019-07-22T06:00:00+00:00
6975,12.917348,77.622813,no2,46.2,2019-07-22T06:15:00+00:00
6975,12.917348,77.622813,no2,47.6,2019-07-22T06:30:00+00:00
6975,12.917348,77.622813,no2,48.7,2019-07-22T06:45:00+00:00
6975,12.917348,77.622813,no2,50.4,2019-07-22T07:00:00+00:00
6975,12.917348,77.622813,no2,53.0,2019-07-22T07:15:00+00:00
6975,12.917348,77.622813,no2,55.3,2019-07-22T07:30:00+00:00
6975,12.917348,77.622813,no2,56.4,2019-07-22T07:45:00+00:00
6975,12.917348,77.622813,no2,55.1,2019-07-22T08:00:00+00:00
6975,12.917348,77.622813,no2,52.8,2019-07-22T08:15:00+00:00
6975,12.917348,77.622813,no2,51.9,2019-07-22T08:30:00+00:00
6975,12.917348,77.622813,no2,55.3,2019-07-22T09:00:00+00:00
6975,12.917348,77.622813,no2,54.5,2019-07-22T09:15:00+00:00
6975,12.917348,77.622813,no2,54.0,2019-07-22T09:30:00+00:00
6975,12.917348,77.622813,no2,54.1,2019-07-22T09:45:00+00:00
6975,12.917348,77.622813,no2,55.6,2019-07-22T10:00:00+00:00
6975,12.917348,77.622813,no2,54.5,2019-07-22T10:15:00+00:00
6975,12.917348,77.622813,no2,53.6,2019-07-22T10:30:00+00:00
6975,12.917348,77.622813,no2,53.8,2019-07-22T10:45:00+00:00
6975,12.917348,77.622813,no2,53.8,2019-07-22T11:00:00+00:00
6975,12.917348,77.622813,no2,53.2,2019-07-22T11:15:00+00:00
6975,12.917348,77.622813,no2,52.5,2019-07-22T11:30:00+00:00
6975,12.917348,77.622813,no2,53.6,2019-07-22T11:45:00+00:00
6975,12.917348,77.622813,no2,54.3,2019-07-22T12:00:00+00:00
6975,12.917348,77.622813,no2,53.6,2019-07-22T12:15:00+00:00
6975,12.917348,77.622813,no2,52.1,2019-07-22T12:30:00+00:00
6975,12.917348,77.622813,no2,50.9,2019-07-22T12:45:00+00:00
6975,12.917348,77.622813,no2,52.1,2019-07-22T13:00:00+00:00
6975,12.917348,77.622813,no2,51.9,2019-07-22T13:15:00+00:00
6975,12.917348,77.622813,no2,50.0,2019-07-22T13:30:00+00:00
6975,12.917348,77.622813,no2,48.7,2019-07-22T13:45:00+00:00
6975,12.917348,77.622813,no2,45.5,2019-07-22T14:00:00+00:00
6975,12.917348,77.622813,no2,42.9,2019-07-22T14:15:00+00:00
6975,12.917348,77.622813,no2,41.2,2019-07-22T14:30:00+00:00
6975,12.917348,77.622813,no2,40.2,2019-07-22T14:45:00+00:00
6975,12.917348,77.622813,no2,39.5,2019-07-22T15:00:00+00:00
6975,12.917348,77.622813,no2,42.3,2019-07-22T15:30:00+00:00
6975,12.917348,77.622813,no2,43.1,2019-07-22T15:45:00+00:00
6975,12.917348,77.622813,no2,41.5,2019-07-22T16:00:00+00:00
6975,12.917348,77.622813,no2,41.7,2019-07-22T16:15:00+00:00
6975,12.917348,77.622813,no2,42.3,2019-07-22T16:30:00+00:00
6975,12.917348,77.622813,no2,43.2,2019-07-22T16:45:00+00:00
6975,12.917348,77.622813,no2,44.4,2019-07-22T17:00:00+00:00
6975,12.917348,77.622813,no2,45.9,2019-07-22T17:15:00+00:00
6975,12.917348,77.622813,no2,46.4,2019-07-22T17:30:00+00:00
6975,12.917348,77.622813,no2,44.7,2019-07-22T17:45:00+00:00
6975,12.917348,77.622813,no2,43.8,2019-07-22T18:00:00+00:00
6975,12.917348,77.622813,no2,43.2,2019-07-22T18:15:00+00:00
6975,12.917348,77.622813,no2,44.0,2019-07-22T18:30:00+00:00
6975,12.917348,77.622813,so2,6.6,2019-07-21T18:45:00+00:00
6975,12.917348,77.622813,so2,5.5,2019-07-21T19:00:00+00:00
6975,12.917348,77.622813,so2,5.2,2019-07-21T19:15:00+00:00
6975,12.917348,77.622813,so2,5.2,2019-07-21T19:30:00+00:00
6975,12.917348,77.622813,so2,3.4,2019-07-21T19:45:00+00:00
6975,12.917348,77.622813,so2,2.6,2019-07-21T20:00:00+00:00
6975,12.917348,77.622813,so2,3.4,2019-07-21T20:30:00+00:00
6975,12.917348,77.622813,so2,3.9,2019-07-21T20:45:00+00:00
6975,12.917348,77.622813,so2,3.7,2019-07-21T21:00:00+00:00
6975,12.917348,77.622813,so2,4.5,2019-07-21T21:15:00+00:00
6975,12.917348,77.622813,so2,7.3,2019-07-21T21:30:00+00:00
6975,12.917348,77.622813,so2,7.6,2019-07-21T21:45:00+00:00
6975,12.917348,77.622813,so2,8.4,2019-07-21T22:00:00+00:00
6975,12.917348,77.622813,so2,1.8,2019-07-21T22:30:00+00:00
6975,12.917348,77.622813,so2,0.5,2019-07-21T22:45:00+00:00
6975,12.917348,77.622813,so2,4.5,2019-07-21T23:00:00+00:00
6975,12.917348,77.622813,so2,5.0,2019-07-21T23:15:00+00:00
6975,12.917348,77.622813,so2,3.9,2019-07-21T23:30:00+00:00
6975,12.917348,77.622813,so2,3.4,2019-07-21T23:45:00+00:00
6975,12.917348,77.622813,so2,3.4,2019-07-22T00:00:00+00:00
6975,12.917348,77.622813,so2,7.1,2019-07-22T01:00:00+00:00
6975,12.917348,77.622813,so2,7.6,2019-07-22T01:15:00+00:00
6975,12.917348,77.622813,so2,7.9,2019-07-22T01:30:00+00:00
6975,12.917348,77.622813,so2,7.1,2019-07-22T01:45:00+00:00
6975,12.917348,77.622813,so2,7.3,2019-07-22T02:00:00+00:00
6975,12.917348,77.622813,so2,8.1,2019-07-22T02:30:00+00:00
6975,12.917348,77.622813,so2,8.4,2019-07-22T02:45:00+00:00
6975,12.917348,77.622813,so2,8.1,2019-07-22T03:00:00+00:00
6975,12.917348,77.622813,so2,7.9,2019-07-22T03:15:00+00:00
6975,12.917348,77.622813,so2,8.4,2019-07-22T03:30:00+00:00
6975,12.917348,77.622813,so2,8.1,2019-07-22T03:45:00+00:00
6975,12.917348,77.622813,so2,7.1,2019-07-22T04:00:00+00:00
6975,12.917348,77.622813,so2,6.8,2019-07-22T04:30:00+00:00
6975,12.917348,77.622813,so2,6.3,2019-07-22T04:45:00+00:00
6975,12.917348,77.622813,so2,6.0,2019-07-22T05:00:00+00:00
6975,12.917348,77.622813,so2,5.8,2019-07-22T05:15:00+00:00
6975,12.917348,77.622813,so2,6.6,2019-07-22T05:30:00+00:00
6975,12.917348,77.622813,so2,6.0,2019-07-22T05:45:00+00:00
6975,12.917348,77.622813,so2,5.8,2019-07-22T06:00:00+00:00
6975,12.917348,77.622813,so2,5.2,2019-07-22T06:30:00+00:00
6975,12.917348,77.622813,so2,3.4,2019-07-22T06:45:00+00:00
6975,12.917348,77.622813,so2,4.7,2019-07-22T07:00:00+00:00
6975,12.917348,77.622813,so2,5.2,2019-07-22T07:15:00+00:00
6975,12.917348,77.622813,so2,5.2,2019-07-22T07:30:00+00:00
6975,12.917348,77.622813,so2,4.5,2019-07-22T07:45:00+00:00
6975,12.917348,77.622813,so2,4.7,2019-07-22T08:00:00+00:00
6975,12.917348,77.622813,so2,6.3,2019-07-22T08:30:00+00:00
6975,12.917348,77.622813,so2,6.0,2019-07-22T09:00:00+00:00
6975,12.917348,77.622813,so2,5.8,2019-07-22T09:15:00+00:00
6975,12.917348,77.622813,so2,6.6,2019-07-22T09:30:00+00:00
6975,12.917348,77.622813,so2,7.1,2019-07-22T09:45:00+00:00
6975,12.917348,77.622813,so2,6.8,2019-07-22T10:00:00+00:00
6975,12.917348,77.622813,so2,6.6,2019-07-22T10:30:00+00:00
6975,12.917348,77.622813,so2,6.3,2019-07-22T10:45:00+00:00
6975,12.917348,77.622813,so2,5.8,2019-07-22T11:00:00+00:00
6975,12.917348,77.622813,so2,5.5,2019-07-22T11:15:00+00:00
6975,12.917348,77.622813,so2,4.2,2019-07-22T11:30:00+00:00
6975,12.917348,77.622813,so2,3.9,2019-07-22T11:45:00+00:00
6975,12.917348,77.622813,so2,4.2,2019-07-22T12:00:00+00:00
6975,12.917348,77.622813,so2,4.7,2019-07-22T12:30:00+00:00
6975,12.917348,77.622813,so2,4.2,2019-07-22T12:45:00+00:00
6975,12.917348,77.622813,so2,3.9,2019-07-22T13:00:00+00:00
6975,12.917348,77.622813,so2,4.5,2019-07-22T13:15:00+00:00
6975,12.917348,77.622813,so2,7.3,2019-07-22T13:30:00+00:00
6975,12.917348,77.622813,so2,5.8,2019-07-22T13:45:00+00:00
6975,12.917348,77.622813,so2,3.4,2019-07-22T14:00:00+00:00
6975,12.917348,77.622813,so2,5.8,2019-07-22T14:30:00+00:00
6975,12.917348,77.622813,so2,6.3,2019-07-22T14:45:00+00:00
6975,12.917348,77.622813,so2,7.1,2019-07-22T15:00:00+00:00
6975,12.917348,77.622813,so2,9.7,2019-07-22T15:30:00+00:00
6975,12.917348,77.622813,so2,9.4,2019-07-22T15:45:00+00:00
6975,12.917348,77.622813,so2,10.0,2019-07-22T16:00:00+00:00
6975,12.917348,77.622813,so2,8.6,2019-07-22T16:30:00+00:00
6975,12.917348,77.622813,so2,6.8,2019-07-22T16:45:00+00:00
6975,12.917348,77.622813,so2,6.3,2019-07-22T17:00:00+00:00
6975,12.917348,77.622813,so2,6.3,2019-07-22T17:15:00+00:00
6975,12.917348,77.622813,so2,7.1,2019-07-22T17:30:00+00:00
6975,12.917348,77.622813,so2,7.9,2019-07-22T17:45:00+00:00
6975,12.917348,77.622813,so2,8.1,2019-07-22T18:00:00+00:00
6975,12.917348,77.622813,so2,7.3,2019-07-22T18:30:00+00:00
6975,12.917348,77.622813,pm10,16.0,2019-07-22T18:45:00+00:00
6975,12.917348,77.622813,pm10,16.0,2019-07-22T19:00:00+00:00
6975,12.917348,77.622813,pm10,20.0,2019-07-22T19:30:00+00:00
6975,12.917348,77.622813,pm10,20.0,2019-07-22T19:45:00+00:00
6975,12.917348,77.622813,pm10,20.0,2019-07-22T20:00:00+00:00
6975,12.917348,77.622813,pm10,19.0,2019-07-22T20:15:00+00:00
6975,12.917348,77.622813,pm10,19.0,2019-07-22T20:30:00+00:00
6975,12.917348,77.622813,pm10,19.0,2019-07-22T20:45:00+00:00
6975,12.917348,77.622813,pm10,19.0,2019-07-22T21:00:00+00:00
6975,12.917348,77.622813,pm10,18.0,2019-07-22T21:15:00+00:00
6975,12.917348,77.622813,pm10,18.0,2019-07-22T21:30:00+00:00
6975,12.917348,77.622813,pm10,18.0,2019-07-22T21:45:00+00:00
6975,12.917348,77.622813,pm10,18.0,2019-07-22T22:00:00+00:00
6975,12.917348,77.622813,pm10,22.0,2019-07-22T22:15:00+00:00
6975,12.917348,77.622813,pm10,22.0,2019-07-22T22:30:00+00:00
6975,12.917348,77.622813,pm10,22.0,2019-07-22T22:45:00+00:00
6975,12.917348,77.622813,pm10,22.0,2019-07-22T23:00:00+00:00
6975,12.917348,77.622813,pm10,27.0,2019-07-22T23:15:00+00:00
6975,12.917348,77.622813,pm10,27.0,2019-07-22T23:30:00+00:00
6975,12.917348,77.622813,pm10,27.0,2019-07-22T23:45:00+00:00
6975,12.917348,77.622813,pm10,27.0,2019-07-23T00:00:00+00:00
6975,12.917348,77.622813,pm10,39.0,2019-07-23T00:15:00+00:00
6975,12.917348,77.622813,pm10,39.0,2019-07-23T00:30:00+00:00
6975,12.917348,77.622813,pm10,39.0,2019-07-23T01:00:00+00:00
6975,12.917348,77.622813,pm10,41.0,2019-07-23T01:15:00+00:00
6975,12.917348,77.622813,pm10,41.0,2019-07-23T01:30:00+00:00
6975,12.917348,77.622813,pm10,41.0,2019-07-23T01:45:00+00:00
6975,12.917348,77.622813,pm10,41.0,2019-07-23T02:00:00+00:00
6975,12.917348,77.622813,pm10,40.0,2019-07-23T02:15:00+00:00
6975,12.917348,77.622813,pm10,40.0,2019-07-23T02:30:00+00:00
6975,12.917348,77.622813,pm10,40.0,2019-07-23T03:00:00+00:00
6975,12.917348,77.622813,pm10,55.0,2019-07-23T03:15:00+00:00
6975,12.917348,77.622813,pm10,55.0,2019-07-23T03:30:00+00:00
6975,12.917348,77.622813,pm10,55.0,2019-07-23T03:45:00+00:00
6975,12.917348,77.622813,pm10,55.0,2019-07-23T04:00:00+00:00
6975,12.917348,77.622813,pm10,70.0,2019-07-23T04:15:00+00:00
6975,12.917348,77.622813,pm10,70.0,2019-07-23T04:30:00+00:00
6975,12.917348,77.622813,pm10,70.0,2019-07-23T04:45:00+00:00
6975,12.917348,77.622813,pm10,70.0,2019-07-23T05:00:00+00:00
6975,12.917348,77.622813,pm10,81.0,2019-07-23T05:30:00+00:00
6975,12.917348,77.622813,pm10,81.0,2019-07-23T05:45:00+00:00
6975,12.917348,77.622813,pm10,81.0,2019-07-23T06:00:00+00:00
6975,12.917348,77.622813,pm10,129.0,2019-07-23T06:15:00+00:00
6975,12.917348,77.622813,pm10,129.0,2019-07-23T06:30:00+00:00
6975,12.917348,77.622813,pm10,129.0,2019-07-23T06:45:00+00:00
6975,12.917348,77.622813,pm10,129.0,2019-07-23T07:00:00+00:00
6975,12.917348,77.622813,pm10,125.0,2019-07-23T07:15:00+00:00
6975,12.917348,77.622813,pm10,125.0,2019-07-23T07:30:00+00:00
6975,12.917348,77.622813,pm10,125.0,2019-07-23T07:45:00+00:00
6975,12.917348,77.622813,pm10,125.0,2019-07-23T08:00:00+00:00
6975,12.917348,77.622813,pm10,113.0,2019-07-23T08:15:00+00:00
6975,12.917348,77.622813,pm10,113.0,2019-07-23T08:30:00+00:00
6975,12.917348,77.622813,pm10,113.0,2019-07-23T08:45:00+00:00
6975,12.917348,77.622813,pm10,113.0,2019-07-23T09:00:00+00:00
6975,12.917348,77.622813,pm10,122.0,2019-07-23T09:15:00+00:00
6975,12.917348,77.622813,pm10,122.0,2019-07-23T09:30:00+00:00
6975,12.917348,77.622813,pm10,122.0,2019-07-23T09:45:00+00:00
6975,12.917348,77.622813,pm10,122.0,2019-07-23T10:00:00+00:00
6975,12.917348,77.622813,pm10,125.0,2019-07-23T10:15:00+00:00
6975,12.917348,77.622813,pm10,125.0,2019-07-23T10:30:00+00:00
6975,12.917348,77.622813,pm10,125.0,2019-07-23T10:45:00+00:00
6975,12.917348,77.622813,pm10,125.0,2019-07-23T11:00:00+00:00
6975,12.917348,77.622813,pm10,105.0,2019-07-23T11:15:00+00:00
6975,12.917348,77.622813,pm10,105.0,2019-07-23T11:45:00+00:00
6975,12.917348,77.622813,pm10,105.0,2019-07-23T12:00:00+00:00
6975,12.917348,77.622813,pm10,114.0,2019-07-23T12:30:00+00:00
6975,12.917348,77.622813,pm10,114.0,2019-07-23T12:45:00+00:00
6975,12.917348,77.622813,pm10,114.0,2019-07-23T13:00:00+00:00
6975,12.917348,77.622813,pm10,67.0,2019-07-23T13:15:00+00:00
6975,12.917348,77.622813,pm10,67.0,2019-07-23T13:30:00+00:00
6975,12.917348,77.622813,pm10,67.0,2019-07-23T13:45:00+00:00
6975,12.917348,77.622813,pm10,67.0,2019-07-23T14:00:00+00:00
6975,12.917348,77.622813,pm10,79.0,2019-07-23T14:15:00+00:00
6975,12.917348,77.622813,pm10,79.0,2019-07-23T14:30:00+00:00
6975,12.917348,77.622813,pm10,79.0,2019-07-23T14:45:00+00:00
6975,12.917348,77.622813,pm10,79.0,2019-07-23T15:00:00+00:00
6975,12.917348,77.622813,pm10,84.0,2019-07-23T15:15:00+00:00
6975,12.917348,77.622813,pm10,84.0,2019-07-23T15:30:00+00:00
6975,12.917348,77.622813,pm10,84.0,2019-07-23T15:45:00+00:00
6975,12.917348,77.622813,pm10,84.0,2019-07-23T16:00:00+00:00
6975,12.917348,77.622813,pm10,89.0,2019-07-23T16:15:00+00:00
6975,12.917348,77.622813,pm10,89.0,2019-07-23T16:30:00+00:00
6975,12.917348,77.622813,pm10,89.0,2019-07-23T16:45:00+00:00
6975,12.917348,77.622813,pm10,89.0,2019-07-23T17:00:00+00:00
6975,12.917348,77.622813,pm10,78.0,2019-07-23T17:15:00+00:00
6975,12.917348,77.622813,pm10,78.0,2019-07-23T17:30:00+00:00
6975,12.917348,77.622813,pm10,78.0,2019-07-23T17:45:00+00:00
6975,12.917348,77.622813,pm10,78.0,2019-07-23T18:00:00+00:00
6975,12.917348,77.622813,pm10,80.0,2019-07-23T18:15:00+00:00
6975,12.917348,77.622813,pm10,80.0,2019-07-23T18:30:00+00:00
6975,12.917348,77.622813,pm25,17.0,2019-07-22T18:45:00+00:00
6975,12.917348,77.622813,pm25,17.0,2019-07-22T19:00:00+00:00
6975,12.917348,77.622813,pm25,17.0,2019-07-22T19:30:00+00:00
6975,12.917348,77.622813,pm25,17.0,2019-07-22T19:45:00+00:00
6975,12.917348,77.622813,pm25,17.0,2019-07-22T20:00:00+00:00
6975,12.917348,77.622813,pm25,14.0,2019-07-22T20:15:00+00:00
6975,12.917348,77.622813,pm25,14.0,2019-07-22T20:30:00+00:00
6975,12.917348,77.622813,pm25,14.0,2019-07-22T20:45:00+00:00
6975,12.917348,77.622813,pm25,14.0,2019-07-22T21:00:00+00:00
6975,12.917348,77.622813,pm25,11.0,2019-07-22T21:15:00+00:00
6975,12.917348,77.622813,pm25,11.0,2019-07-22T21:45:00+00:00
6975,12.917348,77.622813,pm25,11.0,2019-07-22T22:00:00+00:00
6975,12.917348,77.622813,pm25,13.0,2019-07-22T22:15:00+00:00
6975,12.917348,77.622813,pm25,13.0,2019-07-22T22:30:00+00:00
6975,12.917348,77.622813,pm25,13.0,2019-07-22T22:45:00+00:00
6975,12.917348,77.622813,pm25,13.0,2019-07-22T23:00:00+00:00
6975,12.917348,77.622813,pm25,16.0,2019-07-22T23:15:00+00:00
6975,12.917348,77.622813,pm25,16.0,2019-07-22T23:30:00+00:00
6975,12.917348,77.622813,pm25,16.0,2019-07-22T23:45:00+00:00
6975,12.917348,77.622813,pm25,16.0,2019-07-23T00:00:00+00:00
6975,12.917348,77.622813,pm25,17.0,2019-07-23T00:15:00+00:00
6975,12.917348,77.622813,pm25,17.0,2019-07-23T00:30:00+00:00
6975,12.917348,77.622813,pm25,17.0,2019-07-23T01:00:00+00:00
6975,12.917348,77.622813,pm25,17.0,2019-07-23T01:15:00+00:00
6975,12.917348,77.622813,pm25,17.0,2019-07-23T01:30:00+00:00
6975,12.917348,77.622813,pm25,17.0,2019-07-23T01:45:00+00:00
6975,12.917348,77.622813,pm25,17.0,2019-07-23T02:00:00+00:00
6975,12.917348,77.622813,pm25,23.0,2019-07-23T02:15:00+00:00
6975,12.917348,77.622813,pm25,23.0,2019-07-23T02:30:00+00:00
6975,12.917348,77.622813,pm25,23.0,2019-07-23T03:00:00+00:00
6975,12.917348,77.622813,pm25,28.0,2019-07-23T03:15:00+00:00
6975,12.917348,77.622813,pm25,28.0,2019-07-23T03:30:00+00:00
6975,12.917348,77.622813,pm25,28.0,2019-07-23T03:45:00+00:00
6975,12.917348,77.622813,pm25,28.0,2019-07-23T04:00:00+00:00
6975,12.917348,77.622813,pm25,22.0,2019-07-23T04:15:00+00:00
6975,12.917348,77.622813,pm25,22.0,2019-07-23T04:30:00+00:00
6975,12.917348,77.622813,pm25,22.0,2019-07-23T04:45:00+00:00
6975,12.917348,77.622813,pm25,22.0,2019-07-23T05:00:00+00:00
6975,12.917348,77.622813,pm25,25.0,2019-07-23T05:30:00+00:00
6975,12.917348,77.622813,pm25,25.0,2019-07-23T05:45:00+00:00
6975,12.917348,77.622813,pm25,25.0,2019-07-23T06:00:00+00:00
6975,12.917348,77.622813,pm25,31.0,2019-07-23T06:15:00+00:00
6975,12.917348,77.622813,pm25,31.0,2019-07-23T06:30:00+00:00
6975,12.917348,77.622813,pm25,31.0,2019-07-23T06:45:00+00:00
6975,12.917348,77.622813,pm25,31.0,2019-07-23T07:00:00+00:00
6975,12.917348,77.622813,pm25,28.0,2019-07-23T07:15:00+00:00
6975,12.917348,77.622813,pm25,28.0,2019-07-23T07:30:00+00:00
6975,12.917348,77.622813,pm25,28.0,2019-07-23T07:45:00+00:00
6975,12.917348,77.622813,pm25,28.0,2019-07-23T08:00:00+00:00
6975,12.917348,77.622813,pm25,20.0,2019-07-23T08:15:00+00:00
6975,12.917348,77.622813,pm25,20.0,2019-07-23T08:30:00+00:00
6975,12.917348,77.622813,pm25,20.0,2019-07-23T08:45:00+00:00
6975,12.917348,77.622813,pm25,20.0,2019-07-23T09:00:00+00:00
6975,12.917348,77.622813,pm25,29.0,2019-07-23T09:15:00+00:00
6975,12.917348,77.622813,pm25,29.0,2019-07-23T09:30:00+00:00
6975,12.917348,77.622813,pm25,29.0,2019-07-23T09:45:00+00:00
6975,12.917348,77.622813,pm25,29.0,2019-07-23T10:00:00+00:00
6975,12.917348,77.622813,pm25,29.0,2019-07-23T10:15:00+00:00
6975,12.917348,77.622813,pm25,29.0,2019-07-23T10:30:00+00:00
6975,12.917348,77.622813,pm25,29.0,2019-07-23T10:45:00+00:00
6975,12.917348,77.622813,pm25,29.0,2019-07-23T11:00:00+00:00
6975,12.917348,77.622813,pm25,24.0,2019-07-23T11:15:00+00:00
6975,12.917348,77.622813,pm25,24.0,2019-07-23T11:45:00+00:00
6975,12.917348,77.622813,pm25,24.0,2019-07-23T12:00:00+00:00
6975,12.917348,77.622813,pm25,27.0,2019-07-23T12:30:00+00:00
6975,12.917348,77.622813,pm25,27.0,2019-07-23T12:45:00+00:00
6975,12.917348,77.622813,pm25,27.0,2019-07-23T13:00:00+00:00
6975,12.917348,77.622813,pm25,17.0,2019-07-23T13:15:00+00:00
6975,12.917348,77.622813,pm25,17.0,2019-07-23T13:30:00+00:00
6975,12.917348,77.622813,pm25,17.0,2019-07-23T13:45:00+00:00
6975,12.917348,77.622813,pm25,17.0,2019-07-23T14:00:00+00:00
6975,12.917348,77.622813,pm25,19.0,2019-07-23T14:15:00+00:00
6975,12.917348,77.622813,pm25,19.0,2019-07-23T14:30:00+00:00
6975,12.917348,77.622813,pm25,19.0,2019-07-23T14:45:00+00:00
6975,12.917348,77.622813,pm25,19.0,2019-07-23T15:00:00+00:00
6975,12.917348,77.622813,pm25,23.0,2019-07-23T15:15:00+00:00
6975,12.917348,77.622813,pm25,23.0,2019-07-23T15:30:00+00:00
6975,12.917348,77.622813,pm25,23.0,2019-07-23T15:45:00+00:00
6975,12.917348,77.622813,pm25,23.0,2019-07-23T16:00:00+00:00
6975,12.917348,77.622813,pm25,24.0,2019-07-23T16:15:00+00:00
6975,12.917348,77.622813,pm25,24.0,2019-07-23T16:30:00+00:00
6975,12.917348,77.622813,pm25,24.0,2019-07-23T16:45:00+00:00
6975,12.917348,77.622813,pm25,24.0,2019-07-23T17:00:00+00:00
6975,12.917348,77.622813,pm25,17.0,2019-07-23T17:15:00+00:00
6975,12.917348,77.622813,pm25,17.0,2019-07-23T17:30:00+00:00
6975,12.917348,77.622813,pm25,17.0,2019-07-23T17:45:00+00:00
6975,12.917348,77.622813,pm25,17.0,2019-07-23T18:00:00+00:00
6975,12.917348,77.622813,pm25,20.0,2019-07-23T18:15:00+00:00
6975,12.917348,77.622813,pm25,20.0,2019-07-23T18:30:00+00:00
6975,12.917348,77.622813,co,0.62,2019-07-22T18:45:00+00:00
6975,12.917348,77.622813,co,0.58,2019-07-22T19:00:00+00:00
6975,12.917348,77.622813,co,0.55,2019-07-22T19:15:00+00:00
6975,12.917348,77.622813,co,0.5,2019-07-22T19:30:00+00:00
6975,12.917348,77.622813,co,0.46,2019-07-22T19:45:00+00:00
6975,12.917348,77.622813,co,0.44,2019-07-22T20:00:00+00:00
6975,12.917348,77.622813,co,0.4,2019-07-22T20:15:00+00:00
6975,12.917348,77.622813,co,0.39,2019-07-22T20:30:00+00:00
6975,12.917348,77.622813,co,0.38,2019-07-22T20:45:00+00:00
6975,12.917348,77.622813,co,0.35,2019-07-22T21:00:00+00:00
6975,12.917348,77.622813,co,0.34,2019-07-22T21:15:00+00:00
6975,12.917348,77.622813,co,0.41,2019-07-22T21:30:00+00:00
6975,12.917348,77.622813,co,0.49,2019-07-22T21:45:00+00:00
6975,12.917348,77.622813,co,0.56,2019-07-22T22:00:00+00:00
6975,12.917348,77.622813,co,0.6,2019-07-22T23:00:00+00:00
6975,12.917348,77.622813,co,0.58,2019-07-22T23:15:00+00:00
6975,12.917348,77.622813,co,0.57,2019-07-22T23:30:00+00:00
6975,12.917348,77.622813,co,0.58,2019-07-22T23:45:00+00:00
6975,12.917348,77.622813,co,0.62,2019-07-23T00:00:00+00:00
6975,12.917348,77.622813,co,0.66,2019-07-23T00:15:00+00:00
6975,12.917348,77.622813,co,0.85,2019-07-23T00:30:00+00:00
6975,12.917348,77.622813,co,0.98,2019-07-23T00:45:00+00:00
6975,12.917348,77.622813,co,1.08,2019-07-23T01:00:00+00:00
6975,12.917348,77.622813,co,1.05,2019-07-23T01:15:00+00:00
6975,12.917348,77.622813,co,0.96,2019-07-23T01:30:00+00:00
6975,12.917348,77.622813,co,0.92,2019-07-23T01:45:00+00:00
6975,12.917348,77.622813,co,1.02,2019-07-23T02:00:00+00:00
6975,12.917348,77.622813,co,1.15,2019-07-23T02:15:00+00:00
6975,12.917348,77.622813,co,1.16,2019-07-23T02:30:00+00:00
6975,12.917348,77.622813,co,1.31,2019-07-23T02:45:00+00:00
6975,12.917348,77.622813,co,1.44,2019-07-23T03:00:00+00:00
6975,12.917348,77.622813,co,1.53,2019-07-23T03:15:00+00:00
6975,12.917348,77.622813,co,1.59,2019-07-23T03:30:00+00:00
6975,12.917348,77.622813,co,1.84,2019-07-23T03:45:00+00:00
6975,12.917348,77.622813,co,1.92,2019-07-23T04:00:00+00:00
6975,12.917348,77.622813,co,1.89,2019-07-23T04:15:00+00:00
6975,12.917348,77.622813,co,1.77,2019-07-23T04:30:00+00:00
6975,12.917348,77.622813,co,1.65,2019-07-23T04:45:00+00:00
6975,12.917348,77.622813,co,1.52,2019-07-23T05:00:00+00:00
6975,12.917348,77.622813,co,1.44,2019-07-23T05:30:00+00:00
6975,12.917348,77.622813,co,1.47,2019-07-23T05:45:00+00:00
6975,12.917348,77.622813,co,1.47,2019-07-23T06:00:00+00:00
6975,12.917348,77.622813,co,1.5,2019-07-23T06:15:00+00:00
6975,12.917348,77.622813,co,1.61,2019-07-23T06:30:00+00:00
6975,12.917348,77.622813,co,1.42,2019-07-23T06:45:00+00:00
6975,12.917348,77.622813,co,1.31,2019-07-23T07:00:00+00:00
6975,12.917348,77.622813,co,1.25,2019-07-23T07:15:00+00:00
6975,12.917348,77.622813,co,1.05,2019-07-23T07:30:00+00:00
6975,12.917348,77.622813,co,1.02,2019-07-23T07:45:00+00:00
6975,12.917348,77.622813,co,1.0,2019-07-23T08:00:00+00:00
6975,12.917348,77.622813,co,0.93,2019-07-23T08:15:00+00:00
6975,12.917348,77.622813,co,0.88,2019-07-23T08:30:00+00:00
6975,12.917348,77.622813,co,0.92,2019-07-23T08:45:00+00:00
6975,12.917348,77.622813,co,1.26,2019-07-23T09:15:00+00:00
6975,12.917348,77.622813,co,1.26,2019-07-23T09:30:00+00:00
6975,12.917348,77.622813,co,1.33,2019-07-23T09:45:00+00:00
6975,12.917348,77.622813,co,1.47,2019-07-23T10:00:00+00:00
6975,12.917348,77.622813,co,1.57,2019-07-23T10:15:00+00:00
6975,12.917348,77.622813,co,1.43,2019-07-23T10:45:00+00:00
6975,12.917348,77.622813,co,1.4,2019-07-23T11:00:00+00:00
6975,12.917348,77.622813,co,1.31,2019-07-23T11:15:00+00:00
6975,12.917348,77.622813,co,1.6,2019-07-23T11:45:00+00:00
6975,12.917348,77.622813,co,1.48,2019-07-23T12:00:00+00:00
6975,12.917348,77.622813,co,1.29,2019-07-23T12:30:00+00:00
6975,12.917348,77.622813,co,1.17,2019-07-23T12:45:00+00:00
6975,12.917348,77.622813,co,1.08,2019-07-23T13:00:00+00:00
6975,12.917348,77.622813,co,1.05,2019-07-23T13:15:00+00:00
6975,12.917348,77.622813,co,1.08,2019-07-23T13:30:00+00:00
6975,12.917348,77.622813,co,1.23,2019-07-23T13:45:00+00:00
6975,12.917348,77.622813,co,1.47,2019-07-23T14:00:00+00:00
6975,12.917348,77.622813,co,1.53,2019-07-23T14:15:00+00:00
6975,12.917348,77.622813,co,1.41,2019-07-23T14:30:00+00:00
6975,12.917348,77.622813,co,1.33,2019-07-23T14:45:00+00:00
6975,12.917348,77.622813,co,1.27,2019-07-23T15:00:00+00:00
6975,12.917348,77.622813,co,1.13,2019-07-23T15:15:00+00:00
6975,12.917348,77.622813,co,1.09,2019-07-23T15:30:00+00:00
6975,12.917348,77.622813,co,1.04,2019-07-23T15:45:00+00:00
6975,12.917348,77.622813,co,1.12,2019-07-23T16:00:00+00:00
6975,12.917348,77.622813,co,1.15,2019-07-23T16:15:00+00:00
6975,12.917348,77.622813,co,1.1,2019-07-23T16:30:00+00:00
6975,12.917348,77.622813,co,1.05,2019-07-23T16:45:00+00:00
6975,12.917348,77.622813,co,1.1,2019-07-23T17:15:00+00:00
6975,12.917348,77.622813,co,1.04,2019-07-23T17:30:00+00:00
6975,12.917348,77.622813,co,0.88,2019-07-23T17:45:00+00:00
6975,12.917348,77.622813,co,0.82,2019-07-23T18:00:00+00:00
6975,12.917348,77.622813,co,0.19,2019-07-23T18:30:00+00:00
6975,12.917348,77.622813,no2,44.7,2019-07-22T18:45:00+00:00
6975,12.917348,77.622813,no2,44.9,2019-07-22T19:00:00+00:00
6975,12.917348,77.622813,no2,43.6,2019-07-22T19:15:00+00:00
6975,12.917348,77.622813,no2,41.0,2019-07-22T19:30:00+00:00
6975,12.917348,77.622813,no2,42.5,2019-07-22T19:45:00+00:00
6975,12.917348,77.622813,no2,41.2,2019-07-22T20:00:00+00:00
6975,12.917348,77.622813,no2,40.0,2019-07-22T20:15:00+00:00
6975,12.917348,77.622813,no2,39.1,2019-07-22T20:30:00+00:00
6975,12.917348,77.622813,no2,38.5,2019-07-22T20:45:00+00:00
6975,12.917348,77.622813,no2,38.4,2019-07-22T21:00:00+00:00
6975,12.917348,77.622813,no2,37.6,2019-07-22T21:15:00+00:00
6975,12.917348,77.622813,no2,36.5,2019-07-22T21:30:00+00:00
6975,12.917348,77.622813,no2,35.7,2019-07-22T21:45:00+00:00
6975,12.917348,77.622813,no2,35.7,2019-07-22T22:00:00+00:00
6975,12.917348,77.622813,no2,34.6,2019-07-22T22:15:00+00:00
6975,12.917348,77.622813,no2,34.0,2019-07-22T22:30:00+00:00
6975,12.917348,77.622813,no2,34.8,2019-07-22T22:45:00+00:00
6975,12.917348,77.622813,no2,35.3,2019-07-22T23:00:00+00:00
6975,12.917348,77.622813,no2,35.3,2019-07-23T00:00:00+00:00
6975,12.917348,77.622813,no2,37.0,2019-07-23T00:15:00+00:00
6975,12.917348,77.622813,no2,37.8,2019-07-23T00:30:00+00:00
6975,12.917348,77.622813,no2,36.5,2019-07-23T00:45:00+00:00
6975,12.917348,77.622813,no2,36.3,2019-07-23T01:00:00+00:00
6975,12.917348,77.622813,no2,35.9,2019-07-23T01:15:00+00:00
6975,12.917348,77.622813,no2,37.4,2019-07-23T01:30:00+00:00
6975,12.917348,77.622813,no2,40.0,2019-07-23T01:45:00+00:00
6975,12.917348,77.622813,no2,40.0,2019-07-23T02:00:00+00:00
6975,12.917348,77.622813,no2,38.7,2019-07-23T02:15:00+00:00
6975,12.917348,77.622813,no2,38.9,2019-07-23T02:30:00+00:00
6975,12.917348,77.622813,no2,40.0,2019-07-23T02:45:00+00:00
6975,12.917348,77.622813,no2,39.7,2019-07-23T03:00:00+00:00
6975,12.917348,77.622813,no2,40.0,2019-07-23T03:15:00+00:00
6975,12.917348,77.622813,no2,40.4,2019-07-23T03:30:00+00:00
6975,12.917348,77.622813,no2,41.5,2019-07-23T03:45:00+00:00
6975,12.917348,77.622813,no2,41.5,2019-07-23T04:00:00+00:00
6975,12.917348,77.622813,no2,42.5,2019-07-23T04:15:00+00:00
6975,12.917348,77.622813,no2,42.5,2019-07-23T04:30:00+00:00
6975,12.917348,77.622813,no2,41.9,2019-07-23T04:45:00+00:00
6975,12.917348,77.622813,no2,41.7,2019-07-23T05:00:00+00:00
6975,12.917348,77.622813,no2,43.4,2019-07-23T05:30:00+00:00
6975,12.917348,77.622813,no2,43.8,2019-07-23T05:45:00+00:00
6975,12.917348,77.622813,no2,45.1,2019-07-23T06:00:00+00:00
6975,12.917348,77.622813,no2,45.1,2019-07-23T06:15:00+00:00
6975,12.917348,77.622813,no2,48.3,2019-07-23T06:30:00+00:00
6975,12.917348,77.622813,no2,47.8,2019-07-23T06:45:00+00:00
6975,12.917348,77.622813,no2,46.6,2019-07-23T07:00:00+00:00
6975,12.917348,77.622813,no2,47.4,2019-07-23T07:15:00+00:00
6975,12.917348,77.622813,no2,48.3,2019-07-23T07:30:00+00:00
6975,12.917348,77.622813,no2,45.1,2019-07-23T07:45:00+00:00
6975,12.917348,77.622813,no2,44.7,2019-07-23T08:00:00+00:00
6975,12.917348,77.622813,no2,46.6,2019-07-23T08:15:00+00:00
6975,12.917348,77.622813,no2,48.7,2019-07-23T08:30:00+00:00
6975,12.917348,77.622813,no2,50.0,2019-07-23T08:45:00+00:00
6975,12.917348,77.622813,no2,52.5,2019-07-23T09:00:00+00:00
6975,12.917348,77.622813,no2,52.8,2019-07-23T09:15:00+00:00
6975,12.917348,77.622813,no2,51.3,2019-07-23T09:30:00+00:00
6975,12.917348,77.622813,no2,56.0,2019-07-23T09:45:00+00:00
6975,12.917348,77.622813,no2,55.6,2019-07-23T10:00:00+00:00
6975,12.917348,77.622813,no2,55.6,2019-07-23T10:15:00+00:00
6975,12.917348,77.622813,no2,55.5,2019-07-23T10:30:00+00:00
6975,12.917348,77.622813,no2,55.1,2019-07-23T10:45:00+00:00
6975,12.917348,77.622813,no2,54.0,2019-07-23T11:00:00+00:00
6975,12.917348,77.622813,no2,53.0,2019-07-23T11:15:00+00:00
6975,12.917348,77.622813,no2,56.4,2019-07-23T11:45:00+00:00
6975,12.917348,77.622813,no2,56.0,2019-07-23T12:00:00+00:00
6975,12.917348,77.622813,no2,52.6,2019-07-23T12:30:00+00:00
6975,12.917348,77.622813,no2,48.5,2019-07-23T12:45:00+00:00
6975,12.917348,77.622813,no2,48.3,2019-07-23T13:00:00+00:00
6975,12.917348,77.622813,no2,42.3,2019-07-23T13:15:00+00:00
6975,12.917348,77.622813,no2,43.1,2019-07-23T13:30:00+00:00
6975,12.917348,77.622813,no2,43.1,2019-07-23T13:45:00+00:00
6975,12.917348,77.622813,no2,41.7,2019-07-23T14:00:00+00:00
6975,12.917348,77.622813,no2,40.6,2019-07-23T14:15:00+00:00
6975,12.917348,77.622813,no2,39.5,2019-07-23T14:30:00+00:00
6975,12.917348,77.622813,no2,39.5,2019-07-23T14:45:00+00:00
6975,12.917348,77.622813,no2,39.5,2019-07-23T15:00:00+00:00
6975,12.917348,77.622813,no2,40.2,2019-07-23T15:15:00+00:00
6975,12.917348,77.622813,no2,41.0,2019-07-23T15:30:00+00:00
6975,12.917348,77.622813,no2,41.9,2019-07-23T15:45:00+00:00
6975,12.917348,77.622813,no2,42.5,2019-07-23T16:00:00+00:00
6975,12.917348,77.622813,no2,42.7,2019-07-23T16:15:00+00:00
6975,12.917348,77.622813,no2,43.6,2019-07-23T16:30:00+00:00
6975,12.917348,77.622813,no2,43.4,2019-07-23T16:45:00+00:00
6975,12.917348,77.622813,no2,43.2,2019-07-23T17:00:00+00:00
6975,12.917348,77.622813,no2,42.3,2019-07-23T17:15:00+00:00
6975,12.917348,77.622813,no2,42.3,2019-07-23T17:30:00+00:00
6975,12.917348,77.622813,no2,41.5,2019-07-23T17:45:00+00:00
6975,12.917348,77.622813,no2,40.6,2019-07-23T18:00:00+00:00
6975,12.917348,77.622813,no2,40.6,2019-07-23T18:15:00+00:00
6975,12.917348,77.622813,no2,40.2,2019-07-23T18:30:00+00:00
6975,12.917348,77.622813,so2,6.6,2019-07-22T18:45:00+00:00
6975,12.917348,77.622813,so2,6.3,2019-07-22T19:00:00+00:00
6975,12.917348,77.622813,so2,6.8,2019-07-22T19:15:00+00:00
6975,12.917348,77.622813,so2,6.8,2019-07-22T19:30:00+00:00
6975,12.917348,77.622813,so2,7.1,2019-07-22T19:45:00+00:00
6975,12.917348,77.622813,so2,7.3,2019-07-22T20:00:00+00:00
6975,12.917348,77.622813,so2,6.3,2019-07-22T20:30:00+00:00
6975,12.917348,77.622813,so2,6.0,2019-07-22T20:45:00+00:00
6975,12.917348,77.622813,so2,5.0,2019-07-22T21:00:00+00:00
6975,12.917348,77.622813,so2,4.5,2019-07-22T21:15:00+00:00
6975,12.917348,77.622813,so2,3.9,2019-07-22T21:30:00+00:00
6975,12.917348,77.622813,so2,5.0,2019-07-22T21:45:00+00:00
6975,12.917348,77.622813,so2,5.5,2019-07-22T22:00:00+00:00
6975,12.917348,77.622813,so2,6.6,2019-07-22T22:30:00+00:00
6975,12.917348,77.622813,so2,10.0,2019-07-22T22:45:00+00:00
6975,12.917348,77.622813,so2,10.2,2019-07-22T23:00:00+00:00
6975,12.917348,77.622813,so2,9.7,2019-07-22T23:15:00+00:00
6975,12.917348,77.622813,so2,9.4,2019-07-22T23:30:00+00:00
6975,12.917348,77.622813,so2,8.9,2019-07-22T23:45:00+00:00
6975,12.917348,77.622813,so2,8.4,2019-07-23T00:00:00+00:00
6975,12.917348,77.622813,so2,9.2,2019-07-23T01:00:00+00:00
6975,12.917348,77.622813,so2,8.6,2019-07-23T01:15:00+00:00
6975,12.917348,77.622813,so2,8.1,2019-07-23T01:30:00+00:00
6975,12.917348,77.622813,so2,9.7,2019-07-23T01:45:00+00:00
6975,12.917348,77.622813,so2,7.1,2019-07-23T02:00:00+00:00
6975,12.917348,77.622813,so2,7.1,2019-07-23T02:30:00+00:00
6975,12.917348,77.622813,so2,4.2,2019-07-23T02:45:00+00:00
6975,12.917348,77.622813,so2,4.5,2019-07-23T03:00:00+00:00
6975,12.917348,77.622813,so2,5.8,2019-07-23T03:15:00+00:00
6975,12.917348,77.622813,so2,5.5,2019-07-23T03:30:00+00:00
6975,12.917348,77.622813,so2,4.2,2019-07-23T03:45:00+00:00
6975,12.917348,77.622813,so2,2.6,2019-07-23T04:00:00+00:00
6975,12.917348,77.622813,so2,3.1,2019-07-23T04:30:00+00:00
6975,12.917348,77.622813,so2,2.4,2019-07-23T04:45:00+00:00
6975,12.917348,77.622813,so2,2.9,2019-07-23T05:00:00+00:00
6975,12.917348,77.622813,so2,5.2,2019-07-23T05:30:00+00:00
6975,12.917348,77.622813,so2,7.1,2019-07-23T05:45:00+00:00
6975,12.917348,77.622813,so2,7.1,2019-07-23T06:00:00+00:00
6975,12.917348,77.622813,so2,6.0,2019-07-23T06:30:00+00:00
6975,12.917348,77.622813,so2,7.1,2019-07-23T06:45:00+00:00
6975,12.917348,77.622813,so2,3.9,2019-07-23T07:00:00+00:00
6975,12.917348,77.622813,so2,5.8,2019-07-23T07:15:00+00:00
6975,12.917348,77.622813,so2,6.3,2019-07-23T07:30:00+00:00
6975,12.917348,77.622813,so2,5.5,2019-07-23T07:45:00+00:00
6975,12.917348,77.622813,so2,7.1,2019-07-23T08:00:00+00:00
6975,12.917348,77.622813,so2,7.6,2019-07-23T08:30:00+00:00
6975,12.917348,77.622813,so2,7.6,2019-07-23T08:45:00+00:00
6975,12.917348,77.622813,so2,7.6,2019-07-23T09:00:00+00:00
6975,12.917348,77.622813,so2,8.4,2019-07-23T09:15:00+00:00
6975,12.917348,77.622813,so2,8.4,2019-07-23T09:30:00+00:00
6975,12.917348,77.622813,so2,8.4,2019-07-23T09:45:00+00:00
6975,12.917348,77.622813,so2,9.7,2019-07-23T10:00:00+00:00
6975,12.917348,77.622813,so2,8.4,2019-07-23T10:30:00+00:00
6975,12.917348,77.622813,so2,8.1,2019-07-23T10:45:00+00:00
6975,12.917348,77.622813,so2,7.9,2019-07-23T11:00:00+00:00
6975,12.917348,77.622813,so2,8.4,2019-07-23T11:15:00+00:00
6975,12.917348,77.622813,so2,6.6,2019-07-23T11:45:00+00:00
6975,12.917348,77.622813,so2,5.8,2019-07-23T12:00:00+00:00
6975,12.917348,77.622813,so2,5.2,2019-07-23T12:30:00+00:00
6975,12.917348,77.622813,so2,3.7,2019-07-23T12:45:00+00:00
6975,12.917348,77.622813,so2,3.1,2019-07-23T13:00:00+00:00
6975,12.917348,77.622813,so2,2.9,2019-07-23T13:15:00+00:00
6975,12.917348,77.622813,so2,2.9,2019-07-23T13:30:00+00:00
6975,12.917348,77.622813,so2,3.4,2019-07-23T13:45:00+00:00
6975,12.917348,77.622813,so2,7.9,2019-07-23T14:00:00+00:00
6975,12.917348,77.622813,so2,6.3,2019-07-23T14:30:00+00:00
6975,12.917348,77.622813,so2,5.5,2019-07-23T14:45:00+00:00
6975,12.917348,77.622813,so2,5.8,2019-07-23T15:00:00+00:00
6975,12.917348,77.622813,so2,7.9,2019-07-23T15:15:00+00:00
6975,12.917348,77.622813,so2,9.4,2019-07-23T15:30:00+00:00
6975,12.917348,77.622813,so2,9.7,2019-07-23T15:45:00+00:00
6975,12.917348,77.622813,so2,9.4,2019-07-23T16:00:00+00:00
6975,12.917348,77.622813,so2,9.2,2019-07-23T16:30:00+00:00
6975,12.917348,77.622813,so2,9.2,2019-07-23T16:45:00+00:00
6975,12.917348,77.622813,so2,8.9,2019-07-23T17:00:00+00:00
6975,12.917348,77.622813,so2,8.4,2019-07-23T17:15:00+00:00
6975,12.917348,77.622813,so2,8.4,2019-07-23T17:30:00+00:00
6975,12.917348,77.622813,so2,8.9,2019-07-23T17:45:00+00:00
6975,12.917348,77.622813,so2,9.4,2019-07-23T18:00:00+00:00
6975,12.917348,77.622813,so2,8.6,2019-07-23T18:30:00+00:00
6983,12.938539,77.5901,pm10,33.0,2019-07-16T18:45:00+00:00
6983,12.938539,77.5901,pm10,33.0,2019-07-16T19:00:00+00:00
6983,12.938539,77.5901,pm10,22.0,2019-07-16T19:15:00+00:00
6983,12.938539,77.5901,pm10,22.0,2019-07-16T19:30:00+00:00
6983,12.938539,77.5901,pm10,22.0,2019-07-16T19:45:00+00:00
6983,12.938539,77.5901,pm10,22.0,2019-07-16T20:00:00+00:00
6983,12.938539,77.5901,pm10,24.0,2019-07-16T20:15:00+00:00
6983,12.938539,77.5901,pm10,24.0,2019-07-16T20:30:00+00:00
6983,12.938539,77.5901,pm10,24.0,2019-07-16T20:45:00+00:00
6983,12.938539,77.5901,pm10,24.0,2019-07-16T21:00:00+00:00
6983,12.938539,77.5901,pm10,22.0,2019-07-16T21:15:00+00:00
6983,12.938539,77.5901,pm10,22.0,2019-07-16T21:30:00+00:00
6983,12.938539,77.5901,pm10,22.0,2019-07-16T21:45:00+00:00
6983,12.938539,77.5901,pm10,22.0,2019-07-16T22:00:00+00:00
6983,12.938539,77.5901,pm10,23.0,2019-07-16T22:15:00+00:00
6983,12.938539,77.5901,pm10,23.0,2019-07-16T22:30:00+00:00
6983,12.938539,77.5901,pm10,23.0,2019-07-16T22:45:00+00:00
6983,12.938539,77.5901,pm10,23.0,2019-07-16T23:00:00+00:00
6983,12.938539,77.5901,pm10,27.0,2019-07-16T23:15:00+00:00
6983,12.938539,77.5901,pm10,27.0,2019-07-16T23:30:00+00:00
6983,12.938539,77.5901,pm10,27.0,2019-07-16T23:45:00+00:00
6983,12.938539,77.5901,pm10,27.0,2019-07-17T00:00:00+00:00
6983,12.938539,77.5901,pm10,27.0,2019-07-17T00:15:00+00:00
6983,12.938539,77.5901,pm10,27.0,2019-07-17T00:30:00+00:00
6983,12.938539,77.5901,pm10,27.0,2019-07-17T00:45:00+00:00
6983,12.938539,77.5901,pm10,27.0,2019-07-17T01:00:00+00:00
6983,12.938539,77.5901,pm10,40.0,2019-07-17T01:15:00+00:00
6983,12.938539,77.5901,pm10,40.0,2019-07-17T01:30:00+00:00
6983,12.938539,77.5901,pm10,40.0,2019-07-17T01:45:00+00:00
6983,12.938539,77.5901,pm10,40.0,2019-07-17T02:00:00+00:00
6983,12.938539,77.5901,pm10,43.0,2019-07-17T02:15:00+00:00
6983,12.938539,77.5901,pm10,43.0,2019-07-17T02:30:00+00:00
6983,12.938539,77.5901,pm10,43.0,2019-07-17T02:45:00+00:00
6983,12.938539,77.5901,pm10,43.0,2019-07-17T03:00:00+00:00
6983,12.938539,77.5901,pm10,40.0,2019-07-17T03:15:00+00:00
6983,12.938539,77.5901,pm10,40.0,2019-07-17T03:30:00+00:00
6983,12.938539,77.5901,pm10,40.0,2019-07-17T03:45:00+00:00
6983,12.938539,77.5901,pm10,40.0,2019-07-17T04:00:00+00:00
6983,12.938539,77.5901,pm10,46.0,2019-07-17T04:15:00+00:00
6983,12.938539,77.5901,pm10,46.0,2019-07-17T04:30:00+00:00
6983,12.938539,77.5901,pm10,46.0,2019-07-17T04:45:00+00:00
6983,12.938539,77.5901,pm10,46.0,2019-07-17T05:00:00+00:00
6983,12.938539,77.5901,pm10,54.0,2019-07-17T05:15:00+00:00
6983,12.938539,77.5901,pm10,54.0,2019-07-17T05:30:00+00:00
6983,12.938539,77.5901,pm10,54.0,2019-07-17T05:45:00+00:00
6983,12.938539,77.5901,pm10,54.0,2019-07-17T06:00:00+00:00
6983,12.938539,77.5901,pm10,55.0,2019-07-17T06:15:00+00:00
6983,12.938539,77.5901,pm10,55.0,2019-07-17T06:30:00+00:00
6983,12.938539,77.5901,pm10,55.0,2019-07-17T06:45:00+00:00
6983,12.938539,77.5901,pm10,55.0,2019-07-17T07:00:00+00:00
6983,12.938539,77.5901,pm10,54.0,2019-07-17T07:15:00+00:00
6983,12.938539,77.5901,pm10,54.0,2019-07-17T07:30:00+00:00
6983,12.938539,77.5901,pm10,54.0,2019-07-17T07:45:00+00:00
6983,12.938539,77.5901,pm10,54.0,2019-07-17T08:00:00+00:00
6983,12.938539,77.5901,pm10,56.0,2019-07-17T08:15:00+00:00
6983,12.938539,77.5901,pm10,56.0,2019-07-17T08:45:00+00:00
6983,12.938539,77.5901,pm10,56.0,2019-07-17T09:00:00+00:00
6983,12.938539,77.5901,pm10,53.0,2019-07-17T09:15:00+00:00
6983,12.938539,77.5901,pm10,53.0,2019-07-17T09:30:00+00:00
6983,12.938539,77.5901,pm10,53.0,2019-07-17T09:45:00+00:00
6983,12.938539,77.5901,pm10,53.0,2019-07-17T10:00:00+00:00
6983,12.938539,77.5901,pm10,57.0,2019-07-17T10:15:00+00:00
6983,12.938539,77.5901,pm10,57.0,2019-07-17T10:45:00+00:00
6983,12.938539,77.5901,pm10,57.0,2019-07-17T11:00:00+00:00
6983,12.938539,77.5901,pm10,72.0,2019-07-17T11:45:00+00:00
6983,12.938539,77.5901,pm10,72.0,2019-07-17T12:00:00+00:00
6983,12.938539,77.5901,pm10,58.0,2019-07-17T12:15:00+00:00
6983,12.938539,77.5901,pm10,58.0,2019-07-17T12:30:00+00:00
6983,12.938539,77.5901,pm10,58.0,2019-07-17T12:45:00+00:00
6983,12.938539,77.5901,pm10,58.0,2019-07-17T13:00:00+00:00
6983,12.938539,77.5901,pm10,71.0,2019-07-17T13:15:00+00:00
6983,12.938539,77.5901,pm10,71.0,2019-07-17T13:30:00+00:00
6983,12.938539,77.5901,pm10,71.0,2019-07-17T13:45:00+00:00
6983,12.938539,77.5901,pm10,71.0,2019-07-17T14:00:00+00:00
6983,12.938539,77.5901,pm10,72.0,2019-07-17T14:15:00+00:00
6983,12.938539,77.5901,pm10,72.0,2019-07-17T14:30:00+00:00
6983,12.938539,77.5901,pm10,72.0,2019-07-17T14:45:00+00:00
6983,12.938539,77.5901,pm10,72.0,2019-07-17T15:00:00+00:00
6983,12.938539,77.5901,pm10,69.0,2019-07-17T15:15:00+00:00
6983,12.938539,77.5901,pm10,69.0,2019-07-17T15:30:00+00:00
6983,12.938539,77.5901,pm10,69.0,2019-07-17T15:45:00+00:00
6983,12.938539,77.5901,pm10,69.0,2019-07-17T16:00:00+00:00
6983,12.938539,77.5901,pm10,71.0,2019-07-17T16:15:00+00:00
6983,12.938539,77.5901,pm10,71.0,2019-07-17T16:30:00+00:00
6983,12.938539,77.5901,pm10,71.0,2019-07-17T16:45:00+00:00
6983,12.938539,77.5901,pm10,71.0,2019-07-17T17:00:00+00:00
6983,12.938539,77.5901,pm10,27.0,2019-07-17T17:15:00+00:00
6983,12.938539,77.5901,pm10,27.0,2019-07-17T17:30:00+00:00
6983,12.938539,77.5901,pm10,27.0,2019-07-17T17:45:00+00:00
6983,12.938539,77.5901,pm10,27.0,2019-07-17T18:00:00+00:00
6983,12.938539,77.5901,pm10,16.0,2019-07-17T18:15:00+00:00
6983,12.938539,77.5901,pm10,16.0,2019-07-17T18:30:00+00:00
6983,12.938539,77.5901,pm25,13.0,2019-07-16T18:45:00+00:00
6983,12.938539,77.5901,pm25,13.0,2019-07-16T19:00:00+00:00
6983,12.938539,77.5901,pm25,8.0,2019-07-16T19:15:00+00:00
6983,12.938539,77.5901,pm25,8.0,2019-07-16T19:30:00+00:00
6983,12.938539,77.5901,pm25,8.0,2019-07-16T19:45:00+00:00
6983,12.938539,77.5901,pm25,8.0,2019-07-16T20:00:00+00:00
6983,12.938539,77.5901,pm25,6.0,2019-07-16T20:15:00+00:00
6983,12.938539,77.5901,pm25,6.0,2019-07-16T20:30:00+00:00
6983,12.938539,77.5901,pm25,6.0,2019-07-16T20:45:00+00:00
6983,12.938539,77.5901,pm25,6.0,2019-07-16T21:00:00+00:00
6983,12.938539,77.5901,pm25,8.0,2019-07-16T21:15:00+00:00
6983,12.938539,77.5901,pm25,8.0,2019-07-16T21:30:00+00:00
6983,12.938539,77.5901,pm25,8.0,2019-07-16T21:45:00+00:00
6983,12.938539,77.5901,pm25,8.0,2019-07-16T22:00:00+00:00
6983,12.938539,77.5901,pm25,9.0,2019-07-16T22:15:00+00:00
6983,12.938539,77.5901,pm25,9.0,2019-07-16T22:30:00+00:00
6983,12.938539,77.5901,pm25,9.0,2019-07-16T22:45:00+00:00
6983,12.938539,77.5901,pm25,9.0,2019-07-16T23:00:00+00:00
6983,12.938539,77.5901,pm25,13.0,2019-07-16T23:15:00+00:00
6983,12.938539,77.5901,pm25,13.0,2019-07-16T23:30:00+00:00
6983,12.938539,77.5901,pm25,13.0,2019-07-16T23:45:00+00:00
6983,12.938539,77.5901,pm25,13.0,2019-07-17T00:00:00+00:00
6983,12.938539,77.5901,pm25,10.0,2019-07-17T00:15:00+00:00
6983,12.938539,77.5901,pm25,10.0,2019-07-17T00:30:00+00:00
6983,12.938539,77.5901,pm25,10.0,2019-07-17T00:45:00+00:00
6983,12.938539,77.5901,pm25,10.0,2019-07-17T01:00:00+00:00
6983,12.938539,77.5901,pm25,17.0,2019-07-17T01:15:00+00:00
6983,12.938539,77.5901,pm25,17.0,2019-07-17T01:30:00+00:00
6983,12.938539,77.5901,pm25,17.0,2019-07-17T01:45:00+00:00
6983,12.938539,77.5901,pm25,17.0,2019-07-17T02:00:00+00:00
6983,12.938539,77.5901,pm25,17.0,2019-07-17T02:15:00+00:00
6983,12.938539,77.5901,pm25,17.0,2019-07-17T02:30:00+00:00
6983,12.938539,77.5901,pm25,17.0,2019-07-17T02:45:00+00:00
6983,12.938539,77.5901,pm25,17.0,2019-07-17T03:00:00+00:00
6983,12.938539,77.5901,pm25,14.0,2019-07-17T03:15:00+00:00
6983,12.938539,77.5901,pm25,14.0,2019-07-17T03:30:00+00:00
6983,12.938539,77.5901,pm25,14.0,2019-07-17T03:45:00+00:00
6983,12.938539,77.5901,pm25,14.0,2019-07-17T04:00:00+00:00
6983,12.938539,77.5901,pm25,20.0,2019-07-17T04:15:00+00:00
6983,12.938539,77.5901,pm25,20.0,2019-07-17T04:30:00+00:00
6983,12.938539,77.5901,pm25,20.0,2019-07-17T04:45:00+00:00
6983,12.938539,77.5901,pm25,20.0,2019-07-17T05:00:00+00:00
6983,12.938539,77.5901,pm25,23.0,2019-07-17T05:15:00+00:00
6983,12.938539,77.5901,pm25,23.0,2019-07-17T05:30:00+00:00
6983,12.938539,77.5901,pm25,23.0,2019-07-17T05:45:00+00:00
6983,12.938539,77.5901,pm25,23.0,2019-07-17T06:00:00+00:00
6983,12.938539,77.5901,pm25,20.0,2019-07-17T06:15:00+00:00
6983,12.938539,77.5901,pm25,20.0,2019-07-17T06:30:00+00:00
6983,12.938539,77.5901,pm25,20.0,2019-07-17T06:45:00+00:00
6983,12.938539,77.5901,pm25,20.0,2019-07-17T07:00:00+00:00
6983,12.938539,77.5901,pm25,22.0,2019-07-17T07:15:00+00:00
6983,12.938539,77.5901,pm25,22.0,2019-07-17T07:30:00+00:00
6983,12.938539,77.5901,pm25,22.0,2019-07-17T07:45:00+00:00
6983,12.938539,77.5901,pm25,22.0,2019-07-17T08:00:00+00:00
6983,12.938539,77.5901,pm25,22.0,2019-07-17T08:15:00+00:00
6983,12.938539,77.5901,pm25,22.0,2019-07-17T08:45:00+00:00
6983,12.938539,77.5901,pm25,22.0,2019-07-17T09:00:00+00:00
6983,12.938539,77.5901,pm25,18.0,2019-07-17T09:15:00+00:00
6983,12.938539,77.5901,pm25,18.0,2019-07-17T09:30:00+00:00
6983,12.938539,77.5901,pm25,18.0,2019-07-17T09:45:00+00:00
6983,12.938539,77.5901,pm25,18.0,2019-07-17T10:00:00+00:00
6983,12.938539,77.5901,pm25,17.0,2019-07-17T10:15:00+00:00
6983,12.938539,77.5901,pm25,17.0,2019-07-17T10:45:00+00:00
6983,12.938539,77.5901,pm25,17.0,2019-07-17T11:00:00+00:00
6983,12.938539,77.5901,pm25,20.0,2019-07-17T11:45:00+00:00
6983,12.938539,77.5901,pm25,20.0,2019-07-17T12:00:00+00:00
6983,12.938539,77.5901,pm25,21.0,2019-07-17T12:15:00+00:00
6983,12.938539,77.5901,pm25,21.0,2019-07-17T12:30:00+00:00
6983,12.938539,77.5901,pm25,21.0,2019-07-17T12:45:00+00:00
6983,12.938539,77.5901,pm25,21.0,2019-07-17T13:00:00+00:00
6983,12.938539,77.5901,pm25,26.0,2019-07-17T13:15:00+00:00
6983,12.938539,77.5901,pm25,26.0,2019-07-17T13:30:00+00:00
6983,12.938539,77.5901,pm25,26.0,2019-07-17T13:45:00+00:00
6983,12.938539,77.5901,pm25,26.0,2019-07-17T14:00:00+00:00
6983,12.938539,77.5901,pm25,28.0,2019-07-17T14:15:00+00:00
6983,12.938539,77.5901,pm25,28.0,2019-07-17T14:30:00+00:00
6983,12.938539,77.5901,pm25,28.0,2019-07-17T14:45:00+00:00
6983,12.938539,77.5901,pm25,28.0,2019-07-17T15:00:00+00:00
6983,12.938539,77.5901,pm25,26.0,2019-07-17T15:15:00+00:00
6983,12.938539,77.5901,pm25,26.0,2019-07-17T15:30:00+00:00
6983,12.938539,77.5901,pm25,26.0,2019-07-17T15:45:00+00:00
6983,12.938539,77.5901,pm25,26.0,2019-07-17T16:00:00+00:00
6983,12.938539,77.5901,pm25,27.0,2019-07-17T16:15:00+00:00
6983,12.938539,77.5901,pm25,27.0,2019-07-17T16:30:00+00:00
6983,12.938539,77.5901,pm25,27.0,2019-07-17T16:45:00+00:00
6983,12.938539,77.5901,pm25,27.0,2019-07-17T17:00:00+00:00
6983,12.938539,77.5901,pm25,18.0,2019-07-17T17:15:00+00:00
6983,12.938539,77.5901,pm25,18.0,2019-07-17T17:30:00+00:00
6983,12.938539,77.5901,pm25,18.0,2019-07-17T17:45:00+00:00
6983,12.938539,77.5901,pm25,18.0,2019-07-17T18:00:00+00:00
6983,12.938539,77.5901,pm25,8.0,2019-07-17T18:15:00+00:00
6983,12.938539,77.5901,pm25,8.0,2019-07-17T18:30:00+00:00
6983,12.938539,77.5901,co,0.3,2019-07-16T18:45:00+00:00
6983,12.938539,77.5901,co,0.3,2019-07-16T19:00:00+00:00
6983,12.938539,77.5901,co,0.3,2019-07-16T19:15:00+00:00
6983,12.938539,77.5901,co,0.29,2019-07-16T19:30:00+00:00
6983,12.938539,77.5901,co,0.24,2019-07-16T19:45:00+00:00
6983,12.938539,77.5901,co,0.24,2019-07-16T20:00:00+00:00
6983,12.938539,77.5901,co,0.21,2019-07-16T20:15:00+00:00
6983,12.938539,77.5901,co,0.23,2019-07-16T20:30:00+00:00
6983,12.938539,77.5901,co,0.22,2019-07-16T20:45:00+00:00
6983,12.938539,77.5901,co,0.21,2019-07-16T21:00:00+00:00
6983,12.938539,77.5901,co,0.18,2019-07-16T21:15:00+00:00
6983,12.938539,77.5901,co,0.19,2019-07-16T21:30:00+00:00
6983,12.938539,77.5901,co,0.18,2019-07-16T21:45:00+00:00
6983,12.938539,77.5901,co,0.19,2019-07-16T22:00:00+00:00
6983,12.938539,77.5901,co,0.19,2019-07-16T23:15:00+00:00
6983,12.938539,77.5901,co,0.19,2019-07-16T23:30:00+00:00
6983,12.938539,77.5901,co,0.22,2019-07-16T23:45:00+00:00
6983,12.938539,77.5901,co,0.26,2019-07-17T00:00:00+00:00
6983,12.938539,77.5901,co,0.27,2019-07-17T00:15:00+00:00
6983,12.938539,77.5901,co,0.31,2019-07-17T00:30:00+00:00
6983,12.938539,77.5901,co,0.34,2019-07-17T00:45:00+00:00
6983,12.938539,77.5901,co,0.34,2019-07-17T01:00:00+00:00
6983,12.938539,77.5901,co,0.39,2019-07-17T01:15:00+00:00
6983,12.938539,77.5901,co,0.44,2019-07-17T01:30:00+00:00
6983,12.938539,77.5901,co,0.42,2019-07-17T01:45:00+00:00
6983,12.938539,77.5901,co,0.39,2019-07-17T02:00:00+00:00
6983,12.938539,77.5901,co,0.44,2019-07-17T02:15:00+00:00
6983,12.938539,77.5901,co,0.4,2019-07-17T02:30:00+00:00
6983,12.938539,77.5901,co,0.38,2019-07-17T02:45:00+00:00
6983,12.938539,77.5901,co,0.47,2019-07-17T03:00:00+00:00
6983,12.938539,77.5901,co,0.47,2019-07-17T03:15:00+00:00
6983,12.938539,77.5901,co,0.48,2019-07-17T03:30:00+00:00
6983,12.938539,77.5901,co,0.45,2019-07-17T03:45:00+00:00
6983,12.938539,77.5901,co,0.48,2019-07-17T04:00:00+00:00
6983,12.938539,77.5901,co,0.44,2019-07-17T04:15:00+00:00
6983,12.938539,77.5901,co,0.38,2019-07-17T04:30:00+00:00
6983,12.938539,77.5901,co,0.42,2019-07-17T04:45:00+00:00
6983,12.938539,77.5901,co,0.32,2019-07-17T05:00:00+00:00
6983,12.938539,77.5901,co,0.29,2019-07-17T05:15:00+00:00
6983,12.938539,77.5901,co,0.27,2019-07-17T05:30:00+00:00
6983,12.938539,77.5901,co,0.34,2019-07-17T05:45:00+00:00
6983,12.938539,77.5901,co,0.26,2019-07-17T06:00:00+00:00
6983,12.938539,77.5901,co,0.31,2019-07-17T06:15:00+00:00
6983,12.938539,77.5901,co,0.3,2019-07-17T06:30:00+00:00
6983,12.938539,77.5901,co,0.25,2019-07-17T06:45:00+00:00
6983,12.938539,77.5901,co,0.24,2019-07-17T07:00:00+00:00
6983,12.938539,77.5901,co,0.3,2019-07-17T07:15:00+00:00
6983,12.938539,77.5901,co,0.25,2019-07-17T07:30:00+00:00
6983,12.938539,77.5901,co,0.26,2019-07-17T07:45:00+00:00
6983,12.938539,77.5901,co,0.35,2019-07-17T08:00:00+00:00
6983,12.938539,77.5901,co,0.31,2019-07-17T08:15:00+00:00
6983,12.938539,77.5901,co,0.3,2019-07-17T08:45:00+00:00
6983,12.938539,77.5901,co,0.32,2019-07-17T09:00:00+00:00
6983,12.938539,77.5901,co,0.35,2019-07-17T09:15:00+00:00
6983,12.938539,77.5901,co,0.34,2019-07-17T09:30:00+00:00
6983,12.938539,77.5901,co,0.33,2019-07-17T09:45:00+00:00
6983,12.938539,77.5901,co,0.37,2019-07-17T10:00:00+00:00
6983,12.938539,77.5901,co,0.37,2019-07-17T10:15:00+00:00
6983,12.938539,77.5901,co,0.37,2019-07-17T10:45:00+00:00
6983,12.938539,77.5901,co,0.4,2019-07-17T11:00:00+00:00
6983,12.938539,77.5901,co,0.26,2019-07-17T11:45:00+00:00
6983,12.938539,77.5901,co,0.35,2019-07-17T12:00:00+00:00
6983,12.938539,77.5901,co,0.4,2019-07-17T12:15:00+00:00
6983,12.938539,77.5901,co,0.47,2019-07-17T12:30:00+00:00
6983,12.938539,77.5901,co,0.52,2019-07-17T12:45:00+00:00
6983,12.938539,77.5901,co,0.65,2019-07-17T13:00:00+00:00
6983,12.938539,77.5901,co,0.76,2019-07-17T13:15:00+00:00
6983,12.938539,77.5901,co,0.8,2019-07-17T13:30:00+00:00
6983,12.938539,77.5901,co,0.78,2019-07-17T13:45:00+00:00
6983,12.938539,77.5901,co,0.81,2019-07-17T14:00:00+00:00
6983,12.938539,77.5901,co,0.89,2019-07-17T14:15:00+00:00
6983,12.938539,77.5901,co,0.95,2019-07-17T14:30:00+00:00
6983,12.938539,77.5901,co,1.09,2019-07-17T14:45:00+00:00
6983,12.938539,77.5901,co,1.06,2019-07-17T15:00:00+00:00
6983,12.938539,77.5901,co,1.06,2019-07-17T15:15:00+00:00
6983,12.938539,77.5901,co,1.06,2019-07-17T15:30:00+00:00
6983,12.938539,77.5901,co,1.18,2019-07-17T15:45:00+00:00
6983,12.938539,77.5901,co,0.69,2019-07-17T16:00:00+00:00
6983,12.938539,77.5901,co,0.5,2019-07-17T16:15:00+00:00
6983,12.938539,77.5901,co,0.4,2019-07-17T16:30:00+00:00
6983,12.938539,77.5901,co,0.47,2019-07-17T16:45:00+00:00
6983,12.938539,77.5901,co,0.47,2019-07-17T17:00:00+00:00
6983,12.938539,77.5901,co,0.35,2019-07-17T17:15:00+00:00
6983,12.938539,77.5901,co,0.41,2019-07-17T17:30:00+00:00
6983,12.938539,77.5901,co,0.38,2019-07-17T17:45:00+00:00
6983,12.938539,77.5901,co,0.37,2019-07-17T18:00:00+00:00
6983,12.938539,77.5901,co,0.32,2019-07-17T18:30:00+00:00
6983,12.938539,77.5901,no2,8.1,2019-07-16T18:45:00+00:00
6983,12.938539,77.5901,no2,7.1,2019-07-16T19:00:00+00:00
6983,12.938539,77.5901,no2,7.0,2019-07-16T19:15:00+00:00
6983,12.938539,77.5901,no2,7.1,2019-07-16T19:30:00+00:00
6983,12.938539,77.5901,no2,6.6,2019-07-16T19:45:00+00:00
6983,12.938539,77.5901,no2,6.0,2019-07-16T20:00:00+00:00
6983,12.938539,77.5901,no2,5.5,2019-07-16T20:15:00+00:00
6983,12.938539,77.5901,no2,4.9,2019-07-16T20:30:00+00:00
6983,12.938539,77.5901,no2,3.9,2019-07-16T20:45:00+00:00
6983,12.938539,77.5901,no2,3.8,2019-07-16T21:00:00+00:00
6983,12.938539,77.5901,no2,3.4,2019-07-16T21:15:00+00:00
6983,12.938539,77.5901,no2,3.0,2019-07-16T21:30:00+00:00
6983,12.938539,77.5901,no2,2.8,2019-07-16T21:45:00+00:00
6983,12.938539,77.5901,no2,2.8,2019-07-16T22:00:00+00:00
6983,12.938539,77.5901,no2,2.6,2019-07-16T22:15:00+00:00
6983,12.938539,77.5901,no2,2.6,2019-07-16T22:30:00+00:00
6983,12.938539,77.5901,no2,3.0,2019-07-16T22:45:00+00:00
6983,12.938539,77.5901,no2,3.0,2019-07-16T23:00:00+00:00
6983,12.938539,77.5901,no2,5.6,2019-07-17T00:15:00+00:00
6983,12.938539,77.5901,no2,6.2,2019-07-17T00:30:00+00:00
6983,12.938539,77.5901,no2,7.0,2019-07-17T00:45:00+00:00
6983,12.938539,77.5901,no2,8.3,2019-07-17T01:00:00+00:00
6983,12.938539,77.5901,no2,9.0,2019-07-17T01:15:00+00:00
6983,12.938539,77.5901,no2,10.2,2019-07-17T01:30:00+00:00
6983,12.938539,77.5901,no2,10.2,2019-07-17T01:45:00+00:00
6983,12.938539,77.5901,no2,9.4,2019-07-17T02:00:00+00:00
6983,12.938539,77.5901,no2,8.6,2019-07-17T02:15:00+00:00
6983,12.938539,77.5901,no2,8.5,2019-07-17T02:30:00+00:00
6983,12.938539,77.5901,no2,7.9,2019-07-17T02:45:00+00:00
6983,12.938539,77.5901,no2,7.5,2019-07-17T03:00:00+00:00
6983,12.938539,77.5901,no2,7.9,2019-07-17T03:15:00+00:00
6983,12.938539,77.5901,no2,8.6,2019-07-17T03:30:00+00:00
6983,12.938539,77.5901,no2,8.5,2019-07-17T03:45:00+00:00
6983,12.938539,77.5901,no2,8.8,2019-07-17T04:00:00+00:00
6983,12.938539,77.5901,no2,8.8,2019-07-17T04:15:00+00:00
6983,12.938539,77.5901,no2,8.5,2019-07-17T04:30:00+00:00
6983,12.938539,77.5901,no2,8.6,2019-07-17T04:45:00+00:00
6983,12.938539,77.5901,no2,8.8,2019-07-17T05:00:00+00:00
6983,12.938539,77.5901,no2,7.5,2019-07-17T05:15:00+00:00
6983,12.938539,77.5901,no2,7.3,2019-07-17T05:30:00+00:00
6983,12.938539,77.5901,no2,7.7,2019-07-17T05:45:00+00:00
6983,12.938539,77.5901,no2,7.9,2019-07-17T06:00:00+00:00
6983,12.938539,77.5901,no2,7.5,2019-07-17T06:15:00+00:00
6983,12.938539,77.5901,no2,7.3,2019-07-17T06:30:00+00:00
6983,12.938539,77.5901,no2,7.0,2019-07-17T06:45:00+00:00
6983,12.938539,77.5901,no2,6.4,2019-07-17T07:00:00+00:00
6983,12.938539,77.5901,no2,6.2,2019-07-17T07:15:00+00:00
6983,12.938539,77.5901,no2,6.2,2019-07-17T07:30:00+00:00
6983,12.938539,77.5901,no2,6.6,2019-07-17T07:45:00+00:00
6983,12.938539,77.5901,no2,6.2,2019-07-17T08:00:00+00:00
6983,12.938539,77.5901,no2,5.6,2019-07-17T08:15:00+00:00
6983,12.938539,77.5901,no2,5.6,2019-07-17T08:45:00+00:00
6983,12.938539,77.5901,no2,6.0,2019-07-17T09:00:00+00:00
6983,12.938539,77.5901,no2,6.2,2019-07-17T09:15:00+00:00
6983,12.938539,77.5901,no2,6.4,2019-07-17T09:30:00+00:00
6983,12.938539,77.5901,no2,6.4,2019-07-17T09:45:00+00:00
6983,12.938539,77.5901,no2,7.5,2019-07-17T10:00:00+00:00
6983,12.938539,77.5901,no2,8.6,2019-07-17T10:15:00+00:00
6983,12.938539,77.5901,no2,8.5,2019-07-17T10:45:00+00:00
6983,12.938539,77.5901,no2,9.0,2019-07-17T11:00:00+00:00
6983,12.938539,77.5901,no2,8.6,2019-07-17T11:45:00+00:00
6983,12.938539,77.5901,no2,9.2,2019-07-17T12:00:00+00:00
6983,12.938539,77.5901,no2,10.5,2019-07-17T12:15:00+00:00
6983,12.938539,77.5901,no2,14.3,2019-07-17T12:30:00+00:00
6983,12.938539,77.5901,no2,16.9,2019-07-17T12:45:00+00:00
6983,12.938539,77.5901,no2,19.6,2019-07-17T13:00:00+00:00
6983,12.938539,77.5901,no2,24.1,2019-07-17T13:15:00+00:00
6983,12.938539,77.5901,no2,27.1,2019-07-17T13:30:00+00:00
6983,12.938539,77.5901,no2,28.0,2019-07-17T13:45:00+00:00
6983,12.938539,77.5901,no2,28.4,2019-07-17T14:00:00+00:00
6983,12.938539,77.5901,no2,29.7,2019-07-17T14:15:00+00:00
6983,12.938539,77.5901,no2,33.8,2019-07-17T14:30:00+00:00
6983,12.938539,77.5901,no2,37.8,2019-07-17T14:45:00+00:00
6983,12.938539,77.5901,no2,41.2,2019-07-17T15:00:00+00:00
6983,12.938539,77.5901,no2,40.6,2019-07-17T15:15:00+00:00
6983,12.938539,77.5901,no2,39.1,2019-07-17T15:30:00+00:00
6983,12.938539,77.5901,no2,38.4,2019-07-17T15:45:00+00:00
6983,12.938539,77.5901,no2,29.3,2019-07-17T16:00:00+00:00
6983,12.938539,77.5901,no2,13.2,2019-07-17T16:15:00+00:00
6983,12.938539,77.5901,no2,11.3,2019-07-17T16:30:00+00:00
6983,12.938539,77.5901,no2,11.8,2019-07-17T16:45:00+00:00
6983,12.938539,77.5901,no2,12.6,2019-07-17T17:00:00+00:00
6983,12.938539,77.5901,no2,10.9,2019-07-17T17:15:00+00:00
6983,12.938539,77.5901,no2,10.5,2019-07-17T17:30:00+00:00
6983,12.938539,77.5901,no2,10.7,2019-07-17T17:45:00+00:00
6983,12.938539,77.5901,no2,10.0,2019-07-17T18:00:00+00:00
6983,12.938539,77.5901,no2,8.5,2019-07-17T18:15:00+00:00
6983,12.938539,77.5901,no2,7.1,2019-07-17T18:30:00+00:00
6983,12.938539,77.5901,so2,1.3,2019-07-16T18:45:00+00:00
6983,12.938539,77.5901,so2,1.4,2019-07-16T19:00:00+00:00
6983,12.938539,77.5901,so2,1.6,2019-07-16T19:15:00+00:00
6983,12.938539,77.5901,so2,1.7,2019-07-16T19:30:00+00:00
6983,12.938539,77.5901,so2,1.7,2019-07-16T19:45:00+00:00
6983,12.938539,77.5901,so2,1.7,2019-07-16T20:00:00+00:00
6983,12.938539,77.5901,so2,1.6,2019-07-16T20:15:00+00:00
6983,12.938539,77.5901,so2,1.7,2019-07-16T20:30:00+00:00
6983,12.938539,77.5901,so2,1.8,2019-07-16T20:45:00+00:00
6983,12.938539,77.5901,so2,1.6,2019-07-16T21:00:00+00:00
6983,12.938539,77.5901,so2,1.3,2019-07-16T21:15:00+00:00
6983,12.938539,77.5901,so2,1.4,2019-07-16T21:30:00+00:00
6983,12.938539,77.5901,so2,1.5,2019-07-16T21:45:00+00:00
6983,12.938539,77.5901,so2,1.5,2019-07-16T22:00:00+00:00
6983,12.938539,77.5901,so2,1.3,2019-07-16T22:15:00+00:00
6983,12.938539,77.5901,so2,1.6,2019-07-16T22:30:00+00:00
6983,12.938539,77.5901,so2,1.8,2019-07-16T22:45:00+00:00
6983,12.938539,77.5901,so2,1.8,2019-07-16T23:00:00+00:00
6983,12.938539,77.5901,so2,1.7,2019-07-16T23:15:00+00:00
6983,12.938539,77.5901,so2,1.6,2019-07-16T23:30:00+00:00
6983,12.938539,77.5901,so2,1.6,2019-07-16T23:45:00+00:00
6983,12.938539,77.5901,so2,1.8,2019-07-17T00:00:00+00:00
6983,12.938539,77.5901,so2,1.5,2019-07-17T01:00:00+00:00
6983,12.938539,77.5901,so2,1.6,2019-07-17T01:15:00+00:00
6983,12.938539,77.5901,so2,1.5,2019-07-17T01:30:00+00:00
6983,12.938539,77.5901,so2,1.4,2019-07-17T01:45:00+00:00
6983,12.938539,77.5901,so2,1.4,2019-07-17T02:00:00+00:00
6983,12.938539,77.5901,so2,1.5,2019-07-17T02:15:00+00:00
6983,12.938539,77.5901,so2,1.5,2019-07-17T02:30:00+00:00
6983,12.938539,77.5901,so2,1.5,2019-07-17T02:45:00+00:00
6983,12.938539,77.5901,so2,1.6,2019-07-17T03:00:00+00:00
6983,12.938539,77.5901,so2,1.7,2019-07-17T03:15:00+00:00
6983,12.938539,77.5901,so2,1.7,2019-07-17T03:30:00+00:00
6983,12.938539,77.5901,so2,1.7,2019-07-17T03:45:00+00:00
6983,12.938539,77.5901,so2,1.6,2019-07-17T04:00:00+00:00
6983,12.938539,77.5901,so2,1.6,2019-07-17T04:15:00+00:00
6983,12.938539,77.5901,so2,1.8,2019-07-17T04:30:00+00:00
6983,12.938539,77.5901,so2,1.8,2019-07-17T04:45:00+00:00
6983,12.938539,77.5901,so2,1.5,2019-07-17T05:00:00+00:00
6983,12.938539,77.5901,so2,1.2,2019-07-17T05:15:00+00:00
6983,12.938539,77.5901,so2,1.3,2019-07-17T05:30:00+00:00
6983,12.938539,77.5901,so2,1.3,2019-07-17T05:45:00+00:00
6983,12.938539,77.5901,so2,1.2,2019-07-17T06:00:00+00:00
6983,12.938539,77.5901,so2,1.2,2019-07-17T06:15:00+00:00
6983,12.938539,77.5901,so2,1.3,2019-07-17T06:30:00+00:00
6983,12.938539,77.5901,so2,1.3,2019-07-17T06:45:00+00:00
6983,12.938539,77.5901,so2,1.2,2019-07-17T07:00:00+00:00
6983,12.938539,77.5901,so2,1.2,2019-07-17T07:15:00+00:00
6983,12.938539,77.5901,so2,1.1,2019-07-17T07:30:00+00:00
6983,12.938539,77.5901,so2,1.2,2019-07-17T07:45:00+00:00
6983,12.938539,77.5901,so2,1.4,2019-07-17T08:00:00+00:00
6983,12.938539,77.5901,so2,1.5,2019-07-17T08:15:00+00:00
6983,12.938539,77.5901,so2,1.6,2019-07-17T08:45:00+00:00
6983,12.938539,77.5901,so2,1.6,2019-07-17T09:00:00+00:00
6983,12.938539,77.5901,so2,1.6,2019-07-17T09:15:00+00:00
6983,12.938539,77.5901,so2,1.4,2019-07-17T09:30:00+00:00
6983,12.938539,77.5901,so2,1.5,2019-07-17T09:45:00+00:00
6983,12.938539,77.5901,so2,1.5,2019-07-17T10:00:00+00:00
6983,12.938539,77.5901,so2,1.4,2019-07-17T10:15:00+00:00
6983,12.938539,77.5901,so2,1.4,2019-07-17T10:45:00+00:00
6983,12.938539,77.5901,so2,1.3,2019-07-17T11:00:00+00:00
6983,12.938539,77.5901,so2,1.6,2019-07-17T11:45:00+00:00
6983,12.938539,77.5901,so2,1.9,2019-07-17T12:00:00+00:00
6983,12.938539,77.5901,so2,2.1,2019-07-17T12:15:00+00:00
6983,12.938539,77.5901,so2,2.1,2019-07-17T12:30:00+00:00
6983,12.938539,77.5901,so2,2.1,2019-07-17T12:45:00+00:00
6983,12.938539,77.5901,so2,1.9,2019-07-17T13:00:00+00:00
6983,12.938539,77.5901,so2,1.8,2019-07-17T13:15:00+00:00
6983,12.938539,77.5901,so2,1.7,2019-07-17T13:30:00+00:00
6983,12.938539,77.5901,so2,1.4,2019-07-17T13:45:00+00:00
6983,12.938539,77.5901,so2,1.4,2019-07-17T14:00:00+00:00
6983,12.938539,77.5901,so2,1.5,2019-07-17T14:15:00+00:00
6983,12.938539,77.5901,so2,1.7,2019-07-17T14:30:00+00:00
6983,12.938539,77.5901,so2,1.8,2019-07-17T14:45:00+00:00
6983,12.938539,77.5901,so2,1.8,2019-07-17T15:00:00+00:00
6983,12.938539,77.5901,so2,1.7,2019-07-17T15:15:00+00:00
6983,12.938539,77.5901,so2,1.4,2019-07-17T15:30:00+00:00
6983,12.938539,77.5901,so2,1.4,2019-07-17T15:45:00+00:00
6983,12.938539,77.5901,so2,1.6,2019-07-17T16:00:00+00:00
6983,12.938539,77.5901,so2,1.7,2019-07-17T16:15:00+00:00
6983,12.938539,77.5901,so2,1.7,2019-07-17T16:30:00+00:00
6983,12.938539,77.5901,so2,1.6,2019-07-17T16:45:00+00:00
6983,12.938539,77.5901,so2,1.5,2019-07-17T17:00:00+00:00
6983,12.938539,77.5901,so2,1.4,2019-07-17T17:15:00+00:00
6983,12.938539,77.5901,so2,1.3,2019-07-17T17:30:00+00:00
6983,12.938539,77.5901,so2,1.3,2019-07-17T17:45:00+00:00
6983,12.938539,77.5901,so2,1.4,2019-07-17T18:00:00+00:00
6983,12.938539,77.5901,so2,1.3,2019-07-17T18:30:00+00:00
6983,12.938539,77.5901,pm10,16.0,2019-07-17T18:45:00+00:00
6983,12.938539,77.5901,pm10,16.0,2019-07-17T19:00:00+00:00
6983,12.938539,77.5901,pm10,17.0,2019-07-17T19:15:00+00:00
6983,12.938539,77.5901,pm10,17.0,2019-07-17T19:30:00+00:00
6983,12.938539,77.5901,pm10,17.0,2019-07-17T19:45:00+00:00
6983,12.938539,77.5901,pm10,17.0,2019-07-17T20:00:00+00:00
6983,12.938539,77.5901,pm10,22.0,2019-07-17T20:15:00+00:00
6983,12.938539,77.5901,pm10,22.0,2019-07-17T20:30:00+00:00
6983,12.938539,77.5901,pm10,22.0,2019-07-17T20:45:00+00:00
6983,12.938539,77.5901,pm10,22.0,2019-07-17T21:00:00+00:00
6983,12.938539,77.5901,pm10,26.0,2019-07-17T21:15:00+00:00
6983,12.938539,77.5901,pm10,26.0,2019-07-17T21:30:00+00:00
6983,12.938539,77.5901,pm10,26.0,2019-07-17T21:45:00+00:00
6983,12.938539,77.5901,pm10,26.0,2019-07-17T22:00:00+00:00
6983,12.938539,77.5901,pm10,27.0,2019-07-17T22:15:00+00:00
6983,12.938539,77.5901,pm10,27.0,2019-07-17T22:30:00+00:00
6983,12.938539,77.5901,pm10,27.0,2019-07-17T22:45:00+00:00
6983,12.938539,77.5901,pm10,27.0,2019-07-17T23:00:00+00:00
6983,12.938539,77.5901,pm10,35.0,2019-07-17T23:15:00+00:00
6983,12.938539,77.5901,pm10,35.0,2019-07-17T23:30:00+00:00
6983,12.938539,77.5901,pm10,35.0,2019-07-17T23:45:00+00:00
6983,12.938539,77.5901,pm10,35.0,2019-07-18T00:00:00+00:00
6983,12.938539,77.5901,pm10,41.0,2019-07-18T00:15:00+00:00
6983,12.938539,77.5901,pm10,41.0,2019-07-18T00:30:00+00:00
6983,12.938539,77.5901,pm10,41.0,2019-07-18T00:45:00+00:00
6983,12.938539,77.5901,pm10,41.0,2019-07-18T01:00:00+00:00
6983,12.938539,77.5901,pm10,46.0,2019-07-18T01:15:00+00:00
6983,12.938539,77.5901,pm10,46.0,2019-07-18T01:30:00+00:00
6983,12.938539,77.5901,pm10,46.0,2019-07-18T01:45:00+00:00
6983,12.938539,77.5901,pm10,46.0,2019-07-18T02:00:00+00:00
6983,12.938539,77.5901,pm10,56.0,2019-07-18T02:15:00+00:00
6983,12.938539,77.5901,pm10,56.0,2019-07-18T02:30:00+00:00
6983,12.938539,77.5901,pm10,56.0,2019-07-18T02:45:00+00:00
6983,12.938539,77.5901,pm10,56.0,2019-07-18T03:00:00+00:00
6983,12.938539,77.5901,pm10,70.0,2019-07-18T03:15:00+00:00
6983,12.938539,77.5901,pm10,70.0,2019-07-18T03:30:00+00:00
6983,12.938539,77.5901,pm10,70.0,2019-07-18T03:45:00+00:00
6983,12.938539,77.5901,pm10,70.0,2019-07-18T04:00:00+00:00
6983,12.938539,77.5901,pm10,59.0,2019-07-18T04:15:00+00:00
6983,12.938539,77.5901,pm10,59.0,2019-07-18T04:30:00+00:00
6983,12.938539,77.5901,pm10,59.0,2019-07-18T04:45:00+00:00
6983,12.938539,77.5901,pm10,59.0,2019-07-18T05:00:00+00:00
6983,12.938539,77.5901,pm10,65.0,2019-07-18T05:15:00+00:00
6983,12.938539,77.5901,pm10,65.0,2019-07-18T05:30:00+00:00
6983,12.938539,77.5901,pm10,65.0,2019-07-18T05:45:00+00:00
6983,12.938539,77.5901,pm10,65.0,2019-07-18T06:00:00+00:00
6983,12.938539,77.5901,pm10,58.0,2019-07-18T06:15:00+00:00
6983,12.938539,77.5901,pm10,58.0,2019-07-18T06:30:00+00:00
6983,12.938539,77.5901,pm10,58.0,2019-07-18T06:45:00+00:00
6983,12.938539,77.5901,pm10,58.0,2019-07-18T07:00:00+00:00
6983,12.938539,77.5901,pm10,57.0,2019-07-18T07:15:00+00:00
6983,12.938539,77.5901,pm10,57.0,2019-07-18T07:30:00+00:00
6983,12.938539,77.5901,pm10,57.0,2019-07-18T07:45:00+00:00
6983,12.938539,77.5901,pm10,57.0,2019-07-18T08:00:00+00:00
6983,12.938539,77.5901,pm10,48.0,2019-07-18T08:15:00+00:00
6983,12.938539,77.5901,pm10,48.0,2019-07-18T08:30:00+00:00
6983,12.938539,77.5901,pm10,48.0,2019-07-18T08:45:00+00:00
6983,12.938539,77.5901,pm10,48.0,2019-07-18T09:00:00+00:00
6983,12.938539,77.5901,pm10,59.0,2019-07-18T09:15:00+00:00
6983,12.938539,77.5901,pm10,59.0,2019-07-18T09:30:00+00:00
6983,12.938539,77.5901,pm10,59.0,2019-07-18T09:45:00+00:00
6983,12.938539,77.5901,pm10,59.0,2019-07-18T10:00:00+00:00
6983,12.938539,77.5901,pm10,61.0,2019-07-18T10:15:00+00:00
6983,12.938539,77.5901,pm10,61.0,2019-07-18T10:30:00+00:00
6983,12.938539,77.5901,pm10,61.0,2019-07-18T10:45:00+00:00
6983,12.938539,77.5901,pm10,61.0,2019-07-18T11:00:00+00:00
6983,12.938539,77.5901,pm10,65.0,2019-07-18T11:15:00+00:00
6983,12.938539,77.5901,pm10,65.0,2019-07-18T11:30:00+00:00
6983,12.938539,77.5901,pm10,65.0,2019-07-18T11:45:00+00:00
6983,12.938539,77.5901,pm10,65.0,2019-07-18T12:00:00+00:00
6983,12.938539,77.5901,pm10,75.0,2019-07-18T12:15:00+00:00
6983,12.938539,77.5901,pm10,75.0,2019-07-18T12:30:00+00:00
6983,12.938539,77.5901,pm10,75.0,2019-07-18T12:45:00+00:00
6983,12.938539,77.5901,pm10,75.0,2019-07-18T13:00:00+00:00
6983,12.938539,77.5901,pm10,79.0,2019-07-18T13:15:00+00:00
6983,12.938539,77.5901,pm10,79.0,2019-07-18T13:30:00+00:00
6983,12.938539,77.5901,pm10,79.0,2019-07-18T13:45:00+00:00
6983,12.938539,77.5901,pm10,79.0,2019-07-18T14:00:00+00:00
6983,12.938539,77.5901,pm10,83.0,2019-07-18T14:15:00+00:00
6983,12.938539,77.5901,pm10,83.0,2019-07-18T14:30:00+00:00
6983,12.938539,77.5901,pm10,83.0,2019-07-18T14:45:00+00:00
6983,12.938539,77.5901,pm10,83.0,2019-07-18T15:00:00+00:00
6983,12.938539,77.5901,pm10,81.0,2019-07-18T15:15:00+00:00
6983,12.938539,77.5901,pm10,81.0,2019-07-18T15:30:00+00:00
6983,12.938539,77.5901,pm10,81.0,2019-07-18T15:45:00+00:00
6983,12.938539,77.5901,pm10,81.0,2019-07-18T16:00:00+00:00
6983,12.938539,77.5901,pm10,65.0,2019-07-18T16:15:00+00:00
6983,12.938539,77.5901,pm10,65.0,2019-07-18T16:30:00+00:00
6983,12.938539,77.5901,pm10,65.0,2019-07-18T16:45:00+00:00
6983,12.938539,77.5901,pm10,65.0,2019-07-18T17:00:00+00:00
6983,12.938539,77.5901,pm10,27.0,2019-07-18T17:15:00+00:00
6983,12.938539,77.5901,pm10,27.0,2019-07-18T17:30:00+00:00
6983,12.938539,77.5901,pm10,27.0,2019-07-18T17:45:00+00:00
6983,12.938539,77.5901,pm10,27.0,2019-07-18T18:00:00+00:00
6983,12.938539,77.5901,pm10,20.0,2019-07-18T18:15:00+00:00
6983,12.938539,77.5901,pm10,20.0,2019-07-18T18:30:00+00:00
6983,12.938539,77.5901,pm25,8.0,2019-07-17T18:45:00+00:00
6983,12.938539,77.5901,pm25,8.0,2019-07-17T19:00:00+00:00
6983,12.938539,77.5901,pm25,8.0,2019-07-17T19:15:00+00:00
6983,12.938539,77.5901,pm25,8.0,2019-07-17T19:30:00+00:00
6983,12.938539,77.5901,pm25,8.0,2019-07-17T19:45:00+00:00
6983,12.938539,77.5901,pm25,8.0,2019-07-17T20:00:00+00:00
6983,12.938539,77.5901,pm25,17.0,2019-07-17T20:15:00+00:00
6983,12.938539,77.5901,pm25,17.0,2019-07-17T20:30:00+00:00
6983,12.938539,77.5901,pm25,17.0,2019-07-17T20:45:00+00:00
6983,12.938539,77.5901,pm25,17.0,2019-07-17T21:00:00+00:00
6983,12.938539,77.5901,pm25,11.0,2019-07-17T21:15:00+00:00
6983,12.938539,77.5901,pm25,11.0,2019-07-17T21:30:00+00:00
6983,12.938539,77.5901,pm25,11.0,2019-07-17T21:45:00+00:00
6983,12.938539,77.5901,pm25,11.0,2019-07-17T22:00:00+00:00
6983,12.938539,77.5901,pm25,9.0,2019-07-17T22:15:00+00:00
6983,12.938539,77.5901,pm25,9.0,2019-07-17T22:30:00+00:00
6983,12.938539,77.5901,pm25,9.0,2019-07-17T22:45:00+00:00
6983,12.938539,77.5901,pm25,9.0,2019-07-17T23:00:00+00:00
6983,12.938539,77.5901,pm25,13.0,2019-07-17T23:15:00+00:00
6983,12.938539,77.5901,pm25,13.0,2019-07-17T23:30:00+00:00
6983,12.938539,77.5901,pm25,13.0,2019-07-17T23:45:00+00:00
6983,12.938539,77.5901,pm25,13.0,2019-07-18T00:00:00+00:00
6983,12.938539,77.5901,pm25,15.0,2019-07-18T00:15:00+00:00
6983,12.938539,77.5901,pm25,15.0,2019-07-18T00:30:00+00:00
6983,12.938539,77.5901,pm25,15.0,2019-07-18T00:45:00+00:00
6983,12.938539,77.5901,pm25,15.0,2019-07-18T01:00:00+00:00
6983,12.938539,77.5901,pm25,21.0,2019-07-18T01:15:00+00:00
6983,12.938539,77.5901,pm25,21.0,2019-07-18T01:30:00+00:00
6983,12.938539,77.5901,pm25,21.0,2019-07-18T01:45:00+00:00
6983,12.938539,77.5901,pm25,21.0,2019-07-18T02:00:00+00:00
6983,12.938539,77.5901,pm25,24.0,2019-07-18T02:15:00+00:00
6983,12.938539,77.5901,pm25,24.0,2019-07-18T02:30:00+00:00
6983,12.938539,77.5901,pm25,24.0,2019-07-18T02:45:00+00:00
6983,12.938539,77.5901,pm25,24.0,2019-07-18T03:00:00+00:00
6983,12.938539,77.5901,pm25,23.0,2019-07-18T03:15:00+00:00
6983,12.938539,77.5901,pm25,23.0,2019-07-18T03:30:00+00:00
6983,12.938539,77.5901,pm25,23.0,2019-07-18T03:45:00+00:00
6983,12.938539,77.5901,pm25,23.0,2019-07-18T04:00:00+00:00
6983,12.938539,77.5901,pm25,20.0,2019-07-18T04:15:00+00:00
6983,12.938539,77.5901,pm25,20.0,2019-07-18T04:30:00+00:00
6983,12.938539,77.5901,pm25,20.0,2019-07-18T04:45:00+00:00
6983,12.938539,77.5901,pm25,20.0,2019-07-18T05:00:00+00:00
6983,12.938539,77.5901,pm25,22.0,2019-07-18T05:15:00+00:00
6983,12.938539,77.5901,pm25,22.0,2019-07-18T05:30:00+00:00
6983,12.938539,77.5901,pm25,22.0,2019-07-18T05:45:00+00:00
6983,12.938539,77.5901,pm25,22.0,2019-07-18T06:00:00+00:00
6983,12.938539,77.5901,pm25,21.0,2019-07-18T06:15:00+00:00
6983,12.938539,77.5901,pm25,21.0,2019-07-18T06:30:00+00:00
6983,12.938539,77.5901,pm25,21.0,2019-07-18T06:45:00+00:00
6983,12.938539,77.5901,pm25,21.0,2019-07-18T07:00:00+00:00
6983,12.938539,77.5901,pm25,22.0,2019-07-18T07:15:00+00:00
6983,12.938539,77.5901,pm25,22.0,2019-07-18T07:30:00+00:00
6983,12.938539,77.5901,pm25,22.0,2019-07-18T07:45:00+00:00
6983,12.938539,77.5901,pm25,22.0,2019-07-18T08:00:00+00:00
6983,12.938539,77.5901,pm25,62.0,2019-07-18T08:15:00+00:00
6983,12.938539,77.5901,pm25,62.0,2019-07-18T08:30:00+00:00
6983,12.938539,77.5901,pm25,62.0,2019-07-18T08:45:00+00:00
6983,12.938539,77.5901,pm25,62.0,2019-07-18T09:00:00+00:00
6983,12.938539,77.5901,pm25,20.0,2019-07-18T09:15:00+00:00
6983,12.938539,77.5901,pm25,20.0,2019-07-18T09:30:00+00:00
6983,12.938539,77.5901,pm25,20.0,2019-07-18T09:45:00+00:00
6983,12.938539,77.5901,pm25,20.0,2019-07-18T10:00:00+00:00
6983,12.938539,77.5901,pm25,18.0,2019-07-18T10:15:00+00:00
6983,12.938539,77.5901,pm25,18.0,2019-07-18T10:30:00+00:00
6983,12.938539,77.5901,pm25,18.0,2019-07-18T10:45:00+00:00
6983,12.938539,77.5901,pm25,18.0,2019-07-18T11:00:00+00:00
6983,12.938539,77.5901,pm25,22.0,2019-07-18T11:15:00+00:00
6983,12.938539,77.5901,pm25,22.0,2019-07-18T11:30:00+00:00
6983,12.938539,77.5901,pm25,22.0,2019-07-18T11:45:00+00:00
6983,12.938539,77.5901,pm25,22.0,2019-07-18T12:00:00+00:00
6983,12.938539,77.5901,pm25,23.0,2019-07-18T12:15:00+00:00
6983,12.938539,77.5901,pm25,23.0,2019-07-18T12:30:00+00:00
6983,12.938539,77.5901,pm25,23.0,2019-07-18T12:45:00+00:00
6983,12.938539,77.5901,pm25,23.0,2019-07-18T13:00:00+00:00
6983,12.938539,77.5901,pm25,27.0,2019-07-18T13:15:00+00:00
6983,12.938539,77.5901,pm25,27.0,2019-07-18T13:30:00+00:00
6983,12.938539,77.5901,pm25,27.0,2019-07-18T13:45:00+00:00
6983,12.938539,77.5901,pm25,27.0,2019-07-18T14:00:00+00:00
6983,12.938539,77.5901,pm25,26.0,2019-07-18T14:15:00+00:00
6983,12.938539,77.5901,pm25,26.0,2019-07-18T14:30:00+00:00
6983,12.938539,77.5901,pm25,26.0,2019-07-18T14:45:00+00:00
6983,12.938539,77.5901,pm25,26.0,2019-07-18T15:00:00+00:00
6983,12.938539,77.5901,pm25,28.0,2019-07-18T15:15:00+00:00
6983,12.938539,77.5901,pm25,28.0,2019-07-18T15:30:00+00:00
6983,12.938539,77.5901,pm25,28.0,2019-07-18T15:45:00+00:00
6983,12.938539,77.5901,pm25,28.0,2019-07-18T16:00:00+00:00
6983,12.938539,77.5901,pm25,23.0,2019-07-18T16:15:00+00:00
6983,12.938539,77.5901,pm25,23.0,2019-07-18T16:30:00+00:00
6983,12.938539,77.5901,pm25,23.0,2019-07-18T16:45:00+00:00
6983,12.938539,77.5901,pm25,23.0,2019-07-18T17:00:00+00:00
6983,12.938539,77.5901,pm25,16.0,2019-07-18T17:15:00+00:00
6983,12.938539,77.5901,pm25,16.0,2019-07-18T17:30:00+00:00
6983,12.938539,77.5901,pm25,16.0,2019-07-18T17:45:00+00:00
6983,12.938539,77.5901,pm25,16.0,2019-07-18T18:00:00+00:00
6983,12.938539,77.5901,pm25,12.0,2019-07-18T18:15:00+00:00
6983,12.938539,77.5901,pm25,12.0,2019-07-18T18:30:00+00:00
6983,12.938539,77.5901,co,0.31,2019-07-17T18:45:00+00:00
6983,12.938539,77.5901,co,0.31,2019-07-17T19:00:00+00:00
6983,12.938539,77.5901,co,0.31,2019-07-17T19:15:00+00:00
6983,12.938539,77.5901,co,0.26,2019-07-17T19:30:00+00:00
6983,12.938539,77.5901,co,0.32,2019-07-17T19:45:00+00:00
6983,12.938539,77.5901,co,0.27,2019-07-17T20:00:00+00:00
6983,12.938539,77.5901,co,0.25,2019-07-17T20:15:00+00:00
6983,12.938539,77.5901,co,0.24,2019-07-17T20:30:00+00:00
6983,12.938539,77.5901,co,0.23,2019-07-17T20:45:00+00:00
6983,12.938539,77.5901,co,0.25,2019-07-17T21:00:00+00:00
6983,12.938539,77.5901,co,0.23,2019-07-17T21:15:00+00:00
6983,12.938539,77.5901,co,0.23,2019-07-17T21:30:00+00:00
6983,12.938539,77.5901,co,0.21,2019-07-17T21:45:00+00:00
6983,12.938539,77.5901,co,0.21,2019-07-17T22:00:00+00:00
6983,12.938539,77.5901,co,0.21,2019-07-17T23:15:00+00:00
6983,12.938539,77.5901,co,0.22,2019-07-17T23:30:00+00:00
6983,12.938539,77.5901,co,0.22,2019-07-17T23:45:00+00:00
6983,12.938539,77.5901,co,0.24,2019-07-18T00:00:00+00:00
6983,12.938539,77.5901,co,0.32,2019-07-18T00:15:00+00:00
6983,12.938539,77.5901,co,0.34,2019-07-18T00:30:00+00:00
6983,12.938539,77.5901,co,0.37,2019-07-18T00:45:00+00:00
6983,12.938539,77.5901,co,0.39,2019-07-18T01:00:00+00:00
6983,12.938539,77.5901,co,0.45,2019-07-18T01:15:00+00:00
6983,12.938539,77.5901,co,0.44,2019-07-18T01:30:00+00:00
6983,12.938539,77.5901,co,0.46,2019-07-18T01:45:00+00:00
6983,12.938539,77.5901,co,0.53,2019-07-18T02:00:00+00:00
6983,12.938539,77.5901,co,0.5,2019-07-18T02:15:00+00:00
6983,12.938539,77.5901,co,0.49,2019-07-18T02:30:00+00:00
6983,12.938539,77.5901,co,0.48,2019-07-18T02:45:00+00:00
6983,12.938539,77.5901,co,0.53,2019-07-18T03:00:00+00:00
6983,12.938539,77.5901,co,0.46,2019-07-18T03:15:00+00:00
6983,12.938539,77.5901,co,0.53,2019-07-18T03:30:00+00:00
6983,12.938539,77.5901,co,0.54,2019-07-18T03:45:00+00:00
6983,12.938539,77.5901,co,0.44,2019-07-18T04:00:00+00:00
6983,12.938539,77.5901,co,0.41,2019-07-18T04:15:00+00:00
6983,12.938539,77.5901,co,0.44,2019-07-18T04:30:00+00:00
6983,12.938539,77.5901,co,0.42,2019-07-18T04:45:00+00:00
6983,12.938539,77.5901,co,0.47,2019-07-18T05:00:00+00:00
6983,12.938539,77.5901,co,0.42,2019-07-18T05:15:00+00:00
6983,12.938539,77.5901,co,0.33,2019-07-18T05:30:00+00:00
6983,12.938539,77.5901,co,0.32,2019-07-18T05:45:00+00:00
6983,12.938539,77.5901,co,0.26,2019-07-18T06:00:00+00:00
6983,12.938539,77.5901,co,0.34,2019-07-18T06:30:00+00:00
6983,12.938539,77.5901,co,0.32,2019-07-18T06:45:00+00:00
6983,12.938539,77.5901,co,0.33,2019-07-18T07:00:00+00:00
6983,12.938539,77.5901,co,0.32,2019-07-18T07:15:00+00:00
6983,12.938539,77.5901,co,0.24,2019-07-18T07:30:00+00:00
6983,12.938539,77.5901,co,0.29,2019-07-18T07:45:00+00:00
6983,12.938539,77.5901,co,0.3,2019-07-18T08:00:00+00:00
6983,12.938539,77.5901,co,0.23,2019-07-18T08:15:00+00:00
6983,12.938539,77.5901,co,0.34,2019-07-18T08:30:00+00:00
6983,12.938539,77.5901,co,0.33,2019-07-18T08:45:00+00:00
6983,12.938539,77.5901,co,0.37,2019-07-18T09:00:00+00:00
6983,12.938539,77.5901,co,0.41,2019-07-18T09:30:00+00:00
6983,12.938539,77.5901,co,0.41,2019-07-18T09:45:00+00:00
6983,12.938539,77.5901,co,0.44,2019-07-18T10:00:00+00:00
6983,12.938539,77.5901,co,0.45,2019-07-18T10:15:00+00:00
6983,12.938539,77.5901,co,0.37,2019-07-18T10:30:00+00:00
6983,12.938539,77.5901,co,0.46,2019-07-18T10:45:00+00:00
6983,12.938539,77.5901,co,0.48,2019-07-18T11:00:00+00:00
6983,12.938539,77.5901,co,0.37,2019-07-18T11:15:00+00:00
6983,12.938539,77.5901,co,0.44,2019-07-18T11:30:00+00:00
6983,12.938539,77.5901,co,0.53,2019-07-18T11:45:00+00:00
6983,12.938539,77.5901,co,0.56,2019-07-18T12:00:00+00:00
6983,12.938539,77.5901,co,0.52,2019-07-18T12:15:00+00:00
6983,12.938539,77.5901,co,0.54,2019-07-18T12:30:00+00:00
6983,12.938539,77.5901,co,0.6,2019-07-18T12:45:00+00:00
6983,12.938539,77.5901,co,0.77,2019-07-18T13:00:00+00:00
6983,12.938539,77.5901,co,0.8,2019-07-18T13:15:00+00:00
6983,12.938539,77.5901,co,0.92,2019-07-18T13:30:00+00:00
6983,12.938539,77.5901,co,1.02,2019-07-18T13:45:00+00:00
6983,12.938539,77.5901,co,1.1,2019-07-18T14:00:00+00:00
6983,12.938539,77.5901,co,1.17,2019-07-18T14:15:00+00:00
6983,12.938539,77.5901,co,1.13,2019-07-18T14:30:00+00:00
6983,12.938539,77.5901,co,1.18,2019-07-18T14:45:00+00:00
6983,12.938539,77.5901,co,1.39,2019-07-18T15:00:00+00:00
6983,12.938539,77.5901,co,1.29,2019-07-18T15:15:00+00:00
6983,12.938539,77.5901,co,1.01,2019-07-18T15:30:00+00:00
6983,12.938539,77.5901,co,0.73,2019-07-18T15:45:00+00:00
6983,12.938539,77.5901,co,0.49,2019-07-18T16:00:00+00:00
6983,12.938539,77.5901,co,0.45,2019-07-18T16:15:00+00:00
6983,12.938539,77.5901,co,0.42,2019-07-18T16:30:00+00:00
6983,12.938539,77.5901,co,0.49,2019-07-18T16:45:00+00:00
6983,12.938539,77.5901,co,0.4,2019-07-18T17:00:00+00:00
6983,12.938539,77.5901,co,0.38,2019-07-18T17:15:00+00:00
6983,12.938539,77.5901,co,0.34,2019-07-18T17:30:00+00:00
6983,12.938539,77.5901,co,0.3,2019-07-18T17:45:00+00:00
6983,12.938539,77.5901,co,0.3,2019-07-18T18:00:00+00:00
6983,12.938539,77.5901,co,0.27,2019-07-18T18:30:00+00:00
6983,12.938539,77.5901,no2,6.2,2019-07-17T18:45:00+00:00
6983,12.938539,77.5901,no2,6.2,2019-07-17T19:00:00+00:00
6983,12.938539,77.5901,no2,7.1,2019-07-17T19:15:00+00:00
6983,12.938539,77.5901,no2,7.0,2019-07-17T19:30:00+00:00
6983,12.938539,77.5901,no2,6.0,2019-07-17T19:45:00+00:00
6983,12.938539,77.5901,no2,5.8,2019-07-17T20:00:00+00:00
6983,12.938539,77.5901,no2,6.2,2019-07-17T20:15:00+00:00
6983,12.938539,77.5901,no2,6.4,2019-07-17T20:30:00+00:00
6983,12.938539,77.5901,no2,6.2,2019-07-17T20:45:00+00:00
6983,12.938539,77.5901,no2,6.0,2019-07-17T21:00:00+00:00
6983,12.938539,77.5901,no2,4.9,2019-07-17T21:15:00+00:00
6983,12.938539,77.5901,no2,3.9,2019-07-17T21:30:00+00:00
6983,12.938539,77.5901,no2,3.2,2019-07-17T21:45:00+00:00
6983,12.938539,77.5901,no2,3.0,2019-07-17T22:00:00+00:00
6983,12.938539,77.5901,no2,3.0,2019-07-17T22:15:00+00:00
6983,12.938539,77.5901,no2,3.6,2019-07-17T22:30:00+00:00
6983,12.938539,77.5901,no2,4.3,2019-07-17T22:45:00+00:00
6983,12.938539,77.5901,no2,4.3,2019-07-17T23:00:00+00:00
6983,12.938539,77.5901,no2,6.2,2019-07-18T00:15:00+00:00
6983,12.938539,77.5901,no2,7.1,2019-07-18T00:30:00+00:00
6983,12.938539,77.5901,no2,8.3,2019-07-18T00:45:00+00:00
6983,12.938539,77.5901,no2,9.0,2019-07-18T01:00:00+00:00
6983,12.938539,77.5901,no2,9.8,2019-07-18T01:15:00+00:00
6983,12.938539,77.5901,no2,10.2,2019-07-18T01:30:00+00:00
6983,12.938539,77.5901,no2,10.3,2019-07-18T01:45:00+00:00
6983,12.938539,77.5901,no2,11.1,2019-07-18T02:00:00+00:00
6983,12.938539,77.5901,no2,11.1,2019-07-18T02:15:00+00:00
6983,12.938539,77.5901,no2,10.9,2019-07-18T02:30:00+00:00
6983,12.938539,77.5901,no2,10.0,2019-07-18T02:45:00+00:00
6983,12.938539,77.5901,no2,10.0,2019-07-18T03:00:00+00:00
6983,12.938539,77.5901,no2,9.4,2019-07-18T03:15:00+00:00
6983,12.938539,77.5901,no2,9.4,2019-07-18T03:30:00+00:00
6983,12.938539,77.5901,no2,9.8,2019-07-18T03:45:00+00:00
6983,12.938539,77.5901,no2,9.4,2019-07-18T04:00:00+00:00
6983,12.938539,77.5901,no2,8.5,2019-07-18T04:15:00+00:00
6983,12.938539,77.5901,no2,8.5,2019-07-18T04:30:00+00:00
6983,12.938539,77.5901,no2,9.2,2019-07-18T04:45:00+00:00
6983,12.938539,77.5901,no2,10.0,2019-07-18T05:00:00+00:00
6983,12.938539,77.5901,no2,9.6,2019-07-18T05:15:00+00:00
6983,12.938539,77.5901,no2,8.3,2019-07-18T05:30:00+00:00
6983,12.938539,77.5901,no2,7.5,2019-07-18T05:45:00+00:00
6983,12.938539,77.5901,no2,7.0,2019-07-18T06:00:00+00:00
6983,12.938539,77.5901,no2,7.0,2019-07-18T06:15:00+00:00
6983,12.938539,77.5901,no2,7.1,2019-07-18T06:30:00+00:00
6983,12.938539,77.5901,no2,6.8,2019-07-18T06:45:00+00:00
6983,12.938539,77.5901,no2,6.8,2019-07-18T07:00:00+00:00
6983,12.938539,77.5901,no2,7.3,2019-07-18T07:15:00+00:00
6983,12.938539,77.5901,no2,7.1,2019-07-18T07:30:00+00:00
6983,12.938539,77.5901,no2,7.0,2019-07-18T07:45:00+00:00
6983,12.938539,77.5901,no2,6.8,2019-07-18T08:00:00+00:00
6983,12.938539,77.5901,no2,7.0,2019-07-18T08:15:00+00:00
6983,12.938539,77.5901,no2,7.3,2019-07-18T08:30:00+00:00
6983,12.938539,77.5901,no2,7.3,2019-07-18T08:45:00+00:00
6983,12.938539,77.5901,no2,7.3,2019-07-18T09:00:00+00:00
6983,12.938539,77.5901,no2,7.3,2019-07-18T09:15:00+00:00
6983,12.938539,77.5901,no2,7.7,2019-07-18T09:30:00+00:00
6983,12.938539,77.5901,no2,7.7,2019-07-18T09:45:00+00:00
6983,12.938539,77.5901,no2,8.3,2019-07-18T10:00:00+00:00
6983,12.938539,77.5901,no2,8.8,2019-07-18T10:15:00+00:00
6983,12.938539,77.5901,no2,8.6,2019-07-18T10:30:00+00:00
6983,12.938539,77.5901,no2,8.8,2019-07-18T10:45:00+00:00
6983,12.938539,77.5901,no2,9.8,2019-07-18T11:00:00+00:00
6983,12.938539,77.5901,no2,10.9,2019-07-18T11:15:00+00:00
6983,12.938539,77.5901,no2,10.5,2019-07-18T11:30:00+00:00
6983,12.938539,77.5901,no2,8.3,2019-07-18T11:45:00+00:00
6983,12.938539,77.5901,no2,13.2,2019-07-18T12:00:00+00:00
6983,12.938539,77.5901,no2,15.0,2019-07-18T12:15:00+00:00
6983,12.938539,77.5901,no2,15.2,2019-07-18T12:30:00+00:00
6983,12.938539,77.5901,no2,17.9,2019-07-18T12:45:00+00:00
6983,12.938539,77.5901,no2,23.3,2019-07-18T13:00:00+00:00
6983,12.938539,77.5901,no2,28.0,2019-07-18T13:15:00+00:00
6983,12.938539,77.5901,no2,32.1,2019-07-18T13:30:00+00:00
6983,12.938539,77.5901,no2,34.8,2019-07-18T13:45:00+00:00
6983,12.938539,77.5901,no2,36.7,2019-07-18T14:00:00+00:00
6983,12.938539,77.5901,no2,37.0,2019-07-18T14:15:00+00:00
6983,12.938539,77.5901,no2,36.3,2019-07-18T14:30:00+00:00
6983,12.938539,77.5901,no2,35.9,2019-07-18T14:45:00+00:00
6983,12.938539,77.5901,no2,37.2,2019-07-18T15:00:00+00:00
6983,12.938539,77.5901,no2,37.4,2019-07-18T15:15:00+00:00
6983,12.938539,77.5901,no2,35.0,2019-07-18T15:30:00+00:00
6983,12.938539,77.5901,no2,31.4,2019-07-18T15:45:00+00:00
6983,12.938539,77.5901,no2,16.7,2019-07-18T16:00:00+00:00
6983,12.938539,77.5901,no2,13.0,2019-07-18T16:15:00+00:00
6983,12.938539,77.5901,no2,11.7,2019-07-18T16:30:00+00:00
6983,12.938539,77.5901,no2,10.7,2019-07-18T16:45:00+00:00
6983,12.938539,77.5901,no2,9.0,2019-07-18T17:00:00+00:00
6983,12.938539,77.5901,no2,7.9,2019-07-18T17:15:00+00:00
6983,12.938539,77.5901,no2,7.7,2019-07-18T17:30:00+00:00
6983,12.938539,77.5901,no2,6.8,2019-07-18T17:45:00+00:00
6983,12.938539,77.5901,no2,5.8,2019-07-18T18:00:00+00:00
6983,12.938539,77.5901,no2,5.3,2019-07-18T18:15:00+00:00
6983,12.938539,77.5901,no2,4.7,2019-07-18T18:30:00+00:00
6983,12.938539,77.5901,so2,1.1,2019-07-17T18:45:00+00:00
6983,12.938539,77.5901,so2,1.1,2019-07-17T19:00:00+00:00
6983,12.938539,77.5901,so2,1.0,2019-07-17T19:15:00+00:00
6983,12.938539,77.5901,so2,1.2,2019-07-17T19:30:00+00:00
6983,12.938539,77.5901,so2,1.3,2019-07-17T19:45:00+00:00
6983,12.938539,77.5901,so2,1.1,2019-07-17T20:00:00+00:00
6983,12.938539,77.5901,so2,0.9,2019-07-17T20:15:00+00:00
6983,12.938539,77.5901,so2,0.9,2019-07-17T20:30:00+00:00
6983,12.938539,77.5901,so2,0.9,2019-07-17T20:45:00+00:00
6983,12.938539,77.5901,so2,0.8,2019-07-17T21:00:00+00:00
6983,12.938539,77.5901,so2,0.9,2019-07-17T21:15:00+00:00
6983,12.938539,77.5901,so2,1.1,2019-07-17T21:30:00+00:00
6983,12.938539,77.5901,so2,1.2,2019-07-17T21:45:00+00:00
6983,12.938539,77.5901,so2,1.1,2019-07-17T22:00:00+00:00
6983,12.938539,77.5901,so2,0.9,2019-07-17T22:15:00+00:00
6983,12.938539,77.5901,so2,0.8,2019-07-17T22:30:00+00:00
6983,12.938539,77.5901,so2,0.9,2019-07-17T22:45:00+00:00
6983,12.938539,77.5901,so2,0.9,2019-07-17T23:00:00+00:00
6983,12.938539,77.5901,so2,1.2,2019-07-17T23:15:00+00:00
6983,12.938539,77.5901,so2,1.1,2019-07-17T23:30:00+00:00
6983,12.938539,77.5901,so2,1.1,2019-07-17T23:45:00+00:00
6983,12.938539,77.5901,so2,1.0,2019-07-18T00:00:00+00:00
6983,12.938539,77.5901,so2,0.7,2019-07-18T01:00:00+00:00
6983,12.938539,77.5901,so2,0.8,2019-07-18T01:15:00+00:00
6983,12.938539,77.5901,so2,0.9,2019-07-18T01:30:00+00:00
6983,12.938539,77.5901,so2,0.8,2019-07-18T01:45:00+00:00
6983,12.938539,77.5901,so2,0.8,2019-07-18T02:00:00+00:00
6983,12.938539,77.5901,so2,0.8,2019-07-18T02:15:00+00:00
6983,12.938539,77.5901,so2,0.9,2019-07-18T02:30:00+00:00
6983,12.938539,77.5901,so2,1.0,2019-07-18T02:45:00+00:00
6983,12.938539,77.5901,so2,1.1,2019-07-18T03:00:00+00:00
6983,12.938539,77.5901,so2,1.0,2019-07-18T03:15:00+00:00
6983,12.938539,77.5901,so2,1.1,2019-07-18T03:30:00+00:00
6983,12.938539,77.5901,so2,1.2,2019-07-18T03:45:00+00:00
6983,12.938539,77.5901,so2,1.2,2019-07-18T04:00:00+00:00
6983,12.938539,77.5901,so2,1.1,2019-07-18T04:15:00+00:00
6983,12.938539,77.5901,so2,1.1,2019-07-18T04:30:00+00:00
6983,12.938539,77.5901,so2,0.7,2019-07-18T04:45:00+00:00
6983,12.938539,77.5901,so2,1.2,2019-07-18T05:00:00+00:00
6983,12.938539,77.5901,so2,0.8,2019-07-18T05:15:00+00:00
6983,12.938539,77.5901,so2,1.3,2019-07-18T05:30:00+00:00
6983,12.938539,77.5901,so2,1.4,2019-07-18T05:45:00+00:00
6983,12.938539,77.5901,so2,0.9,2019-07-18T06:00:00+00:00
6983,12.938539,77.5901,so2,0.6,2019-07-18T06:15:00+00:00
6983,12.938539,77.5901,so2,0.1,2019-07-18T06:30:00+00:00
6983,12.938539,77.5901,so2,0.1,2019-07-18T06:45:00+00:00
6983,12.938539,77.5901,so2,0.4,2019-07-18T07:00:00+00:00
6983,12.938539,77.5901,so2,0.2,2019-07-18T07:15:00+00:00
6983,12.938539,77.5901,so2,0.2,2019-07-18T07:30:00+00:00
6983,12.938539,77.5901,so2,0.5,2019-07-18T07:45:00+00:00
6983,12.938539,77.5901,so2,0.6,2019-07-18T08:00:00+00:00
6983,12.938539,77.5901,so2,0.6,2019-07-18T08:15:00+00:00
6983,12.938539,77.5901,so2,0.5,2019-07-18T08:30:00+00:00
6983,12.938539,77.5901,so2,0.8,2019-07-18T08:45:00+00:00
6983,12.938539,77.5901,so2,0.9,2019-07-18T09:00:00+00:00
6983,12.938539,77.5901,so2,1.2,2019-07-18T09:15:00+00:00
6983,12.938539,77.5901,so2,1.1,2019-07-18T09:30:00+00:00
6983,12.938539,77.5901,so2,0.9,2019-07-18T09:45:00+00:00
6983,12.938539,77.5901,so2,0.8,2019-07-18T10:00:00+00:00
6983,12.938539,77.5901,so2,0.8,2019-07-18T10:15:00+00:00
6983,12.938539,77.5901,so2,0.7,2019-07-18T10:30:00+00:00
6983,12.938539,77.5901,so2,0.7,2019-07-18T10:45:00+00:00
6983,12.938539,77.5901,so2,0.9,2019-07-18T11:00:00+00:00
6983,12.938539,77.5901,so2,1.0,2019-07-18T11:15:00+00:00
6983,12.938539,77.5901,so2,1.1,2019-07-18T11:30:00+00:00
6983,12.938539,77.5901,so2,1.3,2019-07-18T11:45:00+00:00
6983,12.938539,77.5901,so2,0.9,2019-07-18T12:00:00+00:00
6983,12.938539,77.5901,so2,0.8,2019-07-18T12:15:00+00:00
6983,12.938539,77.5901,so2,0.8,2019-07-18T12:30:00+00:00
6983,12.938539,77.5901,so2,1.2,2019-07-18T12:45:00+00:00
6983,12.938539,77.5901,so2,1.2,2019-07-18T13:00:00+00:00
6983,12.938539,77.5901,so2,1.1,2019-07-18T13:15:00+00:00
6983,12.938539,77.5901,so2,1.0,2019-07-18T13:30:00+00:00
6983,12.938539,77.5901,so2,1.0,2019-07-18T13:45:00+00:00
6983,12.938539,77.5901,so2,0.8,2019-07-18T14:00:00+00:00
6983,12.938539,77.5901,so2,0.6,2019-07-18T14:15:00+00:00
6983,12.938539,77.5901,so2,0.6,2019-07-18T14:30:00+00:00
6983,12.938539,77.5901,so2,0.7,2019-07-18T14:45:00+00:00
6983,12.938539,77.5901,so2,0.8,2019-07-18T15:00:00+00:00
6983,12.938539,77.5901,so2,0.8,2019-07-18T15:15:00+00:00
6983,12.938539,77.5901,so2,0.7,2019-07-18T15:30:00+00:00
6983,12.938539,77.5901,so2,0.7,2019-07-18T15:45:00+00:00
6983,12.938539,77.5901,so2,1.0,2019-07-18T16:00:00+00:00
6983,12.938539,77.5901,so2,1.0,2019-07-18T16:15:00+00:00
6983,12.938539,77.5901,so2,1.1,2019-07-18T16:30:00+00:00
6983,12.938539,77.5901,so2,1.0,2019-07-18T16:45:00+00:00
6983,12.938539,77.5901,so2,0.9,2019-07-18T17:00:00+00:00
6983,12.938539,77.5901,so2,1.1,2019-07-18T17:15:00+00:00
6983,12.938539,77.5901,so2,1.2,2019-07-18T17:30:00+00:00
6983,12.938539,77.5901,so2,1.2,2019-07-18T17:45:00+00:00
6983,12.938539,77.5901,so2,1.0,2019-07-18T18:00:00+00:00
6983,12.938539,77.5901,so2,1.2,2019-07-18T18:30:00+00:00
6983,12.938539,77.5901,pm10,20.0,2019-07-18T18:45:00+00:00
6983,12.938539,77.5901,pm10,20.0,2019-07-18T19:00:00+00:00
6983,12.938539,77.5901,pm10,14.0,2019-07-18T19:15:00+00:00
6983,12.938539,77.5901,pm10,14.0,2019-07-18T19:30:00+00:00
6983,12.938539,77.5901,pm10,14.0,2019-07-18T19:45:00+00:00
6983,12.938539,77.5901,pm10,14.0,2019-07-18T20:00:00+00:00
6983,12.938539,77.5901,pm10,16.0,2019-07-18T20:15:00+00:00
6983,12.938539,77.5901,pm10,16.0,2019-07-18T20:30:00+00:00
6983,12.938539,77.5901,pm10,16.0,2019-07-18T20:45:00+00:00
6983,12.938539,77.5901,pm10,16.0,2019-07-18T21:00:00+00:00
6983,12.938539,77.5901,pm10,11.0,2019-07-18T21:15:00+00:00
6983,12.938539,77.5901,pm10,11.0,2019-07-18T21:30:00+00:00
6983,12.938539,77.5901,pm10,11.0,2019-07-18T21:45:00+00:00
6983,12.938539,77.5901,pm10,11.0,2019-07-18T22:00:00+00:00
6983,12.938539,77.5901,pm10,19.0,2019-07-18T22:15:00+00:00
6983,12.938539,77.5901,pm10,19.0,2019-07-18T22:30:00+00:00
6983,12.938539,77.5901,pm10,19.0,2019-07-18T22:45:00+00:00
6983,12.938539,77.5901,pm10,19.0,2019-07-18T23:00:00+00:00
6983,12.938539,77.5901,pm10,12.0,2019-07-18T23:15:00+00:00
6983,12.938539,77.5901,pm10,12.0,2019-07-18T23:30:00+00:00
6983,12.938539,77.5901,pm10,12.0,2019-07-18T23:45:00+00:00
6983,12.938539,77.5901,pm10,12.0,2019-07-19T00:00:00+00:00
6983,12.938539,77.5901,pm10,17.0,2019-07-19T00:15:00+00:00
6983,12.938539,77.5901,pm10,17.0,2019-07-19T00:30:00+00:00
6983,12.938539,77.5901,pm10,17.0,2019-07-19T00:45:00+00:00
6983,12.938539,77.5901,pm10,17.0,2019-07-19T01:00:00+00:00
6983,12.938539,77.5901,pm10,24.0,2019-07-19T01:15:00+00:00
6983,12.938539,77.5901,pm10,24.0,2019-07-19T01:30:00+00:00
6983,12.938539,77.5901,pm10,24.0,2019-07-19T01:45:00+00:00
6983,12.938539,77.5901,pm10,24.0,2019-07-19T02:00:00+00:00
6983,12.938539,77.5901,pm10,36.0,2019-07-19T02:15:00+00:00
6983,12.938539,77.5901,pm10,36.0,2019-07-19T02:30:00+00:00
6983,12.938539,77.5901,pm10,36.0,2019-07-19T02:45:00+00:00
6983,12.938539,77.5901,pm10,36.0,2019-07-19T03:00:00+00:00
6983,12.938539,77.5901,pm10,33.0,2019-07-19T03:15:00+00:00
6983,12.938539,77.5901,pm10,33.0,2019-07-19T03:30:00+00:00
6983,12.938539,77.5901,pm10,33.0,2019-07-19T03:45:00+00:00
6983,12.938539,77.5901,pm10,33.0,2019-07-19T04:00:00+00:00
6983,12.938539,77.5901,pm10,31.0,2019-07-19T04:15:00+00:00
6983,12.938539,77.5901,pm10,31.0,2019-07-19T04:30:00+00:00
6983,12.938539,77.5901,pm10,31.0,2019-07-19T04:45:00+00:00
6983,12.938539,77.5901,pm10,31.0,2019-07-19T05:00:00+00:00
6983,12.938539,77.5901,pm10,38.0,2019-07-19T05:15:00+00:00
6983,12.938539,77.5901,pm10,38.0,2019-07-19T05:30:00+00:00
6983,12.938539,77.5901,pm10,38.0,2019-07-19T05:45:00+00:00
6983,12.938539,77.5901,pm10,38.0,2019-07-19T06:00:00+00:00
6983,12.938539,77.5901,pm10,32.0,2019-07-19T06:15:00+00:00
6983,12.938539,77.5901,pm10,32.0,2019-07-19T06:30:00+00:00
6983,12.938539,77.5901,pm10,32.0,2019-07-19T06:45:00+00:00
6983,12.938539,77.5901,pm10,32.0,2019-07-19T07:00:00+00:00
6983,12.938539,77.5901,pm10,29.0,2019-07-19T07:15:00+00:00
6983,12.938539,77.5901,pm10,29.0,2019-07-19T07:30:00+00:00
6983,12.938539,77.5901,pm10,29.0,2019-07-19T07:45:00+00:00
6983,12.938539,77.5901,pm10,29.0,2019-07-19T08:00:00+00:00
6983,12.938539,77.5901,pm10,34.0,2019-07-19T08:15:00+00:00
6983,12.938539,77.5901,pm10,34.0,2019-07-19T08:30:00+00:00
6983,12.938539,77.5901,pm10,34.0,2019-07-19T08:45:00+00:00
6983,12.938539,77.5901,pm10,34.0,2019-07-19T09:00:00+00:00
6983,12.938539,77.5901,pm10,33.0,2019-07-19T09:15:00+00:00
6983,12.938539,77.5901,pm10,33.0,2019-07-19T09:30:00+00:00
6983,12.938539,77.5901,pm10,33.0,2019-07-19T09:45:00+00:00
6983,12.938539,77.5901,pm10,33.0,2019-07-19T10:00:00+00:00
6983,12.938539,77.5901,pm10,34.0,2019-07-19T10:15:00+00:00
6983,12.938539,77.5901,pm10,34.0,2019-07-19T10:30:00+00:00
6983,12.938539,77.5901,pm10,34.0,2019-07-19T10:45:00+00:00
6983,12.938539,77.5901,pm10,34.0,2019-07-19T11:00:00+00:00
6983,12.938539,77.5901,pm10,36.0,2019-07-19T11:15:00+00:00
6983,12.938539,77.5901,pm10,36.0,2019-07-19T11:30:00+00:00
6983,12.938539,77.5901,pm10,36.0,2019-07-19T11:45:00+00:00
6983,12.938539,77.5901,pm10,36.0,2019-07-19T12:00:00+00:00
6983,12.938539,77.5901,pm10,34.0,2019-07-19T12:15:00+00:00
6983,12.938539,77.5901,pm10,34.0,2019-07-19T12:30:00+00:00
6983,12.938539,77.5901,pm10,34.0,2019-07-19T12:45:00+00:00
6983,12.938539,77.5901,pm10,34.0,2019-07-19T13:00:00+00:00
6983,12.938539,77.5901,pm10,28.0,2019-07-19T13:15:00+00:00
6983,12.938539,77.5901,pm10,28.0,2019-07-19T13:45:00+00:00
6983,12.938539,77.5901,pm10,28.0,2019-07-19T14:00:00+00:00
6983,12.938539,77.5901,pm10,19.0,2019-07-19T14:15:00+00:00
6983,12.938539,77.5901,pm10,19.0,2019-07-19T14:30:00+00:00
6983,12.938539,77.5901,pm10,19.0,2019-07-19T14:45:00+00:00
6983,12.938539,77.5901,pm10,19.0,2019-07-19T15:00:00+00:00
6983,12.938539,77.5901,pm10,10.0,2019-07-19T15:15:00+00:00
6983,12.938539,77.5901,pm10,10.0,2019-07-19T15:30:00+00:00
6983,12.938539,77.5901,pm10,10.0,2019-07-19T15:45:00+00:00
6983,12.938539,77.5901,pm10,10.0,2019-07-19T16:00:00+00:00
6983,12.938539,77.5901,pm10,13.0,2019-07-19T16:15:00+00:00
6983,12.938539,77.5901,pm10,13.0,2019-07-19T16:30:00+00:00
6983,12.938539,77.5901,pm10,13.0,2019-07-19T16:45:00+00:00
6983,12.938539,77.5901,pm10,13.0,2019-07-19T17:00:00+00:00
6983,12.938539,77.5901,pm10,18.0,2019-07-19T17:15:00+00:00
6983,12.938539,77.5901,pm10,18.0,2019-07-19T17:30:00+00:00
6983,12.938539,77.5901,pm10,18.0,2019-07-19T17:45:00+00:00
6983,12.938539,77.5901,pm10,18.0,2019-07-19T18:00:00+00:00
6983,12.938539,77.5901,pm10,16.0,2019-07-19T18:15:00+00:00
6983,12.938539,77.5901,pm10,16.0,2019-07-19T18:30:00+00:00
6983,12.938539,77.5901,pm25,12.0,2019-07-18T18:45:00+00:00
6983,12.938539,77.5901,pm25,12.0,2019-07-18T19:00:00+00:00
6983,12.938539,77.5901,pm25,8.0,2019-07-18T19:15:00+00:00
6983,12.938539,77.5901,pm25,8.0,2019-07-18T19:30:00+00:00
6983,12.938539,77.5901,pm25,8.0,2019-07-18T19:45:00+00:00
6983,12.938539,77.5901,pm25,8.0,2019-07-18T20:00:00+00:00
6983,12.938539,77.5901,pm25,5.0,2019-07-18T20:15:00+00:00
6983,12.938539,77.5901,pm25,5.0,2019-07-18T20:30:00+00:00
6983,12.938539,77.5901,pm25,5.0,2019-07-18T20:45:00+00:00
6983,12.938539,77.5901,pm25,5.0,2019-07-18T21:00:00+00:00
6983,12.938539,77.5901,pm25,3.0,2019-07-18T21:15:00+00:00
6983,12.938539,77.5901,pm25,3.0,2019-07-18T21:30:00+00:00
6983,12.938539,77.5901,pm25,3.0,2019-07-18T21:45:00+00:00
6983,12.938539,77.5901,pm25,3.0,2019-07-18T22:00:00+00:00
6983,12.938539,77.5901,pm25,4.0,2019-07-18T22:15:00+00:00
6983,12.938539,77.5901,pm25,4.0,2019-07-18T22:30:00+00:00
6983,12.938539,77.5901,pm25,4.0,2019-07-18T22:45:00+00:00
6983,12.938539,77.5901,pm25,4.0,2019-07-18T23:00:00+00:00
6983,12.938539,77.5901,pm25,4.0,2019-07-18T23:15:00+00:00
6983,12.938539,77.5901,pm25,4.0,2019-07-18T23:30:00+00:00
6983,12.938539,77.5901,pm25,4.0,2019-07-18T23:45:00+00:00
6983,12.938539,77.5901,pm25,4.0,2019-07-19T00:00:00+00:00
6983,12.938539,77.5901,pm25,5.0,2019-07-19T00:15:00+00:00
6983,12.938539,77.5901,pm25,5.0,2019-07-19T00:30:00+00:00
6983,12.938539,77.5901,pm25,5.0,2019-07-19T00:45:00+00:00
6983,12.938539,77.5901,pm25,5.0,2019-07-19T01:00:00+00:00
6983,12.938539,77.5901,pm25,9.0,2019-07-19T01:15:00+00:00
6983,12.938539,77.5901,pm25,9.0,2019-07-19T01:30:00+00:00
6983,12.938539,77.5901,pm25,9.0,2019-07-19T01:45:00+00:00
6983,12.938539,77.5901,pm25,9.0,2019-07-19T02:00:00+00:00
6983,12.938539,77.5901,pm25,13.0,2019-07-19T02:15:00+00:00
6983,12.938539,77.5901,pm25,13.0,2019-07-19T02:30:00+00:00
6983,12.938539,77.5901,pm25,13.0,2019-07-19T02:45:00+00:00
6983,12.938539,77.5901,pm25,13.0,2019-07-19T03:00:00+00:00
6983,12.938539,77.5901,pm25,15.0,2019-07-19T03:15:00+00:00
6983,12.938539,77.5901,pm25,15.0,2019-07-19T03:30:00+00:00
6983,12.938539,77.5901,pm25,15.0,2019-07-19T03:45:00+00:00
6983,12.938539,77.5901,pm25,15.0,2019-07-19T04:00:00+00:00
6983,12.938539,77.5901,pm25,8.0,2019-07-19T04:15:00+00:00
6983,12.938539,77.5901,pm25,8.0,2019-07-19T04:30:00+00:00
6983,12.938539,77.5901,pm25,8.0,2019-07-19T04:45:00+00:00
6983,12.938539,77.5901,pm25,8.0,2019-07-19T05:00:00+00:00
6983,12.938539,77.5901,pm25,10.0,2019-07-19T05:15:00+00:00
6983,12.938539,77.5901,pm25,10.0,2019-07-19T05:30:00+00:00
6983,12.938539,77.5901,pm25,10.0,2019-07-19T05:45:00+00:00
6983,12.938539,77.5901,pm25,10.0,2019-07-19T06:00:00+00:00
6983,12.938539,77.5901,pm25,8.0,2019-07-19T06:15:00+00:00
6983,12.938539,77.5901,pm25,8.0,2019-07-19T06:30:00+00:00
6983,12.938539,77.5901,pm25,8.0,2019-07-19T06:45:00+00:00
6983,12.938539,77.5901,pm25,8.0,2019-07-19T07:00:00+00:00
6983,12.938539,77.5901,pm25,10.0,2019-07-19T07:15:00+00:00
6983,12.938539,77.5901,pm25,10.0,2019-07-19T07:30:00+00:00
6983,12.938539,77.5901,pm25,10.0,2019-07-19T07:45:00+00:00
6983,12.938539,77.5901,pm25,10.0,2019-07-19T08:00:00+00:00
6983,12.938539,77.5901,pm25,14.0,2019-07-19T08:15:00+00:00
6983,12.938539,77.5901,pm25,14.0,2019-07-19T08:30:00+00:00
6983,12.938539,77.5901,pm25,14.0,2019-07-19T08:45:00+00:00
6983,12.938539,77.5901,pm25,14.0,2019-07-19T09:00:00+00:00
6983,12.938539,77.5901,pm25,9.0,2019-07-19T09:15:00+00:00
6983,12.938539,77.5901,pm25,9.0,2019-07-19T09:30:00+00:00
6983,12.938539,77.5901,pm25,9.0,2019-07-19T09:45:00+00:00
6983,12.938539,77.5901,pm25,9.0,2019-07-19T10:00:00+00:00
6983,12.938539,77.5901,pm25,13.0,2019-07-19T10:15:00+00:00
6983,12.938539,77.5901,pm25,13.0,2019-07-19T10:30:00+00:00
6983,12.938539,77.5901,pm25,13.0,2019-07-19T11:00:00+00:00
6983,12.938539,77.5901,pm25,11.0,2019-07-19T11:15:00+00:00
6983,12.938539,77.5901,pm25,11.0,2019-07-19T11:30:00+00:00
6983,12.938539,77.5901,pm25,11.0,2019-07-19T11:45:00+00:00
6983,12.938539,77.5901,pm25,11.0,2019-07-19T12:00:00+00:00
6983,12.938539,77.5901,pm25,9.0,2019-07-19T12:15:00+00:00
6983,12.938539,77.5901,pm25,9.0,2019-07-19T12:30:00+00:00
6983,12.938539,77.5901,pm25,9.0,2019-07-19T12:45:00+00:00
6983,12.938539,77.5901,pm25,9.0,2019-07-19T13:00:00+00:00
6983,12.938539,77.5901,pm25,10.0,2019-07-19T13:15:00+00:00
6983,12.938539,77.5901,pm25,10.0,2019-07-19T13:45:00+00:00
6983,12.938539,77.5901,pm25,10.0,2019-07-19T14:00:00+00:00
6983,12.938539,77.5901,pm25,7.0,2019-07-19T14:15:00+00:00
6983,12.938539,77.5901,pm25,7.0,2019-07-19T14:30:00+00:00
6983,12.938539,77.5901,pm25,7.0,2019-07-19T14:45:00+00:00
6983,12.938539,77.5901,pm25,7.0,2019-07-19T15:00:00+00:00
6983,12.938539,77.5901,pm25,7.0,2019-07-19T15:15:00+00:00
6983,12.938539,77.5901,pm25,7.0,2019-07-19T15:30:00+00:00
6983,12.938539,77.5901,pm25,7.0,2019-07-19T15:45:00+00:00
6983,12.938539,77.5901,pm25,7.0,2019-07-19T16:00:00+00:00
6983,12.938539,77.5901,pm25,5.0,2019-07-19T16:15:00+00:00
6983,12.938539,77.5901,pm25,5.0,2019-07-19T16:30:00+00:00
6983,12.938539,77.5901,pm25,5.0,2019-07-19T16:45:00+00:00
6983,12.938539,77.5901,pm25,5.0,2019-07-19T17:00:00+00:00
6983,12.938539,77.5901,pm25,6.0,2019-07-19T17:15:00+00:00
6983,12.938539,77.5901,pm25,6.0,2019-07-19T17:30:00+00:00
6983,12.938539,77.5901,pm25,6.0,2019-07-19T17:45:00+00:00
6983,12.938539,77.5901,pm25,6.0,2019-07-19T18:00:00+00:00
6983,12.938539,77.5901,pm25,6.0,2019-07-19T18:15:00+00:00
6983,12.938539,77.5901,pm25,6.0,2019-07-19T18:30:00+00:00
6983,12.938539,77.5901,co,0.26,2019-07-18T18:45:00+00:00
6983,12.938539,77.5901,co,0.26,2019-07-18T19:00:00+00:00
6983,12.938539,77.5901,co,0.26,2019-07-18T19:15:00+00:00
6983,12.938539,77.5901,co,0.27,2019-07-18T19:30:00+00:00
6983,12.938539,77.5901,co,0.26,2019-07-18T19:45:00+00:00
6983,12.938539,77.5901,co,0.24,2019-07-18T20:00:00+00:00
6983,12.938539,77.5901,co,0.25,2019-07-18T20:15:00+00:00
6983,12.938539,77.5901,co,0.24,2019-07-18T20:30:00+00:00
6983,12.938539,77.5901,co,0.21,2019-07-18T20:45:00+00:00
6983,12.938539,77.5901,co,0.21,2019-07-18T21:00:00+00:00
6983,12.938539,77.5901,co,0.19,2019-07-18T21:15:00+00:00
6983,12.938539,77.5901,co,0.21,2019-07-18T21:30:00+00:00
6983,12.938539,77.5901,co,0.22,2019-07-18T21:45:00+00:00
6983,12.938539,77.5901,co,0.19,2019-07-18T22:00:00+00:00
6983,12.938539,77.5901,co,0.19,2019-07-18T23:15:00+00:00
6983,12.938539,77.5901,co,0.21,2019-07-18T23:30:00+00:00
6983,12.938539,77.5901,co,0.21,2019-07-18T23:45:00+00:00
6983,12.938539,77.5901,co,0.21,2019-07-19T00:00:00+00:00
6983,12.938539,77.5901,co,0.22,2019-07-19T00:15:00+00:00
6983,12.938539,77.5901,co,0.24,2019-07-19T00:30:00+00:00
6983,12.938539,77.5901,co,0.34,2019-07-19T00:45:00+00:00
6983,12.938539,77.5901,co,0.35,2019-07-19T01:00:00+00:00
6983,12.938539,77.5901,co,0.37,2019-07-19T01:15:00+00:00
6983,12.938539,77.5901,co,0.42,2019-07-19T01:30:00+00:00
6983,12.938539,77.5901,co,0.45,2019-07-19T01:45:00+00:00
6983,12.938539,77.5901,co,0.5,2019-07-19T02:00:00+00:00
6983,12.938539,77.5901,co,0.47,2019-07-19T02:15:00+00:00
6983,12.938539,77.5901,co,0.5,2019-07-19T02:30:00+00:00
6983,12.938539,77.5901,co,0.53,2019-07-19T02:45:00+00:00
6983,12.938539,77.5901,co,0.58,2019-07-19T03:00:00+00:00
6983,12.938539,77.5901,co,0.63,2019-07-19T03:15:00+00:00
6983,12.938539,77.5901,co,0.63,2019-07-19T03:30:00+00:00
6983,12.938539,77.5901,co,0.63,2019-07-19T03:45:00+00:00
6983,12.938539,77.5901,co,0.53,2019-07-19T04:00:00+00:00
6983,12.938539,77.5901,co,0.68,2019-07-19T04:15:00+00:00
6983,12.938539,77.5901,co,0.68,2019-07-19T04:30:00+00:00
6983,12.938539,77.5901,co,0.55,2019-07-19T04:45:00+00:00
6983,12.938539,77.5901,co,0.48,2019-07-19T05:00:00+00:00
6983,12.938539,77.5901,co,0.49,2019-07-19T05:15:00+00:00
6983,12.938539,77.5901,co,0.47,2019-07-19T05:30:00+00:00
6983,12.938539,77.5901,co,0.5,2019-07-19T05:45:00+00:00
6983,12.938539,77.5901,co,0.48,2019-07-19T06:00:00+00:00
6983,12.938539,77.5901,co,0.41,2019-07-19T06:15:00+00:00
6983,12.938539,77.5901,co,0.42,2019-07-19T06:30:00+00:00
6983,12.938539,77.5901,co,0.39,2019-07-19T06:45:00+00:00
6983,12.938539,77.5901,co,0.42,2019-07-19T07:00:00+00:00
6983,12.938539,77.5901,co,0.35,2019-07-19T07:15:00+00:00
6983,12.938539,77.5901,co,0.37,2019-07-19T07:30:00+00:00
6983,12.938539,77.5901,co,0.46,2019-07-19T07:45:00+00:00
6983,12.938539,77.5901,co,0.33,2019-07-19T08:00:00+00:00
6983,12.938539,77.5901,co,0.35,2019-07-19T08:15:00+00:00
6983,12.938539,77.5901,co,0.37,2019-07-19T08:30:00+00:00
6983,12.938539,77.5901,co,0.33,2019-07-19T08:45:00+00:00
6983,12.938539,77.5901,co,0.35,2019-07-19T09:00:00+00:00
6983,12.938539,77.5901,co,0.37,2019-07-19T09:15:00+00:00
6983,12.938539,77.5901,co,0.4,2019-07-19T09:30:00+00:00
6983,12.938539,77.5901,co,0.47,2019-07-19T09:45:00+00:00
6983,12.938539,77.5901,co,0.44,2019-07-19T10:00:00+00:00
6983,12.938539,77.5901,co,0.45,2019-07-19T10:15:00+00:00
6983,12.938539,77.5901,co,0.48,2019-07-19T10:30:00+00:00
6983,12.938539,77.5901,co,0.54,2019-07-19T10:45:00+00:00
6983,12.938539,77.5901,co,0.5,2019-07-19T11:00:00+00:00
6983,12.938539,77.5901,co,0.41,2019-07-19T11:15:00+00:00
6983,12.938539,77.5901,co,0.58,2019-07-19T11:30:00+00:00
6983,12.938539,77.5901,co,0.62,2019-07-19T11:45:00+00:00
6983,12.938539,77.5901,co,0.57,2019-07-19T12:00:00+00:00
6983,12.938539,77.5901,co,0.56,2019-07-19T12:15:00+00:00
6983,12.938539,77.5901,co,0.73,2019-07-19T12:30:00+00:00
6983,12.938539,77.5901,co,0.93,2019-07-19T12:45:00+00:00
6983,12.938539,77.5901,co,1.06,2019-07-19T13:00:00+00:00
6983,12.938539,77.5901,co,0.89,2019-07-19T13:15:00+00:00
6983,12.938539,77.5901,co,0.55,2019-07-19T13:45:00+00:00
6983,12.938539,77.5901,co,0.5,2019-07-19T14:00:00+00:00
6983,12.938539,77.5901,co,0.55,2019-07-19T14:15:00+00:00
6983,12.938539,77.5901,co,0.46,2019-07-19T14:30:00+00:00
6983,12.938539,77.5901,co,0.46,2019-07-19T14:45:00+00:00
6983,12.938539,77.5901,co,0.54,2019-07-19T15:00:00+00:00
6983,12.938539,77.5901,co,0.47,2019-07-19T15:15:00+00:00
6983,12.938539,77.5901,co,0.47,2019-07-19T15:30:00+00:00
6983,12.938539,77.5901,co,0.47,2019-07-19T15:45:00+00:00
6983,12.938539,77.5901,co,0.46,2019-07-19T16:00:00+00:00
6983,12.938539,77.5901,co,0.38,2019-07-19T16:15:00+00:00
6983,12.938539,77.5901,co,0.39,2019-07-19T16:30:00+00:00
6983,12.938539,77.5901,co,0.35,2019-07-19T16:45:00+00:00
6983,12.938539,77.5901,co,0.32,2019-07-19T17:00:00+00:00
6983,12.938539,77.5901,co,0.3,2019-07-19T17:15:00+00:00
6983,12.938539,77.5901,co,0.32,2019-07-19T17:30:00+00:00
6983,12.938539,77.5901,co,0.32,2019-07-19T17:45:00+00:00
6983,12.938539,77.5901,co,0.31,2019-07-19T18:00:00+00:00
6983,12.938539,77.5901,co,0.3,2019-07-19T18:30:00+00:00
6983,12.938539,77.5901,no2,4.5,2019-07-18T18:45:00+00:00
6983,12.938539,77.5901,no2,4.3,2019-07-18T19:00:00+00:00
6983,12.938539,77.5901,no2,3.9,2019-07-18T19:15:00+00:00
6983,12.938539,77.5901,no2,3.9,2019-07-18T19:30:00+00:00
6983,12.938539,77.5901,no2,3.9,2019-07-18T19:45:00+00:00
6983,12.938539,77.5901,no2,4.1,2019-07-18T20:00:00+00:00
6983,12.938539,77.5901,no2,3.9,2019-07-18T20:15:00+00:00
6983,12.938539,77.5901,no2,3.6,2019-07-18T20:30:00+00:00
6983,12.938539,77.5901,no2,3.6,2019-07-18T20:45:00+00:00
6983,12.938539,77.5901,no2,3.8,2019-07-18T21:00:00+00:00
6983,12.938539,77.5901,no2,3.0,2019-07-18T21:15:00+00:00
6983,12.938539,77.5901,no2,3.0,2019-07-18T21:30:00+00:00
6983,12.938539,77.5901,no2,3.0,2019-07-18T21:45:00+00:00
6983,12.938539,77.5901,no2,3.6,2019-07-18T22:00:00+00:00
6983,12.938539,77.5901,no2,3.4,2019-07-18T22:15:00+00:00
6983,12.938539,77.5901,no2,3.0,2019-07-18T22:30:00+00:00
6983,12.938539,77.5901,no2,2.8,2019-07-18T22:45:00+00:00
6983,12.938539,77.5901,no2,3.2,2019-07-18T23:00:00+00:00
6983,12.938539,77.5901,no2,4.3,2019-07-19T00:15:00+00:00
6983,12.938539,77.5901,no2,4.7,2019-07-19T00:30:00+00:00
6983,12.938539,77.5901,no2,5.3,2019-07-19T00:45:00+00:00
6983,12.938539,77.5901,no2,7.0,2019-07-19T01:00:00+00:00
6983,12.938539,77.5901,no2,7.9,2019-07-19T01:15:00+00:00
6983,12.938539,77.5901,no2,8.8,2019-07-19T01:30:00+00:00
6983,12.938539,77.5901,no2,10.0,2019-07-19T01:45:00+00:00
6983,12.938539,77.5901,no2,11.3,2019-07-19T02:00:00+00:00
6983,12.938539,77.5901,no2,11.5,2019-07-19T02:15:00+00:00
6983,12.938539,77.5901,no2,11.8,2019-07-19T02:30:00+00:00
6983,12.938539,77.5901,no2,11.8,2019-07-19T02:45:00+00:00
6983,12.938539,77.5901,no2,11.8,2019-07-19T03:00:00+00:00
6983,12.938539,77.5901,no2,10.7,2019-07-19T03:15:00+00:00
6983,12.938539,77.5901,no2,10.9,2019-07-19T03:30:00+00:00
6983,12.938539,77.5901,no2,10.3,2019-07-19T03:45:00+00:00
6983,12.938539,77.5901,no2,10.2,2019-07-19T04:00:00+00:00
6983,12.938539,77.5901,no2,10.2,2019-07-19T04:15:00+00:00
6983,12.938539,77.5901,no2,10.7,2019-07-19T04:30:00+00:00
6983,12.938539,77.5901,no2,10.3,2019-07-19T04:45:00+00:00
6983,12.938539,77.5901,no2,9.0,2019-07-19T05:00:00+00:00
6983,12.938539,77.5901,no2,8.8,2019-07-19T05:15:00+00:00
6983,12.938539,77.5901,no2,8.5,2019-07-19T05:30:00+00:00
6983,12.938539,77.5901,no2,9.6,2019-07-19T05:45:00+00:00
6983,12.938539,77.5901,no2,9.6,2019-07-19T06:00:00+00:00
6983,12.938539,77.5901,no2,8.8,2019-07-19T06:15:00+00:00
6983,12.938539,77.5901,no2,8.1,2019-07-19T06:30:00+00:00
6983,12.938539,77.5901,no2,7.9,2019-07-19T06:45:00+00:00
6983,12.938539,77.5901,no2,7.9,2019-07-19T07:00:00+00:00
6983,12.938539,77.5901,no2,7.0,2019-07-19T07:15:00+00:00
6983,12.938539,77.5901,no2,6.0,2019-07-19T07:30:00+00:00
6983,12.938539,77.5901,no2,7.3,2019-07-19T07:45:00+00:00
6983,12.938539,77.5901,no2,7.1,2019-07-19T08:00:00+00:00
6983,12.938539,77.5901,no2,7.1,2019-07-19T08:15:00+00:00
6983,12.938539,77.5901,no2,5.8,2019-07-19T08:30:00+00:00
6983,12.938539,77.5901,no2,6.0,2019-07-19T08:45:00+00:00
6983,12.938539,77.5901,no2,6.2,2019-07-19T09:00:00+00:00
6983,12.938539,77.5901,no2,6.4,2019-07-19T09:15:00+00:00
6983,12.938539,77.5901,no2,4.7,2019-07-19T09:30:00+00:00
6983,12.938539,77.5901,no2,6.2,2019-07-19T09:45:00+00:00
6983,12.938539,77.5901,no2,6.4,2019-07-19T10:00:00+00:00
6983,12.938539,77.5901,no2,6.2,2019-07-19T10:15:00+00:00
6983,12.938539,77.5901,no2,7.0,2019-07-19T10:30:00+00:00
6983,12.938539,77.5901,no2,8.1,2019-07-19T10:45:00+00:00
6983,12.938539,77.5901,no2,8.6,2019-07-19T11:00:00+00:00
6983,12.938539,77.5901,no2,9.2,2019-07-19T11:15:00+00:00
6983,12.938539,77.5901,no2,10.9,2019-07-19T11:30:00+00:00
6983,12.938539,77.5901,no2,13.3,2019-07-19T11:45:00+00:00
6983,12.938539,77.5901,no2,14.1,2019-07-19T12:00:00+00:00
6983,12.938539,77.5901,no2,13.7,2019-07-19T12:15:00+00:00
6983,12.938539,77.5901,no2,16.5,2019-07-19T12:30:00+00:00
6983,12.938539,77.5901,no2,20.9,2019-07-19T12:45:00+00:00
6983,12.938539,77.5901,no2,26.7,2019-07-19T13:00:00+00:00
6983,12.938539,77.5901,no2,28.4,2019-07-19T13:15:00+00:00
6983,12.938539,77.5901,no2,16.0,2019-07-19T13:45:00+00:00
6983,12.938539,77.5901,no2,14.9,2019-07-19T14:00:00+00:00
6983,12.938539,77.5901,no2,14.7,2019-07-19T14:15:00+00:00
6983,12.938539,77.5901,no2,12.4,2019-07-19T14:30:00+00:00
6983,12.938539,77.5901,no2,10.9,2019-07-19T14:45:00+00:00
6983,12.938539,77.5901,no2,11.3,2019-07-19T15:00:00+00:00
6983,12.938539,77.5901,no2,12.0,2019-07-19T15:15:00+00:00
6983,12.938539,77.5901,no2,12.4,2019-07-19T15:30:00+00:00
6983,12.938539,77.5901,no2,11.8,2019-07-19T15:45:00+00:00
6983,12.938539,77.5901,no2,11.8,2019-07-19T16:00:00+00:00
6983,12.938539,77.5901,no2,10.3,2019-07-19T16:15:00+00:00
6983,12.938539,77.5901,no2,9.2,2019-07-19T16:30:00+00:00
6983,12.938539,77.5901,no2,8.6,2019-07-19T16:45:00+00:00
6983,12.938539,77.5901,no2,7.7,2019-07-19T17:00:00+00:00
6983,12.938539,77.5901,no2,6.6,2019-07-19T17:15:00+00:00
6983,12.938539,77.5901,no2,6.2,2019-07-19T17:30:00+00:00
6983,12.938539,77.5901,no2,5.3,2019-07-19T17:45:00+00:00
6983,12.938539,77.5901,no2,4.7,2019-07-19T18:00:00+00:00
6983,12.938539,77.5901,no2,5.5,2019-07-19T18:15:00+00:00
6983,12.938539,77.5901,no2,5.8,2019-07-19T18:30:00+00:00
6983,12.938539,77.5901,so2,1.4,2019-07-18T18:45:00+00:00
6983,12.938539,77.5901,so2,1.4,2019-07-18T19:00:00+00:00
6983,12.938539,77.5901,so2,1.4,2019-07-18T19:15:00+00:00
6983,12.938539,77.5901,so2,1.6,2019-07-18T19:30:00+00:00
6983,12.938539,77.5901,so2,1.6,2019-07-18T19:45:00+00:00
6983,12.938539,77.5901,so2,1.5,2019-07-18T20:00:00+00:00
6983,12.938539,77.5901,so2,1.7,2019-07-18T20:15:00+00:00
6983,12.938539,77.5901,so2,1.8,2019-07-18T20:30:00+00:00
6983,12.938539,77.5901,so2,2.1,2019-07-18T20:45:00+00:00
6983,12.938539,77.5901,so2,2.1,2019-07-18T21:00:00+00:00
6983,12.938539,77.5901,so2,2.0,2019-07-18T21:15:00+00:00
6983,12.938539,77.5901,so2,1.8,2019-07-18T21:30:00+00:00
6983,12.938539,77.5901,so2,1.9,2019-07-18T21:45:00+00:00
6983,12.938539,77.5901,so2,2.1,2019-07-18T22:00:00+00:00
6983,12.938539,77.5901,so2,1.7,2019-07-18T22:15:00+00:00
6983,12.938539,77.5901,so2,1.7,2019-07-18T22:30:00+00:00
6983,12.938539,77.5901,so2,1.4,2019-07-18T22:45:00+00:00
6983,12.938539,77.5901,so2,1.4,2019-07-18T23:00:00+00:00
6983,12.938539,77.5901,so2,1.2,2019-07-18T23:15:00+00:00
6983,12.938539,77.5901,so2,1.9,2019-07-18T23:30:00+00:00
6983,12.938539,77.5901,so2,1.9,2019-07-18T23:45:00+00:00
6983,12.938539,77.5901,so2,1.9,2019-07-19T00:00:00+00:00
6983,12.938539,77.5901,so2,1.7,2019-07-19T01:00:00+00:00
6983,12.938539,77.5901,so2,1.9,2019-07-19T01:15:00+00:00
6983,12.938539,77.5901,so2,1.9,2019-07-19T01:30:00+00:00
6983,12.938539,77.5901,so2,1.6,2019-07-19T01:45:00+00:00
6983,12.938539,77.5901,so2,1.5,2019-07-19T02:00:00+00:00
6983,12.938539,77.5901,so2,1.4,2019-07-19T02:15:00+00:00
6983,12.938539,77.5901,so2,1.5,2019-07-19T02:30:00+00:00
6983,12.938539,77.5901,so2,1.8,2019-07-19T02:45:00+00:00
6983,12.938539,77.5901,so2,2.1,2019-07-19T03:00:00+00:00
6983,12.938539,77.5901,so2,2.3,2019-07-19T03:15:00+00:00
6983,12.938539,77.5901,so2,2.1,2019-07-19T03:30:00+00:00
6983,12.938539,77.5901,so2,1.7,2019-07-19T03:45:00+00:00
6983,12.938539,77.5901,so2,1.8,2019-07-19T04:00:00+00:00
6983,12.938539,77.5901,so2,2.0,2019-07-19T04:15:00+00:00
6983,12.938539,77.5901,so2,2.3,2019-07-19T04:30:00+00:00
6983,12.938539,77.5901,so2,2.1,2019-07-19T04:45:00+00:00
6983,12.938539,77.5901,so2,1.7,2019-07-19T05:00:00+00:00
6983,12.938539,77.5901,so2,1.5,2019-07-19T05:15:00+00:00
6983,12.938539,77.5901,so2,1.5,2019-07-19T05:30:00+00:00
6983,12.938539,77.5901,so2,1.9,2019-07-19T05:45:00+00:00
6983,12.938539,77.5901,so2,1.7,2019-07-19T06:00:00+00:00
6983,12.938539,77.5901,so2,1.4,2019-07-19T06:15:00+00:00
6983,12.938539,77.5901,so2,1.7,2019-07-19T06:30:00+00:00
6983,12.938539,77.5901,so2,1.3,2019-07-19T06:45:00+00:00
6983,12.938539,77.5901,so2,1.4,2019-07-19T07:00:00+00:00
6983,12.938539,77.5901,so2,1.2,2019-07-19T07:15:00+00:00
6983,12.938539,77.5901,so2,1.7,2019-07-19T07:30:00+00:00
6983,12.938539,77.5901,so2,2.0,2019-07-19T07:45:00+00:00
6983,12.938539,77.5901,so2,2.0,2019-07-19T08:00:00+00:00
6983,12.938539,77.5901,so2,1.3,2019-07-19T08:15:00+00:00
6983,12.938539,77.5901,so2,1.0,2019-07-19T08:30:00+00:00
6983,12.938539,77.5901,so2,1.1,2019-07-19T08:45:00+00:00
6983,12.938539,77.5901,so2,1.2,2019-07-19T09:00:00+00:00
6983,12.938539,77.5901,so2,1.1,2019-07-19T09:15:00+00:00
6983,12.938539,77.5901,so2,0.9,2019-07-19T09:30:00+00:00
6983,12.938539,77.5901,so2,1.5,2019-07-19T09:45:00+00:00
6983,12.938539,77.5901,so2,1.8,2019-07-19T10:00:00+00:00
6983,12.938539,77.5901,so2,1.8,2019-07-19T10:15:00+00:00
6983,12.938539,77.5901,so2,1.5,2019-07-19T10:30:00+00:00
6983,12.938539,77.5901,so2,1.3,2019-07-19T10:45:00+00:00
6983,12.938539,77.5901,so2,1.1,2019-07-19T11:00:00+00:00
6983,12.938539,77.5901,so2,1.4,2019-07-19T11:15:00+00:00
6983,12.938539,77.5901,so2,1.9,2019-07-19T11:30:00+00:00
6983,12.938539,77.5901,so2,1.8,2019-07-19T11:45:00+00:00
6983,12.938539,77.5901,so2,1.5,2019-07-19T12:00:00+00:00
6983,12.938539,77.5901,so2,1.4,2019-07-19T12:15:00+00:00
6983,12.938539,77.5901,so2,1.6,2019-07-19T12:30:00+00:00
6983,12.938539,77.5901,so2,1.6,2019-07-19T12:45:00+00:00
6983,12.938539,77.5901,so2,1.3,2019-07-19T13:00:00+00:00
6983,12.938539,77.5901,so2,1.4,2019-07-19T13:15:00+00:00
6983,12.938539,77.5901,so2,2.3,2019-07-19T13:45:00+00:00
6983,12.938539,77.5901,so2,2.1,2019-07-19T14:00:00+00:00
6983,12.938539,77.5901,so2,1.9,2019-07-19T14:15:00+00:00
6983,12.938539,77.5901,so2,1.5,2019-07-19T14:30:00+00:00
6983,12.938539,77.5901,so2,1.7,2019-07-19T14:45:00+00:00
6983,12.938539,77.5901,so2,1.3,2019-07-19T15:00:00+00:00
6983,12.938539,77.5901,so2,1.2,2019-07-19T15:15:00+00:00
6983,12.938539,77.5901,so2,1.6,2019-07-19T15:30:00+00:00
6983,12.938539,77.5901,so2,1.8,2019-07-19T15:45:00+00:00
6983,12.938539,77.5901,so2,1.7,2019-07-19T16:00:00+00:00
6983,12.938539,77.5901,so2,1.6,2019-07-19T16:15:00+00:00
6983,12.938539,77.5901,so2,1.8,2019-07-19T16:30:00+00:00
6983,12.938539,77.5901,so2,1.7,2019-07-19T16:45:00+00:00
6983,12.938539,77.5901,so2,1.5,2019-07-19T17:00:00+00:00
6983,12.938539,77.5901,so2,1.9,2019-07-19T17:15:00+00:00
6983,12.938539,77.5901,so2,1.7,2019-07-19T17:30:00+00:00
6983,12.938539,77.5901,so2,1.5,2019-07-19T17:45:00+00:00
6983,12.938539,77.5901,so2,1.7,2019-07-19T18:00:00+00:00
6983,12.938539,77.5901,so2,1.6,2019-07-19T18:30:00+00:00
6983,12.938539,77.5901,pm10,16.0,2019-07-19T18:45:00+00:00
6983,12.938539,77.5901,pm10,16.0,2019-07-19T19:00:00+00:00
6983,12.938539,77.5901,pm10,19.0,2019-07-19T19:15:00+00:00
6983,12.938539,77.5901,pm10,19.0,2019-07-19T19:30:00+00:00
6983,12.938539,77.5901,pm10,19.0,2019-07-19T19:45:00+00:00
6983,12.938539,77.5901,pm10,19.0,2019-07-19T20:00:00+00:00
6983,12.938539,77.5901,pm10,22.0,2019-07-19T20:15:00+00:00
6983,12.938539,77.5901,pm10,22.0,2019-07-19T20:30:00+00:00
6983,12.938539,77.5901,pm10,22.0,2019-07-19T20:45:00+00:00
6983,12.938539,77.5901,pm10,22.0,2019-07-19T21:00:00+00:00
6983,12.938539,77.5901,pm10,13.0,2019-07-19T21:15:00+00:00
6983,12.938539,77.5901,pm10,13.0,2019-07-19T21:30:00+00:00
6983,12.938539,77.5901,pm10,13.0,2019-07-19T21:45:00+00:00
6983,12.938539,77.5901,pm10,13.0,2019-07-19T22:00:00+00:00
6983,12.938539,77.5901,pm10,11.0,2019-07-19T22:15:00+00:00
6983,12.938539,77.5901,pm10,11.0,2019-07-19T22:30:00+00:00
6983,12.938539,77.5901,pm10,11.0,2019-07-19T22:45:00+00:00
6983,12.938539,77.5901,pm10,7.0,2019-07-19T23:15:00+00:00
6983,12.938539,77.5901,pm10,7.0,2019-07-19T23:30:00+00:00
6983,12.938539,77.5901,pm10,7.0,2019-07-19T23:45:00+00:00
6983,12.938539,77.5901,pm10,7.0,2019-07-20T00:00:00+00:00
6983,12.938539,77.5901,pm10,14.0,2019-07-20T00:15:00+00:00
6983,12.938539,77.5901,pm10,14.0,2019-07-20T00:30:00+00:00
6983,12.938539,77.5901,pm10,14.0,2019-07-20T00:45:00+00:00
6983,12.938539,77.5901,pm10,14.0,2019-07-20T01:00:00+00:00
6983,12.938539,77.5901,pm10,16.0,2019-07-20T01:15:00+00:00
6983,12.938539,77.5901,pm10,16.0,2019-07-20T01:30:00+00:00
6983,12.938539,77.5901,pm10,16.0,2019-07-20T01:45:00+00:00
6983,12.938539,77.5901,pm10,16.0,2019-07-20T02:00:00+00:00
6983,12.938539,77.5901,pm10,25.0,2019-07-20T02:15:00+00:00
6983,12.938539,77.5901,pm10,25.0,2019-07-20T02:30:00+00:00
6983,12.938539,77.5901,pm10,25.0,2019-07-20T02:45:00+00:00
6983,12.938539,77.5901,pm10,25.0,2019-07-20T03:00:00+00:00
6983,12.938539,77.5901,pm10,28.0,2019-07-20T03:15:00+00:00
6983,12.938539,77.5901,pm10,28.0,2019-07-20T03:30:00+00:00
6983,12.938539,77.5901,pm10,28.0,2019-07-20T03:45:00+00:00
6983,12.938539,77.5901,pm10,28.0,2019-07-20T04:00:00+00:00
6983,12.938539,77.5901,pm10,35.0,2019-07-20T04:15:00+00:00
6983,12.938539,77.5901,pm10,35.0,2019-07-20T04:30:00+00:00
6983,12.938539,77.5901,pm10,35.0,2019-07-20T04:45:00+00:00
6983,12.938539,77.5901,pm10,35.0,2019-07-20T05:00:00+00:00
6983,12.938539,77.5901,pm10,26.0,2019-07-20T05:15:00+00:00
6983,12.938539,77.5901,pm10,26.0,2019-07-20T05:45:00+00:00
6983,12.938539,77.5901,pm10,26.0,2019-07-20T06:00:00+00:00
6983,12.938539,77.5901,pm10,22.0,2019-07-20T06:15:00+00:00
6983,12.938539,77.5901,pm10,22.0,2019-07-20T06:30:00+00:00
6983,12.938539,77.5901,pm10,22.0,2019-07-20T06:45:00+00:00
6983,12.938539,77.5901,pm10,22.0,2019-07-20T07:00:00+00:00
6983,12.938539,77.5901,pm10,30.0,2019-07-20T07:15:00+00:00
6983,12.938539,77.5901,pm10,30.0,2019-07-20T07:30:00+00:00
6983,12.938539,77.5901,pm10,30.0,2019-07-20T07:45:00+00:00
6983,12.938539,77.5901,pm10,30.0,2019-07-20T08:00:00+00:00
6983,12.938539,77.5901,pm10,21.0,2019-07-20T08:15:00+00:00
6983,12.938539,77.5901,pm10,21.0,2019-07-20T08:45:00+00:00
6983,12.938539,77.5901,pm10,21.0,2019-07-20T09:00:00+00:00
6983,12.938539,77.5901,pm10,19.0,2019-07-20T09:15:00+00:00
6983,12.938539,77.5901,pm10,19.0,2019-07-20T09:30:00+00:00
6983,12.938539,77.5901,pm10,19.0,2019-07-20T09:45:00+00:00
6983,12.938539,77.5901,pm10,19.0,2019-07-20T10:00:00+00:00
6983,12.938539,77.5901,pm10,20.0,2019-07-20T10:15:00+00:00
6983,12.938539,77.5901,pm10,20.0,2019-07-20T10:30:00+00:00
6983,12.938539,77.5901,pm10,20.0,2019-07-20T10:45:00+00:00
6983,12.938539,77.5901,pm10,20.0,2019-07-20T11:00:00+00:00
6983,12.938539,77.5901,pm10,19.0,2019-07-20T11:15:00+00:00
6983,12.938539,77.5901,pm10,19.0,2019-07-20T11:30:00+00:00
6983,12.938539,77.5901,pm10,19.0,2019-07-20T11:45:00+00:00
6983,12.938539,77.5901,pm10,19.0,2019-07-20T12:00:00+00:00
6983,12.938539,77.5901,pm10,32.0,2019-07-20T12:15:00+00:00
6983,12.938539,77.5901,pm10,32.0,2019-07-20T12:30:00+00:00
6983,12.938539,77.5901,pm10,32.0,2019-07-20T12:45:00+00:00
6983,12.938539,77.5901,pm10,32.0,2019-07-20T13:00:00+00:00
6983,12.938539,77.5901,pm10,29.0,2019-07-20T13:15:00+00:00
6983,12.938539,77.5901,pm10,29.0,2019-07-20T13:30:00+00:00
6983,12.938539,77.5901,pm10,29.0,2019-07-20T13:45:00+00:00
6983,12.938539,77.5901,pm10,29.0,2019-07-20T14:00:00+00:00
6983,12.938539,77.5901,pm10,28.0,2019-07-20T14:15:00+00:00
6983,12.938539,77.5901,pm10,28.0,2019-07-20T14:30:00+00:00
6983,12.938539,77.5901,pm10,28.0,2019-07-20T14:45:00+00:00
6983,12.938539,77.5901,pm10,28.0,2019-07-20T15:00:00+00:00
6983,12.938539,77.5901,pm10,23.0,2019-07-20T15:15:00+00:00
6983,12.938539,77.5901,pm10,23.0,2019-07-20T15:30:00+00:00
6983,12.938539,77.5901,pm10,23.0,2019-07-20T15:45:00+00:00
6983,12.938539,77.5901,pm10,23.0,2019-07-20T16:00:00+00:00
6983,12.938539,77.5901,pm10,19.0,2019-07-20T16:15:00+00:00
6983,12.938539,77.5901,pm10,19.0,2019-07-20T16:30:00+00:00
6983,12.938539,77.5901,pm10,19.0,2019-07-20T16:45:00+00:00
6983,12.938539,77.5901,pm10,19.0,2019-07-20T17:00:00+00:00
6983,12.938539,77.5901,pm10,16.0,2019-07-20T17:15:00+00:00
6983,12.938539,77.5901,pm10,16.0,2019-07-20T17:30:00+00:00
6983,12.938539,77.5901,pm10,16.0,2019-07-20T17:45:00+00:00
6983,12.938539,77.5901,pm10,16.0,2019-07-20T18:00:00+00:00
6983,12.938539,77.5901,pm10,15.0,2019-07-20T18:15:00+00:00
6983,12.938539,77.5901,pm25,6.0,2019-07-19T18:45:00+00:00
6983,12.938539,77.5901,pm25,6.0,2019-07-19T19:00:00+00:00
6983,12.938539,77.5901,pm25,4.0,2019-07-19T19:15:00+00:00
6983,12.938539,77.5901,pm25,4.0,2019-07-19T19:30:00+00:00
6983,12.938539,77.5901,pm25,4.0,2019-07-19T19:45:00+00:00
6983,12.938539,77.5901,pm25,4.0,2019-07-19T20:00:00+00:00
6983,12.938539,77.5901,pm25,5.0,2019-07-19T20:15:00+00:00
6983,12.938539,77.5901,pm25,5.0,2019-07-19T20:30:00+00:00
6983,12.938539,77.5901,pm25,5.0,2019-07-19T20:45:00+00:00
6983,12.938539,77.5901,pm25,5.0,2019-07-19T21:00:00+00:00
6983,12.938539,77.5901,pm25,5.0,2019-07-19T21:15:00+00:00
6983,12.938539,77.5901,pm25,5.0,2019-07-19T21:30:00+00:00
6983,12.938539,77.5901,pm25,5.0,2019-07-19T21:45:00+00:00
6983,12.938539,77.5901,pm25,5.0,2019-07-19T22:00:00+00:00
6983,12.938539,77.5901,pm25,3.0,2019-07-19T22:15:00+00:00
6983,12.938539,77.5901,pm25,3.0,2019-07-19T22:30:00+00:00
6983,12.938539,77.5901,pm25,3.0,2019-07-19T22:45:00+00:00
6983,12.938539,77.5901,pm25,4.0,2019-07-19T23:15:00+00:00
6983,12.938539,77.5901,pm25,4.0,2019-07-19T23:30:00+00:00
6983,12.938539,77.5901,pm25,4.0,2019-07-19T23:45:00+00:00
6983,12.938539,77.5901,pm25,4.0,2019-07-20T00:00:00+00:00
6983,12.938539,77.5901,pm25,6.0,2019-07-20T00:15:00+00:00
6983,12.938539,77.5901,pm25,6.0,2019-07-20T00:30:00+00:00
6983,12.938539,77.5901,pm25,6.0,2019-07-20T00:45:00+00:00
6983,12.938539,77.5901,pm25,6.0,2019-07-20T01:00:00+00:00
6983,12.938539,77.5901,pm25,8.0,2019-07-20T01:15:00+00:00
6983,12.938539,77.5901,pm25,8.0,2019-07-20T01:30:00+00:00
6983,12.938539,77.5901,pm25,8.0,2019-07-20T01:45:00+00:00
6983,12.938539,77.5901,pm25,8.0,2019-07-20T02:00:00+00:00
6983,12.938539,77.5901,pm25,10.0,2019-07-20T02:15:00+00:00
6983,12.938539,77.5901,pm25,10.0,2019-07-20T02:30:00+00:00
6983,12.938539,77.5901,pm25,10.0,2019-07-20T02:45:00+00:00
6983,12.938539,77.5901,pm25,10.0,2019-07-20T03:00:00+00:00
6983,12.938539,77.5901,pm25,8.0,2019-07-20T03:15:00+00:00
6983,12.938539,77.5901,pm25,8.0,2019-07-20T03:30:00+00:00
6983,12.938539,77.5901,pm25,8.0,2019-07-20T03:45:00+00:00
6983,12.938539,77.5901,pm25,8.0,2019-07-20T04:00:00+00:00
6983,12.938539,77.5901,pm25,9.0,2019-07-20T04:15:00+00:00
6983,12.938539,77.5901,pm25,9.0,2019-07-20T04:30:00+00:00
6983,12.938539,77.5901,pm25,9.0,2019-07-20T04:45:00+00:00
6983,12.938539,77.5901,pm25,9.0,2019-07-20T05:00:00+00:00
6983,12.938539,77.5901,pm25,9.0,2019-07-20T05:15:00+00:00
6983,12.938539,77.5901,pm25,9.0,2019-07-20T05:45:00+00:00
6983,12.938539,77.5901,pm25,9.0,2019-07-20T06:00:00+00:00
6983,12.938539,77.5901,pm25,8.0,2019-07-20T06:15:00+00:00
6983,12.938539,77.5901,pm25,8.0,2019-07-20T06:30:00+00:00
6983,12.938539,77.5901,pm25,8.0,2019-07-20T06:45:00+00:00
6983,12.938539,77.5901,pm25,8.0,2019-07-20T07:00:00+00:00
6983,12.938539,77.5901,pm25,9.0,2019-07-20T07:15:00+00:00
6983,12.938539,77.5901,pm25,9.0,2019-07-20T07:30:00+00:00
6983,12.938539,77.5901,pm25,9.0,2019-07-20T07:45:00+00:00
6983,12.938539,77.5901,pm25,9.0,2019-07-20T08:00:00+00:00
6983,12.938539,77.5901,pm25,7.0,2019-07-20T08:15:00+00:00
6983,12.938539,77.5901,pm25,7.0,2019-07-20T08:45:00+00:00
6983,12.938539,77.5901,pm25,7.0,2019-07-20T09:00:00+00:00
6983,12.938539,77.5901,pm25,4.0,2019-07-20T09:15:00+00:00
6983,12.938539,77.5901,pm25,4.0,2019-07-20T09:30:00+00:00
6983,12.938539,77.5901,pm25,4.0,2019-07-20T09:45:00+00:00
6983,12.938539,77.5901,pm25,4.0,2019-07-20T10:00:00+00:00
6983,12.938539,77.5901,pm25,6.0,2019-07-20T10:15:00+00:00
6983,12.938539,77.5901,pm25,6.0,2019-07-20T10:30:00+00:00
6983,12.938539,77.5901,pm25,6.0,2019-07-20T10:45:00+00:00
6983,12.938539,77.5901,pm25,6.0,2019-07-20T11:00:00+00:00
6983,12.938539,77.5901,pm25,6.0,2019-07-20T11:15:00+00:00
6983,12.938539,77.5901,pm25,6.0,2019-07-20T11:30:00+00:00
6983,12.938539,77.5901,pm25,6.0,2019-07-20T11:45:00+00:00
6983,12.938539,77.5901,pm25,6.0,2019-07-20T12:00:00+00:00
6983,12.938539,77.5901,pm25,8.0,2019-07-20T12:15:00+00:00
6983,12.938539,77.5901,pm25,8.0,2019-07-20T12:30:00+00:00
6983,12.938539,77.5901,pm25,8.0,2019-07-20T12:45:00+00:00
6983,12.938539,77.5901,pm25,8.0,2019-07-20T13:00:00+00:00
6983,12.938539,77.5901,pm25,8.0,2019-07-20T13:15:00+00:00
6983,12.938539,77.5901,pm25,8.0,2019-07-20T13:30:00+00:00
6983,12.938539,77.5901,pm25,8.0,2019-07-20T13:45:00+00:00
6983,12.938539,77.5901,pm25,8.0,2019-07-20T14:00:00+00:00
6983,12.938539,77.5901,pm25,9.0,2019-07-20T14:15:00+00:00
6983,12.938539,77.5901,pm25,9.0,2019-07-20T14:30:00+00:00
6983,12.938539,77.5901,pm25,9.0,2019-07-20T14:45:00+00:00
6983,12.938539,77.5901,pm25,9.0,2019-07-20T15:00:00+00:00
6983,12.938539,77.5901,pm25,9.0,2019-07-20T15:15:00+00:00
6983,12.938539,77.5901,pm25,9.0,2019-07-20T15:30:00+00:00
6983,12.938539,77.5901,pm25,9.0,2019-07-20T15:45:00+00:00
6983,12.938539,77.5901,pm25,9.0,2019-07-20T16:00:00+00:00
6983,12.938539,77.5901,pm25,7.0,2019-07-20T16:15:00+00:00
6983,12.938539,77.5901,pm25,7.0,2019-07-20T16:30:00+00:00
6983,12.938539,77.5901,pm25,7.0,2019-07-20T16:45:00+00:00
6983,12.938539,77.5901,pm25,7.0,2019-07-20T17:00:00+00:00
6983,12.938539,77.5901,pm25,5.0,2019-07-20T17:15:00+00:00
6983,12.938539,77.5901,pm25,5.0,2019-07-20T17:30:00+00:00
6983,12.938539,77.5901,pm25,5.0,2019-07-20T17:45:00+00:00
6983,12.938539,77.5901,pm25,5.0,2019-07-20T18:00:00+00:00
6983,12.938539,77.5901,pm25,6.0,2019-07-20T18:15:00+00:00
6983,12.938539,77.5901,co,0.31,2019-07-19T18:45:00+00:00
6983,12.938539,77.5901,co,0.3,2019-07-19T19:00:00+00:00
6983,12.938539,77.5901,co,0.3,2019-07-19T19:15:00+00:00
6983,12.938539,77.5901,co,0.3,2019-07-19T19:30:00+00:00
6983,12.938539,77.5901,co,0.26,2019-07-19T19:45:00+00:00
6983,12.938539,77.5901,co,0.29,2019-07-19T20:00:00+00:00
6983,12.938539,77.5901,co,0.27,2019-07-19T20:15:00+00:00
6983,12.938539,77.5901,co,0.26,2019-07-19T20:30:00+00:00
6983,12.938539,77.5901,co,0.24,2019-07-19T20:45:00+00:00
6983,12.938539,77.5901,co,0.25,2019-07-19T21:00:00+00:00
6983,12.938539,77.5901,co,0.24,2019-07-19T21:15:00+00:00
6983,12.938539,77.5901,co,0.22,2019-07-19T21:30:00+00:00
6983,12.938539,77.5901,co,0.18,2019-07-19T21:45:00+00:00
6983,12.938539,77.5901,co,0.18,2019-07-19T22:00:00+00:00
6983,12.938539,77.5901,co,0.21,2019-07-19T23:15:00+00:00
6983,12.938539,77.5901,co,0.21,2019-07-19T23:30:00+00:00
6983,12.938539,77.5901,co,0.21,2019-07-19T23:45:00+00:00
6983,12.938539,77.5901,co,0.21,2019-07-20T00:00:00+00:00
6983,12.938539,77.5901,co,0.22,2019-07-20T00:15:00+00:00
6983,12.938539,77.5901,co,0.22,2019-07-20T00:30:00+00:00
6983,12.938539,77.5901,co,0.23,2019-07-20T00:45:00+00:00
6983,12.938539,77.5901,co,0.26,2019-07-20T01:00:00+00:00
6983,12.938539,77.5901,co,0.27,2019-07-20T01:15:00+00:00
6983,12.938539,77.5901,co,0.32,2019-07-20T01:30:00+00:00
6983,12.938539,77.5901,co,0.35,2019-07-20T01:45:00+00:00
6983,12.938539,77.5901,co,0.34,2019-07-20T02:00:00+00:00
6983,12.938539,77.5901,co,0.34,2019-07-20T02:15:00+00:00
6983,12.938539,77.5901,co,0.37,2019-07-20T02:30:00+00:00
6983,12.938539,77.5901,co,0.38,2019-07-20T02:45:00+00:00
6983,12.938539,77.5901,co,0.41,2019-07-20T03:00:00+00:00
6983,12.938539,77.5901,co,0.42,2019-07-20T03:15:00+00:00
6983,12.938539,77.5901,co,0.39,2019-07-20T03:30:00+00:00
6983,12.938539,77.5901,co,0.39,2019-07-20T03:45:00+00:00
6983,12.938539,77.5901,co,0.37,2019-07-20T04:00:00+00:00
6983,12.938539,77.5901,co,0.41,2019-07-20T04:15:00+00:00
6983,12.938539,77.5901,co,0.42,2019-07-20T04:30:00+00:00
6983,12.938539,77.5901,co,0.37,2019-07-20T04:45:00+00:00
6983,12.938539,77.5901,co,0.38,2019-07-20T05:00:00+00:00
6983,12.938539,77.5901,co,0.4,2019-07-20T05:15:00+00:00
6983,12.938539,77.5901,co,0.37,2019-07-20T05:45:00+00:00
6983,12.938539,77.5901,co,0.33,2019-07-20T06:00:00+00:00
6983,12.938539,77.5901,co,0.27,2019-07-20T06:15:00+00:00
6983,12.938539,77.5901,co,0.33,2019-07-20T06:30:00+00:00
6983,12.938539,77.5901,co,0.34,2019-07-20T06:45:00+00:00
6983,12.938539,77.5901,co,0.4,2019-07-20T07:00:00+00:00
6983,12.938539,77.5901,co,0.37,2019-07-20T07:15:00+00:00
6983,12.938539,77.5901,co,0.35,2019-07-20T07:30:00+00:00
6983,12.938539,77.5901,co,0.32,2019-07-20T07:45:00+00:00
6983,12.938539,77.5901,co,0.34,2019-07-20T08:00:00+00:00
6983,12.938539,77.5901,co,0.35,2019-07-20T08:15:00+00:00
6983,12.938539,77.5901,co,0.32,2019-07-20T08:45:00+00:00
6983,12.938539,77.5901,co,0.29,2019-07-20T09:00:00+00:00
6983,12.938539,77.5901,co,0.35,2019-07-20T09:15:00+00:00
6983,12.938539,77.5901,co,0.35,2019-07-20T09:30:00+00:00
6983,12.938539,77.5901,co,0.42,2019-07-20T09:45:00+00:00
6983,12.938539,77.5901,co,0.41,2019-07-20T10:00:00+00:00
6983,12.938539,77.5901,co,0.42,2019-07-20T10:15:00+00:00
6983,12.938539,77.5901,co,0.46,2019-07-20T10:30:00+00:00
6983,12.938539,77.5901,co,0.39,2019-07-20T10:45:00+00:00
6983,12.938539,77.5901,co,0.4,2019-07-20T11:00:00+00:00
6983,12.938539,77.5901,co,0.33,2019-07-20T11:15:00+00:00
6983,12.938539,77.5901,co,0.38,2019-07-20T11:30:00+00:00
6983,12.938539,77.5901,co,0.46,2019-07-20T11:45:00+00:00
6983,12.938539,77.5901,co,0.48,2019-07-20T12:00:00+00:00
6983,12.938539,77.5901,co,0.47,2019-07-20T12:15:00+00:00
6983,12.938539,77.5901,co,0.44,2019-07-20T12:30:00+00:00
6983,12.938539,77.5901,co,0.47,2019-07-20T12:45:00+00:00
6983,12.938539,77.5901,co,0.53,2019-07-20T13:00:00+00:00
6983,12.938539,77.5901,co,0.42,2019-07-20T13:15:00+00:00
6983,12.938539,77.5901,co,0.34,2019-07-20T13:30:00+00:00
6983,12.938539,77.5901,co,0.49,2019-07-20T13:45:00+00:00
6983,12.938539,77.5901,co,0.46,2019-07-20T14:00:00+00:00
6983,12.938539,77.5901,co,0.42,2019-07-20T14:15:00+00:00
6983,12.938539,77.5901,co,0.47,2019-07-20T14:30:00+00:00
6983,12.938539,77.5901,co,0.45,2019-07-20T14:45:00+00:00
6983,12.938539,77.5901,co,0.4,2019-07-20T15:00:00+00:00
6983,12.938539,77.5901,co,0.34,2019-07-20T15:15:00+00:00
6983,12.938539,77.5901,co,0.33,2019-07-20T15:30:00+00:00
6983,12.938539,77.5901,co,0.31,2019-07-20T15:45:00+00:00
6983,12.938539,77.5901,co,0.3,2019-07-20T16:00:00+00:00
6983,12.938539,77.5901,co,0.3,2019-07-20T16:15:00+00:00
6983,12.938539,77.5901,co,0.32,2019-07-20T16:30:00+00:00
6983,12.938539,77.5901,co,0.32,2019-07-20T16:45:00+00:00
6983,12.938539,77.5901,co,0.32,2019-07-20T17:00:00+00:00
6983,12.938539,77.5901,co,0.25,2019-07-20T17:15:00+00:00
6983,12.938539,77.5901,co,0.27,2019-07-20T17:30:00+00:00
6983,12.938539,77.5901,co,0.32,2019-07-20T17:45:00+00:00
6983,12.938539,77.5901,co,0.31,2019-07-20T18:00:00+00:00
6983,12.938539,77.5901,no2,5.8,2019-07-19T18:45:00+00:00
6983,12.938539,77.5901,no2,5.5,2019-07-19T19:00:00+00:00
6983,12.938539,77.5901,no2,5.6,2019-07-19T19:15:00+00:00
6983,12.938539,77.5901,no2,5.3,2019-07-19T19:30:00+00:00
6983,12.938539,77.5901,no2,5.3,2019-07-19T19:45:00+00:00
6983,12.938539,77.5901,no2,4.9,2019-07-19T20:00:00+00:00
6983,12.938539,77.5901,no2,4.9,2019-07-19T20:15:00+00:00
6983,12.938539,77.5901,no2,4.3,2019-07-19T20:30:00+00:00
6983,12.938539,77.5901,no2,3.9,2019-07-19T20:45:00+00:00
6983,12.938539,77.5901,no2,3.9,2019-07-19T21:00:00+00:00
6983,12.938539,77.5901,no2,3.8,2019-07-19T21:15:00+00:00
6983,12.938539,77.5901,no2,3.6,2019-07-19T21:30:00+00:00
6983,12.938539,77.5901,no2,3.2,2019-07-19T21:45:00+00:00
6983,12.938539,77.5901,no2,3.2,2019-07-19T22:00:00+00:00
6983,12.938539,77.5901,no2,3.2,2019-07-19T22:15:00+00:00
6983,12.938539,77.5901,no2,3.0,2019-07-19T22:30:00+00:00
6983,12.938539,77.5901,no2,3.2,2019-07-19T22:45:00+00:00
6983,12.938539,77.5901,no2,4.5,2019-07-20T00:15:00+00:00
6983,12.938539,77.5901,no2,4.3,2019-07-20T00:30:00+00:00
6983,12.938539,77.5901,no2,4.9,2019-07-20T00:45:00+00:00
6983,12.938539,77.5901,no2,5.8,2019-07-20T01:00:00+00:00
6983,12.938539,77.5901,no2,6.4,2019-07-20T01:15:00+00:00
6983,12.938539,77.5901,no2,7.0,2019-07-20T01:30:00+00:00
6983,12.938539,77.5901,no2,7.1,2019-07-20T01:45:00+00:00
6983,12.938539,77.5901,no2,6.8,2019-07-20T02:00:00+00:00
6983,12.938539,77.5901,no2,7.0,2019-07-20T02:15:00+00:00
6983,12.938539,77.5901,no2,7.1,2019-07-20T02:30:00+00:00
6983,12.938539,77.5901,no2,7.7,2019-07-20T02:45:00+00:00
6983,12.938539,77.5901,no2,7.9,2019-07-20T03:00:00+00:00
6983,12.938539,77.5901,no2,8.3,2019-07-20T03:15:00+00:00
6983,12.938539,77.5901,no2,7.9,2019-07-20T03:30:00+00:00
6983,12.938539,77.5901,no2,7.5,2019-07-20T03:45:00+00:00
6983,12.938539,77.5901,no2,7.1,2019-07-20T04:00:00+00:00
6983,12.938539,77.5901,no2,6.6,2019-07-20T04:15:00+00:00
6983,12.938539,77.5901,no2,6.6,2019-07-20T04:30:00+00:00
6983,12.938539,77.5901,no2,6.8,2019-07-20T04:45:00+00:00
6983,12.938539,77.5901,no2,6.6,2019-07-20T05:00:00+00:00
6983,12.938539,77.5901,no2,6.6,2019-07-20T05:15:00+00:00
6983,12.938539,77.5901,no2,7.3,2019-07-20T05:45:00+00:00
6983,12.938539,77.5901,no2,6.8,2019-07-20T06:00:00+00:00
6983,12.938539,77.5901,no2,6.2,2019-07-20T06:15:00+00:00
6983,12.938539,77.5901,no2,6.0,2019-07-20T06:30:00+00:00
6983,12.938539,77.5901,no2,6.8,2019-07-20T06:45:00+00:00
6983,12.938539,77.5901,no2,7.7,2019-07-20T07:00:00+00:00
6983,12.938539,77.5901,no2,7.3,2019-07-20T07:15:00+00:00
6983,12.938539,77.5901,no2,7.3,2019-07-20T07:30:00+00:00
6983,12.938539,77.5901,no2,6.8,2019-07-20T07:45:00+00:00
6983,12.938539,77.5901,no2,6.6,2019-07-20T08:00:00+00:00
6983,12.938539,77.5901,no2,7.3,2019-07-20T08:15:00+00:00
6983,12.938539,77.5901,no2,6.8,2019-07-20T08:45:00+00:00
6983,12.938539,77.5901,no2,6.6,2019-07-20T09:00:00+00:00
6983,12.938539,77.5901,no2,6.6,2019-07-20T09:15:00+00:00
6983,12.938539,77.5901,no2,7.1,2019-07-20T09:30:00+00:00
6983,12.938539,77.5901,no2,7.7,2019-07-20T09:45:00+00:00
6983,12.938539,77.5901,no2,7.0,2019-07-20T10:00:00+00:00
6983,12.938539,77.5901,no2,7.1,2019-07-20T10:15:00+00:00
6983,12.938539,77.5901,no2,7.9,2019-07-20T10:30:00+00:00
6983,12.938539,77.5901,no2,7.9,2019-07-20T10:45:00+00:00
6983,12.938539,77.5901,no2,7.3,2019-07-20T11:00:00+00:00
6983,12.938539,77.5901,no2,7.1,2019-07-20T11:15:00+00:00
6983,12.938539,77.5901,no2,7.7,2019-07-20T11:30:00+00:00
6983,12.938539,77.5901,no2,9.0,2019-07-20T11:45:00+00:00
6983,12.938539,77.5901,no2,10.5,2019-07-20T12:00:00+00:00
6983,12.938539,77.5901,no2,10.7,2019-07-20T12:15:00+00:00
6983,12.938539,77.5901,no2,10.7,2019-07-20T12:30:00+00:00
6983,12.938539,77.5901,no2,10.3,2019-07-20T12:45:00+00:00
6983,12.938539,77.5901,no2,12.4,2019-07-20T13:00:00+00:00
6983,12.938539,77.5901,no2,13.2,2019-07-20T13:15:00+00:00
6983,12.938539,77.5901,no2,11.3,2019-07-20T13:30:00+00:00
6983,12.938539,77.5901,no2,12.4,2019-07-20T13:45:00+00:00
6983,12.938539,77.5901,no2,13.2,2019-07-20T14:00:00+00:00
6983,12.938539,77.5901,no2,13.3,2019-07-20T14:15:00+00:00
6983,12.938539,77.5901,no2,13.5,2019-07-20T14:30:00+00:00
6983,12.938539,77.5901,no2,13.2,2019-07-20T14:45:00+00:00
6983,12.938539,77.5901,no2,12.6,2019-07-20T15:00:00+00:00
6983,12.938539,77.5901,no2,10.5,2019-07-20T15:15:00+00:00
6983,12.938539,77.5901,no2,9.2,2019-07-20T15:30:00+00:00
6983,12.938539,77.5901,no2,8.5,2019-07-20T15:45:00+00:00
6983,12.938539,77.5901,no2,8.1,2019-07-20T16:00:00+00:00
6983,12.938539,77.5901,no2,8.1,2019-07-20T16:15:00+00:00
6983,12.938539,77.5901,no2,8.3,2019-07-20T16:30:00+00:00
6983,12.938539,77.5901,no2,8.5,2019-07-20T16:45:00+00:00
6983,12.938539,77.5901,no2,7.7,2019-07-20T17:00:00+00:00
6983,12.938539,77.5901,no2,6.6,2019-07-20T17:15:00+00:00
6983,12.938539,77.5901,no2,5.8,2019-07-20T17:30:00+00:00
6983,12.938539,77.5901,no2,5.5,2019-07-20T17:45:00+00:00
6983,12.938539,77.5901,no2,4.9,2019-07-20T18:00:00+00:00
6983,12.938539,77.5901,no2,4.1,2019-07-20T18:15:00+00:00
6983,12.938539,77.5901,so2,1.5,2019-07-19T18:45:00+00:00
6983,12.938539,77.5901,so2,1.4,2019-07-19T19:00:00+00:00
6983,12.938539,77.5901,so2,1.5,2019-07-19T19:15:00+00:00
6983,12.938539,77.5901,so2,1.6,2019-07-19T19:30:00+00:00
6983,12.938539,77.5901,so2,1.4,2019-07-19T19:45:00+00:00
6983,12.938539,77.5901,so2,1.5,2019-07-19T20:00:00+00:00
6983,12.938539,77.5901,so2,1.4,2019-07-19T20:15:00+00:00
6983,12.938539,77.5901,so2,1.3,2019-07-19T20:30:00+00:00
6983,12.938539,77.5901,so2,1.3,2019-07-19T20:45:00+00:00
6983,12.938539,77.5901,so2,1.3,2019-07-19T21:00:00+00:00
6983,12.938539,77.5901,so2,1.4,2019-07-19T21:15:00+00:00
6983,12.938539,77.5901,so2,1.5,2019-07-19T21:30:00+00:00
6983,12.938539,77.5901,so2,2.0,2019-07-19T21:45:00+00:00
6983,12.938539,77.5901,so2,2.1,2019-07-19T22:00:00+00:00
6983,12.938539,77.5901,so2,2.0,2019-07-19T22:15:00+00:00
6983,12.938539,77.5901,so2,1.8,2019-07-19T22:30:00+00:00
6983,12.938539,77.5901,so2,2.0,2019-07-19T22:45:00+00:00
6983,12.938539,77.5901,so2,1.6,2019-07-19T23:15:00+00:00
6983,12.938539,77.5901,so2,1.9,2019-07-19T23:30:00+00:00
6983,12.938539,77.5901,so2,1.9,2019-07-19T23:45:00+00:00
6983,12.938539,77.5901,so2,1.7,2019-07-20T00:00:00+00:00
6983,12.938539,77.5901,so2,1.6,2019-07-20T01:00:00+00:00
6983,12.938539,77.5901,so2,1.4,2019-07-20T01:15:00+00:00
6983,12.938539,77.5901,so2,1.6,2019-07-20T01:30:00+00:00
6983,12.938539,77.5901,so2,1.6,2019-07-20T01:45:00+00:00
6983,12.938539,77.5901,so2,1.7,2019-07-20T02:00:00+00:00
6983,12.938539,77.5901,so2,1.9,2019-07-20T02:15:00+00:00
6983,12.938539,77.5901,so2,1.7,2019-07-20T02:30:00+00:00
6983,12.938539,77.5901,so2,1.5,2019-07-20T02:45:00+00:00
6983,12.938539,77.5901,so2,1.5,2019-07-20T03:00:00+00:00
6983,12.938539,77.5901,so2,1.5,2019-07-20T03:15:00+00:00
6983,12.938539,77.5901,so2,1.5,2019-07-20T03:30:00+00:00
6983,12.938539,77.5901,so2,1.5,2019-07-20T03:45:00+00:00
6983,12.938539,77.5901,so2,1.5,2019-07-20T04:00:00+00:00
6983,12.938539,77.5901,so2,1.5,2019-07-20T04:15:00+00:00
6983,12.938539,77.5901,so2,1.5,2019-07-20T04:30:00+00:00
6983,12.938539,77.5901,so2,1.4,2019-07-20T04:45:00+00:00
6983,12.938539,77.5901,so2,1.6,2019-07-20T05:00:00+00:00
6983,12.938539,77.5901,so2,1.7,2019-07-20T05:15:00+00:00
6983,12.938539,77.5901,so2,1.8,2019-07-20T05:45:00+00:00
6983,12.938539,77.5901,so2,1.8,2019-07-20T06:00:00+00:00
6983,12.938539,77.5901,so2,1.8,2019-07-20T06:15:00+00:00
6983,12.938539,77.5901,so2,1.9,2019-07-20T06:30:00+00:00
6983,12.938539,77.5901,so2,2.0,2019-07-20T06:45:00+00:00
6983,12.938539,77.5901,so2,1.6,2019-07-20T07:00:00+00:00
6983,12.938539,77.5901,so2,1.6,2019-07-20T07:15:00+00:00
6983,12.938539,77.5901,so2,1.5,2019-07-20T07:30:00+00:00
6983,12.938539,77.5901,so2,1.9,2019-07-20T07:45:00+00:00
6983,12.938539,77.5901,so2,1.8,2019-07-20T08:00:00+00:00
6983,12.938539,77.5901,so2,1.3,2019-07-20T08:15:00+00:00
6983,12.938539,77.5901,so2,1.3,2019-07-20T08:45:00+00:00
6983,12.938539,77.5901,so2,1.1,2019-07-20T09:00:00+00:00
6983,12.938539,77.5901,so2,0.9,2019-07-20T09:15:00+00:00
6983,12.938539,77.5901,so2,1.0,2019-07-20T09:30:00+00:00
6983,12.938539,77.5901,so2,1.2,2019-07-20T09:45:00+00:00
6983,12.938539,77.5901,so2,1.4,2019-07-20T10:00:00+00:00
6983,12.938539,77.5901,so2,1.8,2019-07-20T10:15:00+00:00
6983,12.938539,77.5901,so2,1.8,2019-07-20T10:30:00+00:00
6983,12.938539,77.5901,so2,1.7,2019-07-20T10:45:00+00:00
6983,12.938539,77.5901,so2,1.6,2019-07-20T11:00:00+00:00
6983,12.938539,77.5901,so2,1.7,2019-07-20T11:15:00+00:00
6983,12.938539,77.5901,so2,1.6,2019-07-20T11:30:00+00:00
6983,12.938539,77.5901,so2,1.6,2019-07-20T11:45:00+00:00
6983,12.938539,77.5901,so2,1.6,2019-07-20T12:00:00+00:00
6983,12.938539,77.5901,so2,1.5,2019-07-20T12:15:00+00:00
6983,12.938539,77.5901,so2,1.7,2019-07-20T12:30:00+00:00
6983,12.938539,77.5901,so2,1.5,2019-07-20T12:45:00+00:00
6983,12.938539,77.5901,so2,1.7,2019-07-20T13:00:00+00:00
6983,12.938539,77.5901,so2,1.7,2019-07-20T13:15:00+00:00
6983,12.938539,77.5901,so2,1.5,2019-07-20T13:30:00+00:00
6983,12.938539,77.5901,so2,1.9,2019-07-20T13:45:00+00:00
6983,12.938539,77.5901,so2,2.1,2019-07-20T14:00:00+00:00
6983,12.938539,77.5901,so2,2.2,2019-07-20T14:15:00+00:00
6983,12.938539,77.5901,so2,1.8,2019-07-20T14:30:00+00:00
6983,12.938539,77.5901,so2,1.5,2019-07-20T14:45:00+00:00
6983,12.938539,77.5901,so2,1.7,2019-07-20T15:00:00+00:00
6983,12.938539,77.5901,so2,1.5,2019-07-20T15:15:00+00:00
6983,12.938539,77.5901,so2,1.5,2019-07-20T15:30:00+00:00
6983,12.938539,77.5901,so2,1.4,2019-07-20T15:45:00+00:00
6983,12.938539,77.5901,so2,1.5,2019-07-20T16:00:00+00:00
6983,12.938539,77.5901,so2,1.5,2019-07-20T16:15:00+00:00
6983,12.938539,77.5901,so2,1.5,2019-07-20T16:30:00+00:00
6983,12.938539,77.5901,so2,1.7,2019-07-20T16:45:00+00:00
6983,12.938539,77.5901,so2,1.5,2019-07-20T17:00:00+00:00
6983,12.938539,77.5901,so2,1.4,2019-07-20T17:15:00+00:00
6983,12.938539,77.5901,so2,1.3,2019-07-20T17:30:00+00:00
6983,12.938539,77.5901,so2,1.5,2019-07-20T17:45:00+00:00
6983,12.938539,77.5901,so2,1.8,2019-07-20T18:00:00+00:00
6983,12.938539,77.5901,pm10,15.0,2019-07-20T18:45:00+00:00
6983,12.938539,77.5901,pm10,13.0,2019-07-20T19:15:00+00:00
6983,12.938539,77.5901,pm10,13.0,2019-07-20T19:30:00+00:00
6983,12.938539,77.5901,pm10,13.0,2019-07-20T19:45:00+00:00
6983,12.938539,77.5901,pm10,13.0,2019-07-20T20:00:00+00:00
6983,12.938539,77.5901,pm10,18.0,2019-07-20T20:15:00+00:00
6983,12.938539,77.5901,pm10,18.0,2019-07-20T20:30:00+00:00
6983,12.938539,77.5901,pm10,18.0,2019-07-20T20:45:00+00:00
6983,12.938539,77.5901,pm10,15.0,2019-07-20T21:15:00+00:00
6983,12.938539,77.5901,pm10,15.0,2019-07-20T21:30:00+00:00
6983,12.938539,77.5901,pm10,15.0,2019-07-20T21:45:00+00:00
6983,12.938539,77.5901,pm10,15.0,2019-07-20T22:00:00+00:00
6983,12.938539,77.5901,pm10,15.0,2019-07-20T22:15:00+00:00
6983,12.938539,77.5901,pm10,15.0,2019-07-20T22:30:00+00:00
6983,12.938539,77.5901,pm10,15.0,2019-07-20T22:45:00+00:00
6983,12.938539,77.5901,pm10,15.0,2019-07-20T23:00:00+00:00
6983,12.938539,77.5901,pm10,15.0,2019-07-20T23:15:00+00:00
6983,12.938539,77.5901,pm10,15.0,2019-07-20T23:30:00+00:00
6983,12.938539,77.5901,pm10,15.0,2019-07-20T23:45:00+00:00
6983,12.938539,77.5901,pm10,15.0,2019-07-21T00:00:00+00:00
6983,12.938539,77.5901,pm10,20.0,2019-07-21T00:15:00+00:00
6983,12.938539,77.5901,pm10,20.0,2019-07-21T00:30:00+00:00
6983,12.938539,77.5901,pm10,20.0,2019-07-21T00:45:00+00:00
6983,12.938539,77.5901,pm10,20.0,2019-07-21T01:00:00+00:00
6983,12.938539,77.5901,pm10,22.0,2019-07-21T01:15:00+00:00
6983,12.938539,77.5901,pm10,22.0,2019-07-21T01:30:00+00:00
6983,12.938539,77.5901,pm10,22.0,2019-07-21T01:45:00+00:00
6983,12.938539,77.5901,pm10,22.0,2019-07-21T02:00:00+00:00
6983,12.938539,77.5901,pm10,20.0,2019-07-21T02:15:00+00:00
6983,12.938539,77.5901,pm10,20.0,2019-07-21T02:45:00+00:00
6983,12.938539,77.5901,pm10,20.0,2019-07-21T03:00:00+00:00
6983,12.938539,77.5901,pm10,24.0,2019-07-21T03:15:00+00:00
6983,12.938539,77.5901,pm10,24.0,2019-07-21T03:30:00+00:00
6983,12.938539,77.5901,pm10,24.0,2019-07-21T03:45:00+00:00
6983,12.938539,77.5901,pm10,24.0,2019-07-21T04:00:00+00:00
6983,12.938539,77.5901,pm10,20.0,2019-07-21T04:15:00+00:00
6983,12.938539,77.5901,pm10,20.0,2019-07-21T04:30:00+00:00
6983,12.938539,77.5901,pm10,20.0,2019-07-21T04:45:00+00:00
6983,12.938539,77.5901,pm10,20.0,2019-07-21T05:00:00+00:00
6983,12.938539,77.5901,pm10,21.0,2019-07-21T05:15:00+00:00
6983,12.938539,77.5901,pm10,21.0,2019-07-21T05:30:00+00:00
6983,12.938539,77.5901,pm10,24.0,2019-07-21T07:00:00+00:00
6983,12.938539,77.5901,pm10,19.0,2019-07-21T07:15:00+00:00
6983,12.938539,77.5901,pm10,19.0,2019-07-21T07:30:00+00:00
6983,12.938539,77.5901,pm10,19.0,2019-07-21T07:45:00+00:00
6983,12.938539,77.5901,pm10,19.0,2019-07-21T08:00:00+00:00
6983,12.938539,77.5901,pm10,14.0,2019-07-21T08:15:00+00:00
6983,12.938539,77.5901,pm10,14.0,2019-07-21T08:30:00+00:00
6983,12.938539,77.5901,pm10,14.0,2019-07-21T08:45:00+00:00
6983,12.938539,77.5901,pm10,14.0,2019-07-21T09:00:00+00:00
6983,12.938539,77.5901,pm10,17.0,2019-07-21T09:15:00+00:00
6983,12.938539,77.5901,pm10,17.0,2019-07-21T09:30:00+00:00
6983,12.938539,77.5901,pm10,17.0,2019-07-21T09:45:00+00:00
6983,12.938539,77.5901,pm10,17.0,2019-07-21T10:00:00+00:00
6983,12.938539,77.5901,pm10,9.0,2019-07-21T10:15:00+00:00
6983,12.938539,77.5901,pm10,9.0,2019-07-21T10:30:00+00:00
6983,12.938539,77.5901,pm10,9.0,2019-07-21T10:45:00+00:00
6983,12.938539,77.5901,pm10,9.0,2019-07-21T11:00:00+00:00
6983,12.938539,77.5901,pm10,12.0,2019-07-21T11:15:00+00:00
6983,12.938539,77.5901,pm10,12.0,2019-07-21T11:30:00+00:00
6983,12.938539,77.5901,pm10,12.0,2019-07-21T11:45:00+00:00
6983,12.938539,77.5901,pm10,12.0,2019-07-21T12:00:00+00:00
6983,12.938539,77.5901,pm10,18.0,2019-07-21T12:15:00+00:00
6983,12.938539,77.5901,pm10,18.0,2019-07-21T12:30:00+00:00
6983,12.938539,77.5901,pm10,18.0,2019-07-21T12:45:00+00:00
6983,12.938539,77.5901,pm10,18.0,2019-07-21T13:00:00+00:00
6983,12.938539,77.5901,pm10,22.0,2019-07-21T13:15:00+00:00
6983,12.938539,77.5901,pm10,22.0,2019-07-21T13:30:00+00:00
6983,12.938539,77.5901,pm10,22.0,2019-07-21T13:45:00+00:00
6983,12.938539,77.5901,pm10,22.0,2019-07-21T14:00:00+00:00
6983,12.938539,77.5901,pm10,23.0,2019-07-21T14:15:00+00:00
6983,12.938539,77.5901,pm10,23.0,2019-07-21T14:30:00+00:00
6983,12.938539,77.5901,pm10,23.0,2019-07-21T14:45:00+00:00
6983,12.938539,77.5901,pm10,23.0,2019-07-21T15:00:00+00:00
6983,12.938539,77.5901,pm10,15.0,2019-07-21T15:15:00+00:00
6983,12.938539,77.5901,pm10,15.0,2019-07-21T15:30:00+00:00
6983,12.938539,77.5901,pm10,15.0,2019-07-21T15:45:00+00:00
6983,12.938539,77.5901,pm10,15.0,2019-07-21T16:00:00+00:00
6983,12.938539,77.5901,pm10,24.0,2019-07-21T16:15:00+00:00
6983,12.938539,77.5901,pm10,24.0,2019-07-21T16:30:00+00:00
6983,12.938539,77.5901,pm10,24.0,2019-07-21T16:45:00+00:00
6983,12.938539,77.5901,pm10,24.0,2019-07-21T17:00:00+00:00
6983,12.938539,77.5901,pm10,16.0,2019-07-21T17:15:00+00:00
6983,12.938539,77.5901,pm10,16.0,2019-07-21T17:30:00+00:00
6983,12.938539,77.5901,pm10,16.0,2019-07-21T17:45:00+00:00
6983,12.938539,77.5901,pm10,16.0,2019-07-21T18:00:00+00:00
6983,12.938539,77.5901,pm10,16.0,2019-07-21T18:15:00+00:00
6983,12.938539,77.5901,pm10,16.0,2019-07-21T18:30:00+00:00
6983,12.938539,77.5901,pm25,6.0,2019-07-20T18:45:00+00:00
6983,12.938539,77.5901,pm25,6.0,2019-07-20T19:15:00+00:00
6983,12.938539,77.5901,pm25,6.0,2019-07-20T19:30:00+00:00
6983,12.938539,77.5901,pm25,6.0,2019-07-20T19:45:00+00:00
6983,12.938539,77.5901,pm25,6.0,2019-07-20T20:00:00+00:00
6983,12.938539,77.5901,pm25,6.0,2019-07-20T20:15:00+00:00
6983,12.938539,77.5901,pm25,6.0,2019-07-20T20:30:00+00:00
6983,12.938539,77.5901,pm25,6.0,2019-07-20T20:45:00+00:00
6983,12.938539,77.5901,pm25,6.0,2019-07-20T21:15:00+00:00
6983,12.938539,77.5901,pm25,6.0,2019-07-20T21:30:00+00:00
6983,12.938539,77.5901,pm25,6.0,2019-07-20T21:45:00+00:00
6983,12.938539,77.5901,pm25,6.0,2019-07-20T22:00:00+00:00
6983,12.938539,77.5901,pm25,6.0,2019-07-20T22:15:00+00:00
6983,12.938539,77.5901,pm25,6.0,2019-07-20T22:30:00+00:00
6983,12.938539,77.5901,pm25,6.0,2019-07-20T22:45:00+00:00
6983,12.938539,77.5901,pm25,6.0,2019-07-20T23:00:00+00:00
6983,12.938539,77.5901,pm25,6.0,2019-07-20T23:15:00+00:00
6983,12.938539,77.5901,pm25,6.0,2019-07-20T23:30:00+00:00
6983,12.938539,77.5901,pm25,6.0,2019-07-20T23:45:00+00:00
6983,12.938539,77.5901,pm25,6.0,2019-07-21T00:00:00+00:00
6983,12.938539,77.5901,pm25,3.0,2019-07-21T00:15:00+00:00
6983,12.938539,77.5901,pm25,3.0,2019-07-21T00:30:00+00:00
6983,12.938539,77.5901,pm25,3.0,2019-07-21T00:45:00+00:00
6983,12.938539,77.5901,pm25,3.0,2019-07-21T01:00:00+00:00
6983,12.938539,77.5901,pm25,5.0,2019-07-21T01:15:00+00:00
6983,12.938539,77.5901,pm25,5.0,2019-07-21T01:30:00+00:00
6983,12.938539,77.5901,pm25,5.0,2019-07-21T01:45:00+00:00
6983,12.938539,77.5901,pm25,5.0,2019-07-21T02:00:00+00:00
6983,12.938539,77.5901,pm25,5.0,2019-07-21T02:15:00+00:00
6983,12.938539,77.5901,pm25,5.0,2019-07-21T02:45:00+00:00
6983,12.938539,77.5901,pm25,5.0,2019-07-21T03:00:00+00:00
6983,12.938539,77.5901,pm25,7.0,2019-07-21T03:15:00+00:00
6983,12.938539,77.5901,pm25,7.0,2019-07-21T03:30:00+00:00
6983,12.938539,77.5901,pm25,7.0,2019-07-21T03:45:00+00:00
6983,12.938539,77.5901,pm25,7.0,2019-07-21T04:00:00+00:00
6983,12.938539,77.5901,pm25,7.0,2019-07-21T04:15:00+00:00
6983,12.938539,77.5901,pm25,7.0,2019-07-21T04:30:00+00:00
6983,12.938539,77.5901,pm25,7.0,2019-07-21T04:45:00+00:00
6983,12.938539,77.5901,pm25,7.0,2019-07-21T05:00:00+00:00
6983,12.938539,77.5901,pm25,5.0,2019-07-21T05:15:00+00:00
6983,12.938539,77.5901,pm25,5.0,2019-07-21T05:30:00+00:00
6983,12.938539,77.5901,pm25,4.0,2019-07-21T07:00:00+00:00
6983,12.938539,77.5901,pm25,4.0,2019-07-21T07:15:00+00:00
6983,12.938539,77.5901,pm25,4.0,2019-07-21T07:30:00+00:00
6983,12.938539,77.5901,pm25,4.0,2019-07-21T07:45:00+00:00
6983,12.938539,77.5901,pm25,4.0,2019-07-21T08:00:00+00:00
6983,12.938539,77.5901,pm25,2.0,2019-07-21T08:15:00+00:00
6983,12.938539,77.5901,pm25,2.0,2019-07-21T08:30:00+00:00
6983,12.938539,77.5901,pm25,2.0,2019-07-21T08:45:00+00:00
6983,12.938539,77.5901,pm25,2.0,2019-07-21T09:00:00+00:00
6983,12.938539,77.5901,pm25,3.0,2019-07-21T09:15:00+00:00
6983,12.938539,77.5901,pm25,3.0,2019-07-21T09:30:00+00:00
6983,12.938539,77.5901,pm25,3.0,2019-07-21T09:45:00+00:00
6983,12.938539,77.5901,pm25,3.0,2019-07-21T10:00:00+00:00
6983,12.938539,77.5901,pm25,7.0,2019-07-21T10:15:00+00:00
6983,12.938539,77.5901,pm25,7.0,2019-07-21T10:30:00+00:00
6983,12.938539,77.5901,pm25,7.0,2019-07-21T10:45:00+00:00
6983,12.938539,77.5901,pm25,7.0,2019-07-21T11:00:00+00:00
6983,12.938539,77.5901,pm25,7.0,2019-07-21T11:15:00+00:00
6983,12.938539,77.5901,pm25,7.0,2019-07-21T11:30:00+00:00
6983,12.938539,77.5901,pm25,7.0,2019-07-21T11:45:00+00:00
6983,12.938539,77.5901,pm25,7.0,2019-07-21T12:00:00+00:00
6983,12.938539,77.5901,pm25,8.0,2019-07-21T12:15:00+00:00
6983,12.938539,77.5901,pm25,8.0,2019-07-21T12:30:00+00:00
6983,12.938539,77.5901,pm25,8.0,2019-07-21T12:45:00+00:00
6983,12.938539,77.5901,pm25,8.0,2019-07-21T13:00:00+00:00
6983,12.938539,77.5901,pm25,14.0,2019-07-21T13:15:00+00:00
6983,12.938539,77.5901,pm25,14.0,2019-07-21T13:30:00+00:00
6983,12.938539,77.5901,pm25,14.0,2019-07-21T13:45:00+00:00
6983,12.938539,77.5901,pm25,14.0,2019-07-21T14:00:00+00:00
6983,12.938539,77.5901,pm25,9.0,2019-07-21T14:15:00+00:00
6983,12.938539,77.5901,pm25,9.0,2019-07-21T14:30:00+00:00
6983,12.938539,77.5901,pm25,9.0,2019-07-21T14:45:00+00:00
6983,12.938539,77.5901,pm25,9.0,2019-07-21T15:00:00+00:00
6983,12.938539,77.5901,pm25,8.0,2019-07-21T15:15:00+00:00
6983,12.938539,77.5901,pm25,8.0,2019-07-21T15:30:00+00:00
6983,12.938539,77.5901,pm25,8.0,2019-07-21T15:45:00+00:00
6983,12.938539,77.5901,pm25,8.0,2019-07-21T16:00:00+00:00
6983,12.938539,77.5901,pm25,7.0,2019-07-21T16:15:00+00:00
6983,12.938539,77.5901,pm25,7.0,2019-07-21T16:30:00+00:00
6983,12.938539,77.5901,pm25,7.0,2019-07-21T16:45:00+00:00
6983,12.938539,77.5901,pm25,7.0,2019-07-21T17:00:00+00:00
6983,12.938539,77.5901,pm25,5.0,2019-07-21T17:15:00+00:00
6983,12.938539,77.5901,pm25,5.0,2019-07-21T17:30:00+00:00
6983,12.938539,77.5901,pm25,5.0,2019-07-21T17:45:00+00:00
6983,12.938539,77.5901,pm25,5.0,2019-07-21T18:00:00+00:00
6983,12.938539,77.5901,pm25,5.0,2019-07-21T18:15:00+00:00
6983,12.938539,77.5901,pm25,5.0,2019-07-21T18:30:00+00:00
6983,12.938539,77.5901,co,0.31,2019-07-20T18:45:00+00:00
6983,12.938539,77.5901,co,0.3,2019-07-20T19:15:00+00:00
6983,12.938539,77.5901,co,0.32,2019-07-20T19:30:00+00:00
6983,12.938539,77.5901,co,0.31,2019-07-20T19:45:00+00:00
6983,12.938539,77.5901,co,0.32,2019-07-20T20:00:00+00:00
6983,12.938539,77.5901,co,0.32,2019-07-20T20:15:00+00:00
6983,12.938539,77.5901,co,0.32,2019-07-20T20:30:00+00:00
6983,12.938539,77.5901,co,0.32,2019-07-20T20:45:00+00:00
6983,12.938539,77.5901,co,0.32,2019-07-20T21:15:00+00:00
6983,12.938539,77.5901,co,0.29,2019-07-20T21:30:00+00:00
6983,12.938539,77.5901,co,0.26,2019-07-20T21:45:00+00:00
6983,12.938539,77.5901,co,0.25,2019-07-20T22:00:00+00:00
6983,12.938539,77.5901,co,0.27,2019-07-20T23:15:00+00:00
6983,12.938539,77.5901,co,0.26,2019-07-20T23:30:00+00:00
6983,12.938539,77.5901,co,0.26,2019-07-20T23:45:00+00:00
6983,12.938539,77.5901,co,0.26,2019-07-21T00:00:00+00:00
6983,12.938539,77.5901,co,0.27,2019-07-21T00:15:00+00:00
6983,12.938539,77.5901,co,0.27,2019-07-21T00:30:00+00:00
6983,12.938539,77.5901,co,0.29,2019-07-21T00:45:00+00:00
6983,12.938539,77.5901,co,0.29,2019-07-21T01:00:00+00:00
6983,12.938539,77.5901,co,0.3,2019-07-21T01:15:00+00:00
6983,12.938539,77.5901,co,0.31,2019-07-21T01:30:00+00:00
6983,12.938539,77.5901,co,0.34,2019-07-21T01:45:00+00:00
6983,12.938539,77.5901,co,0.37,2019-07-21T02:00:00+00:00
6983,12.938539,77.5901,co,0.35,2019-07-21T02:15:00+00:00
6983,12.938539,77.5901,co,0.4,2019-07-21T02:45:00+00:00
6983,12.938539,77.5901,co,0.4,2019-07-21T03:00:00+00:00
6983,12.938539,77.5901,co,0.38,2019-07-21T03:15:00+00:00
6983,12.938539,77.5901,co,0.41,2019-07-21T03:30:00+00:00
6983,12.938539,77.5901,co,0.4,2019-07-21T03:45:00+00:00
6983,12.938539,77.5901,co,0.4,2019-07-21T04:00:00+00:00
6983,12.938539,77.5901,co,0.4,2019-07-21T04:15:00+00:00
6983,12.938539,77.5901,co,0.42,2019-07-21T04:30:00+00:00
6983,12.938539,77.5901,co,0.42,2019-07-21T04:45:00+00:00
6983,12.938539,77.5901,co,0.42,2019-07-21T05:00:00+00:00
6983,12.938539,77.5901,co,0.45,2019-07-21T05:15:00+00:00
6983,12.938539,77.5901,co,0.47,2019-07-21T05:30:00+00:00
6983,12.938539,77.5901,co,0.38,2019-07-21T07:00:00+00:00
6983,12.938539,77.5901,co,0.42,2019-07-21T07:15:00+00:00
6983,12.938539,77.5901,co,0.4,2019-07-21T07:30:00+00:00
6983,12.938539,77.5901,co,0.4,2019-07-21T07:45:00+00:00
6983,12.938539,77.5901,co,0.44,2019-07-21T08:00:00+00:00
6983,12.938539,77.5901,co,0.41,2019-07-21T08:15:00+00:00
6983,12.938539,77.5901,co,0.41,2019-07-21T08:30:00+00:00
6983,12.938539,77.5901,co,0.39,2019-07-21T08:45:00+00:00
6983,12.938539,77.5901,co,0.37,2019-07-21T09:00:00+00:00
6983,12.938539,77.5901,co,0.37,2019-07-21T09:15:00+00:00
6983,12.938539,77.5901,co,0.35,2019-07-21T09:30:00+00:00
6983,12.938539,77.5901,co,0.33,2019-07-21T09:45:00+00:00
6983,12.938539,77.5901,co,0.38,2019-07-21T10:00:00+00:00
6983,12.938539,77.5901,co,0.39,2019-07-21T10:15:00+00:00
6983,12.938539,77.5901,co,0.46,2019-07-21T10:30:00+00:00
6983,12.938539,77.5901,co,0.52,2019-07-21T10:45:00+00:00
6983,12.938539,77.5901,co,0.64,2019-07-21T11:00:00+00:00
6983,12.938539,77.5901,co,0.76,2019-07-21T11:15:00+00:00
6983,12.938539,77.5901,co,0.74,2019-07-21T11:30:00+00:00
6983,12.938539,77.5901,co,0.69,2019-07-21T11:45:00+00:00
6983,12.938539,77.5901,co,0.73,2019-07-21T12:00:00+00:00
6983,12.938539,77.5901,co,0.85,2019-07-21T12:15:00+00:00
6983,12.938539,77.5901,co,0.97,2019-07-21T12:30:00+00:00
6983,12.938539,77.5901,co,0.93,2019-07-21T12:45:00+00:00
6983,12.938539,77.5901,co,0.97,2019-07-21T13:00:00+00:00
6983,12.938539,77.5901,co,0.92,2019-07-21T13:15:00+00:00
6983,12.938539,77.5901,co,0.79,2019-07-21T13:30:00+00:00
6983,12.938539,77.5901,co,0.8,2019-07-21T13:45:00+00:00
6983,12.938539,77.5901,co,0.78,2019-07-21T14:00:00+00:00
6983,12.938539,77.5901,co,0.7,2019-07-21T14:15:00+00:00
6983,12.938539,77.5901,co,0.6,2019-07-21T14:30:00+00:00
6983,12.938539,77.5901,co,0.57,2019-07-21T14:45:00+00:00
6983,12.938539,77.5901,co,0.66,2019-07-21T15:00:00+00:00
6983,12.938539,77.5901,co,0.82,2019-07-21T15:15:00+00:00
6983,12.938539,77.5901,co,0.72,2019-07-21T15:30:00+00:00
6983,12.938539,77.5901,co,0.68,2019-07-21T15:45:00+00:00
6983,12.938539,77.5901,co,0.71,2019-07-21T16:00:00+00:00
6983,12.938539,77.5901,co,0.58,2019-07-21T16:15:00+00:00
6983,12.938539,77.5901,co,0.54,2019-07-21T16:30:00+00:00
6983,12.938539,77.5901,co,0.48,2019-07-21T16:45:00+00:00
6983,12.938539,77.5901,co,0.44,2019-07-21T17:00:00+00:00
6983,12.938539,77.5901,co,0.41,2019-07-21T17:15:00+00:00
6983,12.938539,77.5901,co,0.44,2019-07-21T17:30:00+00:00
6983,12.938539,77.5901,co,0.4,2019-07-21T17:45:00+00:00
6983,12.938539,77.5901,co,0.49,2019-07-21T18:00:00+00:00
6983,12.938539,77.5901,co,0.37,2019-07-21T18:30:00+00:00
6983,12.938539,77.5901,no2,3.0,2019-07-20T18:45:00+00:00
6983,12.938539,77.5901,no2,2.6,2019-07-20T19:15:00+00:00
6983,12.938539,77.5901,no2,2.6,2019-07-20T19:30:00+00:00
6983,12.938539,77.5901,no2,2.8,2019-07-20T19:45:00+00:00
6983,12.938539,77.5901,no2,2.6,2019-07-20T20:00:00+00:00
6983,12.938539,77.5901,no2,2.6,2019-07-20T20:15:00+00:00
6983,12.938539,77.5901,no2,2.6,2019-07-20T20:30:00+00:00
6983,12.938539,77.5901,no2,2.4,2019-07-20T20:45:00+00:00
6983,12.938539,77.5901,no2,2.4,2019-07-20T21:15:00+00:00
6983,12.938539,77.5901,no2,2.1,2019-07-20T21:30:00+00:00
6983,12.938539,77.5901,no2,1.7,2019-07-20T21:45:00+00:00
6983,12.938539,77.5901,no2,1.5,2019-07-20T22:00:00+00:00
6983,12.938539,77.5901,no2,1.5,2019-07-20T22:15:00+00:00
6983,12.938539,77.5901,no2,1.7,2019-07-20T22:30:00+00:00
6983,12.938539,77.5901,no2,1.9,2019-07-20T22:45:00+00:00
6983,12.938539,77.5901,no2,1.9,2019-07-20T23:00:00+00:00
6983,12.938539,77.5901,no2,2.8,2019-07-21T00:15:00+00:00
6983,12.938539,77.5901,no2,2.8,2019-07-21T00:30:00+00:00
6983,12.938539,77.5901,no2,3.2,2019-07-21T00:45:00+00:00
6983,12.938539,77.5901,no2,3.9,2019-07-21T01:00:00+00:00
6983,12.938539,77.5901,no2,4.1,2019-07-21T01:15:00+00:00
6983,12.938539,77.5901,no2,4.3,2019-07-21T01:30:00+00:00
6983,12.938539,77.5901,no2,3.9,2019-07-21T01:45:00+00:00
6983,12.938539,77.5901,no2,3.9,2019-07-21T02:00:00+00:00
6983,12.938539,77.5901,no2,4.7,2019-07-21T02:15:00+00:00
6983,12.938539,77.5901,no2,5.1,2019-07-21T02:45:00+00:00
6983,12.938539,77.5901,no2,5.1,2019-07-21T03:00:00+00:00
6983,12.938539,77.5901,no2,5.3,2019-07-21T03:15:00+00:00
6983,12.938539,77.5901,no2,5.3,2019-07-21T03:30:00+00:00
6983,12.938539,77.5901,no2,4.9,2019-07-21T03:45:00+00:00
6983,12.938539,77.5901,no2,4.5,2019-07-21T04:00:00+00:00
6983,12.938539,77.5901,no2,4.3,2019-07-21T04:15:00+00:00
6983,12.938539,77.5901,no2,4.3,2019-07-21T04:30:00+00:00
6983,12.938539,77.5901,no2,4.5,2019-07-21T04:45:00+00:00
6983,12.938539,77.5901,no2,4.5,2019-07-21T05:00:00+00:00
6983,12.938539,77.5901,no2,5.5,2019-07-21T05:15:00+00:00
6983,12.938539,77.5901,no2,6.0,2019-07-21T05:30:00+00:00
6983,12.938539,77.5901,no2,5.6,2019-07-21T07:00:00+00:00
6983,12.938539,77.5901,no2,5.3,2019-07-21T07:15:00+00:00
6983,12.938539,77.5901,no2,4.9,2019-07-21T07:30:00+00:00
6983,12.938539,77.5901,no2,4.9,2019-07-21T07:45:00+00:00
6983,12.938539,77.5901,no2,5.5,2019-07-21T08:00:00+00:00
6983,12.938539,77.5901,no2,5.5,2019-07-21T08:15:00+00:00
6983,12.938539,77.5901,no2,5.5,2019-07-21T08:30:00+00:00
6983,12.938539,77.5901,no2,5.3,2019-07-21T08:45:00+00:00
6983,12.938539,77.5901,no2,4.7,2019-07-21T09:00:00+00:00
6983,12.938539,77.5901,no2,3.8,2019-07-21T09:15:00+00:00
6983,12.938539,77.5901,no2,4.5,2019-07-21T09:30:00+00:00
6983,12.938539,77.5901,no2,4.5,2019-07-21T09:45:00+00:00
6983,12.938539,77.5901,no2,4.5,2019-07-21T10:00:00+00:00
6983,12.938539,77.5901,no2,4.9,2019-07-21T10:15:00+00:00
6983,12.938539,77.5901,no2,6.4,2019-07-21T10:30:00+00:00
6983,12.938539,77.5901,no2,8.6,2019-07-21T10:45:00+00:00
6983,12.938539,77.5901,no2,11.8,2019-07-21T11:00:00+00:00
6983,12.938539,77.5901,no2,15.0,2019-07-21T11:15:00+00:00
6983,12.938539,77.5901,no2,16.5,2019-07-21T11:30:00+00:00
6983,12.938539,77.5901,no2,15.2,2019-07-21T11:45:00+00:00
6983,12.938539,77.5901,no2,14.9,2019-07-21T12:00:00+00:00
6983,12.938539,77.5901,no2,17.1,2019-07-21T12:15:00+00:00
6983,12.938539,77.5901,no2,20.7,2019-07-21T12:30:00+00:00
6983,12.938539,77.5901,no2,21.4,2019-07-21T12:45:00+00:00
6983,12.938539,77.5901,no2,21.8,2019-07-21T13:00:00+00:00
6983,12.938539,77.5901,no2,23.1,2019-07-21T13:15:00+00:00
6983,12.938539,77.5901,no2,21.1,2019-07-21T13:30:00+00:00
6983,12.938539,77.5901,no2,21.1,2019-07-21T13:45:00+00:00
6983,12.938539,77.5901,no2,21.4,2019-07-21T14:00:00+00:00
6983,12.938539,77.5901,no2,20.5,2019-07-21T14:15:00+00:00
6983,12.938539,77.5901,no2,17.9,2019-07-21T14:30:00+00:00
6983,12.938539,77.5901,no2,15.6,2019-07-21T14:45:00+00:00
6983,12.938539,77.5901,no2,16.0,2019-07-21T15:00:00+00:00
6983,12.938539,77.5901,no2,18.4,2019-07-21T15:15:00+00:00
6983,12.938539,77.5901,no2,18.8,2019-07-21T15:30:00+00:00
6983,12.938539,77.5901,no2,16.9,2019-07-21T15:45:00+00:00
6983,12.938539,77.5901,no2,17.5,2019-07-21T16:00:00+00:00
6983,12.938539,77.5901,no2,16.7,2019-07-21T16:15:00+00:00
6983,12.938539,77.5901,no2,13.7,2019-07-21T16:30:00+00:00
6983,12.938539,77.5901,no2,11.5,2019-07-21T16:45:00+00:00
6983,12.938539,77.5901,no2,9.4,2019-07-21T17:00:00+00:00
6983,12.938539,77.5901,no2,8.3,2019-07-21T17:15:00+00:00
6983,12.938539,77.5901,no2,8.3,2019-07-21T17:30:00+00:00
6983,12.938539,77.5901,no2,8.1,2019-07-21T17:45:00+00:00
6983,12.938539,77.5901,no2,7.5,2019-07-21T18:00:00+00:00
6983,12.938539,77.5901,no2,7.0,2019-07-21T18:15:00+00:00
6983,12.938539,77.5901,no2,6.2,2019-07-21T18:30:00+00:00
6983,12.938539,77.5901,so2,1.1,2019-07-20T18:45:00+00:00
6983,12.938539,77.5901,so2,0.7,2019-07-20T19:15:00+00:00
6983,12.938539,77.5901,so2,0.8,2019-07-20T19:30:00+00:00
6983,12.938539,77.5901,so2,0.8,2019-07-20T19:45:00+00:00
6983,12.938539,77.5901,so2,0.8,2019-07-20T20:00:00+00:00
6983,12.938539,77.5901,so2,0.8,2019-07-20T20:15:00+00:00
6983,12.938539,77.5901,so2,1.0,2019-07-20T20:30:00+00:00
6983,12.938539,77.5901,so2,0.8,2019-07-20T20:45:00+00:00
6983,12.938539,77.5901,so2,0.8,2019-07-20T21:15:00+00:00
6983,12.938539,77.5901,so2,0.9,2019-07-20T21:30:00+00:00
6983,12.938539,77.5901,so2,0.9,2019-07-20T21:45:00+00:00
6983,12.938539,77.5901,so2,0.9,2019-07-20T22:00:00+00:00
6983,12.938539,77.5901,so2,0.8,2019-07-20T22:15:00+00:00
6983,12.938539,77.5901,so2,0.9,2019-07-20T22:30:00+00:00
6983,12.938539,77.5901,so2,0.8,2019-07-20T22:45:00+00:00
6983,12.938539,77.5901,so2,0.8,2019-07-20T23:00:00+00:00
6983,12.938539,77.5901,so2,0.5,2019-07-20T23:15:00+00:00
6983,12.938539,77.5901,so2,0.6,2019-07-20T23:30:00+00:00
6983,12.938539,77.5901,so2,0.5,2019-07-20T23:45:00+00:00
6983,12.938539,77.5901,so2,0.6,2019-07-21T00:00:00+00:00
6983,12.938539,77.5901,so2,0.9,2019-07-21T01:00:00+00:00
6983,12.938539,77.5901,so2,1.0,2019-07-21T01:15:00+00:00
6983,12.938539,77.5901,so2,1.1,2019-07-21T01:30:00+00:00
6983,12.938539,77.5901,so2,0.9,2019-07-21T01:45:00+00:00
6983,12.938539,77.5901,so2,1.0,2019-07-21T02:00:00+00:00
6983,12.938539,77.5901,so2,1.1,2019-07-21T02:15:00+00:00
6983,12.938539,77.5901,so2,0.7,2019-07-21T02:45:00+00:00
6983,12.938539,77.5901,so2,0.8,2019-07-21T03:00:00+00:00
6983,12.938539,77.5901,so2,0.9,2019-07-21T03:15:00+00:00
6983,12.938539,77.5901,so2,0.9,2019-07-21T03:30:00+00:00
6983,12.938539,77.5901,so2,0.8,2019-07-21T03:45:00+00:00
6983,12.938539,77.5901,so2,0.8,2019-07-21T04:00:00+00:00
6983,12.938539,77.5901,so2,0.7,2019-07-21T04:15:00+00:00
6983,12.938539,77.5901,so2,0.8,2019-07-21T04:30:00+00:00
6983,12.938539,77.5901,so2,0.8,2019-07-21T04:45:00+00:00
6983,12.938539,77.5901,so2,0.8,2019-07-21T05:00:00+00:00
6983,12.938539,77.5901,so2,0.9,2019-07-21T05:15:00+00:00
6983,12.938539,77.5901,so2,0.9,2019-07-21T05:30:00+00:00
6983,12.938539,77.5901,so2,0.7,2019-07-21T07:00:00+00:00
6983,12.938539,77.5901,so2,0.7,2019-07-21T07:15:00+00:00
6983,12.938539,77.5901,so2,0.7,2019-07-21T07:30:00+00:00
6983,12.938539,77.5901,so2,0.8,2019-07-21T07:45:00+00:00
6983,12.938539,77.5901,so2,0.9,2019-07-21T08:00:00+00:00
6983,12.938539,77.5901,so2,0.8,2019-07-21T08:15:00+00:00
6983,12.938539,77.5901,so2,0.8,2019-07-21T08:30:00+00:00
6983,12.938539,77.5901,so2,0.9,2019-07-21T08:45:00+00:00
6983,12.938539,77.5901,so2,0.8,2019-07-21T09:00:00+00:00
6983,12.938539,77.5901,so2,0.8,2019-07-21T09:15:00+00:00
6983,12.938539,77.5901,so2,0.8,2019-07-21T09:30:00+00:00
6983,12.938539,77.5901,so2,0.7,2019-07-21T09:45:00+00:00
6983,12.938539,77.5901,so2,0.7,2019-07-21T10:00:00+00:00
6983,12.938539,77.5901,so2,0.8,2019-07-21T10:15:00+00:00
6983,12.938539,77.5901,so2,1.0,2019-07-21T10:30:00+00:00
6983,12.938539,77.5901,so2,1.2,2019-07-21T10:45:00+00:00
6983,12.938539,77.5901,so2,1.0,2019-07-21T11:00:00+00:00
6983,12.938539,77.5901,so2,0.9,2019-07-21T11:15:00+00:00
6983,12.938539,77.5901,so2,1.0,2019-07-21T11:30:00+00:00
6983,12.938539,77.5901,so2,0.9,2019-07-21T11:45:00+00:00
6983,12.938539,77.5901,so2,0.9,2019-07-21T12:00:00+00:00
6983,12.938539,77.5901,so2,0.8,2019-07-21T12:15:00+00:00
6983,12.938539,77.5901,so2,0.8,2019-07-21T12:30:00+00:00
6983,12.938539,77.5901,so2,1.0,2019-07-21T12:45:00+00:00
6983,12.938539,77.5901,so2,0.9,2019-07-21T13:00:00+00:00
6983,12.938539,77.5901,so2,0.9,2019-07-21T13:15:00+00:00
6983,12.938539,77.5901,so2,0.9,2019-07-21T13:30:00+00:00
6983,12.938539,77.5901,so2,0.9,2019-07-21T13:45:00+00:00
6983,12.938539,77.5901,so2,0.9,2019-07-21T14:00:00+00:00
6983,12.938539,77.5901,so2,0.9,2019-07-21T14:15:00+00:00
6983,12.938539,77.5901,so2,1.0,2019-07-21T14:30:00+00:00
6983,12.938539,77.5901,so2,0.9,2019-07-21T14:45:00+00:00
6983,12.938539,77.5901,so2,0.7,2019-07-21T15:00:00+00:00
6983,12.938539,77.5901,so2,0.7,2019-07-21T15:15:00+00:00
6983,12.938539,77.5901,so2,0.8,2019-07-21T15:30:00+00:00
6983,12.938539,77.5901,so2,0.9,2019-07-21T15:45:00+00:00
6983,12.938539,77.5901,so2,1.0,2019-07-21T16:00:00+00:00
6983,12.938539,77.5901,so2,0.9,2019-07-21T16:15:00+00:00
6983,12.938539,77.5901,so2,1.0,2019-07-21T16:30:00+00:00
6983,12.938539,77.5901,so2,0.9,2019-07-21T16:45:00+00:00
6983,12.938539,77.5901,so2,0.7,2019-07-21T17:00:00+00:00
6983,12.938539,77.5901,so2,0.7,2019-07-21T17:15:00+00:00
6983,12.938539,77.5901,so2,0.8,2019-07-21T17:30:00+00:00
6983,12.938539,77.5901,so2,0.8,2019-07-21T17:45:00+00:00
6983,12.938539,77.5901,so2,0.6,2019-07-21T18:00:00+00:00
6983,12.938539,77.5901,so2,0.8,2019-07-21T18:30:00+00:00
6983,12.938539,77.5901,co,0.34,2019-07-21T18:45:00+00:00
6983,12.938539,77.5901,co,0.33,2019-07-21T19:00:00+00:00
6983,12.938539,77.5901,co,0.32,2019-07-21T19:15:00+00:00
6983,12.938539,77.5901,co,0.31,2019-07-21T19:30:00+00:00
6983,12.938539,77.5901,co,0.32,2019-07-21T19:45:00+00:00
6983,12.938539,77.5901,co,0.29,2019-07-21T20:00:00+00:00
6983,12.938539,77.5901,co,0.31,2019-07-21T20:15:00+00:00
6983,12.938539,77.5901,co,0.32,2019-07-21T20:30:00+00:00
6983,12.938539,77.5901,co,0.31,2019-07-21T20:45:00+00:00
6983,12.938539,77.5901,co,0.31,2019-07-21T21:00:00+00:00
6983,12.938539,77.5901,co,0.3,2019-07-21T21:15:00+00:00
6983,12.938539,77.5901,co,0.31,2019-07-21T21:30:00+00:00
6983,12.938539,77.5901,co,0.3,2019-07-21T21:45:00+00:00
6983,12.938539,77.5901,co,0.3,2019-07-21T22:00:00+00:00
6983,12.938539,77.5901,co,0.26,2019-07-21T23:15:00+00:00
6983,12.938539,77.5901,co,0.26,2019-07-21T23:30:00+00:00
6983,12.938539,77.5901,co,0.26,2019-07-21T23:45:00+00:00
6983,12.938539,77.5901,co,0.27,2019-07-22T00:00:00+00:00
6983,12.938539,77.5901,co,0.27,2019-07-22T00:15:00+00:00
6983,12.938539,77.5901,co,0.29,2019-07-22T00:30:00+00:00
6983,12.938539,77.5901,co,0.33,2019-07-22T00:45:00+00:00
6983,12.938539,77.5901,co,0.37,2019-07-22T01:00:00+00:00
6983,12.938539,77.5901,co,0.37,2019-07-22T01:15:00+00:00
6983,12.938539,77.5901,co,0.4,2019-07-22T01:30:00+00:00
6983,12.938539,77.5901,co,0.4,2019-07-22T01:45:00+00:00
6983,12.938539,77.5901,co,0.5,2019-07-22T02:00:00+00:00
6983,12.938539,77.5901,co,0.47,2019-07-22T02:15:00+00:00
6983,12.938539,77.5901,co,0.49,2019-07-22T02:30:00+00:00
6983,12.938539,77.5901,co,0.48,2019-07-22T02:45:00+00:00
6983,12.938539,77.5901,co,0.54,2019-07-22T03:00:00+00:00
6983,12.938539,77.5901,co,0.55,2019-07-22T03:15:00+00:00
6983,12.938539,77.5901,co,0.54,2019-07-22T03:30:00+00:00
6983,12.938539,77.5901,co,0.56,2019-07-22T03:45:00+00:00
6983,12.938539,77.5901,co,0.52,2019-07-22T04:00:00+00:00
6983,12.938539,77.5901,co,0.54,2019-07-22T04:15:00+00:00
6983,12.938539,77.5901,co,0.49,2019-07-22T04:45:00+00:00
6983,12.938539,77.5901,co,0.49,2019-07-22T05:00:00+00:00
6983,12.938539,77.5901,co,0.47,2019-07-22T05:15:00+00:00
6983,12.938539,77.5901,co,0.48,2019-07-22T05:30:00+00:00
6983,12.938539,77.5901,co,0.42,2019-07-22T05:45:00+00:00
6983,12.938539,77.5901,co,0.41,2019-07-22T06:00:00+00:00
6983,12.938539,77.5901,co,0.44,2019-07-22T06:15:00+00:00
6983,12.938539,77.5901,co,0.45,2019-07-22T06:30:00+00:00
6983,12.938539,77.5901,co,0.41,2019-07-22T06:45:00+00:00
6983,12.938539,77.5901,co,0.46,2019-07-22T07:00:00+00:00
6983,12.938539,77.5901,co,0.37,2019-07-22T07:15:00+00:00
6983,12.938539,77.5901,co,0.41,2019-07-22T07:30:00+00:00
6983,12.938539,77.5901,co,0.41,2019-07-22T07:45:00+00:00
6983,12.938539,77.5901,co,0.45,2019-07-22T08:00:00+00:00
6983,12.938539,77.5901,co,0.46,2019-07-22T08:15:00+00:00
6983,12.938539,77.5901,co,0.39,2019-07-22T08:30:00+00:00
6983,12.938539,77.5901,co,0.41,2019-07-22T08:45:00+00:00
6983,12.938539,77.5901,co,0.4,2019-07-22T09:00:00+00:00
6983,12.938539,77.5901,co,0.42,2019-07-22T09:15:00+00:00
6983,12.938539,77.5901,co,0.45,2019-07-22T09:30:00+00:00
6983,12.938539,77.5901,co,0.46,2019-07-22T09:45:00+00:00
6983,12.938539,77.5901,co,0.4,2019-07-22T10:00:00+00:00
6983,12.938539,77.5901,co,0.49,2019-07-22T10:15:00+00:00
6983,12.938539,77.5901,co,0.47,2019-07-22T10:30:00+00:00
6983,12.938539,77.5901,co,0.44,2019-07-22T10:45:00+00:00
6983,12.938539,77.5901,co,0.44,2019-07-22T11:00:00+00:00
6983,12.938539,77.5901,co,0.41,2019-07-22T11:15:00+00:00
6983,12.938539,77.5901,co,0.45,2019-07-22T11:30:00+00:00
6983,12.938539,77.5901,co,0.42,2019-07-22T11:45:00+00:00
6983,12.938539,77.5901,co,0.49,2019-07-22T12:00:00+00:00
6983,12.938539,77.5901,co,0.44,2019-07-22T12:15:00+00:00
6983,12.938539,77.5901,co,0.45,2019-07-22T12:30:00+00:00
6983,12.938539,77.5901,co,0.53,2019-07-22T12:45:00+00:00
6983,12.938539,77.5901,co,0.57,2019-07-22T13:00:00+00:00
6983,12.938539,77.5901,co,0.57,2019-07-22T13:15:00+00:00
6983,12.938539,77.5901,co,0.6,2019-07-22T13:30:00+00:00
6983,12.938539,77.5901,co,0.6,2019-07-22T13:45:00+00:00
6983,12.938539,77.5901,co,0.56,2019-07-22T14:00:00+00:00
6983,12.938539,77.5901,co,0.49,2019-07-22T14:15:00+00:00
6983,12.938539,77.5901,co,0.4,2019-07-22T14:30:00+00:00
6983,12.938539,77.5901,co,0.41,2019-07-22T14:45:00+00:00
6983,12.938539,77.5901,co,0.38,2019-07-22T15:00:00+00:00
6983,12.938539,77.5901,co,0.39,2019-07-22T15:15:00+00:00
6983,12.938539,77.5901,co,0.41,2019-07-22T15:30:00+00:00
6983,12.938539,77.5901,co,0.42,2019-07-22T15:45:00+00:00
6983,12.938539,77.5901,co,0.42,2019-07-22T16:00:00+00:00
6983,12.938539,77.5901,co,0.38,2019-07-22T16:15:00+00:00
6983,12.938539,77.5901,co,0.37,2019-07-22T16:30:00+00:00
6983,12.938539,77.5901,co,0.34,2019-07-22T16:45:00+00:00
6983,12.938539,77.5901,co,0.34,2019-07-22T17:00:00+00:00
6983,12.938539,77.5901,co,0.32,2019-07-22T17:15:00+00:00
6983,12.938539,77.5901,co,0.32,2019-07-22T17:30:00+00:00
6983,12.938539,77.5901,co,0.31,2019-07-22T17:45:00+00:00
6983,12.938539,77.5901,co,0.27,2019-07-22T18:00:00+00:00
6983,12.938539,77.5901,co,0.22,2019-07-22T18:30:00+00:00
6983,12.938539,77.5901,pm10,16.0,2019-07-21T18:45:00+00:00
6983,12.938539,77.5901,pm10,16.0,2019-07-21T19:00:00+00:00
6983,12.938539,77.5901,pm10,13.0,2019-07-21T19:15:00+00:00
6983,12.938539,77.5901,pm10,13.0,2019-07-21T19:30:00+00:00
6983,12.938539,77.5901,pm10,13.0,2019-07-21T19:45:00+00:00
6983,12.938539,77.5901,pm10,13.0,2019-07-21T20:00:00+00:00
6983,12.938539,77.5901,pm10,9.0,2019-07-21T20:15:00+00:00
6983,12.938539,77.5901,pm10,9.0,2019-07-21T20:30:00+00:00
6983,12.938539,77.5901,pm10,9.0,2019-07-21T20:45:00+00:00
6983,12.938539,77.5901,pm10,9.0,2019-07-21T21:00:00+00:00
6983,12.938539,77.5901,pm10,17.0,2019-07-21T21:15:00+00:00
6983,12.938539,77.5901,pm10,17.0,2019-07-21T21:30:00+00:00
6983,12.938539,77.5901,pm10,17.0,2019-07-21T21:45:00+00:00
6983,12.938539,77.5901,pm10,17.0,2019-07-21T22:00:00+00:00
6983,12.938539,77.5901,pm10,12.0,2019-07-21T22:15:00+00:00
6983,12.938539,77.5901,pm10,12.0,2019-07-21T22:30:00+00:00
6983,12.938539,77.5901,pm10,12.0,2019-07-21T22:45:00+00:00
6983,12.938539,77.5901,pm10,12.0,2019-07-21T23:00:00+00:00
6983,12.938539,77.5901,pm10,12.0,2019-07-21T23:15:00+00:00
6983,12.938539,77.5901,pm10,12.0,2019-07-21T23:30:00+00:00
6983,12.938539,77.5901,pm10,12.0,2019-07-21T23:45:00+00:00
6983,12.938539,77.5901,pm10,12.0,2019-07-22T00:00:00+00:00
6983,12.938539,77.5901,pm10,17.0,2019-07-22T00:15:00+00:00
6983,12.938539,77.5901,pm10,17.0,2019-07-22T00:30:00+00:00
6983,12.938539,77.5901,pm10,17.0,2019-07-22T00:45:00+00:00
6983,12.938539,77.5901,pm10,17.0,2019-07-22T01:00:00+00:00
6983,12.938539,77.5901,pm10,22.0,2019-07-22T01:15:00+00:00
6983,12.938539,77.5901,pm10,22.0,2019-07-22T01:30:00+00:00
6983,12.938539,77.5901,pm10,22.0,2019-07-22T01:45:00+00:00
6983,12.938539,77.5901,pm10,22.0,2019-07-22T02:00:00+00:00
6983,12.938539,77.5901,pm10,28.0,2019-07-22T02:15:00+00:00
6983,12.938539,77.5901,pm10,28.0,2019-07-22T02:30:00+00:00
6983,12.938539,77.5901,pm10,28.0,2019-07-22T02:45:00+00:00
6983,12.938539,77.5901,pm10,28.0,2019-07-22T03:00:00+00:00
6983,12.938539,77.5901,pm10,31.0,2019-07-22T03:15:00+00:00
6983,12.938539,77.5901,pm10,31.0,2019-07-22T03:30:00+00:00
6983,12.938539,77.5901,pm10,31.0,2019-07-22T03:45:00+00:00
6983,12.938539,77.5901,pm10,31.0,2019-07-22T04:00:00+00:00
6983,12.938539,77.5901,pm10,37.0,2019-07-22T04:15:00+00:00
6983,12.938539,77.5901,pm10,37.0,2019-07-22T04:45:00+00:00
6983,12.938539,77.5901,pm10,37.0,2019-07-22T05:00:00+00:00
6983,12.938539,77.5901,pm10,36.0,2019-07-22T05:15:00+00:00
6983,12.938539,77.5901,pm10,36.0,2019-07-22T05:30:00+00:00
6983,12.938539,77.5901,pm10,36.0,2019-07-22T05:45:00+00:00
6983,12.938539,77.5901,pm10,36.0,2019-07-22T06:00:00+00:00
6983,12.938539,77.5901,pm10,33.0,2019-07-22T06:15:00+00:00
6983,12.938539,77.5901,pm10,33.0,2019-07-22T06:30:00+00:00
6983,12.938539,77.5901,pm10,33.0,2019-07-22T06:45:00+00:00
6983,12.938539,77.5901,pm10,33.0,2019-07-22T07:00:00+00:00
6983,12.938539,77.5901,pm10,33.0,2019-07-22T07:15:00+00:00
6983,12.938539,77.5901,pm10,33.0,2019-07-22T07:30:00+00:00
6983,12.938539,77.5901,pm10,33.0,2019-07-22T07:45:00+00:00
6983,12.938539,77.5901,pm10,33.0,2019-07-22T08:00:00+00:00
6983,12.938539,77.5901,pm10,28.0,2019-07-22T08:15:00+00:00
6983,12.938539,77.5901,pm10,28.0,2019-07-22T08:30:00+00:00
6983,12.938539,77.5901,pm10,28.0,2019-07-22T08:45:00+00:00
6983,12.938539,77.5901,pm10,28.0,2019-07-22T09:00:00+00:00
6983,12.938539,77.5901,pm10,22.0,2019-07-22T09:15:00+00:00
6983,12.938539,77.5901,pm10,22.0,2019-07-22T09:30:00+00:00
6983,12.938539,77.5901,pm10,22.0,2019-07-22T09:45:00+00:00
6983,12.938539,77.5901,pm10,22.0,2019-07-22T10:00:00+00:00
6983,12.938539,77.5901,pm10,27.0,2019-07-22T10:15:00+00:00
6983,12.938539,77.5901,pm10,27.0,2019-07-22T10:30:00+00:00
6983,12.938539,77.5901,pm10,27.0,2019-07-22T10:45:00+00:00
6983,12.938539,77.5901,pm10,27.0,2019-07-22T11:00:00+00:00
6983,12.938539,77.5901,pm10,28.0,2019-07-22T11:15:00+00:00
6983,12.938539,77.5901,pm10,28.0,2019-07-22T11:30:00+00:00
6983,12.938539,77.5901,pm10,28.0,2019-07-22T11:45:00+00:00
6983,12.938539,77.5901,pm10,28.0,2019-07-22T12:00:00+00:00
6983,12.938539,77.5901,pm10,28.0,2019-07-22T12:15:00+00:00
6983,12.938539,77.5901,pm10,28.0,2019-07-22T12:30:00+00:00
6983,12.938539,77.5901,pm10,28.0,2019-07-22T12:45:00+00:00
6983,12.938539,77.5901,pm10,28.0,2019-07-22T13:00:00+00:00
6983,12.938539,77.5901,pm10,33.0,2019-07-22T13:15:00+00:00
6983,12.938539,77.5901,pm10,33.0,2019-07-22T13:30:00+00:00
6983,12.938539,77.5901,pm10,33.0,2019-07-22T13:45:00+00:00
6983,12.938539,77.5901,pm10,33.0,2019-07-22T14:00:00+00:00
6983,12.938539,77.5901,pm10,38.0,2019-07-22T14:15:00+00:00
6983,12.938539,77.5901,pm10,38.0,2019-07-22T14:30:00+00:00
6983,12.938539,77.5901,pm10,38.0,2019-07-22T14:45:00+00:00
6983,12.938539,77.5901,pm10,38.0,2019-07-22T15:00:00+00:00
6983,12.938539,77.5901,pm10,20.0,2019-07-22T15:15:00+00:00
6983,12.938539,77.5901,pm10,20.0,2019-07-22T15:30:00+00:00
6983,12.938539,77.5901,pm10,20.0,2019-07-22T15:45:00+00:00
6983,12.938539,77.5901,pm10,20.0,2019-07-22T16:00:00+00:00
6983,12.938539,77.5901,pm10,25.0,2019-07-22T16:15:00+00:00
6983,12.938539,77.5901,pm10,25.0,2019-07-22T16:30:00+00:00
6983,12.938539,77.5901,pm10,25.0,2019-07-22T16:45:00+00:00
6983,12.938539,77.5901,pm10,25.0,2019-07-22T17:00:00+00:00
6983,12.938539,77.5901,pm10,12.0,2019-07-22T17:15:00+00:00
6983,12.938539,77.5901,pm10,12.0,2019-07-22T17:30:00+00:00
6983,12.938539,77.5901,pm10,12.0,2019-07-22T17:45:00+00:00
6983,12.938539,77.5901,pm10,12.0,2019-07-22T18:00:00+00:00
6983,12.938539,77.5901,pm10,8.0,2019-07-22T18:15:00+00:00
6983,12.938539,77.5901,pm10,8.0,2019-07-22T18:30:00+00:00
6983,12.938539,77.5901,pm25,5.0,2019-07-21T18:45:00+00:00
6983,12.938539,77.5901,pm25,5.0,2019-07-21T19:00:00+00:00
6983,12.938539,77.5901,pm25,4.0,2019-07-21T19:15:00+00:00
6983,12.938539,77.5901,pm25,4.0,2019-07-21T19:30:00+00:00
6983,12.938539,77.5901,pm25,4.0,2019-07-21T19:45:00+00:00
6983,12.938539,77.5901,pm25,4.0,2019-07-21T20:00:00+00:00
6983,12.938539,77.5901,pm25,4.0,2019-07-21T20:15:00+00:00
6983,12.938539,77.5901,pm25,4.0,2019-07-21T20:30:00+00:00
6983,12.938539,77.5901,pm25,4.0,2019-07-21T20:45:00+00:00
6983,12.938539,77.5901,pm25,4.0,2019-07-21T21:00:00+00:00
6983,12.938539,77.5901,pm25,5.0,2019-07-21T21:15:00+00:00
6983,12.938539,77.5901,pm25,5.0,2019-07-21T21:30:00+00:00
6983,12.938539,77.5901,pm25,5.0,2019-07-21T21:45:00+00:00
6983,12.938539,77.5901,pm25,5.0,2019-07-21T22:00:00+00:00
6983,12.938539,77.5901,pm25,6.0,2019-07-21T22:15:00+00:00
6983,12.938539,77.5901,pm25,6.0,2019-07-21T22:30:00+00:00
6983,12.938539,77.5901,pm25,6.0,2019-07-21T22:45:00+00:00
6983,12.938539,77.5901,pm25,6.0,2019-07-21T23:00:00+00:00
6983,12.938539,77.5901,pm25,4.0,2019-07-21T23:15:00+00:00
6983,12.938539,77.5901,pm25,4.0,2019-07-21T23:30:00+00:00
6983,12.938539,77.5901,pm25,4.0,2019-07-21T23:45:00+00:00
6983,12.938539,77.5901,pm25,4.0,2019-07-22T00:00:00+00:00
6983,12.938539,77.5901,pm25,3.0,2019-07-22T00:15:00+00:00
6983,12.938539,77.5901,pm25,3.0,2019-07-22T00:30:00+00:00
6983,12.938539,77.5901,pm25,3.0,2019-07-22T00:45:00+00:00
6983,12.938539,77.5901,pm25,3.0,2019-07-22T01:00:00+00:00
6983,12.938539,77.5901,pm25,12.0,2019-07-22T01:15:00+00:00
6983,12.938539,77.5901,pm25,12.0,2019-07-22T01:30:00+00:00
6983,12.938539,77.5901,pm25,12.0,2019-07-22T01:45:00+00:00
6983,12.938539,77.5901,pm25,12.0,2019-07-22T02:00:00+00:00
6983,12.938539,77.5901,pm25,11.0,2019-07-22T02:15:00+00:00
6983,12.938539,77.5901,pm25,11.0,2019-07-22T02:30:00+00:00
6983,12.938539,77.5901,pm25,11.0,2019-07-22T02:45:00+00:00
6983,12.938539,77.5901,pm25,11.0,2019-07-22T03:00:00+00:00
6983,12.938539,77.5901,pm25,14.0,2019-07-22T03:15:00+00:00
6983,12.938539,77.5901,pm25,14.0,2019-07-22T03:30:00+00:00
6983,12.938539,77.5901,pm25,14.0,2019-07-22T03:45:00+00:00
6983,12.938539,77.5901,pm25,14.0,2019-07-22T04:00:00+00:00
6983,12.938539,77.5901,pm25,11.0,2019-07-22T04:15:00+00:00
6983,12.938539,77.5901,pm25,11.0,2019-07-22T04:45:00+00:00
6983,12.938539,77.5901,pm25,11.0,2019-07-22T05:00:00+00:00
6983,12.938539,77.5901,pm25,13.0,2019-07-22T05:15:00+00:00
6983,12.938539,77.5901,pm25,13.0,2019-07-22T05:30:00+00:00
6983,12.938539,77.5901,pm25,13.0,2019-07-22T05:45:00+00:00
6983,12.938539,77.5901,pm25,13.0,2019-07-22T06:00:00+00:00
6983,12.938539,77.5901,pm25,13.0,2019-07-22T06:15:00+00:00
6983,12.938539,77.5901,pm25,13.0,2019-07-22T06:30:00+00:00
6983,12.938539,77.5901,pm25,13.0,2019-07-22T06:45:00+00:00
6983,12.938539,77.5901,pm25,13.0,2019-07-22T07:00:00+00:00
6983,12.938539,77.5901,pm25,11.0,2019-07-22T07:15:00+00:00
6983,12.938539,77.5901,pm25,11.0,2019-07-22T07:30:00+00:00
6983,12.938539,77.5901,pm25,11.0,2019-07-22T07:45:00+00:00
6983,12.938539,77.5901,pm25,11.0,2019-07-22T08:00:00+00:00
6983,12.938539,77.5901,pm25,12.0,2019-07-22T08:15:00+00:00
6983,12.938539,77.5901,pm25,12.0,2019-07-22T08:30:00+00:00
6983,12.938539,77.5901,pm25,12.0,2019-07-22T08:45:00+00:00
6983,12.938539,77.5901,pm25,12.0,2019-07-22T09:00:00+00:00
6983,12.938539,77.5901,pm25,11.0,2019-07-22T09:15:00+00:00
6983,12.938539,77.5901,pm25,11.0,2019-07-22T09:30:00+00:00
6983,12.938539,77.5901,pm25,11.0,2019-07-22T09:45:00+00:00
6983,12.938539,77.5901,pm25,11.0,2019-07-22T10:00:00+00:00
6983,12.938539,77.5901,pm25,7.0,2019-07-22T10:15:00+00:00
6983,12.938539,77.5901,pm25,7.0,2019-07-22T10:30:00+00:00
6983,12.938539,77.5901,pm25,7.0,2019-07-22T10:45:00+00:00
6983,12.938539,77.5901,pm25,7.0,2019-07-22T11:00:00+00:00
6983,12.938539,77.5901,pm25,8.0,2019-07-22T11:15:00+00:00
6983,12.938539,77.5901,pm25,8.0,2019-07-22T11:30:00+00:00
6983,12.938539,77.5901,pm25,8.0,2019-07-22T11:45:00+00:00
6983,12.938539,77.5901,pm25,8.0,2019-07-22T12:00:00+00:00
6983,12.938539,77.5901,pm25,7.0,2019-07-22T12:15:00+00:00
6983,12.938539,77.5901,pm25,7.0,2019-07-22T12:30:00+00:00
6983,12.938539,77.5901,pm25,7.0,2019-07-22T12:45:00+00:00
6983,12.938539,77.5901,pm25,7.0,2019-07-22T13:00:00+00:00
6983,12.938539,77.5901,pm25,7.0,2019-07-22T13:15:00+00:00
6983,12.938539,77.5901,pm25,7.0,2019-07-22T13:30:00+00:00
6983,12.938539,77.5901,pm25,7.0,2019-07-22T13:45:00+00:00
6983,12.938539,77.5901,pm25,7.0,2019-07-22T14:00:00+00:00
6983,12.938539,77.5901,pm25,15.0,2019-07-22T14:15:00+00:00
6983,12.938539,77.5901,pm25,15.0,2019-07-22T14:30:00+00:00
6983,12.938539,77.5901,pm25,15.0,2019-07-22T14:45:00+00:00
6983,12.938539,77.5901,pm25,15.0,2019-07-22T15:00:00+00:00
6983,12.938539,77.5901,pm25,10.0,2019-07-22T15:15:00+00:00
6983,12.938539,77.5901,pm25,10.0,2019-07-22T15:30:00+00:00
6983,12.938539,77.5901,pm25,10.0,2019-07-22T15:45:00+00:00
6983,12.938539,77.5901,pm25,10.0,2019-07-22T16:00:00+00:00
6983,12.938539,77.5901,pm25,10.0,2019-07-22T16:15:00+00:00
6983,12.938539,77.5901,pm25,10.0,2019-07-22T16:30:00+00:00
6983,12.938539,77.5901,pm25,10.0,2019-07-22T16:45:00+00:00
6983,12.938539,77.5901,pm25,10.0,2019-07-22T17:00:00+00:00
6983,12.938539,77.5901,pm25,8.0,2019-07-22T17:15:00+00:00
6983,12.938539,77.5901,pm25,8.0,2019-07-22T17:30:00+00:00
6983,12.938539,77.5901,pm25,8.0,2019-07-22T17:45:00+00:00
6983,12.938539,77.5901,pm25,8.0,2019-07-22T18:00:00+00:00
6983,12.938539,77.5901,pm25,4.0,2019-07-22T18:15:00+00:00
6983,12.938539,77.5901,pm25,4.0,2019-07-22T18:30:00+00:00
6983,12.938539,77.5901,no2,5.1,2019-07-21T18:45:00+00:00
6983,12.938539,77.5901,no2,4.7,2019-07-21T19:00:00+00:00
6983,12.938539,77.5901,no2,3.9,2019-07-21T19:15:00+00:00
6983,12.938539,77.5901,no2,3.6,2019-07-21T19:30:00+00:00
6983,12.938539,77.5901,no2,3.6,2019-07-21T19:45:00+00:00
6983,12.938539,77.5901,no2,3.2,2019-07-21T20:00:00+00:00
6983,12.938539,77.5901,no2,2.8,2019-07-21T20:15:00+00:00
6983,12.938539,77.5901,no2,2.6,2019-07-21T20:30:00+00:00
6983,12.938539,77.5901,no2,2.4,2019-07-21T20:45:00+00:00
6983,12.938539,77.5901,no2,2.6,2019-07-21T21:00:00+00:00
6983,12.938539,77.5901,no2,2.1,2019-07-21T21:15:00+00:00
6983,12.938539,77.5901,no2,2.1,2019-07-21T21:30:00+00:00
6983,12.938539,77.5901,no2,2.3,2019-07-21T21:45:00+00:00
6983,12.938539,77.5901,no2,2.4,2019-07-21T22:00:00+00:00
6983,12.938539,77.5901,no2,2.6,2019-07-21T22:15:00+00:00
6983,12.938539,77.5901,no2,2.8,2019-07-21T22:30:00+00:00
6983,12.938539,77.5901,no2,2.6,2019-07-21T22:45:00+00:00
6983,12.938539,77.5901,no2,2.3,2019-07-21T23:00:00+00:00
6983,12.938539,77.5901,no2,3.8,2019-07-22T00:15:00+00:00
6983,12.938539,77.5901,no2,4.5,2019-07-22T00:30:00+00:00
6983,12.938539,77.5901,no2,5.8,2019-07-22T00:45:00+00:00
6983,12.938539,77.5901,no2,7.1,2019-07-22T01:00:00+00:00
6983,12.938539,77.5901,no2,7.7,2019-07-22T01:15:00+00:00
6983,12.938539,77.5901,no2,8.8,2019-07-22T01:30:00+00:00
6983,12.938539,77.5901,no2,9.6,2019-07-22T01:45:00+00:00
6983,12.938539,77.5901,no2,9.8,2019-07-22T02:00:00+00:00
6983,12.938539,77.5901,no2,9.8,2019-07-22T02:15:00+00:00
6983,12.938539,77.5901,no2,9.4,2019-07-22T02:30:00+00:00
6983,12.938539,77.5901,no2,9.4,2019-07-22T02:45:00+00:00
6983,12.938539,77.5901,no2,10.0,2019-07-22T03:00:00+00:00
6983,12.938539,77.5901,no2,9.6,2019-07-22T03:15:00+00:00
6983,12.938539,77.5901,no2,9.0,2019-07-22T03:30:00+00:00
6983,12.938539,77.5901,no2,8.3,2019-07-22T03:45:00+00:00
6983,12.938539,77.5901,no2,8.3,2019-07-22T04:00:00+00:00
6983,12.938539,77.5901,no2,8.3,2019-07-22T04:15:00+00:00
6983,12.938539,77.5901,no2,8.1,2019-07-22T04:45:00+00:00
6983,12.938539,77.5901,no2,8.8,2019-07-22T05:00:00+00:00
6983,12.938539,77.5901,no2,8.3,2019-07-22T05:15:00+00:00
6983,12.938539,77.5901,no2,7.7,2019-07-22T05:30:00+00:00
6983,12.938539,77.5901,no2,7.3,2019-07-22T05:45:00+00:00
6983,12.938539,77.5901,no2,6.8,2019-07-22T06:00:00+00:00
6983,12.938539,77.5901,no2,6.8,2019-07-22T06:15:00+00:00
6983,12.938539,77.5901,no2,7.9,2019-07-22T06:30:00+00:00
6983,12.938539,77.5901,no2,8.1,2019-07-22T06:45:00+00:00
6983,12.938539,77.5901,no2,7.1,2019-07-22T07:00:00+00:00
6983,12.938539,77.5901,no2,7.0,2019-07-22T07:15:00+00:00
6983,12.938539,77.5901,no2,7.0,2019-07-22T07:30:00+00:00
6983,12.938539,77.5901,no2,6.8,2019-07-22T07:45:00+00:00
6983,12.938539,77.5901,no2,7.3,2019-07-22T08:00:00+00:00
6983,12.938539,77.5901,no2,7.1,2019-07-22T08:15:00+00:00
6983,12.938539,77.5901,no2,7.1,2019-07-22T08:30:00+00:00
6983,12.938539,77.5901,no2,6.6,2019-07-22T08:45:00+00:00
6983,12.938539,77.5901,no2,7.5,2019-07-22T09:00:00+00:00
6983,12.938539,77.5901,no2,8.5,2019-07-22T09:15:00+00:00
6983,12.938539,77.5901,no2,8.5,2019-07-22T09:30:00+00:00
6983,12.938539,77.5901,no2,8.5,2019-07-22T09:45:00+00:00
6983,12.938539,77.5901,no2,8.5,2019-07-22T10:00:00+00:00
6983,12.938539,77.5901,no2,7.9,2019-07-22T10:15:00+00:00
6983,12.938539,77.5901,no2,9.0,2019-07-22T10:30:00+00:00
6983,12.938539,77.5901,no2,9.6,2019-07-22T10:45:00+00:00
6983,12.938539,77.5901,no2,9.2,2019-07-22T11:00:00+00:00
6983,12.938539,77.5901,no2,8.6,2019-07-22T11:15:00+00:00
6983,12.938539,77.5901,no2,9.4,2019-07-22T11:30:00+00:00
6983,12.938539,77.5901,no2,9.6,2019-07-22T11:45:00+00:00
6983,12.938539,77.5901,no2,10.0,2019-07-22T12:00:00+00:00
6983,12.938539,77.5901,no2,10.9,2019-07-22T12:15:00+00:00
6983,12.938539,77.5901,no2,10.9,2019-07-22T12:30:00+00:00
6983,12.938539,77.5901,no2,12.4,2019-07-22T12:45:00+00:00
6983,12.938539,77.5901,no2,14.1,2019-07-22T13:00:00+00:00
6983,12.938539,77.5901,no2,15.6,2019-07-22T13:15:00+00:00
6983,12.938539,77.5901,no2,15.6,2019-07-22T13:30:00+00:00
6983,12.938539,77.5901,no2,16.7,2019-07-22T13:45:00+00:00
6983,12.938539,77.5901,no2,16.4,2019-07-22T14:00:00+00:00
6983,12.938539,77.5901,no2,15.2,2019-07-22T14:15:00+00:00
6983,12.938539,77.5901,no2,11.7,2019-07-22T14:30:00+00:00
6983,12.938539,77.5901,no2,11.1,2019-07-22T14:45:00+00:00
6983,12.938539,77.5901,no2,9.6,2019-07-22T15:00:00+00:00
6983,12.938539,77.5901,no2,8.8,2019-07-22T15:15:00+00:00
6983,12.938539,77.5901,no2,9.2,2019-07-22T15:30:00+00:00
6983,12.938539,77.5901,no2,10.2,2019-07-22T15:45:00+00:00
6983,12.938539,77.5901,no2,10.7,2019-07-22T16:00:00+00:00
6983,12.938539,77.5901,no2,10.5,2019-07-22T16:15:00+00:00
6983,12.938539,77.5901,no2,9.4,2019-07-22T16:30:00+00:00
6983,12.938539,77.5901,no2,8.3,2019-07-22T16:45:00+00:00
6983,12.938539,77.5901,no2,7.1,2019-07-22T17:00:00+00:00
6983,12.938539,77.5901,no2,7.3,2019-07-22T17:15:00+00:00
6983,12.938539,77.5901,no2,7.3,2019-07-22T17:30:00+00:00
6983,12.938539,77.5901,no2,7.0,2019-07-22T17:45:00+00:00
6983,12.938539,77.5901,no2,5.8,2019-07-22T18:00:00+00:00
6983,12.938539,77.5901,no2,4.7,2019-07-22T18:15:00+00:00
6983,12.938539,77.5901,no2,3.9,2019-07-22T18:30:00+00:00
6983,12.938539,77.5901,so2,0.7,2019-07-21T18:45:00+00:00
6983,12.938539,77.5901,so2,0.7,2019-07-21T19:00:00+00:00
6983,12.938539,77.5901,so2,0.8,2019-07-21T19:15:00+00:00
6983,12.938539,77.5901,so2,0.8,2019-07-21T19:30:00+00:00
6983,12.938539,77.5901,so2,0.7,2019-07-21T19:45:00+00:00
6983,12.938539,77.5901,so2,0.7,2019-07-21T20:00:00+00:00
6983,12.938539,77.5901,so2,0.8,2019-07-21T20:15:00+00:00
6983,12.938539,77.5901,so2,0.8,2019-07-21T20:30:00+00:00
6983,12.938539,77.5901,so2,0.7,2019-07-21T20:45:00+00:00
6983,12.938539,77.5901,so2,0.6,2019-07-21T21:00:00+00:00
6983,12.938539,77.5901,so2,0.6,2019-07-21T21:15:00+00:00
6983,12.938539,77.5901,so2,0.6,2019-07-21T21:30:00+00:00
6983,12.938539,77.5901,so2,0.8,2019-07-21T21:45:00+00:00
6983,12.938539,77.5901,so2,0.9,2019-07-21T22:00:00+00:00
6983,12.938539,77.5901,so2,0.8,2019-07-21T22:15:00+00:00
6983,12.938539,77.5901,so2,0.7,2019-07-21T22:30:00+00:00
6983,12.938539,77.5901,so2,0.7,2019-07-21T22:45:00+00:00
6983,12.938539,77.5901,so2,0.6,2019-07-21T23:00:00+00:00
6983,12.938539,77.5901,so2,0.5,2019-07-21T23:15:00+00:00
6983,12.938539,77.5901,so2,0.6,2019-07-21T23:30:00+00:00
6983,12.938539,77.5901,so2,0.6,2019-07-21T23:45:00+00:00
6983,12.938539,77.5901,so2,0.6,2019-07-22T00:00:00+00:00
6983,12.938539,77.5901,so2,0.4,2019-07-22T01:00:00+00:00
6983,12.938539,77.5901,so2,0.4,2019-07-22T01:15:00+00:00
6983,12.938539,77.5901,so2,0.6,2019-07-22T01:30:00+00:00
6983,12.938539,77.5901,so2,0.4,2019-07-22T01:45:00+00:00
6983,12.938539,77.5901,so2,0.4,2019-07-22T02:00:00+00:00
6983,12.938539,77.5901,so2,0.5,2019-07-22T02:15:00+00:00
6983,12.938539,77.5901,so2,0.7,2019-07-22T02:30:00+00:00
6983,12.938539,77.5901,so2,0.9,2019-07-22T02:45:00+00:00
6983,12.938539,77.5901,so2,0.8,2019-07-22T03:00:00+00:00
6983,12.938539,77.5901,so2,0.7,2019-07-22T03:15:00+00:00
6983,12.938539,77.5901,so2,0.7,2019-07-22T03:30:00+00:00
6983,12.938539,77.5901,so2,0.7,2019-07-22T03:45:00+00:00
6983,12.938539,77.5901,so2,0.7,2019-07-22T04:00:00+00:00
6983,12.938539,77.5901,so2,0.7,2019-07-22T04:15:00+00:00
6983,12.938539,77.5901,so2,0.5,2019-07-22T04:45:00+00:00
6983,12.938539,77.5901,so2,0.6,2019-07-22T05:00:00+00:00
6983,12.938539,77.5901,so2,0.8,2019-07-22T05:15:00+00:00
6983,12.938539,77.5901,so2,0.8,2019-07-22T05:30:00+00:00
6983,12.938539,77.5901,so2,0.7,2019-07-22T05:45:00+00:00
6983,12.938539,77.5901,so2,0.8,2019-07-22T06:00:00+00:00
6983,12.938539,77.5901,so2,0.8,2019-07-22T06:15:00+00:00
6983,12.938539,77.5901,so2,0.8,2019-07-22T06:30:00+00:00
6983,12.938539,77.5901,so2,0.8,2019-07-22T06:45:00+00:00
6983,12.938539,77.5901,so2,0.8,2019-07-22T07:00:00+00:00
6983,12.938539,77.5901,so2,0.7,2019-07-22T07:15:00+00:00
6983,12.938539,77.5901,so2,0.8,2019-07-22T07:30:00+00:00
6983,12.938539,77.5901,so2,0.8,2019-07-22T07:45:00+00:00
6983,12.938539,77.5901,so2,0.7,2019-07-22T08:00:00+00:00
6983,12.938539,77.5901,so2,0.7,2019-07-22T08:15:00+00:00
6983,12.938539,77.5901,so2,0.7,2019-07-22T08:30:00+00:00
6983,12.938539,77.5901,so2,0.4,2019-07-22T08:45:00+00:00
6983,12.938539,77.5901,so2,0.4,2019-07-22T09:00:00+00:00
6983,12.938539,77.5901,so2,0.5,2019-07-22T09:15:00+00:00
6983,12.938539,77.5901,so2,0.7,2019-07-22T09:30:00+00:00
6983,12.938539,77.5901,so2,0.7,2019-07-22T09:45:00+00:00
6983,12.938539,77.5901,so2,0.6,2019-07-22T10:00:00+00:00
6983,12.938539,77.5901,so2,0.7,2019-07-22T10:15:00+00:00
6983,12.938539,77.5901,so2,0.8,2019-07-22T10:30:00+00:00
6983,12.938539,77.5901,so2,0.8,2019-07-22T10:45:00+00:00
6983,12.938539,77.5901,so2,0.8,2019-07-22T11:00:00+00:00
6983,12.938539,77.5901,so2,0.8,2019-07-22T11:15:00+00:00
6983,12.938539,77.5901,so2,0.8,2019-07-22T11:30:00+00:00
6983,12.938539,77.5901,so2,0.9,2019-07-22T11:45:00+00:00
6983,12.938539,77.5901,so2,0.8,2019-07-22T12:00:00+00:00
6983,12.938539,77.5901,so2,0.8,2019-07-22T12:15:00+00:00
6983,12.938539,77.5901,so2,0.9,2019-07-22T12:30:00+00:00
6983,12.938539,77.5901,so2,0.8,2019-07-22T12:45:00+00:00
6983,12.938539,77.5901,so2,0.8,2019-07-22T13:00:00+00:00
6983,12.938539,77.5901,so2,0.6,2019-07-22T13:15:00+00:00
6983,12.938539,77.5901,so2,0.6,2019-07-22T13:30:00+00:00
6983,12.938539,77.5901,so2,0.5,2019-07-22T13:45:00+00:00
6983,12.938539,77.5901,so2,0.7,2019-07-22T14:00:00+00:00
6983,12.938539,77.5901,so2,0.9,2019-07-22T14:15:00+00:00
6983,12.938539,77.5901,so2,0.9,2019-07-22T14:30:00+00:00
6983,12.938539,77.5901,so2,0.8,2019-07-22T14:45:00+00:00
6983,12.938539,77.5901,so2,0.7,2019-07-22T15:00:00+00:00
6983,12.938539,77.5901,so2,0.6,2019-07-22T15:15:00+00:00
6983,12.938539,77.5901,so2,0.6,2019-07-22T15:30:00+00:00
6983,12.938539,77.5901,so2,0.7,2019-07-22T15:45:00+00:00
6983,12.938539,77.5901,so2,0.6,2019-07-22T16:00:00+00:00
6983,12.938539,77.5901,so2,0.6,2019-07-22T16:15:00+00:00
6983,12.938539,77.5901,so2,0.6,2019-07-22T16:30:00+00:00
6983,12.938539,77.5901,so2,0.6,2019-07-22T16:45:00+00:00
6983,12.938539,77.5901,so2,0.4,2019-07-22T17:00:00+00:00
6983,12.938539,77.5901,so2,0.4,2019-07-22T17:15:00+00:00
6983,12.938539,77.5901,so2,0.4,2019-07-22T17:30:00+00:00
6983,12.938539,77.5901,so2,0.4,2019-07-22T17:45:00+00:00
6983,12.938539,77.5901,so2,0.3,2019-07-22T18:00:00+00:00
6983,12.938539,77.5901,so2,0.6,2019-07-22T18:30:00+00:00
6983,12.938539,77.5901,co,0.24,2019-07-22T18:45:00+00:00
6983,12.938539,77.5901,co,0.22,2019-07-22T19:00:00+00:00
6983,12.938539,77.5901,co,0.22,2019-07-22T19:15:00+00:00
6983,12.938539,77.5901,co,0.22,2019-07-22T19:30:00+00:00
6983,12.938539,77.5901,co,0.21,2019-07-22T19:45:00+00:00
6983,12.938539,77.5901,co,0.22,2019-07-22T20:00:00+00:00
6983,12.938539,77.5901,co,0.22,2019-07-22T20:15:00+00:00
6983,12.938539,77.5901,co,0.22,2019-07-22T20:30:00+00:00
6983,12.938539,77.5901,co,0.23,2019-07-22T20:45:00+00:00
6983,12.938539,77.5901,co,0.21,2019-07-22T21:00:00+00:00
6983,12.938539,77.5901,co,0.21,2019-07-22T21:15:00+00:00
6983,12.938539,77.5901,co,0.22,2019-07-22T21:30:00+00:00
6983,12.938539,77.5901,co,0.21,2019-07-22T21:45:00+00:00
6983,12.938539,77.5901,co,0.21,2019-07-22T22:00:00+00:00
6983,12.938539,77.5901,co,0.18,2019-07-22T23:15:00+00:00
6983,12.938539,77.5901,co,0.19,2019-07-22T23:30:00+00:00
6983,12.938539,77.5901,co,0.21,2019-07-22T23:45:00+00:00
6983,12.938539,77.5901,co,0.21,2019-07-23T00:00:00+00:00
6983,12.938539,77.5901,co,0.21,2019-07-23T00:15:00+00:00
6983,12.938539,77.5901,co,0.25,2019-07-23T00:30:00+00:00
6983,12.938539,77.5901,co,0.27,2019-07-23T00:45:00+00:00
6983,12.938539,77.5901,co,0.27,2019-07-23T01:00:00+00:00
6983,12.938539,77.5901,co,0.31,2019-07-23T01:15:00+00:00
6983,12.938539,77.5901,co,0.34,2019-07-23T01:30:00+00:00
6983,12.938539,77.5901,co,0.33,2019-07-23T01:45:00+00:00
6983,12.938539,77.5901,co,0.39,2019-07-23T02:00:00+00:00
6983,12.938539,77.5901,co,0.47,2019-07-23T02:15:00+00:00
6983,12.938539,77.5901,co,0.46,2019-07-23T02:30:00+00:00
6983,12.938539,77.5901,co,0.46,2019-07-23T02:45:00+00:00
6983,12.938539,77.5901,co,0.52,2019-07-23T03:00:00+00:00
6983,12.938539,77.5901,co,0.5,2019-07-23T03:15:00+00:00
6983,12.938539,77.5901,co,0.55,2019-07-23T03:30:00+00:00
6983,12.938539,77.5901,co,0.61,2019-07-23T03:45:00+00:00
6983,12.938539,77.5901,co,0.62,2019-07-23T04:00:00+00:00
6983,12.938539,77.5901,co,0.52,2019-07-23T04:15:00+00:00
6983,12.938539,77.5901,co,0.52,2019-07-23T04:30:00+00:00
6983,12.938539,77.5901,co,0.47,2019-07-23T04:45:00+00:00
6983,12.938539,77.5901,co,0.44,2019-07-23T05:00:00+00:00
6983,12.938539,77.5901,co,0.37,2019-07-23T05:15:00+00:00
6983,12.938539,77.5901,co,0.39,2019-07-23T05:30:00+00:00
6983,12.938539,77.5901,co,0.4,2019-07-23T05:45:00+00:00
6983,12.938539,77.5901,co,0.41,2019-07-23T06:00:00+00:00
6983,12.938539,77.5901,co,0.4,2019-07-23T06:15:00+00:00
6983,12.938539,77.5901,co,0.3,2019-07-23T06:30:00+00:00
6983,12.938539,77.5901,co,0.31,2019-07-23T06:45:00+00:00
6983,12.938539,77.5901,co,0.32,2019-07-23T07:00:00+00:00
6983,12.938539,77.5901,co,0.31,2019-07-23T07:15:00+00:00
6983,12.938539,77.5901,co,0.35,2019-07-23T07:30:00+00:00
6983,12.938539,77.5901,co,0.33,2019-07-23T07:45:00+00:00
6983,12.938539,77.5901,co,0.33,2019-07-23T08:00:00+00:00
6983,12.938539,77.5901,co,0.33,2019-07-23T08:15:00+00:00
6983,12.938539,77.5901,co,0.38,2019-07-23T08:30:00+00:00
6983,12.938539,77.5901,co,0.29,2019-07-23T08:45:00+00:00
6983,12.938539,77.5901,co,0.3,2019-07-23T09:00:00+00:00
6983,12.938539,77.5901,co,0.37,2019-07-23T09:15:00+00:00
6983,12.938539,77.5901,co,0.4,2019-07-23T09:30:00+00:00
6983,12.938539,77.5901,co,0.38,2019-07-23T09:45:00+00:00
6983,12.938539,77.5901,co,0.4,2019-07-23T10:00:00+00:00
6983,12.938539,77.5901,co,0.42,2019-07-23T10:15:00+00:00
6983,12.938539,77.5901,co,0.5,2019-07-23T10:30:00+00:00
6983,12.938539,77.5901,co,0.37,2019-07-23T10:45:00+00:00
6983,12.938539,77.5901,co,0.37,2019-07-23T11:00:00+00:00
6983,12.938539,77.5901,co,0.38,2019-07-23T11:15:00+00:00
6983,12.938539,77.5901,co,0.47,2019-07-23T11:45:00+00:00
6983,12.938539,77.5901,co,0.56,2019-07-23T12:00:00+00:00
6983,12.938539,77.5901,co,0.49,2019-07-23T12:15:00+00:00
6983,12.938539,77.5901,co,0.54,2019-07-23T12:30:00+00:00
6983,12.938539,77.5901,co,0.46,2019-07-23T12:45:00+00:00
6983,12.938539,77.5901,co,0.53,2019-07-23T13:00:00+00:00
6983,12.938539,77.5901,co,0.57,2019-07-23T13:15:00+00:00
6983,12.938539,77.5901,co,0.61,2019-07-23T13:30:00+00:00
6983,12.938539,77.5901,co,0.6,2019-07-23T13:45:00+00:00
6983,12.938539,77.5901,co,0.54,2019-07-23T14:00:00+00:00
6983,12.938539,77.5901,co,0.58,2019-07-23T14:15:00+00:00
6983,12.938539,77.5901,co,0.52,2019-07-23T14:30:00+00:00
6983,12.938539,77.5901,co,0.46,2019-07-23T14:45:00+00:00
6983,12.938539,77.5901,co,0.47,2019-07-23T15:00:00+00:00
6983,12.938539,77.5901,co,0.53,2019-07-23T15:15:00+00:00
6983,12.938539,77.5901,co,0.53,2019-07-23T15:30:00+00:00
6983,12.938539,77.5901,co,0.52,2019-07-23T15:45:00+00:00
6983,12.938539,77.5901,co,0.5,2019-07-23T16:00:00+00:00
6983,12.938539,77.5901,pm10,8.0,2019-07-22T18:45:00+00:00
6983,12.938539,77.5901,pm10,8.0,2019-07-22T19:00:00+00:00
6983,12.938539,77.5901,pm10,10.0,2019-07-22T19:15:00+00:00
6983,12.938539,77.5901,co,0.46,2019-07-23T16:15:00+00:00
6983,12.938539,77.5901,pm10,10.0,2019-07-22T19:30:00+00:00
6983,12.938539,77.5901,pm10,10.0,2019-07-22T19:45:00+00:00
6983,12.938539,77.5901,co,0.44,2019-07-23T16:30:00+00:00
6983,12.938539,77.5901,pm10,10.0,2019-07-22T20:00:00+00:00
6983,12.938539,77.5901,pm10,17.0,2019-07-22T20:15:00+00:00
6983,12.938539,77.5901,pm10,17.0,2019-07-22T20:30:00+00:00
6983,12.938539,77.5901,pm10,17.0,2019-07-22T20:45:00+00:00
6983,12.938539,77.5901,pm10,17.0,2019-07-22T21:00:00+00:00
6983,12.938539,77.5901,pm10,17.0,2019-07-22T21:15:00+00:00
6983,12.938539,77.5901,pm10,17.0,2019-07-22T21:30:00+00:00
6983,12.938539,77.5901,co,0.42,2019-07-23T16:45:00+00:00
6983,12.938539,77.5901,pm10,17.0,2019-07-22T21:45:00+00:00
6983,12.938539,77.5901,pm10,17.0,2019-07-22T22:00:00+00:00
6983,12.938539,77.5901,co,0.4,2019-07-23T17:00:00+00:00
6983,12.938539,77.5901,pm10,17.0,2019-07-22T22:15:00+00:00
6983,12.938539,77.5901,pm10,17.0,2019-07-22T22:30:00+00:00
6983,12.938539,77.5901,co,0.35,2019-07-23T17:15:00+00:00
6983,12.938539,77.5901,pm10,17.0,2019-07-22T22:45:00+00:00
6983,12.938539,77.5901,co,0.34,2019-07-23T17:30:00+00:00
6983,12.938539,77.5901,pm10,17.0,2019-07-22T23:00:00+00:00
6983,12.938539,77.5901,pm10,15.0,2019-07-22T23:15:00+00:00
6983,12.938539,77.5901,co,0.32,2019-07-23T17:45:00+00:00
6983,12.938539,77.5901,pm10,15.0,2019-07-22T23:30:00+00:00
6983,12.938539,77.5901,pm10,15.0,2019-07-22T23:45:00+00:00
6983,12.938539,77.5901,co,0.32,2019-07-23T18:00:00+00:00
6983,12.938539,77.5901,pm10,15.0,2019-07-23T00:00:00+00:00
6983,12.938539,77.5901,pm10,14.0,2019-07-23T00:15:00+00:00
6983,12.938539,77.5901,co,0.29,2019-07-23T18:30:00+00:00
6983,12.938539,77.5901,pm10,14.0,2019-07-23T00:30:00+00:00
6983,12.938539,77.5901,pm10,14.0,2019-07-23T00:45:00+00:00
6983,12.938539,77.5901,pm10,14.0,2019-07-23T01:00:00+00:00
6983,12.938539,77.5901,pm10,22.0,2019-07-23T01:15:00+00:00
6983,12.938539,77.5901,pm10,22.0,2019-07-23T01:30:00+00:00
6983,12.938539,77.5901,pm10,22.0,2019-07-23T01:45:00+00:00
6983,12.938539,77.5901,pm10,22.0,2019-07-23T02:00:00+00:00
6983,12.938539,77.5901,pm10,21.0,2019-07-23T02:15:00+00:00
6983,12.938539,77.5901,pm10,21.0,2019-07-23T02:30:00+00:00
6983,12.938539,77.5901,pm10,21.0,2019-07-23T02:45:00+00:00
6983,12.938539,77.5901,pm10,21.0,2019-07-23T03:00:00+00:00
6983,12.938539,77.5901,pm10,31.0,2019-07-23T03:15:00+00:00
6983,12.938539,77.5901,pm10,31.0,2019-07-23T03:30:00+00:00
6983,12.938539,77.5901,pm10,31.0,2019-07-23T03:45:00+00:00
6983,12.938539,77.5901,pm10,31.0,2019-07-23T04:00:00+00:00
6983,12.938539,77.5901,pm10,36.0,2019-07-23T04:15:00+00:00
6983,12.938539,77.5901,pm10,36.0,2019-07-23T04:30:00+00:00
6983,12.938539,77.5901,pm10,36.0,2019-07-23T04:45:00+00:00
6983,12.938539,77.5901,pm10,36.0,2019-07-23T05:00:00+00:00
6983,12.938539,77.5901,pm10,32.0,2019-07-23T05:15:00+00:00
6983,12.938539,77.5901,pm10,32.0,2019-07-23T05:30:00+00:00
6983,12.938539,77.5901,pm10,32.0,2019-07-23T05:45:00+00:00
6983,12.938539,77.5901,pm10,32.0,2019-07-23T06:00:00+00:00
6983,12.938539,77.5901,pm10,38.0,2019-07-23T06:15:00+00:00
6983,12.938539,77.5901,pm10,38.0,2019-07-23T06:30:00+00:00
6983,12.938539,77.5901,pm10,38.0,2019-07-23T06:45:00+00:00
6983,12.938539,77.5901,pm10,38.0,2019-07-23T07:00:00+00:00
6983,12.938539,77.5901,pm10,38.0,2019-07-23T07:15:00+00:00
6983,12.938539,77.5901,pm10,38.0,2019-07-23T07:30:00+00:00
6983,12.938539,77.5901,pm10,38.0,2019-07-23T07:45:00+00:00
6983,12.938539,77.5901,pm10,38.0,2019-07-23T08:00:00+00:00
6983,12.938539,77.5901,pm10,43.0,2019-07-23T08:15:00+00:00
6983,12.938539,77.5901,pm10,43.0,2019-07-23T08:30:00+00:00
6983,12.938539,77.5901,pm10,43.0,2019-07-23T08:45:00+00:00
6983,12.938539,77.5901,pm10,43.0,2019-07-23T09:00:00+00:00
6983,12.938539,77.5901,pm10,44.0,2019-07-23T09:15:00+00:00
6983,12.938539,77.5901,pm10,44.0,2019-07-23T09:30:00+00:00
6983,12.938539,77.5901,pm10,44.0,2019-07-23T09:45:00+00:00
6983,12.938539,77.5901,pm10,44.0,2019-07-23T10:00:00+00:00
6983,12.938539,77.5901,pm10,51.0,2019-07-23T10:15:00+00:00
6983,12.938539,77.5901,pm10,51.0,2019-07-23T10:30:00+00:00
6983,12.938539,77.5901,pm10,51.0,2019-07-23T10:45:00+00:00
6983,12.938539,77.5901,pm10,51.0,2019-07-23T11:00:00+00:00
6983,12.938539,77.5901,pm10,43.0,2019-07-23T11:15:00+00:00
6983,12.938539,77.5901,pm10,43.0,2019-07-23T11:45:00+00:00
6983,12.938539,77.5901,pm10,43.0,2019-07-23T12:00:00+00:00
6983,12.938539,77.5901,pm10,47.0,2019-07-23T12:15:00+00:00
6983,12.938539,77.5901,pm10,47.0,2019-07-23T12:30:00+00:00
6983,12.938539,77.5901,pm10,47.0,2019-07-23T12:45:00+00:00
6983,12.938539,77.5901,pm10,47.0,2019-07-23T13:00:00+00:00
6983,12.938539,77.5901,pm10,32.0,2019-07-23T13:15:00+00:00
6983,12.938539,77.5901,pm10,32.0,2019-07-23T13:30:00+00:00
6983,12.938539,77.5901,pm10,32.0,2019-07-23T13:45:00+00:00
6983,12.938539,77.5901,pm10,32.0,2019-07-23T14:00:00+00:00
6983,12.938539,77.5901,pm10,34.0,2019-07-23T14:15:00+00:00
6983,12.938539,77.5901,pm10,34.0,2019-07-23T14:30:00+00:00
6983,12.938539,77.5901,pm10,34.0,2019-07-23T14:45:00+00:00
6983,12.938539,77.5901,pm10,34.0,2019-07-23T15:00:00+00:00
6983,12.938539,77.5901,pm10,36.0,2019-07-23T15:15:00+00:00
6983,12.938539,77.5901,pm10,36.0,2019-07-23T15:30:00+00:00
6983,12.938539,77.5901,pm10,36.0,2019-07-23T15:45:00+00:00
6983,12.938539,77.5901,pm10,36.0,2019-07-23T16:00:00+00:00
6983,12.938539,77.5901,pm10,43.0,2019-07-23T16:15:00+00:00
6983,12.938539,77.5901,pm10,43.0,2019-07-23T16:30:00+00:00
6983,12.938539,77.5901,pm10,43.0,2019-07-23T16:45:00+00:00
6983,12.938539,77.5901,pm10,43.0,2019-07-23T17:00:00+00:00
6983,12.938539,77.5901,pm10,29.0,2019-07-23T17:15:00+00:00
6983,12.938539,77.5901,pm10,29.0,2019-07-23T17:30:00+00:00
6983,12.938539,77.5901,pm10,29.0,2019-07-23T17:45:00+00:00
6983,12.938539,77.5901,pm10,29.0,2019-07-23T18:00:00+00:00
6983,12.938539,77.5901,pm10,31.0,2019-07-23T18:15:00+00:00
6983,12.938539,77.5901,pm10,31.0,2019-07-23T18:30:00+00:00
6983,12.938539,77.5901,pm25,4.0,2019-07-22T18:45:00+00:00
6983,12.938539,77.5901,pm25,4.0,2019-07-22T19:00:00+00:00
6983,12.938539,77.5901,pm25,2.0,2019-07-22T19:15:00+00:00
6983,12.938539,77.5901,pm25,2.0,2019-07-22T19:30:00+00:00
6983,12.938539,77.5901,pm25,2.0,2019-07-22T19:45:00+00:00
6983,12.938539,77.5901,pm25,2.0,2019-07-22T20:00:00+00:00
6983,12.938539,77.5901,pm25,5.0,2019-07-22T20:15:00+00:00
6983,12.938539,77.5901,pm25,5.0,2019-07-22T20:30:00+00:00
6983,12.938539,77.5901,pm25,5.0,2019-07-22T20:45:00+00:00
6983,12.938539,77.5901,pm25,5.0,2019-07-22T21:00:00+00:00
6983,12.938539,77.5901,pm25,9.0,2019-07-22T21:15:00+00:00
6983,12.938539,77.5901,pm25,9.0,2019-07-22T21:30:00+00:00
6983,12.938539,77.5901,pm25,9.0,2019-07-22T21:45:00+00:00
6983,12.938539,77.5901,pm25,9.0,2019-07-22T22:00:00+00:00
6983,12.938539,77.5901,pm25,5.0,2019-07-22T22:15:00+00:00
6983,12.938539,77.5901,pm25,5.0,2019-07-22T22:30:00+00:00
6983,12.938539,77.5901,pm25,5.0,2019-07-22T22:45:00+00:00
6983,12.938539,77.5901,pm25,5.0,2019-07-22T23:00:00+00:00
6983,12.938539,77.5901,pm25,2.0,2019-07-22T23:15:00+00:00
6983,12.938539,77.5901,pm25,2.0,2019-07-22T23:30:00+00:00
6983,12.938539,77.5901,pm25,2.0,2019-07-22T23:45:00+00:00
6983,12.938539,77.5901,pm25,2.0,2019-07-23T00:00:00+00:00
6983,12.938539,77.5901,pm25,9.0,2019-07-23T00:15:00+00:00
6983,12.938539,77.5901,pm25,9.0,2019-07-23T00:30:00+00:00
6983,12.938539,77.5901,pm25,9.0,2019-07-23T00:45:00+00:00
6983,12.938539,77.5901,pm25,9.0,2019-07-23T01:00:00+00:00
6983,12.938539,77.5901,pm25,10.0,2019-07-23T01:15:00+00:00
6983,12.938539,77.5901,pm25,10.0,2019-07-23T01:30:00+00:00
6983,12.938539,77.5901,pm25,10.0,2019-07-23T01:45:00+00:00
6983,12.938539,77.5901,pm25,10.0,2019-07-23T02:00:00+00:00
6983,12.938539,77.5901,pm25,14.0,2019-07-23T02:15:00+00:00
6983,12.938539,77.5901,pm25,14.0,2019-07-23T02:30:00+00:00
6983,12.938539,77.5901,pm25,14.0,2019-07-23T02:45:00+00:00
6983,12.938539,77.5901,pm25,14.0,2019-07-23T03:00:00+00:00
6983,12.938539,77.5901,pm25,9.0,2019-07-23T03:15:00+00:00
6983,12.938539,77.5901,pm25,9.0,2019-07-23T03:30:00+00:00
6983,12.938539,77.5901,pm25,9.0,2019-07-23T03:45:00+00:00
6983,12.938539,77.5901,pm25,9.0,2019-07-23T04:00:00+00:00
6983,12.938539,77.5901,pm25,15.0,2019-07-23T04:15:00+00:00
6983,12.938539,77.5901,pm25,15.0,2019-07-23T04:30:00+00:00
6983,12.938539,77.5901,pm25,15.0,2019-07-23T04:45:00+00:00
6983,12.938539,77.5901,pm25,15.0,2019-07-23T05:00:00+00:00
6983,12.938539,77.5901,pm25,9.0,2019-07-23T05:15:00+00:00
6983,12.938539,77.5901,pm25,9.0,2019-07-23T05:30:00+00:00
6983,12.938539,77.5901,pm25,9.0,2019-07-23T05:45:00+00:00
6983,12.938539,77.5901,pm25,9.0,2019-07-23T06:00:00+00:00
6983,12.938539,77.5901,pm25,14.0,2019-07-23T06:15:00+00:00
6983,12.938539,77.5901,pm25,14.0,2019-07-23T06:30:00+00:00
6983,12.938539,77.5901,pm25,14.0,2019-07-23T06:45:00+00:00
6983,12.938539,77.5901,pm25,14.0,2019-07-23T07:00:00+00:00
6983,12.938539,77.5901,pm25,12.0,2019-07-23T07:15:00+00:00
6983,12.938539,77.5901,pm25,12.0,2019-07-23T07:30:00+00:00
6983,12.938539,77.5901,pm25,12.0,2019-07-23T07:45:00+00:00
6983,12.938539,77.5901,pm25,12.0,2019-07-23T08:00:00+00:00
6983,12.938539,77.5901,pm25,18.0,2019-07-23T08:15:00+00:00
6983,12.938539,77.5901,pm25,18.0,2019-07-23T08:30:00+00:00
6983,12.938539,77.5901,pm25,18.0,2019-07-23T08:45:00+00:00
6983,12.938539,77.5901,pm25,18.0,2019-07-23T09:00:00+00:00
6983,12.938539,77.5901,pm25,21.0,2019-07-23T09:15:00+00:00
6983,12.938539,77.5901,pm25,21.0,2019-07-23T09:30:00+00:00
6983,12.938539,77.5901,pm25,21.0,2019-07-23T09:45:00+00:00
6983,12.938539,77.5901,pm25,21.0,2019-07-23T10:00:00+00:00
6983,12.938539,77.5901,pm25,18.0,2019-07-23T10:15:00+00:00
6983,12.938539,77.5901,pm25,18.0,2019-07-23T10:30:00+00:00
6983,12.938539,77.5901,pm25,18.0,2019-07-23T10:45:00+00:00
6983,12.938539,77.5901,pm25,18.0,2019-07-23T11:00:00+00:00
6983,12.938539,77.5901,pm25,16.0,2019-07-23T11:15:00+00:00
6983,12.938539,77.5901,pm25,16.0,2019-07-23T11:45:00+00:00
6983,12.938539,77.5901,pm25,16.0,2019-07-23T12:00:00+00:00
6983,12.938539,77.5901,pm25,18.0,2019-07-23T12:15:00+00:00
6983,12.938539,77.5901,pm25,18.0,2019-07-23T12:30:00+00:00
6983,12.938539,77.5901,pm25,18.0,2019-07-23T12:45:00+00:00
6983,12.938539,77.5901,pm25,18.0,2019-07-23T13:00:00+00:00
6983,12.938539,77.5901,pm25,11.0,2019-07-23T13:15:00+00:00
6983,12.938539,77.5901,pm25,11.0,2019-07-23T13:30:00+00:00
6983,12.938539,77.5901,pm25,11.0,2019-07-23T13:45:00+00:00
6983,12.938539,77.5901,pm25,11.0,2019-07-23T14:00:00+00:00
6983,12.938539,77.5901,pm25,15.0,2019-07-23T14:15:00+00:00
6983,12.938539,77.5901,pm25,15.0,2019-07-23T14:30:00+00:00
6983,12.938539,77.5901,pm25,15.0,2019-07-23T14:45:00+00:00
6983,12.938539,77.5901,pm25,15.0,2019-07-23T15:00:00+00:00
6983,12.938539,77.5901,pm25,10.0,2019-07-23T15:15:00+00:00
6983,12.938539,77.5901,pm25,10.0,2019-07-23T15:30:00+00:00
6983,12.938539,77.5901,pm25,10.0,2019-07-23T15:45:00+00:00
6983,12.938539,77.5901,pm25,10.0,2019-07-23T16:00:00+00:00
6983,12.938539,77.5901,pm25,19.0,2019-07-23T16:15:00+00:00
6983,12.938539,77.5901,pm25,19.0,2019-07-23T16:30:00+00:00
6983,12.938539,77.5901,pm25,19.0,2019-07-23T16:45:00+00:00
6983,12.938539,77.5901,pm25,19.0,2019-07-23T17:00:00+00:00
6983,12.938539,77.5901,pm25,11.0,2019-07-23T17:15:00+00:00
6983,12.938539,77.5901,pm25,11.0,2019-07-23T17:30:00+00:00
6983,12.938539,77.5901,pm25,11.0,2019-07-23T17:45:00+00:00
6983,12.938539,77.5901,pm25,11.0,2019-07-23T18:00:00+00:00
6983,12.938539,77.5901,pm25,10.0,2019-07-23T18:15:00+00:00
6983,12.938539,77.5901,pm25,10.0,2019-07-23T18:30:00+00:00
6983,12.938539,77.5901,no2,3.8,2019-07-22T18:45:00+00:00
6983,12.938539,77.5901,no2,3.8,2019-07-22T19:00:00+00:00
6983,12.938539,77.5901,no2,3.4,2019-07-22T19:15:00+00:00
6983,12.938539,77.5901,no2,2.8,2019-07-22T19:30:00+00:00
6983,12.938539,77.5901,no2,3.2,2019-07-22T19:45:00+00:00
6983,12.938539,77.5901,no2,3.2,2019-07-22T20:00:00+00:00
6983,12.938539,77.5901,no2,3.0,2019-07-22T20:15:00+00:00
6983,12.938539,77.5901,no2,3.0,2019-07-22T20:30:00+00:00
6983,12.938539,77.5901,no2,3.4,2019-07-22T20:45:00+00:00
6983,12.938539,77.5901,no2,3.2,2019-07-22T21:00:00+00:00
6983,12.938539,77.5901,no2,2.8,2019-07-22T21:15:00+00:00
6983,12.938539,77.5901,no2,2.4,2019-07-22T21:30:00+00:00
6983,12.938539,77.5901,no2,2.4,2019-07-22T21:45:00+00:00
6983,12.938539,77.5901,no2,2.3,2019-07-22T22:00:00+00:00
6983,12.938539,77.5901,no2,2.3,2019-07-22T22:15:00+00:00
6983,12.938539,77.5901,no2,2.3,2019-07-22T22:30:00+00:00
6983,12.938539,77.5901,no2,2.8,2019-07-22T22:45:00+00:00
6983,12.938539,77.5901,no2,3.2,2019-07-22T23:00:00+00:00
6983,12.938539,77.5901,no2,4.9,2019-07-23T00:15:00+00:00
6983,12.938539,77.5901,no2,5.5,2019-07-23T00:30:00+00:00
6983,12.938539,77.5901,no2,6.2,2019-07-23T00:45:00+00:00
6983,12.938539,77.5901,no2,7.1,2019-07-23T01:00:00+00:00
6983,12.938539,77.5901,no2,8.1,2019-07-23T01:15:00+00:00
6983,12.938539,77.5901,no2,8.6,2019-07-23T01:30:00+00:00
6983,12.938539,77.5901,no2,9.8,2019-07-23T01:45:00+00:00
6983,12.938539,77.5901,no2,9.0,2019-07-23T02:00:00+00:00
6983,12.938539,77.5901,no2,9.6,2019-07-23T02:15:00+00:00
6983,12.938539,77.5901,no2,9.4,2019-07-23T02:30:00+00:00
6983,12.938539,77.5901,no2,9.4,2019-07-23T02:45:00+00:00
6983,12.938539,77.5901,no2,8.8,2019-07-23T03:00:00+00:00
6983,12.938539,77.5901,no2,9.0,2019-07-23T03:15:00+00:00
6983,12.938539,77.5901,no2,9.8,2019-07-23T03:30:00+00:00
6983,12.938539,77.5901,no2,10.5,2019-07-23T03:45:00+00:00
6983,12.938539,77.5901,no2,10.9,2019-07-23T04:00:00+00:00
6983,12.938539,77.5901,no2,10.2,2019-07-23T04:15:00+00:00
6983,12.938539,77.5901,no2,9.6,2019-07-23T04:30:00+00:00
6983,12.938539,77.5901,no2,9.0,2019-07-23T04:45:00+00:00
6983,12.938539,77.5901,no2,7.9,2019-07-23T05:00:00+00:00
6983,12.938539,77.5901,no2,7.0,2019-07-23T05:15:00+00:00
6983,12.938539,77.5901,no2,7.1,2019-07-23T05:30:00+00:00
6983,12.938539,77.5901,no2,7.5,2019-07-23T05:45:00+00:00
6983,12.938539,77.5901,no2,8.3,2019-07-23T06:00:00+00:00
6983,12.938539,77.5901,no2,8.1,2019-07-23T06:15:00+00:00
6983,12.938539,77.5901,no2,7.3,2019-07-23T06:30:00+00:00
6983,12.938539,77.5901,no2,6.4,2019-07-23T06:45:00+00:00
6983,12.938539,77.5901,no2,6.2,2019-07-23T07:00:00+00:00
6983,12.938539,77.5901,no2,6.8,2019-07-23T07:15:00+00:00
6983,12.938539,77.5901,no2,7.7,2019-07-23T07:30:00+00:00
6983,12.938539,77.5901,no2,7.3,2019-07-23T07:45:00+00:00
6983,12.938539,77.5901,no2,6.8,2019-07-23T08:00:00+00:00
6983,12.938539,77.5901,no2,7.1,2019-07-23T08:15:00+00:00
6983,12.938539,77.5901,no2,8.1,2019-07-23T08:30:00+00:00
6983,12.938539,77.5901,no2,7.5,2019-07-23T08:45:00+00:00
6983,12.938539,77.5901,no2,7.5,2019-07-23T09:00:00+00:00
6983,12.938539,77.5901,no2,8.6,2019-07-23T09:15:00+00:00
6983,12.938539,77.5901,no2,8.6,2019-07-23T09:30:00+00:00
6983,12.938539,77.5901,no2,9.0,2019-07-23T09:45:00+00:00
6983,12.938539,77.5901,no2,9.0,2019-07-23T10:00:00+00:00
6983,12.938539,77.5901,no2,10.0,2019-07-23T10:15:00+00:00
6983,12.938539,77.5901,no2,9.8,2019-07-23T10:30:00+00:00
6983,12.938539,77.5901,no2,8.6,2019-07-23T10:45:00+00:00
6983,12.938539,77.5901,no2,7.5,2019-07-23T11:00:00+00:00
6983,12.938539,77.5901,no2,7.7,2019-07-23T11:15:00+00:00
6983,12.938539,77.5901,no2,10.5,2019-07-23T11:45:00+00:00
6983,12.938539,77.5901,no2,13.3,2019-07-23T12:00:00+00:00
6983,12.938539,77.5901,no2,14.9,2019-07-23T12:15:00+00:00
6983,12.938539,77.5901,no2,15.2,2019-07-23T12:30:00+00:00
6983,12.938539,77.5901,no2,15.0,2019-07-23T12:45:00+00:00
6983,12.938539,77.5901,no2,14.7,2019-07-23T13:00:00+00:00
6983,12.938539,77.5901,no2,15.2,2019-07-23T13:15:00+00:00
6983,12.938539,77.5901,no2,16.9,2019-07-23T13:30:00+00:00
6983,12.938539,77.5901,no2,17.1,2019-07-23T13:45:00+00:00
6983,12.938539,77.5901,no2,16.7,2019-07-23T14:00:00+00:00
6983,12.938539,77.5901,no2,16.7,2019-07-23T14:15:00+00:00
6983,12.938539,77.5901,no2,15.6,2019-07-23T14:30:00+00:00
6983,12.938539,77.5901,no2,14.5,2019-07-23T14:45:00+00:00
6983,12.938539,77.5901,no2,13.7,2019-07-23T15:00:00+00:00
6983,12.938539,77.5901,no2,13.9,2019-07-23T15:15:00+00:00
6983,12.938539,77.5901,no2,14.5,2019-07-23T15:30:00+00:00
6983,12.938539,77.5901,no2,14.9,2019-07-23T15:45:00+00:00
6983,12.938539,77.5901,no2,14.7,2019-07-23T16:00:00+00:00
6983,12.938539,77.5901,no2,13.9,2019-07-23T16:15:00+00:00
6983,12.938539,77.5901,no2,12.8,2019-07-23T16:30:00+00:00
6983,12.938539,77.5901,no2,12.4,2019-07-23T16:45:00+00:00
6983,12.938539,77.5901,no2,11.5,2019-07-23T17:00:00+00:00
6983,12.938539,77.5901,no2,10.7,2019-07-23T17:15:00+00:00
6983,12.938539,77.5901,no2,10.2,2019-07-23T17:30:00+00:00
6983,12.938539,77.5901,no2,9.6,2019-07-23T17:45:00+00:00
6983,12.938539,77.5901,no2,9.4,2019-07-23T18:00:00+00:00
6983,12.938539,77.5901,no2,9.4,2019-07-23T18:15:00+00:00
6983,12.938539,77.5901,no2,8.6,2019-07-23T18:30:00+00:00
6983,12.938539,77.5901,so2,1.1,2019-07-22T18:45:00+00:00
6983,12.938539,77.5901,so2,1.4,2019-07-22T19:00:00+00:00
6983,12.938539,77.5901,so2,1.4,2019-07-22T19:15:00+00:00
6983,12.938539,77.5901,so2,1.4,2019-07-22T19:30:00+00:00
6983,12.938539,77.5901,so2,1.5,2019-07-22T19:45:00+00:00
6983,12.938539,77.5901,so2,1.4,2019-07-22T20:00:00+00:00
6983,12.938539,77.5901,so2,1.5,2019-07-22T20:15:00+00:00
6983,12.938539,77.5901,so2,1.4,2019-07-22T20:30:00+00:00
6983,12.938539,77.5901,so2,1.3,2019-07-22T20:45:00+00:00
6983,12.938539,77.5901,so2,1.5,2019-07-22T21:00:00+00:00
6983,12.938539,77.5901,so2,1.6,2019-07-22T21:15:00+00:00
6983,12.938539,77.5901,so2,1.7,2019-07-22T21:30:00+00:00
6983,12.938539,77.5901,so2,1.5,2019-07-22T21:45:00+00:00
6983,12.938539,77.5901,so2,1.5,2019-07-22T22:00:00+00:00
6983,12.938539,77.5901,so2,1.7,2019-07-22T22:15:00+00:00
6983,12.938539,77.5901,so2,1.5,2019-07-22T22:30:00+00:00
6983,12.938539,77.5901,so2,1.4,2019-07-22T22:45:00+00:00
6983,12.938539,77.5901,so2,1.4,2019-07-22T23:00:00+00:00
6983,12.938539,77.5901,so2,1.4,2019-07-22T23:15:00+00:00
6983,12.938539,77.5901,so2,1.2,2019-07-22T23:30:00+00:00
6983,12.938539,77.5901,so2,1.2,2019-07-22T23:45:00+00:00
6983,12.938539,77.5901,so2,1.2,2019-07-23T00:00:00+00:00
6983,12.938539,77.5901,so2,1.0,2019-07-23T01:00:00+00:00
6983,12.938539,77.5901,so2,1.0,2019-07-23T01:15:00+00:00
6983,12.938539,77.5901,so2,0.9,2019-07-23T01:30:00+00:00
6983,12.938539,77.5901,so2,0.9,2019-07-23T01:45:00+00:00
6983,12.938539,77.5901,so2,1.0,2019-07-23T02:00:00+00:00
6983,12.938539,77.5901,so2,1.0,2019-07-23T02:15:00+00:00
6983,12.938539,77.5901,so2,1.3,2019-07-23T02:30:00+00:00
6983,12.938539,77.5901,so2,1.5,2019-07-23T02:45:00+00:00
6983,12.938539,77.5901,so2,1.5,2019-07-23T03:00:00+00:00
6983,12.938539,77.5901,so2,1.5,2019-07-23T03:15:00+00:00
6983,12.938539,77.5901,so2,1.5,2019-07-23T03:30:00+00:00
6983,12.938539,77.5901,so2,1.4,2019-07-23T03:45:00+00:00
6983,12.938539,77.5901,so2,1.2,2019-07-23T04:00:00+00:00
6983,12.938539,77.5901,so2,1.2,2019-07-23T04:15:00+00:00
6983,12.938539,77.5901,so2,1.2,2019-07-23T04:30:00+00:00
6983,12.938539,77.5901,so2,1.3,2019-07-23T04:45:00+00:00
6983,12.938539,77.5901,so2,1.1,2019-07-23T05:00:00+00:00
6983,12.938539,77.5901,so2,1.2,2019-07-23T05:15:00+00:00
6983,12.938539,77.5901,so2,1.4,2019-07-23T05:30:00+00:00
6983,12.938539,77.5901,so2,1.4,2019-07-23T05:45:00+00:00
6983,12.938539,77.5901,so2,1.5,2019-07-23T06:00:00+00:00
6983,12.938539,77.5901,so2,1.5,2019-07-23T06:15:00+00:00
6983,12.938539,77.5901,so2,1.6,2019-07-23T06:30:00+00:00
6983,12.938539,77.5901,so2,1.5,2019-07-23T06:45:00+00:00
6983,12.938539,77.5901,so2,1.3,2019-07-23T07:00:00+00:00
6983,12.938539,77.5901,so2,1.3,2019-07-23T07:15:00+00:00
6983,12.938539,77.5901,so2,1.3,2019-07-23T07:30:00+00:00
6983,12.938539,77.5901,so2,1.1,2019-07-23T07:45:00+00:00
6983,12.938539,77.5901,so2,1.1,2019-07-23T08:00:00+00:00
6983,12.938539,77.5901,so2,1.1,2019-07-23T08:15:00+00:00
6983,12.938539,77.5901,so2,1.0,2019-07-23T08:30:00+00:00
6983,12.938539,77.5901,so2,1.0,2019-07-23T08:45:00+00:00
6983,12.938539,77.5901,so2,1.0,2019-07-23T09:00:00+00:00
6983,12.938539,77.5901,so2,1.2,2019-07-23T09:15:00+00:00
6983,12.938539,77.5901,so2,1.2,2019-07-23T09:30:00+00:00
6983,12.938539,77.5901,so2,1.2,2019-07-23T09:45:00+00:00
6983,12.938539,77.5901,so2,1.1,2019-07-23T10:00:00+00:00
6983,12.938539,77.5901,so2,1.2,2019-07-23T10:15:00+00:00
6983,12.938539,77.5901,so2,1.3,2019-07-23T10:30:00+00:00
6983,12.938539,77.5901,so2,1.4,2019-07-23T10:45:00+00:00
6983,12.938539,77.5901,so2,1.3,2019-07-23T11:00:00+00:00
6983,12.938539,77.5901,so2,1.3,2019-07-23T11:15:00+00:00
6983,12.938539,77.5901,so2,1.2,2019-07-23T11:45:00+00:00
6983,12.938539,77.5901,so2,1.0,2019-07-23T12:00:00+00:00
6983,12.938539,77.5901,so2,1.1,2019-07-23T12:15:00+00:00
6983,12.938539,77.5901,so2,1.1,2019-07-23T12:30:00+00:00
6983,12.938539,77.5901,so2,1.2,2019-07-23T12:45:00+00:00
6983,12.938539,77.5901,so2,1.2,2019-07-23T13:00:00+00:00
6983,12.938539,77.5901,so2,1.3,2019-07-23T13:15:00+00:00
6983,12.938539,77.5901,so2,1.3,2019-07-23T13:30:00+00:00
6983,12.938539,77.5901,so2,1.2,2019-07-23T13:45:00+00:00
6983,12.938539,77.5901,so2,1.3,2019-07-23T14:00:00+00:00
6983,12.938539,77.5901,so2,1.4,2019-07-23T14:15:00+00:00
6983,12.938539,77.5901,so2,1.4,2019-07-23T14:30:00+00:00
6983,12.938539,77.5901,so2,1.4,2019-07-23T14:45:00+00:00
6983,12.938539,77.5901,so2,1.3,2019-07-23T15:00:00+00:00
6983,12.938539,77.5901,so2,1.3,2019-07-23T15:15:00+00:00
6983,12.938539,77.5901,so2,1.1,2019-07-23T15:30:00+00:00
6983,12.938539,77.5901,so2,1.1,2019-07-23T15:45:00+00:00
6983,12.938539,77.5901,so2,1.0,2019-07-23T16:00:00+00:00
6983,12.938539,77.5901,so2,1.1,2019-07-23T16:15:00+00:00
6983,12.938539,77.5901,so2,1.2,2019-07-23T16:30:00+00:00
6983,12.938539,77.5901,so2,1.2,2019-07-23T16:45:00+00:00
6983,12.938539,77.5901,so2,1.2,2019-07-23T17:00:00+00:00
6983,12.938539,77.5901,so2,1.1,2019-07-23T17:15:00+00:00
6983,12.938539,77.5901,so2,1.2,2019-07-23T17:30:00+00:00
6983,12.938539,77.5901,so2,1.2,2019-07-23T17:45:00+00:00
6983,12.938539,77.5901,so2,1.1,2019-07-23T18:00:00+00:00
6983,12.938539,77.5901,so2,1.5,2019-07-23T18:30:00+00:00
6984,13.029152,77.585901,pm10,30.0,2019-07-16T18:45:00+00:00
6984,13.029152,77.585901,pm10,30.0,2019-07-16T19:00:00+00:00
6984,13.029152,77.585901,pm10,23.0,2019-07-16T19:15:00+00:00
6984,13.029152,77.585901,pm10,23.0,2019-07-16T19:30:00+00:00
6984,13.029152,77.585901,pm10,23.0,2019-07-16T19:45:00+00:00
6984,13.029152,77.585901,pm10,23.0,2019-07-16T20:00:00+00:00
6984,13.029152,77.585901,pm10,25.0,2019-07-16T20:15:00+00:00
6984,13.029152,77.585901,pm10,25.0,2019-07-16T20:30:00+00:00
6984,13.029152,77.585901,pm10,25.0,2019-07-16T20:45:00+00:00
6984,13.029152,77.585901,pm10,25.0,2019-07-16T21:00:00+00:00
6984,13.029152,77.585901,pm10,26.0,2019-07-16T21:15:00+00:00
6984,13.029152,77.585901,pm10,26.0,2019-07-16T21:30:00+00:00
6984,13.029152,77.585901,pm10,26.0,2019-07-16T21:45:00+00:00
6984,13.029152,77.585901,pm10,26.0,2019-07-16T22:00:00+00:00
6984,13.029152,77.585901,pm10,22.0,2019-07-16T22:15:00+00:00
6984,13.029152,77.585901,pm10,22.0,2019-07-16T22:30:00+00:00
6984,13.029152,77.585901,pm10,22.0,2019-07-16T22:45:00+00:00
6984,13.029152,77.585901,pm10,22.0,2019-07-16T23:00:00+00:00
6984,13.029152,77.585901,pm10,20.0,2019-07-16T23:15:00+00:00
6984,13.029152,77.585901,pm10,20.0,2019-07-16T23:30:00+00:00
6984,13.029152,77.585901,pm10,20.0,2019-07-16T23:45:00+00:00
6984,13.029152,77.585901,pm10,20.0,2019-07-17T00:00:00+00:00
6984,13.029152,77.585901,pm10,27.0,2019-07-17T00:15:00+00:00
6984,13.029152,77.585901,pm10,27.0,2019-07-17T00:30:00+00:00
6984,13.029152,77.585901,pm10,27.0,2019-07-17T00:45:00+00:00
6984,13.029152,77.585901,pm10,27.0,2019-07-17T01:00:00+00:00
6984,13.029152,77.585901,pm10,31.0,2019-07-17T01:15:00+00:00
6984,13.029152,77.585901,pm10,31.0,2019-07-17T01:30:00+00:00
6984,13.029152,77.585901,pm10,31.0,2019-07-17T01:45:00+00:00
6984,13.029152,77.585901,pm10,31.0,2019-07-17T02:00:00+00:00
6984,13.029152,77.585901,pm10,34.0,2019-07-17T02:15:00+00:00
6984,13.029152,77.585901,pm10,34.0,2019-07-17T02:30:00+00:00
6984,13.029152,77.585901,pm10,34.0,2019-07-17T02:45:00+00:00
6984,13.029152,77.585901,pm10,34.0,2019-07-17T03:00:00+00:00
6984,13.029152,77.585901,pm10,37.0,2019-07-17T03:15:00+00:00
6984,13.029152,77.585901,pm10,37.0,2019-07-17T03:30:00+00:00
6984,13.029152,77.585901,pm10,37.0,2019-07-17T03:45:00+00:00
6984,13.029152,77.585901,pm10,37.0,2019-07-17T04:00:00+00:00
6984,13.029152,77.585901,pm10,43.0,2019-07-17T04:15:00+00:00
6984,13.029152,77.585901,pm10,43.0,2019-07-17T04:30:00+00:00
6984,13.029152,77.585901,pm10,43.0,2019-07-17T04:45:00+00:00
6984,13.029152,77.585901,pm10,43.0,2019-07-17T05:00:00+00:00
6984,13.029152,77.585901,pm10,36.0,2019-07-17T05:15:00+00:00
6984,13.029152,77.585901,pm10,36.0,2019-07-17T05:30:00+00:00
6984,13.029152,77.585901,pm10,36.0,2019-07-17T05:45:00+00:00
6984,13.029152,77.585901,pm10,36.0,2019-07-17T06:00:00+00:00
6984,13.029152,77.585901,pm10,46.0,2019-07-17T06:15:00+00:00
6984,13.029152,77.585901,pm10,46.0,2019-07-17T06:30:00+00:00
6984,13.029152,77.585901,pm10,46.0,2019-07-17T06:45:00+00:00
6984,13.029152,77.585901,pm10,46.0,2019-07-17T07:00:00+00:00
6984,13.029152,77.585901,pm10,43.0,2019-07-17T07:15:00+00:00
6984,13.029152,77.585901,pm10,43.0,2019-07-17T07:30:00+00:00
6984,13.029152,77.585901,pm10,43.0,2019-07-17T07:45:00+00:00
6984,13.029152,77.585901,pm10,43.0,2019-07-17T08:00:00+00:00
6984,13.029152,77.585901,pm10,41.0,2019-07-17T08:15:00+00:00
6984,13.029152,77.585901,pm10,41.0,2019-07-17T08:45:00+00:00
6984,13.029152,77.585901,pm10,41.0,2019-07-17T09:00:00+00:00
6984,13.029152,77.585901,pm10,43.0,2019-07-17T09:15:00+00:00
6984,13.029152,77.585901,pm10,43.0,2019-07-17T09:30:00+00:00
6984,13.029152,77.585901,pm10,43.0,2019-07-17T09:45:00+00:00
6984,13.029152,77.585901,pm10,43.0,2019-07-17T10:00:00+00:00
6984,13.029152,77.585901,pm10,41.0,2019-07-17T10:15:00+00:00
6984,13.029152,77.585901,pm10,41.0,2019-07-17T10:45:00+00:00
6984,13.029152,77.585901,pm10,41.0,2019-07-17T11:00:00+00:00
6984,13.029152,77.585901,pm10,38.0,2019-07-17T11:45:00+00:00
6984,13.029152,77.585901,pm10,38.0,2019-07-17T12:00:00+00:00
6984,13.029152,77.585901,pm10,41.0,2019-07-17T12:15:00+00:00
6984,13.029152,77.585901,pm10,41.0,2019-07-17T12:30:00+00:00
6984,13.029152,77.585901,pm10,41.0,2019-07-17T12:45:00+00:00
6984,13.029152,77.585901,pm10,41.0,2019-07-17T13:00:00+00:00
6984,13.029152,77.585901,pm10,51.0,2019-07-17T13:15:00+00:00
6984,13.029152,77.585901,pm10,51.0,2019-07-17T13:30:00+00:00
6984,13.029152,77.585901,pm10,51.0,2019-07-17T13:45:00+00:00
6984,13.029152,77.585901,pm10,51.0,2019-07-17T14:00:00+00:00
6984,13.029152,77.585901,pm10,46.0,2019-07-17T14:15:00+00:00
6984,13.029152,77.585901,pm10,46.0,2019-07-17T14:30:00+00:00
6984,13.029152,77.585901,pm10,46.0,2019-07-17T14:45:00+00:00
6984,13.029152,77.585901,pm10,46.0,2019-07-17T15:00:00+00:00
6984,13.029152,77.585901,pm10,36.0,2019-07-17T15:15:00+00:00
6984,13.029152,77.585901,pm10,36.0,2019-07-17T15:30:00+00:00
6984,13.029152,77.585901,pm10,36.0,2019-07-17T15:45:00+00:00
6984,13.029152,77.585901,pm10,36.0,2019-07-17T16:00:00+00:00
6984,13.029152,77.585901,pm10,46.0,2019-07-17T16:15:00+00:00
6984,13.029152,77.585901,pm10,46.0,2019-07-17T16:30:00+00:00
6984,13.029152,77.585901,pm10,46.0,2019-07-17T16:45:00+00:00
6984,13.029152,77.585901,pm10,46.0,2019-07-17T17:00:00+00:00
6984,13.029152,77.585901,pm10,34.0,2019-07-17T17:15:00+00:00
6984,13.029152,77.585901,pm10,34.0,2019-07-17T17:30:00+00:00
6984,13.029152,77.585901,pm10,34.0,2019-07-17T17:45:00+00:00
6984,13.029152,77.585901,pm10,34.0,2019-07-17T18:00:00+00:00
6984,13.029152,77.585901,pm10,30.0,2019-07-17T18:15:00+00:00
6984,13.029152,77.585901,pm10,30.0,2019-07-17T18:30:00+00:00
6984,13.029152,77.585901,pm25,17.0,2019-07-16T18:45:00+00:00
6984,13.029152,77.585901,pm25,17.0,2019-07-16T19:00:00+00:00
6984,13.029152,77.585901,pm25,12.0,2019-07-16T19:15:00+00:00
6984,13.029152,77.585901,pm25,12.0,2019-07-16T19:30:00+00:00
6984,13.029152,77.585901,pm25,12.0,2019-07-16T19:45:00+00:00
6984,13.029152,77.585901,pm25,12.0,2019-07-16T20:00:00+00:00
6984,13.029152,77.585901,pm25,14.0,2019-07-16T20:15:00+00:00
6984,13.029152,77.585901,pm25,14.0,2019-07-16T20:30:00+00:00
6984,13.029152,77.585901,pm25,14.0,2019-07-16T20:45:00+00:00
6984,13.029152,77.585901,pm25,14.0,2019-07-16T21:00:00+00:00
6984,13.029152,77.585901,pm25,11.0,2019-07-16T21:15:00+00:00
6984,13.029152,77.585901,pm25,11.0,2019-07-16T21:30:00+00:00
6984,13.029152,77.585901,pm25,11.0,2019-07-16T21:45:00+00:00
6984,13.029152,77.585901,pm25,11.0,2019-07-16T22:00:00+00:00
6984,13.029152,77.585901,pm25,11.0,2019-07-16T22:15:00+00:00
6984,13.029152,77.585901,pm25,11.0,2019-07-16T22:30:00+00:00
6984,13.029152,77.585901,pm25,11.0,2019-07-16T22:45:00+00:00
6984,13.029152,77.585901,pm25,11.0,2019-07-16T23:00:00+00:00
6984,13.029152,77.585901,pm25,10.0,2019-07-16T23:15:00+00:00
6984,13.029152,77.585901,pm25,10.0,2019-07-16T23:30:00+00:00
6984,13.029152,77.585901,pm25,10.0,2019-07-16T23:45:00+00:00
6984,13.029152,77.585901,pm25,10.0,2019-07-17T00:00:00+00:00
6984,13.029152,77.585901,pm25,11.0,2019-07-17T00:15:00+00:00
6984,13.029152,77.585901,pm25,11.0,2019-07-17T00:30:00+00:00
6984,13.029152,77.585901,pm25,11.0,2019-07-17T00:45:00+00:00
6984,13.029152,77.585901,pm25,11.0,2019-07-17T01:00:00+00:00
6984,13.029152,77.585901,pm25,19.0,2019-07-17T01:15:00+00:00
6984,13.029152,77.585901,pm25,19.0,2019-07-17T01:30:00+00:00
6984,13.029152,77.585901,pm25,19.0,2019-07-17T01:45:00+00:00
6984,13.029152,77.585901,pm25,19.0,2019-07-17T02:00:00+00:00
6984,13.029152,77.585901,pm25,20.0,2019-07-17T02:15:00+00:00
6984,13.029152,77.585901,pm25,20.0,2019-07-17T02:30:00+00:00
6984,13.029152,77.585901,pm25,20.0,2019-07-17T02:45:00+00:00
6984,13.029152,77.585901,pm25,20.0,2019-07-17T03:00:00+00:00
6984,13.029152,77.585901,pm25,22.0,2019-07-17T03:15:00+00:00
6984,13.029152,77.585901,pm25,22.0,2019-07-17T03:30:00+00:00
6984,13.029152,77.585901,pm25,22.0,2019-07-17T03:45:00+00:00
6984,13.029152,77.585901,pm25,22.0,2019-07-17T04:00:00+00:00
6984,13.029152,77.585901,pm25,21.0,2019-07-17T04:15:00+00:00
6984,13.029152,77.585901,pm25,21.0,2019-07-17T04:30:00+00:00
6984,13.029152,77.585901,pm25,21.0,2019-07-17T04:45:00+00:00
6984,13.029152,77.585901,pm25,21.0,2019-07-17T05:00:00+00:00
6984,13.029152,77.585901,pm25,19.0,2019-07-17T05:15:00+00:00
6984,13.029152,77.585901,pm25,19.0,2019-07-17T05:30:00+00:00
6984,13.029152,77.585901,pm25,19.0,2019-07-17T05:45:00+00:00
6984,13.029152,77.585901,pm25,19.0,2019-07-17T06:00:00+00:00
6984,13.029152,77.585901,pm25,17.0,2019-07-17T06:15:00+00:00
6984,13.029152,77.585901,pm25,17.0,2019-07-17T06:30:00+00:00
6984,13.029152,77.585901,pm25,17.0,2019-07-17T06:45:00+00:00
6984,13.029152,77.585901,pm25,17.0,2019-07-17T07:00:00+00:00
6984,13.029152,77.585901,pm25,12.0,2019-07-17T07:15:00+00:00
6984,13.029152,77.585901,pm25,12.0,2019-07-17T07:30:00+00:00
6984,13.029152,77.585901,pm25,12.0,2019-07-17T07:45:00+00:00
6984,13.029152,77.585901,pm25,12.0,2019-07-17T08:00:00+00:00
6984,13.029152,77.585901,pm25,17.0,2019-07-17T08:15:00+00:00
6984,13.029152,77.585901,pm25,17.0,2019-07-17T08:45:00+00:00
6984,13.029152,77.585901,pm25,17.0,2019-07-17T09:00:00+00:00
6984,13.029152,77.585901,pm25,12.0,2019-07-17T09:15:00+00:00
6984,13.029152,77.585901,pm25,12.0,2019-07-17T09:30:00+00:00
6984,13.029152,77.585901,pm25,12.0,2019-07-17T09:45:00+00:00
6984,13.029152,77.585901,pm25,12.0,2019-07-17T10:00:00+00:00
6984,13.029152,77.585901,pm25,17.0,2019-07-17T10:15:00+00:00
6984,13.029152,77.585901,pm25,17.0,2019-07-17T10:45:00+00:00
6984,13.029152,77.585901,pm25,17.0,2019-07-17T11:00:00+00:00
6984,13.029152,77.585901,pm25,14.0,2019-07-17T11:45:00+00:00
6984,13.029152,77.585901,pm25,14.0,2019-07-17T12:00:00+00:00
6984,13.029152,77.585901,pm25,10.0,2019-07-17T12:15:00+00:00
6984,13.029152,77.585901,pm25,10.0,2019-07-17T12:30:00+00:00
6984,13.029152,77.585901,pm25,10.0,2019-07-17T12:45:00+00:00
6984,13.029152,77.585901,pm25,10.0,2019-07-17T13:00:00+00:00
6984,13.029152,77.585901,pm25,21.0,2019-07-17T13:15:00+00:00
6984,13.029152,77.585901,pm25,21.0,2019-07-17T13:30:00+00:00
6984,13.029152,77.585901,pm25,21.0,2019-07-17T13:45:00+00:00
6984,13.029152,77.585901,pm25,21.0,2019-07-17T14:00:00+00:00
6984,13.029152,77.585901,pm25,18.0,2019-07-17T14:15:00+00:00
6984,13.029152,77.585901,pm25,18.0,2019-07-17T14:30:00+00:00
6984,13.029152,77.585901,pm25,18.0,2019-07-17T14:45:00+00:00
6984,13.029152,77.585901,pm25,18.0,2019-07-17T15:00:00+00:00
6984,13.029152,77.585901,pm25,13.0,2019-07-17T15:15:00+00:00
6984,13.029152,77.585901,pm25,13.0,2019-07-17T15:30:00+00:00
6984,13.029152,77.585901,pm25,13.0,2019-07-17T15:45:00+00:00
6984,13.029152,77.585901,pm25,13.0,2019-07-17T16:00:00+00:00
6984,13.029152,77.585901,pm25,24.0,2019-07-17T16:15:00+00:00
6984,13.029152,77.585901,pm25,24.0,2019-07-17T16:30:00+00:00
6984,13.029152,77.585901,pm25,24.0,2019-07-17T16:45:00+00:00
6984,13.029152,77.585901,pm25,24.0,2019-07-17T17:00:00+00:00
6984,13.029152,77.585901,pm25,15.0,2019-07-17T17:15:00+00:00
6984,13.029152,77.585901,pm25,15.0,2019-07-17T17:30:00+00:00
6984,13.029152,77.585901,pm25,15.0,2019-07-17T17:45:00+00:00
6984,13.029152,77.585901,pm25,15.0,2019-07-17T18:00:00+00:00
6984,13.029152,77.585901,pm25,13.0,2019-07-17T18:15:00+00:00
6984,13.029152,77.585901,pm25,13.0,2019-07-17T18:30:00+00:00
6984,13.029152,77.585901,co,1.19,2019-07-16T18:45:00+00:00
6984,13.029152,77.585901,co,1.24,2019-07-16T19:00:00+00:00
6984,13.029152,77.585901,co,1.24,2019-07-16T19:15:00+00:00
6984,13.029152,77.585901,co,1.34,2019-07-16T19:30:00+00:00
6984,13.029152,77.585901,co,1.28,2019-07-16T19:45:00+00:00
6984,13.029152,77.585901,co,1.25,2019-07-16T20:00:00+00:00
6984,13.029152,77.585901,co,1.18,2019-07-16T20:15:00+00:00
6984,13.029152,77.585901,co,1.16,2019-07-16T20:30:00+00:00
6984,13.029152,77.585901,co,1.18,2019-07-16T20:45:00+00:00
6984,13.029152,77.585901,co,1.13,2019-07-16T21:00:00+00:00
6984,13.029152,77.585901,co,1.2,2019-07-16T21:15:00+00:00
6984,13.029152,77.585901,co,1.2,2019-07-16T21:30:00+00:00
6984,13.029152,77.585901,co,1.23,2019-07-16T21:45:00+00:00
6984,13.029152,77.585901,co,0.96,2019-07-16T22:00:00+00:00
6984,13.029152,77.585901,co,1.05,2019-07-16T22:15:00+00:00
6984,13.029152,77.585901,co,1.13,2019-07-16T22:30:00+00:00
6984,13.029152,77.585901,co,1.08,2019-07-16T23:30:00+00:00
6984,13.029152,77.585901,co,1.05,2019-07-16T23:45:00+00:00
6984,13.029152,77.585901,co,1.09,2019-07-17T00:00:00+00:00
6984,13.029152,77.585901,co,1.08,2019-07-17T00:15:00+00:00
6984,13.029152,77.585901,co,1.06,2019-07-17T00:30:00+00:00
6984,13.029152,77.585901,co,1.16,2019-07-17T00:45:00+00:00
6984,13.029152,77.585901,co,1.19,2019-07-17T01:00:00+00:00
6984,13.029152,77.585901,co,1.27,2019-07-17T01:15:00+00:00
6984,13.029152,77.585901,co,1.25,2019-07-17T01:30:00+00:00
6984,13.029152,77.585901,co,1.29,2019-07-17T01:45:00+00:00
6984,13.029152,77.585901,co,1.21,2019-07-17T02:00:00+00:00
6984,13.029152,77.585901,co,1.18,2019-07-17T02:15:00+00:00
6984,13.029152,77.585901,co,1.23,2019-07-17T02:30:00+00:00
6984,13.029152,77.585901,co,1.31,2019-07-17T02:45:00+00:00
6984,13.029152,77.585901,co,1.27,2019-07-17T03:00:00+00:00
6984,13.029152,77.585901,co,1.26,2019-07-17T03:15:00+00:00
6984,13.029152,77.585901,co,1.23,2019-07-17T03:30:00+00:00
6984,13.029152,77.585901,co,1.26,2019-07-17T03:45:00+00:00
6984,13.029152,77.585901,co,1.18,2019-07-17T04:00:00+00:00
6984,13.029152,77.585901,co,1.2,2019-07-17T04:15:00+00:00
6984,13.029152,77.585901,co,1.21,2019-07-17T04:30:00+00:00
6984,13.029152,77.585901,co,1.16,2019-07-17T04:45:00+00:00
6984,13.029152,77.585901,co,1.13,2019-07-17T05:00:00+00:00
6984,13.029152,77.585901,co,1.12,2019-07-17T05:15:00+00:00
6984,13.029152,77.585901,co,1.05,2019-07-17T05:30:00+00:00
6984,13.029152,77.585901,co,1.11,2019-07-17T05:45:00+00:00
6984,13.029152,77.585901,co,1.17,2019-07-17T06:00:00+00:00
6984,13.029152,77.585901,co,1.11,2019-07-17T06:15:00+00:00
6984,13.029152,77.585901,co,1.08,2019-07-17T06:30:00+00:00
6984,13.029152,77.585901,co,1.06,2019-07-17T06:45:00+00:00
6984,13.029152,77.585901,co,1.05,2019-07-17T07:00:00+00:00
6984,13.029152,77.585901,co,1.1,2019-07-17T07:15:00+00:00
6984,13.029152,77.585901,co,1.08,2019-07-17T07:30:00+00:00
6984,13.029152,77.585901,co,1.06,2019-07-17T07:45:00+00:00
6984,13.029152,77.585901,co,1.05,2019-07-17T08:00:00+00:00
6984,13.029152,77.585901,co,1.03,2019-07-17T08:15:00+00:00
6984,13.029152,77.585901,co,1.04,2019-07-17T08:45:00+00:00
6984,13.029152,77.585901,co,1.01,2019-07-17T09:00:00+00:00
6984,13.029152,77.585901,co,1.03,2019-07-17T09:15:00+00:00
6984,13.029152,77.585901,co,0.98,2019-07-17T09:30:00+00:00
6984,13.029152,77.585901,co,1.0,2019-07-17T09:45:00+00:00
6984,13.029152,77.585901,co,0.93,2019-07-17T10:00:00+00:00
6984,13.029152,77.585901,co,0.84,2019-07-17T10:15:00+00:00
6984,13.029152,77.585901,co,0.98,2019-07-17T10:45:00+00:00
6984,13.029152,77.585901,co,0.98,2019-07-17T11:00:00+00:00
6984,13.029152,77.585901,co,1.09,2019-07-17T11:45:00+00:00
6984,13.029152,77.585901,co,1.04,2019-07-17T12:00:00+00:00
6984,13.029152,77.585901,co,1.1,2019-07-17T12:15:00+00:00
6984,13.029152,77.585901,co,1.21,2019-07-17T12:30:00+00:00
6984,13.029152,77.585901,co,1.29,2019-07-17T12:45:00+00:00
6984,13.029152,77.585901,co,1.41,2019-07-17T13:00:00+00:00
6984,13.029152,77.585901,co,1.56,2019-07-17T13:15:00+00:00
6984,13.029152,77.585901,co,1.33,2019-07-17T13:30:00+00:00
6984,13.029152,77.585901,co,1.28,2019-07-17T13:45:00+00:00
6984,13.029152,77.585901,co,1.26,2019-07-17T14:00:00+00:00
6984,13.029152,77.585901,co,1.31,2019-07-17T14:15:00+00:00
6984,13.029152,77.585901,co,1.42,2019-07-17T14:30:00+00:00
6984,13.029152,77.585901,co,1.33,2019-07-17T14:45:00+00:00
6984,13.029152,77.585901,co,1.42,2019-07-17T15:00:00+00:00
6984,13.029152,77.585901,co,1.74,2019-07-17T15:15:00+00:00
6984,13.029152,77.585901,co,1.94,2019-07-17T15:30:00+00:00
6984,13.029152,77.585901,co,2.05,2019-07-17T15:45:00+00:00
6984,13.029152,77.585901,co,2.05,2019-07-17T16:00:00+00:00
6984,13.029152,77.585901,co,1.33,2019-07-17T16:15:00+00:00
6984,13.029152,77.585901,co,1.25,2019-07-17T16:30:00+00:00
6984,13.029152,77.585901,co,1.27,2019-07-17T16:45:00+00:00
6984,13.029152,77.585901,co,1.29,2019-07-17T17:00:00+00:00
6984,13.029152,77.585901,co,1.35,2019-07-17T17:15:00+00:00
6984,13.029152,77.585901,co,1.34,2019-07-17T17:30:00+00:00
6984,13.029152,77.585901,co,1.29,2019-07-17T17:45:00+00:00
6984,13.029152,77.585901,co,1.32,2019-07-17T18:00:00+00:00
6984,13.029152,77.585901,co,1.39,2019-07-17T18:30:00+00:00
6984,13.029152,77.585901,no2,11.7,2019-07-16T18:45:00+00:00
6984,13.029152,77.585901,no2,9.9,2019-07-16T19:00:00+00:00
6984,13.029152,77.585901,no2,9.0,2019-07-16T19:15:00+00:00
6984,13.029152,77.585901,no2,8.0,2019-07-16T19:30:00+00:00
6984,13.029152,77.585901,no2,7.5,2019-07-16T19:45:00+00:00
6984,13.029152,77.585901,no2,7.5,2019-07-16T20:00:00+00:00
6984,13.029152,77.585901,no2,7.7,2019-07-16T20:15:00+00:00
6984,13.029152,77.585901,no2,7.2,2019-07-16T20:30:00+00:00
6984,13.029152,77.585901,no2,7.0,2019-07-16T20:45:00+00:00
6984,13.029152,77.585901,no2,7.4,2019-07-16T21:00:00+00:00
6984,13.029152,77.585901,no2,7.3,2019-07-16T21:15:00+00:00
6984,13.029152,77.585901,no2,6.8,2019-07-16T21:30:00+00:00
6984,13.029152,77.585901,no2,6.6,2019-07-16T21:45:00+00:00
6984,13.029152,77.585901,no2,6.7,2019-07-16T22:00:00+00:00
6984,13.029152,77.585901,no2,6.6,2019-07-16T22:15:00+00:00
6984,13.029152,77.585901,no2,6.2,2019-07-16T22:30:00+00:00
6984,13.029152,77.585901,no2,5.8,2019-07-16T22:45:00+00:00
6984,13.029152,77.585901,no2,6.0,2019-07-16T23:00:00+00:00
6984,13.029152,77.585901,no2,6.0,2019-07-16T23:15:00+00:00
6984,13.029152,77.585901,no2,5.6,2019-07-16T23:30:00+00:00
6984,13.029152,77.585901,no2,3.8,2019-07-17T00:30:00+00:00
6984,13.029152,77.585901,no2,4.2,2019-07-17T00:45:00+00:00
6984,13.029152,77.585901,no2,4.7,2019-07-17T01:00:00+00:00
6984,13.029152,77.585901,no2,5.4,2019-07-17T01:15:00+00:00
6984,13.029152,77.585901,no2,7.0,2019-07-17T01:30:00+00:00
6984,13.029152,77.585901,no2,8.2,2019-07-17T01:45:00+00:00
6984,13.029152,77.585901,no2,8.3,2019-07-17T02:00:00+00:00
6984,13.029152,77.585901,no2,8.3,2019-07-17T02:15:00+00:00
6984,13.029152,77.585901,no2,8.4,2019-07-17T02:30:00+00:00
6984,13.029152,77.585901,no2,8.5,2019-07-17T02:45:00+00:00
6984,13.029152,77.585901,no2,8.6,2019-07-17T03:00:00+00:00
6984,13.029152,77.585901,no2,8.0,2019-07-17T03:15:00+00:00
6984,13.029152,77.585901,no2,8.0,2019-07-17T03:30:00+00:00
6984,13.029152,77.585901,no2,7.8,2019-07-17T03:45:00+00:00
6984,13.029152,77.585901,no2,7.0,2019-07-17T04:00:00+00:00
6984,13.029152,77.585901,no2,6.1,2019-07-17T04:15:00+00:00
6984,13.029152,77.585901,no2,5.0,2019-07-17T04:30:00+00:00
6984,13.029152,77.585901,no2,4.4,2019-07-17T04:45:00+00:00
6984,13.029152,77.585901,no2,4.5,2019-07-17T05:00:00+00:00
6984,13.029152,77.585901,no2,4.3,2019-07-17T05:15:00+00:00
6984,13.029152,77.585901,no2,4.4,2019-07-17T05:30:00+00:00
6984,13.029152,77.585901,no2,4.0,2019-07-17T05:45:00+00:00
6984,13.029152,77.585901,no2,3.5,2019-07-17T06:00:00+00:00
6984,13.029152,77.585901,no2,3.0,2019-07-17T06:15:00+00:00
6984,13.029152,77.585901,no2,3.3,2019-07-17T06:30:00+00:00
6984,13.029152,77.585901,no2,3.9,2019-07-17T06:45:00+00:00
6984,13.029152,77.585901,no2,4.4,2019-07-17T07:00:00+00:00
6984,13.029152,77.585901,no2,4.5,2019-07-17T07:15:00+00:00
6984,13.029152,77.585901,no2,4.5,2019-07-17T07:30:00+00:00
6984,13.029152,77.585901,no2,4.9,2019-07-17T07:45:00+00:00
6984,13.029152,77.585901,no2,4.4,2019-07-17T08:00:00+00:00
6984,13.029152,77.585901,no2,3.7,2019-07-17T08:15:00+00:00
6984,13.029152,77.585901,no2,3.8,2019-07-17T08:45:00+00:00
6984,13.029152,77.585901,no2,3.6,2019-07-17T09:00:00+00:00
6984,13.029152,77.585901,no2,3.3,2019-07-17T09:15:00+00:00
6984,13.029152,77.585901,no2,3.0,2019-07-17T09:30:00+00:00
6984,13.029152,77.585901,no2,2.6,2019-07-17T09:45:00+00:00
6984,13.029152,77.585901,no2,3.4,2019-07-17T10:00:00+00:00
6984,13.029152,77.585901,no2,3.2,2019-07-17T10:15:00+00:00
6984,13.029152,77.585901,no2,5.3,2019-07-17T10:45:00+00:00
6984,13.029152,77.585901,no2,4.8,2019-07-17T11:00:00+00:00
6984,13.029152,77.585901,no2,4.0,2019-07-17T11:45:00+00:00
6984,13.029152,77.585901,no2,4.5,2019-07-17T12:00:00+00:00
6984,13.029152,77.585901,no2,5.6,2019-07-17T12:15:00+00:00
6984,13.029152,77.585901,no2,7.3,2019-07-17T12:30:00+00:00
6984,13.029152,77.585901,no2,9.7,2019-07-17T12:45:00+00:00
6984,13.029152,77.585901,no2,12.1,2019-07-17T13:00:00+00:00
6984,13.029152,77.585901,no2,17.8,2019-07-17T13:15:00+00:00
6984,13.029152,77.585901,no2,18.8,2019-07-17T13:30:00+00:00
6984,13.029152,77.585901,no2,14.6,2019-07-17T13:45:00+00:00
6984,13.029152,77.585901,no2,12.7,2019-07-17T14:00:00+00:00
6984,13.029152,77.585901,no2,11.8,2019-07-17T14:15:00+00:00
6984,13.029152,77.585901,no2,13.1,2019-07-17T14:30:00+00:00
6984,13.029152,77.585901,no2,15.8,2019-07-17T14:45:00+00:00
6984,13.029152,77.585901,no2,17.3,2019-07-17T15:00:00+00:00
6984,13.029152,77.585901,no2,21.1,2019-07-17T15:15:00+00:00
6984,13.029152,77.585901,no2,25.4,2019-07-17T15:30:00+00:00
6984,13.029152,77.585901,no2,31.8,2019-07-17T15:45:00+00:00
6984,13.029152,77.585901,no2,36.8,2019-07-17T16:00:00+00:00
6984,13.029152,77.585901,no2,32.3,2019-07-17T16:15:00+00:00
6984,13.029152,77.585901,no2,28.3,2019-07-17T16:30:00+00:00
6984,13.029152,77.585901,no2,23.1,2019-07-17T16:45:00+00:00
6984,13.029152,77.585901,no2,19.6,2019-07-17T17:00:00+00:00
6984,13.029152,77.585901,no2,16.7,2019-07-17T17:15:00+00:00
6984,13.029152,77.585901,no2,15.6,2019-07-17T17:30:00+00:00
6984,13.029152,77.585901,no2,12.9,2019-07-17T17:45:00+00:00
6984,13.029152,77.585901,no2,12.1,2019-07-17T18:00:00+00:00
6984,13.029152,77.585901,no2,14.7,2019-07-17T18:15:00+00:00
6984,13.029152,77.585901,no2,16.2,2019-07-17T18:30:00+00:00
6984,13.029152,77.585901,so2,1.3,2019-07-16T18:45:00+00:00
6984,13.029152,77.585901,so2,3.7,2019-07-16T19:00:00+00:00
6984,13.029152,77.585901,so2,4.0,2019-07-16T19:15:00+00:00
6984,13.029152,77.585901,so2,3.5,2019-07-16T19:30:00+00:00
6984,13.029152,77.585901,so2,3.8,2019-07-16T19:45:00+00:00
6984,13.029152,77.585901,so2,3.9,2019-07-16T20:00:00+00:00
6984,13.029152,77.585901,so2,3.4,2019-07-16T20:15:00+00:00
6984,13.029152,77.585901,so2,2.5,2019-07-16T20:30:00+00:00
6984,13.029152,77.585901,so2,1.9,2019-07-16T20:45:00+00:00
6984,13.029152,77.585901,so2,3.8,2019-07-16T21:00:00+00:00
6984,13.029152,77.585901,so2,3.8,2019-07-16T21:15:00+00:00
6984,13.029152,77.585901,so2,4.8,2019-07-16T21:30:00+00:00
6984,13.029152,77.585901,so2,4.2,2019-07-16T21:45:00+00:00
6984,13.029152,77.585901,so2,4.2,2019-07-16T22:00:00+00:00
6984,13.029152,77.585901,so2,3.9,2019-07-16T22:15:00+00:00
6984,13.029152,77.585901,so2,3.3,2019-07-16T22:30:00+00:00
6984,13.029152,77.585901,so2,4.0,2019-07-16T22:45:00+00:00
6984,13.029152,77.585901,so2,3.8,2019-07-16T23:00:00+00:00
6984,13.029152,77.585901,so2,3.3,2019-07-16T23:15:00+00:00
6984,13.029152,77.585901,so2,3.2,2019-07-16T23:30:00+00:00
6984,13.029152,77.585901,so2,4.1,2019-07-16T23:45:00+00:00
6984,13.029152,77.585901,so2,3.5,2019-07-17T00:00:00+00:00
6984,13.029152,77.585901,so2,2.9,2019-07-17T00:15:00+00:00
6984,13.029152,77.585901,so2,1.7,2019-07-17T00:30:00+00:00
6984,13.029152,77.585901,so2,8.1,2019-07-17T01:30:00+00:00
6984,13.029152,77.585901,so2,1.2,2019-07-17T01:45:00+00:00
6984,13.029152,77.585901,so2,3.3,2019-07-17T02:00:00+00:00
6984,13.029152,77.585901,so2,3.3,2019-07-17T02:15:00+00:00
6984,13.029152,77.585901,so2,2.9,2019-07-17T02:30:00+00:00
6984,13.029152,77.585901,so2,3.4,2019-07-17T02:45:00+00:00
6984,13.029152,77.585901,so2,4.1,2019-07-17T03:00:00+00:00
6984,13.029152,77.585901,so2,3.9,2019-07-17T03:15:00+00:00
6984,13.029152,77.585901,so2,4.2,2019-07-17T03:30:00+00:00
6984,13.029152,77.585901,so2,4.5,2019-07-17T03:45:00+00:00
6984,13.029152,77.585901,so2,4.6,2019-07-17T04:00:00+00:00
6984,13.029152,77.585901,so2,4.6,2019-07-17T04:15:00+00:00
6984,13.029152,77.585901,so2,4.4,2019-07-17T04:30:00+00:00
6984,13.029152,77.585901,so2,3.0,2019-07-17T04:45:00+00:00
6984,13.029152,77.585901,so2,1.8,2019-07-17T05:00:00+00:00
6984,13.029152,77.585901,so2,3.2,2019-07-17T05:15:00+00:00
6984,13.029152,77.585901,so2,2.7,2019-07-17T05:30:00+00:00
6984,13.029152,77.585901,so2,1.9,2019-07-17T05:45:00+00:00
6984,13.029152,77.585901,so2,1.4,2019-07-17T06:00:00+00:00
6984,13.029152,77.585901,so2,2.3,2019-07-17T06:15:00+00:00
6984,13.029152,77.585901,so2,1.2,2019-07-17T06:30:00+00:00
6984,13.029152,77.585901,so2,1.7,2019-07-17T06:45:00+00:00
6984,13.029152,77.585901,so2,2.5,2019-07-17T07:00:00+00:00
6984,13.029152,77.585901,so2,2.0,2019-07-17T07:15:00+00:00
6984,13.029152,77.585901,so2,0.9,2019-07-17T07:30:00+00:00
6984,13.029152,77.585901,so2,2.1,2019-07-17T07:45:00+00:00
6984,13.029152,77.585901,so2,2.3,2019-07-17T08:00:00+00:00
6984,13.029152,77.585901,so2,2.1,2019-07-17T08:15:00+00:00
6984,13.029152,77.585901,so2,1.8,2019-07-17T08:45:00+00:00
6984,13.029152,77.585901,so2,2.7,2019-07-17T09:00:00+00:00
6984,13.029152,77.585901,so2,2.2,2019-07-17T09:15:00+00:00
6984,13.029152,77.585901,so2,2.0,2019-07-17T09:45:00+00:00
6984,13.029152,77.585901,so2,2.8,2019-07-17T10:00:00+00:00
6984,13.029152,77.585901,so2,2.3,2019-07-17T10:15:00+00:00
6984,13.029152,77.585901,so2,3.5,2019-07-17T10:45:00+00:00
6984,13.029152,77.585901,so2,3.1,2019-07-17T11:00:00+00:00
6984,13.029152,77.585901,so2,1.1,2019-07-17T11:45:00+00:00
6984,13.029152,77.585901,so2,2.5,2019-07-17T12:00:00+00:00
6984,13.029152,77.585901,so2,2.8,2019-07-17T12:15:00+00:00
6984,13.029152,77.585901,so2,2.0,2019-07-17T12:30:00+00:00
6984,13.029152,77.585901,so2,2.2,2019-07-17T12:45:00+00:00
6984,13.029152,77.585901,so2,1.8,2019-07-17T13:00:00+00:00
6984,13.029152,77.585901,so2,4.7,2019-07-17T13:15:00+00:00
6984,13.029152,77.585901,so2,6.1,2019-07-17T13:30:00+00:00
6984,13.029152,77.585901,so2,6.5,2019-07-17T13:45:00+00:00
6984,13.029152,77.585901,so2,6.3,2019-07-17T14:00:00+00:00
6984,13.029152,77.585901,so2,5.9,2019-07-17T14:15:00+00:00
6984,13.029152,77.585901,so2,5.8,2019-07-17T14:30:00+00:00
6984,13.029152,77.585901,so2,5.9,2019-07-17T14:45:00+00:00
6984,13.029152,77.585901,so2,5.9,2019-07-17T15:00:00+00:00
6984,13.029152,77.585901,so2,5.5,2019-07-17T15:15:00+00:00
6984,13.029152,77.585901,so2,5.5,2019-07-17T15:30:00+00:00
6984,13.029152,77.585901,so2,5.6,2019-07-17T15:45:00+00:00
6984,13.029152,77.585901,so2,5.6,2019-07-17T16:00:00+00:00
6984,13.029152,77.585901,so2,5.3,2019-07-17T16:15:00+00:00
6984,13.029152,77.585901,so2,5.6,2019-07-17T16:30:00+00:00
6984,13.029152,77.585901,so2,4.5,2019-07-17T16:45:00+00:00
6984,13.029152,77.585901,so2,4.3,2019-07-17T17:00:00+00:00
6984,13.029152,77.585901,so2,4.6,2019-07-17T17:15:00+00:00
6984,13.029152,77.585901,so2,3.4,2019-07-17T17:30:00+00:00
6984,13.029152,77.585901,so2,2.6,2019-07-17T17:45:00+00:00
6984,13.029152,77.585901,so2,2.3,2019-07-17T18:00:00+00:00
6984,13.029152,77.585901,so2,3.2,2019-07-17T18:30:00+00:00
6984,13.029152,77.585901,pm10,30.0,2019-07-17T18:45:00+00:00
6984,13.029152,77.585901,pm10,30.0,2019-07-17T19:00:00+00:00
6984,13.029152,77.585901,pm10,17.0,2019-07-17T19:15:00+00:00
6984,13.029152,77.585901,pm10,17.0,2019-07-17T19:30:00+00:00
6984,13.029152,77.585901,pm10,17.0,2019-07-17T19:45:00+00:00
6984,13.029152,77.585901,pm10,17.0,2019-07-17T20:00:00+00:00
6984,13.029152,77.585901,pm10,23.0,2019-07-17T20:15:00+00:00
6984,13.029152,77.585901,pm10,23.0,2019-07-17T20:30:00+00:00
6984,13.029152,77.585901,pm10,23.0,2019-07-17T20:45:00+00:00
6984,13.029152,77.585901,pm10,23.0,2019-07-17T21:00:00+00:00
6984,13.029152,77.585901,pm10,27.0,2019-07-17T21:15:00+00:00
6984,13.029152,77.585901,pm10,27.0,2019-07-17T21:30:00+00:00
6984,13.029152,77.585901,pm10,27.0,2019-07-17T21:45:00+00:00
6984,13.029152,77.585901,pm10,27.0,2019-07-17T22:00:00+00:00
6984,13.029152,77.585901,pm10,24.0,2019-07-17T22:15:00+00:00
6984,13.029152,77.585901,pm10,24.0,2019-07-17T22:30:00+00:00
6984,13.029152,77.585901,pm10,24.0,2019-07-17T22:45:00+00:00
6984,13.029152,77.585901,pm10,24.0,2019-07-17T23:00:00+00:00
6984,13.029152,77.585901,pm10,27.0,2019-07-17T23:15:00+00:00
6984,13.029152,77.585901,pm10,27.0,2019-07-17T23:30:00+00:00
6984,13.029152,77.585901,pm10,27.0,2019-07-17T23:45:00+00:00
6984,13.029152,77.585901,pm10,27.0,2019-07-18T00:00:00+00:00
6984,13.029152,77.585901,pm10,30.0,2019-07-18T00:15:00+00:00
6984,13.029152,77.585901,pm10,30.0,2019-07-18T00:30:00+00:00
6984,13.029152,77.585901,pm10,30.0,2019-07-18T00:45:00+00:00
6984,13.029152,77.585901,pm10,30.0,2019-07-18T01:00:00+00:00
6984,13.029152,77.585901,pm10,44.0,2019-07-18T01:15:00+00:00
6984,13.029152,77.585901,pm10,44.0,2019-07-18T01:30:00+00:00
6984,13.029152,77.585901,pm10,44.0,2019-07-18T01:45:00+00:00
6984,13.029152,77.585901,pm10,44.0,2019-07-18T02:00:00+00:00
6984,13.029152,77.585901,pm10,43.0,2019-07-18T02:15:00+00:00
6984,13.029152,77.585901,pm10,43.0,2019-07-18T02:30:00+00:00
6984,13.029152,77.585901,pm10,43.0,2019-07-18T02:45:00+00:00
6984,13.029152,77.585901,pm10,43.0,2019-07-18T03:00:00+00:00
6984,13.029152,77.585901,pm10,87.0,2019-07-18T03:15:00+00:00
6984,13.029152,77.585901,pm10,87.0,2019-07-18T03:30:00+00:00
6984,13.029152,77.585901,pm10,87.0,2019-07-18T03:45:00+00:00
6984,13.029152,77.585901,pm10,87.0,2019-07-18T04:00:00+00:00
6984,13.029152,77.585901,pm10,42.0,2019-07-18T04:15:00+00:00
6984,13.029152,77.585901,pm10,42.0,2019-07-18T04:30:00+00:00
6984,13.029152,77.585901,pm10,42.0,2019-07-18T04:45:00+00:00
6984,13.029152,77.585901,pm10,42.0,2019-07-18T05:00:00+00:00
6984,13.029152,77.585901,pm10,43.0,2019-07-18T05:15:00+00:00
6984,13.029152,77.585901,pm10,43.0,2019-07-18T05:30:00+00:00
6984,13.029152,77.585901,pm10,43.0,2019-07-18T05:45:00+00:00
6984,13.029152,77.585901,pm10,43.0,2019-07-18T06:00:00+00:00
6984,13.029152,77.585901,pm10,37.0,2019-07-18T06:15:00+00:00
6984,13.029152,77.585901,pm10,37.0,2019-07-18T06:30:00+00:00
6984,13.029152,77.585901,pm10,37.0,2019-07-18T06:45:00+00:00
6984,13.029152,77.585901,pm10,37.0,2019-07-18T07:00:00+00:00
6984,13.029152,77.585901,pm10,37.0,2019-07-18T07:15:00+00:00
6984,13.029152,77.585901,pm10,37.0,2019-07-18T07:30:00+00:00
6984,13.029152,77.585901,pm10,37.0,2019-07-18T07:45:00+00:00
6984,13.029152,77.585901,pm10,37.0,2019-07-18T08:00:00+00:00
6984,13.029152,77.585901,pm10,37.0,2019-07-18T08:15:00+00:00
6984,13.029152,77.585901,pm10,37.0,2019-07-18T08:30:00+00:00
6984,13.029152,77.585901,pm10,37.0,2019-07-18T08:45:00+00:00
6984,13.029152,77.585901,pm10,37.0,2019-07-18T09:00:00+00:00
6984,13.029152,77.585901,pm10,42.0,2019-07-18T09:15:00+00:00
6984,13.029152,77.585901,pm10,42.0,2019-07-18T09:30:00+00:00
6984,13.029152,77.585901,pm10,42.0,2019-07-18T09:45:00+00:00
6984,13.029152,77.585901,pm10,42.0,2019-07-18T10:00:00+00:00
6984,13.029152,77.585901,pm10,43.0,2019-07-18T10:15:00+00:00
6984,13.029152,77.585901,pm10,43.0,2019-07-18T10:30:00+00:00
6984,13.029152,77.585901,pm10,43.0,2019-07-18T10:45:00+00:00
6984,13.029152,77.585901,pm10,43.0,2019-07-18T11:00:00+00:00
6984,13.029152,77.585901,pm10,701.0,2019-07-18T11:15:00+00:00
6984,13.029152,77.585901,pm10,701.0,2019-07-18T11:30:00+00:00
6984,13.029152,77.585901,pm10,701.0,2019-07-18T11:45:00+00:00
6984,13.029152,77.585901,pm10,701.0,2019-07-18T12:00:00+00:00
6984,13.029152,77.585901,pm10,53.0,2019-07-18T12:15:00+00:00
6984,13.029152,77.585901,pm10,53.0,2019-07-18T12:30:00+00:00
6984,13.029152,77.585901,pm10,53.0,2019-07-18T12:45:00+00:00
6984,13.029152,77.585901,pm10,53.0,2019-07-18T13:00:00+00:00
6984,13.029152,77.585901,pm10,51.0,2019-07-18T13:15:00+00:00
6984,13.029152,77.585901,pm10,51.0,2019-07-18T13:30:00+00:00
6984,13.029152,77.585901,pm10,51.0,2019-07-18T13:45:00+00:00
6984,13.029152,77.585901,pm10,51.0,2019-07-18T14:00:00+00:00
6984,13.029152,77.585901,pm10,49.0,2019-07-18T14:15:00+00:00
6984,13.029152,77.585901,pm10,49.0,2019-07-18T14:30:00+00:00
6984,13.029152,77.585901,pm10,49.0,2019-07-18T14:45:00+00:00
6984,13.029152,77.585901,pm10,49.0,2019-07-18T15:00:00+00:00
6984,13.029152,77.585901,pm10,50.0,2019-07-18T15:15:00+00:00
6984,13.029152,77.585901,pm10,50.0,2019-07-18T15:30:00+00:00
6984,13.029152,77.585901,pm10,50.0,2019-07-18T15:45:00+00:00
6984,13.029152,77.585901,pm10,50.0,2019-07-18T16:00:00+00:00
6984,13.029152,77.585901,pm10,68.0,2019-07-18T16:15:00+00:00
6984,13.029152,77.585901,pm10,68.0,2019-07-18T16:30:00+00:00
6984,13.029152,77.585901,pm10,68.0,2019-07-18T16:45:00+00:00
6984,13.029152,77.585901,pm10,68.0,2019-07-18T17:00:00+00:00
6984,13.029152,77.585901,pm10,31.0,2019-07-18T17:15:00+00:00
6984,13.029152,77.585901,pm10,31.0,2019-07-18T17:30:00+00:00
6984,13.029152,77.585901,pm10,31.0,2019-07-18T17:45:00+00:00
6984,13.029152,77.585901,pm10,31.0,2019-07-18T18:00:00+00:00
6984,13.029152,77.585901,pm10,20.0,2019-07-18T18:15:00+00:00
6984,13.029152,77.585901,pm10,20.0,2019-07-18T18:30:00+00:00
6984,13.029152,77.585901,pm25,13.0,2019-07-17T18:45:00+00:00
6984,13.029152,77.585901,pm25,13.0,2019-07-17T19:00:00+00:00
6984,13.029152,77.585901,pm25,13.0,2019-07-17T19:15:00+00:00
6984,13.029152,77.585901,pm25,13.0,2019-07-17T19:30:00+00:00
6984,13.029152,77.585901,pm25,13.0,2019-07-17T19:45:00+00:00
6984,13.029152,77.585901,pm25,13.0,2019-07-17T20:00:00+00:00
6984,13.029152,77.585901,pm25,13.0,2019-07-17T20:15:00+00:00
6984,13.029152,77.585901,pm25,13.0,2019-07-17T20:30:00+00:00
6984,13.029152,77.585901,pm25,13.0,2019-07-17T20:45:00+00:00
6984,13.029152,77.585901,pm25,13.0,2019-07-17T21:00:00+00:00
6984,13.029152,77.585901,pm25,9.0,2019-07-17T21:15:00+00:00
6984,13.029152,77.585901,pm25,9.0,2019-07-17T21:30:00+00:00
6984,13.029152,77.585901,pm25,9.0,2019-07-17T21:45:00+00:00
6984,13.029152,77.585901,pm25,9.0,2019-07-17T22:00:00+00:00
6984,13.029152,77.585901,pm25,4.0,2019-07-17T22:15:00+00:00
6984,13.029152,77.585901,pm25,4.0,2019-07-17T22:30:00+00:00
6984,13.029152,77.585901,pm25,4.0,2019-07-17T22:45:00+00:00
6984,13.029152,77.585901,pm25,4.0,2019-07-17T23:00:00+00:00
6984,13.029152,77.585901,pm25,11.0,2019-07-17T23:15:00+00:00
6984,13.029152,77.585901,pm25,11.0,2019-07-17T23:30:00+00:00
6984,13.029152,77.585901,pm25,11.0,2019-07-17T23:45:00+00:00
6984,13.029152,77.585901,pm25,11.0,2019-07-18T00:00:00+00:00
6984,13.029152,77.585901,pm25,15.0,2019-07-18T00:15:00+00:00
6984,13.029152,77.585901,pm25,15.0,2019-07-18T00:30:00+00:00
6984,13.029152,77.585901,pm25,15.0,2019-07-18T00:45:00+00:00
6984,13.029152,77.585901,pm25,15.0,2019-07-18T01:00:00+00:00
6984,13.029152,77.585901,pm25,14.0,2019-07-18T01:15:00+00:00
6984,13.029152,77.585901,pm25,14.0,2019-07-18T01:30:00+00:00
6984,13.029152,77.585901,pm25,14.0,2019-07-18T01:45:00+00:00
6984,13.029152,77.585901,pm25,14.0,2019-07-18T02:00:00+00:00
6984,13.029152,77.585901,pm25,21.0,2019-07-18T02:15:00+00:00
6984,13.029152,77.585901,pm25,21.0,2019-07-18T02:30:00+00:00
6984,13.029152,77.585901,pm25,21.0,2019-07-18T02:45:00+00:00
6984,13.029152,77.585901,pm25,21.0,2019-07-18T03:00:00+00:00
6984,13.029152,77.585901,pm25,13.0,2019-07-18T03:15:00+00:00
6984,13.029152,77.585901,pm25,13.0,2019-07-18T03:30:00+00:00
6984,13.029152,77.585901,pm25,13.0,2019-07-18T03:45:00+00:00
6984,13.029152,77.585901,pm25,13.0,2019-07-18T04:00:00+00:00
6984,13.029152,77.585901,pm25,21.0,2019-07-18T04:15:00+00:00
6984,13.029152,77.585901,pm25,21.0,2019-07-18T04:30:00+00:00
6984,13.029152,77.585901,pm25,21.0,2019-07-18T04:45:00+00:00
6984,13.029152,77.585901,pm25,21.0,2019-07-18T05:00:00+00:00
6984,13.029152,77.585901,pm25,16.0,2019-07-18T05:15:00+00:00
6984,13.029152,77.585901,pm25,16.0,2019-07-18T05:30:00+00:00
6984,13.029152,77.585901,pm25,16.0,2019-07-18T05:45:00+00:00
6984,13.029152,77.585901,pm25,16.0,2019-07-18T06:00:00+00:00
6984,13.029152,77.585901,pm25,17.0,2019-07-18T06:15:00+00:00
6984,13.029152,77.585901,pm25,17.0,2019-07-18T06:30:00+00:00
6984,13.029152,77.585901,pm25,17.0,2019-07-18T06:45:00+00:00
6984,13.029152,77.585901,pm25,17.0,2019-07-18T07:00:00+00:00
6984,13.029152,77.585901,pm25,13.0,2019-07-18T07:15:00+00:00
6984,13.029152,77.585901,pm25,13.0,2019-07-18T07:30:00+00:00
6984,13.029152,77.585901,pm25,13.0,2019-07-18T07:45:00+00:00
6984,13.029152,77.585901,pm25,13.0,2019-07-18T08:00:00+00:00
6984,13.029152,77.585901,pm25,16.0,2019-07-18T08:15:00+00:00
6984,13.029152,77.585901,pm25,16.0,2019-07-18T08:30:00+00:00
6984,13.029152,77.585901,pm25,16.0,2019-07-18T08:45:00+00:00
6984,13.029152,77.585901,pm25,16.0,2019-07-18T09:00:00+00:00
6984,13.029152,77.585901,pm25,13.0,2019-07-18T09:15:00+00:00
6984,13.029152,77.585901,pm25,13.0,2019-07-18T09:30:00+00:00
6984,13.029152,77.585901,pm25,13.0,2019-07-18T09:45:00+00:00
6984,13.029152,77.585901,pm25,13.0,2019-07-18T10:00:00+00:00
6984,13.029152,77.585901,pm25,18.0,2019-07-18T10:15:00+00:00
6984,13.029152,77.585901,pm25,18.0,2019-07-18T10:30:00+00:00
6984,13.029152,77.585901,pm25,18.0,2019-07-18T10:45:00+00:00
6984,13.029152,77.585901,pm25,18.0,2019-07-18T11:00:00+00:00
6984,13.029152,77.585901,pm25,493.0,2019-07-18T11:15:00+00:00
6984,13.029152,77.585901,pm25,493.0,2019-07-18T11:30:00+00:00
6984,13.029152,77.585901,pm25,493.0,2019-07-18T11:45:00+00:00
6984,13.029152,77.585901,pm25,493.0,2019-07-18T12:00:00+00:00
6984,13.029152,77.585901,pm25,26.0,2019-07-18T12:15:00+00:00
6984,13.029152,77.585901,pm25,26.0,2019-07-18T12:30:00+00:00
6984,13.029152,77.585901,pm25,26.0,2019-07-18T12:45:00+00:00
6984,13.029152,77.585901,pm25,26.0,2019-07-18T13:00:00+00:00
6984,13.029152,77.585901,pm25,23.0,2019-07-18T13:15:00+00:00
6984,13.029152,77.585901,pm25,23.0,2019-07-18T13:30:00+00:00
6984,13.029152,77.585901,pm25,23.0,2019-07-18T13:45:00+00:00
6984,13.029152,77.585901,pm25,23.0,2019-07-18T14:00:00+00:00
6984,13.029152,77.585901,pm25,25.0,2019-07-18T14:15:00+00:00
6984,13.029152,77.585901,pm25,25.0,2019-07-18T14:30:00+00:00
6984,13.029152,77.585901,pm25,25.0,2019-07-18T14:45:00+00:00
6984,13.029152,77.585901,pm25,25.0,2019-07-18T15:00:00+00:00
6984,13.029152,77.585901,pm25,24.0,2019-07-18T15:15:00+00:00
6984,13.029152,77.585901,pm25,24.0,2019-07-18T15:30:00+00:00
6984,13.029152,77.585901,pm25,24.0,2019-07-18T15:45:00+00:00
6984,13.029152,77.585901,pm25,24.0,2019-07-18T16:00:00+00:00
6984,13.029152,77.585901,pm25,32.0,2019-07-18T16:15:00+00:00
6984,13.029152,77.585901,pm25,32.0,2019-07-18T16:30:00+00:00
6984,13.029152,77.585901,pm25,32.0,2019-07-18T16:45:00+00:00
6984,13.029152,77.585901,pm25,32.0,2019-07-18T17:00:00+00:00
6984,13.029152,77.585901,pm25,15.0,2019-07-18T17:15:00+00:00
6984,13.029152,77.585901,pm25,15.0,2019-07-18T17:30:00+00:00
6984,13.029152,77.585901,pm25,15.0,2019-07-18T17:45:00+00:00
6984,13.029152,77.585901,pm25,15.0,2019-07-18T18:00:00+00:00
6984,13.029152,77.585901,pm25,10.0,2019-07-18T18:15:00+00:00
6984,13.029152,77.585901,pm25,10.0,2019-07-18T18:30:00+00:00
6984,13.029152,77.585901,co,1.43,2019-07-17T18:45:00+00:00
6984,13.029152,77.585901,co,1.4,2019-07-17T19:00:00+00:00
6984,13.029152,77.585901,co,1.42,2019-07-17T19:15:00+00:00
6984,13.029152,77.585901,co,1.37,2019-07-17T19:30:00+00:00
6984,13.029152,77.585901,co,1.37,2019-07-17T19:45:00+00:00
6984,13.029152,77.585901,co,1.35,2019-07-17T20:00:00+00:00
6984,13.029152,77.585901,co,1.36,2019-07-17T20:15:00+00:00
6984,13.029152,77.585901,co,1.34,2019-07-17T20:30:00+00:00
6984,13.029152,77.585901,co,1.28,2019-07-17T20:45:00+00:00
6984,13.029152,77.585901,co,1.26,2019-07-17T21:00:00+00:00
6984,13.029152,77.585901,co,1.32,2019-07-17T21:15:00+00:00
6984,13.029152,77.585901,co,1.31,2019-07-17T21:30:00+00:00
6984,13.029152,77.585901,co,1.32,2019-07-17T21:45:00+00:00
6984,13.029152,77.585901,co,1.28,2019-07-17T22:00:00+00:00
6984,13.029152,77.585901,co,1.37,2019-07-17T22:15:00+00:00
6984,13.029152,77.585901,co,1.27,2019-07-17T22:30:00+00:00
6984,13.029152,77.585901,co,1.27,2019-07-17T23:30:00+00:00
6984,13.029152,77.585901,co,1.29,2019-07-17T23:45:00+00:00
6984,13.029152,77.585901,co,1.28,2019-07-18T00:00:00+00:00
6984,13.029152,77.585901,co,1.34,2019-07-18T00:15:00+00:00
6984,13.029152,77.585901,co,1.4,2019-07-18T00:30:00+00:00
6984,13.029152,77.585901,co,1.48,2019-07-18T00:45:00+00:00
6984,13.029152,77.585901,co,1.4,2019-07-18T01:00:00+00:00
6984,13.029152,77.585901,co,1.55,2019-07-18T01:15:00+00:00
6984,13.029152,77.585901,co,1.41,2019-07-18T01:30:00+00:00
6984,13.029152,77.585901,co,1.48,2019-07-18T01:45:00+00:00
6984,13.029152,77.585901,co,1.53,2019-07-18T02:00:00+00:00
6984,13.029152,77.585901,co,1.5,2019-07-18T02:15:00+00:00
6984,13.029152,77.585901,co,1.5,2019-07-18T02:30:00+00:00
6984,13.029152,77.585901,co,1.49,2019-07-18T02:45:00+00:00
6984,13.029152,77.585901,co,1.36,2019-07-18T03:00:00+00:00
6984,13.029152,77.585901,co,1.39,2019-07-18T03:15:00+00:00
6984,13.029152,77.585901,co,1.43,2019-07-18T03:30:00+00:00
6984,13.029152,77.585901,co,1.41,2019-07-18T03:45:00+00:00
6984,13.029152,77.585901,co,1.43,2019-07-18T04:00:00+00:00
6984,13.029152,77.585901,co,1.44,2019-07-18T04:15:00+00:00
6984,13.029152,77.585901,co,1.53,2019-07-18T04:45:00+00:00
6984,13.029152,77.585901,co,1.47,2019-07-18T05:00:00+00:00
6984,13.029152,77.585901,co,1.58,2019-07-18T05:15:00+00:00
6984,13.029152,77.585901,co,1.53,2019-07-18T05:30:00+00:00
6984,13.029152,77.585901,co,1.48,2019-07-18T05:45:00+00:00
6984,13.029152,77.585901,co,1.52,2019-07-18T06:00:00+00:00
6984,13.029152,77.585901,co,1.49,2019-07-18T06:15:00+00:00
6984,13.029152,77.585901,co,1.48,2019-07-18T06:30:00+00:00
6984,13.029152,77.585901,co,1.47,2019-07-18T06:45:00+00:00
6984,13.029152,77.585901,co,1.53,2019-07-18T07:00:00+00:00
6984,13.029152,77.585901,co,0.26,2019-07-18T10:15:00+00:00
6984,13.029152,77.585901,co,1.5,2019-07-18T10:30:00+00:00
6984,13.029152,77.585901,co,2.42,2019-07-18T10:45:00+00:00
6984,13.029152,77.585901,co,0.69,2019-07-18T11:00:00+00:00
6984,13.029152,77.585901,co,0.35,2019-07-18T11:15:00+00:00
6984,13.029152,77.585901,co,0.46,2019-07-18T11:30:00+00:00
6984,13.029152,77.585901,co,0.32,2019-07-18T11:45:00+00:00
6984,13.029152,77.585901,co,0.27,2019-07-18T12:00:00+00:00
6984,13.029152,77.585901,co,0.19,2019-07-18T12:15:00+00:00
6984,13.029152,77.585901,co,0.25,2019-07-18T12:30:00+00:00
6984,13.029152,77.585901,co,0.35,2019-07-18T12:45:00+00:00
6984,13.029152,77.585901,co,0.7,2019-07-18T13:00:00+00:00
6984,13.029152,77.585901,co,0.54,2019-07-18T13:15:00+00:00
6984,13.029152,77.585901,co,0.66,2019-07-18T13:30:00+00:00
6984,13.029152,77.585901,co,0.84,2019-07-18T13:45:00+00:00
6984,13.029152,77.585901,co,0.79,2019-07-18T14:00:00+00:00
6984,13.029152,77.585901,co,0.87,2019-07-18T14:15:00+00:00
6984,13.029152,77.585901,co,0.88,2019-07-18T14:30:00+00:00
6984,13.029152,77.585901,co,0.87,2019-07-18T14:45:00+00:00
6984,13.029152,77.585901,co,0.96,2019-07-18T15:00:00+00:00
6984,13.029152,77.585901,co,1.01,2019-07-18T15:15:00+00:00
6984,13.029152,77.585901,co,1.16,2019-07-18T15:30:00+00:00
6984,13.029152,77.585901,co,1.03,2019-07-18T15:45:00+00:00
6984,13.029152,77.585901,co,1.08,2019-07-18T16:00:00+00:00
6984,13.029152,77.585901,co,0.84,2019-07-18T16:15:00+00:00
6984,13.029152,77.585901,co,0.61,2019-07-18T16:30:00+00:00
6984,13.029152,77.585901,co,0.55,2019-07-18T16:45:00+00:00
6984,13.029152,77.585901,co,0.52,2019-07-18T17:00:00+00:00
6984,13.029152,77.585901,co,0.52,2019-07-18T17:15:00+00:00
6984,13.029152,77.585901,co,0.44,2019-07-18T17:30:00+00:00
6984,13.029152,77.585901,co,0.46,2019-07-18T17:45:00+00:00
6984,13.029152,77.585901,co,0.48,2019-07-18T18:00:00+00:00
6984,13.029152,77.585901,co,0.11,2019-07-18T18:30:00+00:00
6984,13.029152,77.585901,no2,16.7,2019-07-17T18:45:00+00:00
6984,13.029152,77.585901,no2,15.7,2019-07-17T19:00:00+00:00
6984,13.029152,77.585901,no2,14.3,2019-07-17T19:15:00+00:00
6984,13.029152,77.585901,no2,13.6,2019-07-17T19:30:00+00:00
6984,13.029152,77.585901,no2,11.9,2019-07-17T19:45:00+00:00
6984,13.029152,77.585901,no2,9.6,2019-07-17T20:00:00+00:00
6984,13.029152,77.585901,no2,8.1,2019-07-17T20:15:00+00:00
6984,13.029152,77.585901,no2,7.3,2019-07-17T20:30:00+00:00
6984,13.029152,77.585901,no2,7.2,2019-07-17T20:45:00+00:00
6984,13.029152,77.585901,no2,6.7,2019-07-17T21:00:00+00:00
6984,13.029152,77.585901,no2,6.5,2019-07-17T21:15:00+00:00
6984,13.029152,77.585901,no2,6.0,2019-07-17T21:30:00+00:00
6984,13.029152,77.585901,no2,5.4,2019-07-17T21:45:00+00:00
6984,13.029152,77.585901,no2,5.5,2019-07-17T22:00:00+00:00
6984,13.029152,77.585901,no2,6.1,2019-07-17T22:15:00+00:00
6984,13.029152,77.585901,no2,6.1,2019-07-17T22:30:00+00:00
6984,13.029152,77.585901,no2,4.8,2019-07-17T22:45:00+00:00
6984,13.029152,77.585901,no2,5.0,2019-07-17T23:00:00+00:00
6984,13.029152,77.585901,no2,5.1,2019-07-17T23:15:00+00:00
6984,13.029152,77.585901,no2,4.7,2019-07-17T23:30:00+00:00
6984,13.029152,77.585901,no2,5.4,2019-07-18T00:30:00+00:00
6984,13.029152,77.585901,no2,5.0,2019-07-18T00:45:00+00:00
6984,13.029152,77.585901,no2,5.7,2019-07-18T01:00:00+00:00
6984,13.029152,77.585901,no2,7.2,2019-07-18T01:15:00+00:00
6984,13.029152,77.585901,no2,8.3,2019-07-18T01:30:00+00:00
6984,13.029152,77.585901,no2,9.2,2019-07-18T01:45:00+00:00
6984,13.029152,77.585901,no2,10.4,2019-07-18T02:00:00+00:00
6984,13.029152,77.585901,no2,10.2,2019-07-18T02:15:00+00:00
6984,13.029152,77.585901,no2,9.3,2019-07-18T02:30:00+00:00
6984,13.029152,77.585901,no2,8.2,2019-07-18T02:45:00+00:00
6984,13.029152,77.585901,no2,7.0,2019-07-18T03:00:00+00:00
6984,13.029152,77.585901,no2,7.2,2019-07-18T03:15:00+00:00
6984,13.029152,77.585901,no2,7.3,2019-07-18T03:30:00+00:00
6984,13.029152,77.585901,no2,6.5,2019-07-18T03:45:00+00:00
6984,13.029152,77.585901,no2,5.5,2019-07-18T04:00:00+00:00
6984,13.029152,77.585901,no2,5.0,2019-07-18T04:15:00+00:00
6984,13.029152,77.585901,no2,5.4,2019-07-18T04:30:00+00:00
6984,13.029152,77.585901,no2,5.0,2019-07-18T04:45:00+00:00
6984,13.029152,77.585901,no2,4.5,2019-07-18T05:00:00+00:00
6984,13.029152,77.585901,no2,4.4,2019-07-18T05:15:00+00:00
6984,13.029152,77.585901,no2,4.5,2019-07-18T05:30:00+00:00
6984,13.029152,77.585901,no2,5.1,2019-07-18T05:45:00+00:00
6984,13.029152,77.585901,no2,5.0,2019-07-18T06:00:00+00:00
6984,13.029152,77.585901,no2,5.3,2019-07-18T06:15:00+00:00
6984,13.029152,77.585901,no2,19.8,2019-07-18T07:30:00+00:00
6984,13.029152,77.585901,no2,7.7,2019-07-18T07:45:00+00:00
6984,13.029152,77.585901,no2,4.4,2019-07-18T08:00:00+00:00
6984,13.029152,77.585901,no2,4.8,2019-07-18T08:15:00+00:00
6984,13.029152,77.585901,no2,22.3,2019-07-18T11:15:00+00:00
6984,13.029152,77.585901,no2,13.9,2019-07-18T11:30:00+00:00
6984,13.029152,77.585901,no2,10.2,2019-07-18T11:45:00+00:00
6984,13.029152,77.585901,no2,7.6,2019-07-18T12:00:00+00:00
6984,13.029152,77.585901,no2,6.5,2019-07-18T12:15:00+00:00
6984,13.029152,77.585901,no2,7.3,2019-07-18T12:30:00+00:00
6984,13.029152,77.585901,no2,8.2,2019-07-18T12:45:00+00:00
6984,13.029152,77.585901,no2,9.9,2019-07-18T13:00:00+00:00
6984,13.029152,77.585901,no2,12.4,2019-07-18T13:15:00+00:00
6984,13.029152,77.585901,no2,15.6,2019-07-18T13:30:00+00:00
6984,13.029152,77.585901,no2,21.7,2019-07-18T13:45:00+00:00
6984,13.029152,77.585901,no2,25.3,2019-07-18T14:00:00+00:00
6984,13.029152,77.585901,no2,30.3,2019-07-18T14:15:00+00:00
6984,13.029152,77.585901,no2,33.3,2019-07-18T14:30:00+00:00
6984,13.029152,77.585901,no2,32.7,2019-07-18T14:45:00+00:00
6984,13.029152,77.585901,no2,34.6,2019-07-18T15:00:00+00:00
6984,13.029152,77.585901,no2,36.0,2019-07-18T15:15:00+00:00
6984,13.029152,77.585901,no2,40.5,2019-07-18T15:30:00+00:00
6984,13.029152,77.585901,no2,44.6,2019-07-18T15:45:00+00:00
6984,13.029152,77.585901,no2,46.9,2019-07-18T16:00:00+00:00
6984,13.029152,77.585901,no2,42.7,2019-07-18T16:15:00+00:00
6984,13.029152,77.585901,no2,29.0,2019-07-18T16:30:00+00:00
6984,13.029152,77.585901,no2,16.9,2019-07-18T16:45:00+00:00
6984,13.029152,77.585901,no2,11.8,2019-07-18T17:00:00+00:00
6984,13.029152,77.585901,no2,9.3,2019-07-18T17:15:00+00:00
6984,13.029152,77.585901,no2,8.0,2019-07-18T17:30:00+00:00
6984,13.029152,77.585901,no2,7.8,2019-07-18T17:45:00+00:00
6984,13.029152,77.585901,no2,7.7,2019-07-18T18:00:00+00:00
6984,13.029152,77.585901,no2,7.6,2019-07-18T18:15:00+00:00
6984,13.029152,77.585901,no2,7.2,2019-07-18T18:30:00+00:00
6984,13.029152,77.585901,so2,1.0,2019-07-17T18:45:00+00:00
6984,13.029152,77.585901,so2,1.8,2019-07-17T19:00:00+00:00
6984,13.029152,77.585901,so2,1.7,2019-07-17T19:15:00+00:00
6984,13.029152,77.585901,so2,1.0,2019-07-17T19:30:00+00:00
6984,13.029152,77.585901,so2,2.9,2019-07-17T19:45:00+00:00
6984,13.029152,77.585901,so2,2.9,2019-07-17T20:00:00+00:00
6984,13.029152,77.585901,so2,0.9,2019-07-17T20:15:00+00:00
6984,13.029152,77.585901,so2,1.7,2019-07-17T20:30:00+00:00
6984,13.029152,77.585901,so2,1.0,2019-07-17T20:45:00+00:00
6984,13.029152,77.585901,so2,0.8,2019-07-17T21:00:00+00:00
6984,13.029152,77.585901,so2,3.4,2019-07-17T21:15:00+00:00
6984,13.029152,77.585901,so2,2.3,2019-07-17T21:30:00+00:00
6984,13.029152,77.585901,so2,2.6,2019-07-17T21:45:00+00:00
6984,13.029152,77.585901,so2,3.7,2019-07-17T22:00:00+00:00
6984,13.029152,77.585901,so2,3.5,2019-07-17T22:15:00+00:00
6984,13.029152,77.585901,so2,3.0,2019-07-17T22:30:00+00:00
6984,13.029152,77.585901,so2,3.0,2019-07-17T22:45:00+00:00
6984,13.029152,77.585901,so2,3.1,2019-07-17T23:00:00+00:00
6984,13.029152,77.585901,so2,3.0,2019-07-17T23:15:00+00:00
6984,13.029152,77.585901,so2,2.5,2019-07-17T23:30:00+00:00
6984,13.029152,77.585901,so2,3.1,2019-07-17T23:45:00+00:00
6984,13.029152,77.585901,so2,2.7,2019-07-18T00:00:00+00:00
6984,13.029152,77.585901,so2,3.0,2019-07-18T00:15:00+00:00
6984,13.029152,77.585901,so2,3.2,2019-07-18T00:30:00+00:00
6984,13.029152,77.585901,so2,8.6,2019-07-18T01:30:00+00:00
6984,13.029152,77.585901,so2,1.5,2019-07-18T01:45:00+00:00
6984,13.029152,77.585901,so2,2.6,2019-07-18T02:00:00+00:00
6984,13.029152,77.585901,so2,3.1,2019-07-18T02:15:00+00:00
6984,13.029152,77.585901,so2,3.5,2019-07-18T02:30:00+00:00
6984,13.029152,77.585901,so2,3.6,2019-07-18T02:45:00+00:00
6984,13.029152,77.585901,so2,3.7,2019-07-18T03:00:00+00:00
6984,13.029152,77.585901,so2,3.4,2019-07-18T03:15:00+00:00
6984,13.029152,77.585901,so2,3.7,2019-07-18T03:30:00+00:00
6984,13.029152,77.585901,so2,4.0,2019-07-18T03:45:00+00:00
6984,13.029152,77.585901,so2,2.0,2019-07-18T04:00:00+00:00
6984,13.029152,77.585901,so2,1.1,2019-07-18T04:15:00+00:00
6984,13.029152,77.585901,so2,1.3,2019-07-18T04:30:00+00:00
6984,13.029152,77.585901,so2,0.8,2019-07-18T04:45:00+00:00
6984,13.029152,77.585901,so2,1.5,2019-07-18T05:00:00+00:00
6984,13.029152,77.585901,so2,3.2,2019-07-18T05:15:00+00:00
6984,13.029152,77.585901,so2,5.4,2019-07-18T05:30:00+00:00
6984,13.029152,77.585901,so2,6.6,2019-07-18T05:45:00+00:00
6984,13.029152,77.585901,so2,2.1,2019-07-18T06:00:00+00:00
6984,13.029152,77.585901,so2,3.0,2019-07-18T06:30:00+00:00
6984,13.029152,77.585901,so2,3.8,2019-07-18T06:45:00+00:00
6984,13.029152,77.585901,so2,3.4,2019-07-18T07:00:00+00:00
6984,13.029152,77.585901,so2,3.5,2019-07-18T07:15:00+00:00
6984,13.029152,77.585901,so2,3.3,2019-07-18T07:30:00+00:00
6984,13.029152,77.585901,so2,4.9,2019-07-18T07:45:00+00:00
6984,13.029152,77.585901,so2,7.3,2019-07-18T08:00:00+00:00
6984,13.029152,77.585901,so2,7.7,2019-07-18T08:15:00+00:00
6984,13.029152,77.585901,so2,4.3,2019-07-18T08:30:00+00:00
6984,13.029152,77.585901,so2,4.4,2019-07-18T08:45:00+00:00
6984,13.029152,77.585901,so2,4.3,2019-07-18T09:00:00+00:00
6984,13.029152,77.585901,so2,5.1,2019-07-18T09:15:00+00:00
6984,13.029152,77.585901,so2,4.1,2019-07-18T09:30:00+00:00
6984,13.029152,77.585901,so2,4.6,2019-07-18T09:45:00+00:00
6984,13.029152,77.585901,so2,4.1,2019-07-18T10:00:00+00:00
6984,13.029152,77.585901,so2,3.4,2019-07-18T10:15:00+00:00
6984,13.029152,77.585901,so2,1.8,2019-07-18T10:30:00+00:00
6984,13.029152,77.585901,so2,5.4,2019-07-18T10:45:00+00:00
6984,13.029152,77.585901,so2,6.9,2019-07-18T11:00:00+00:00
6984,13.029152,77.585901,so2,6.1,2019-07-18T11:15:00+00:00
6984,13.029152,77.585901,so2,5.9,2019-07-18T11:30:00+00:00
6984,13.029152,77.585901,so2,4.4,2019-07-18T11:45:00+00:00
6984,13.029152,77.585901,so2,4.0,2019-07-18T12:00:00+00:00
6984,13.029152,77.585901,so2,3.9,2019-07-18T12:15:00+00:00
6984,13.029152,77.585901,so2,4.8,2019-07-18T12:30:00+00:00
6984,13.029152,77.585901,so2,1.2,2019-07-18T12:45:00+00:00
6984,13.029152,77.585901,so2,1.2,2019-07-18T13:00:00+00:00
6984,13.029152,77.585901,so2,1.5,2019-07-18T13:15:00+00:00
6984,13.029152,77.585901,so2,4.3,2019-07-18T13:30:00+00:00
6984,13.029152,77.585901,so2,3.7,2019-07-18T13:45:00+00:00
6984,13.029152,77.585901,so2,1.6,2019-07-18T14:00:00+00:00
6984,13.029152,77.585901,so2,2.0,2019-07-18T14:15:00+00:00
6984,13.029152,77.585901,so2,5.2,2019-07-18T14:30:00+00:00
6984,13.029152,77.585901,so2,5.8,2019-07-18T14:45:00+00:00
6984,13.029152,77.585901,so2,5.2,2019-07-18T15:00:00+00:00
6984,13.029152,77.585901,so2,4.3,2019-07-18T15:15:00+00:00
6984,13.029152,77.585901,so2,5.6,2019-07-18T15:30:00+00:00
6984,13.029152,77.585901,so2,5.5,2019-07-18T15:45:00+00:00
6984,13.029152,77.585901,so2,4.7,2019-07-18T16:00:00+00:00
6984,13.029152,77.585901,so2,4.1,2019-07-18T16:15:00+00:00
6984,13.029152,77.585901,so2,3.5,2019-07-18T16:30:00+00:00
6984,13.029152,77.585901,so2,4.7,2019-07-18T16:45:00+00:00
6984,13.029152,77.585901,so2,6.6,2019-07-18T17:00:00+00:00
6984,13.029152,77.585901,so2,6.8,2019-07-18T17:15:00+00:00
6984,13.029152,77.585901,so2,7.3,2019-07-18T17:30:00+00:00
6984,13.029152,77.585901,so2,4.9,2019-07-18T17:45:00+00:00
6984,13.029152,77.585901,so2,3.0,2019-07-18T18:00:00+00:00
6984,13.029152,77.585901,so2,3.3,2019-07-18T18:30:00+00:00
6984,13.029152,77.585901,pm10,20.0,2019-07-18T18:45:00+00:00
6984,13.029152,77.585901,pm10,20.0,2019-07-18T19:00:00+00:00
6984,13.029152,77.585901,pm10,19.0,2019-07-18T19:15:00+00:00
6984,13.029152,77.585901,pm10,19.0,2019-07-18T19:30:00+00:00
6984,13.029152,77.585901,pm10,19.0,2019-07-18T19:45:00+00:00
6984,13.029152,77.585901,pm10,19.0,2019-07-18T20:00:00+00:00
6984,13.029152,77.585901,pm10,8.0,2019-07-18T20:15:00+00:00
6984,13.029152,77.585901,pm10,8.0,2019-07-18T20:30:00+00:00
6984,13.029152,77.585901,pm10,8.0,2019-07-18T20:45:00+00:00
6984,13.029152,77.585901,pm10,8.0,2019-07-18T21:00:00+00:00
6984,13.029152,77.585901,pm10,6.0,2019-07-18T21:15:00+00:00
6984,13.029152,77.585901,pm10,6.0,2019-07-18T21:30:00+00:00
6984,13.029152,77.585901,pm10,6.0,2019-07-18T21:45:00+00:00
6984,13.029152,77.585901,pm10,6.0,2019-07-18T22:00:00+00:00
6984,13.029152,77.585901,pm10,10.0,2019-07-18T22:15:00+00:00
6984,13.029152,77.585901,pm10,10.0,2019-07-18T22:30:00+00:00
6984,13.029152,77.585901,pm10,10.0,2019-07-18T22:45:00+00:00
6984,13.029152,77.585901,pm10,10.0,2019-07-18T23:00:00+00:00
6984,13.029152,77.585901,pm10,11.0,2019-07-18T23:15:00+00:00
6984,13.029152,77.585901,pm10,11.0,2019-07-18T23:30:00+00:00
6984,13.029152,77.585901,pm10,11.0,2019-07-18T23:45:00+00:00
6984,13.029152,77.585901,pm10,11.0,2019-07-19T00:00:00+00:00
6984,13.029152,77.585901,pm10,14.0,2019-07-19T00:15:00+00:00
6984,13.029152,77.585901,pm10,14.0,2019-07-19T00:30:00+00:00
6984,13.029152,77.585901,pm10,14.0,2019-07-19T00:45:00+00:00
6984,13.029152,77.585901,pm10,14.0,2019-07-19T01:00:00+00:00
6984,13.029152,77.585901,pm10,21.0,2019-07-19T01:15:00+00:00
6984,13.029152,77.585901,pm10,21.0,2019-07-19T01:30:00+00:00
6984,13.029152,77.585901,pm10,21.0,2019-07-19T01:45:00+00:00
6984,13.029152,77.585901,pm10,21.0,2019-07-19T02:00:00+00:00
6984,13.029152,77.585901,pm10,29.0,2019-07-19T02:15:00+00:00
6984,13.029152,77.585901,pm10,29.0,2019-07-19T02:30:00+00:00
6984,13.029152,77.585901,pm10,29.0,2019-07-19T02:45:00+00:00
6984,13.029152,77.585901,pm10,29.0,2019-07-19T03:00:00+00:00
6984,13.029152,77.585901,pm10,32.0,2019-07-19T03:15:00+00:00
6984,13.029152,77.585901,pm10,32.0,2019-07-19T03:30:00+00:00
6984,13.029152,77.585901,pm10,32.0,2019-07-19T03:45:00+00:00
6984,13.029152,77.585901,pm10,32.0,2019-07-19T04:00:00+00:00
6984,13.029152,77.585901,pm10,29.0,2019-07-19T04:15:00+00:00
6984,13.029152,77.585901,pm10,29.0,2019-07-19T04:30:00+00:00
6984,13.029152,77.585901,pm10,29.0,2019-07-19T04:45:00+00:00
6984,13.029152,77.585901,pm10,29.0,2019-07-19T05:00:00+00:00
6984,13.029152,77.585901,pm10,26.0,2019-07-19T05:15:00+00:00
6984,13.029152,77.585901,pm10,26.0,2019-07-19T05:30:00+00:00
6984,13.029152,77.585901,pm10,26.0,2019-07-19T05:45:00+00:00
6984,13.029152,77.585901,pm10,26.0,2019-07-19T06:00:00+00:00
6984,13.029152,77.585901,pm10,28.0,2019-07-19T06:15:00+00:00
6984,13.029152,77.585901,pm10,28.0,2019-07-19T06:30:00+00:00
6984,13.029152,77.585901,pm10,28.0,2019-07-19T06:45:00+00:00
6984,13.029152,77.585901,pm10,28.0,2019-07-19T07:00:00+00:00
6984,13.029152,77.585901,pm10,37.0,2019-07-19T07:15:00+00:00
6984,13.029152,77.585901,pm10,37.0,2019-07-19T07:30:00+00:00
6984,13.029152,77.585901,pm10,37.0,2019-07-19T07:45:00+00:00
6984,13.029152,77.585901,pm10,37.0,2019-07-19T08:00:00+00:00
6984,13.029152,77.585901,pm10,27.0,2019-07-19T08:15:00+00:00
6984,13.029152,77.585901,pm10,27.0,2019-07-19T08:30:00+00:00
6984,13.029152,77.585901,pm10,27.0,2019-07-19T08:45:00+00:00
6984,13.029152,77.585901,pm10,27.0,2019-07-19T09:00:00+00:00
6984,13.029152,77.585901,pm10,50.0,2019-07-19T09:15:00+00:00
6984,13.029152,77.585901,pm10,50.0,2019-07-19T09:30:00+00:00
6984,13.029152,77.585901,pm10,50.0,2019-07-19T09:45:00+00:00
6984,13.029152,77.585901,pm10,50.0,2019-07-19T10:00:00+00:00
6984,13.029152,77.585901,pm10,46.0,2019-07-19T10:15:00+00:00
6984,13.029152,77.585901,pm10,46.0,2019-07-19T10:30:00+00:00
6984,13.029152,77.585901,pm10,46.0,2019-07-19T10:45:00+00:00
6984,13.029152,77.585901,pm10,46.0,2019-07-19T11:00:00+00:00
6984,13.029152,77.585901,pm10,34.0,2019-07-19T11:15:00+00:00
6984,13.029152,77.585901,pm10,34.0,2019-07-19T11:30:00+00:00
6984,13.029152,77.585901,pm10,34.0,2019-07-19T11:45:00+00:00
6984,13.029152,77.585901,pm10,34.0,2019-07-19T12:00:00+00:00
6984,13.029152,77.585901,pm10,36.0,2019-07-19T12:15:00+00:00
6984,13.029152,77.585901,pm10,36.0,2019-07-19T12:30:00+00:00
6984,13.029152,77.585901,pm10,36.0,2019-07-19T12:45:00+00:00
6984,13.029152,77.585901,pm10,36.0,2019-07-19T13:00:00+00:00
6984,13.029152,77.585901,pm10,29.0,2019-07-19T13:15:00+00:00
6984,13.029152,77.585901,pm10,29.0,2019-07-19T13:45:00+00:00
6984,13.029152,77.585901,pm10,29.0,2019-07-19T14:00:00+00:00
6984,13.029152,77.585901,pm10,14.0,2019-07-19T14:15:00+00:00
6984,13.029152,77.585901,pm10,14.0,2019-07-19T14:30:00+00:00
6984,13.029152,77.585901,pm10,14.0,2019-07-19T14:45:00+00:00
6984,13.029152,77.585901,pm10,14.0,2019-07-19T15:00:00+00:00
6984,13.029152,77.585901,pm10,8.0,2019-07-19T15:15:00+00:00
6984,13.029152,77.585901,pm10,8.0,2019-07-19T15:30:00+00:00
6984,13.029152,77.585901,pm10,8.0,2019-07-19T15:45:00+00:00
6984,13.029152,77.585901,pm10,8.0,2019-07-19T16:00:00+00:00
6984,13.029152,77.585901,pm10,10.0,2019-07-19T16:15:00+00:00
6984,13.029152,77.585901,pm10,10.0,2019-07-19T16:30:00+00:00
6984,13.029152,77.585901,pm10,10.0,2019-07-19T16:45:00+00:00
6984,13.029152,77.585901,pm10,10.0,2019-07-19T17:00:00+00:00
6984,13.029152,77.585901,pm10,10.0,2019-07-19T17:15:00+00:00
6984,13.029152,77.585901,pm10,10.0,2019-07-19T17:30:00+00:00
6984,13.029152,77.585901,pm10,10.0,2019-07-19T17:45:00+00:00
6984,13.029152,77.585901,pm10,10.0,2019-07-19T18:00:00+00:00
6984,13.029152,77.585901,pm10,9.0,2019-07-19T18:15:00+00:00
6984,13.029152,77.585901,pm10,9.0,2019-07-19T18:30:00+00:00
6984,13.029152,77.585901,pm25,10.0,2019-07-18T18:45:00+00:00
6984,13.029152,77.585901,pm25,10.0,2019-07-18T19:00:00+00:00
6984,13.029152,77.585901,pm25,9.0,2019-07-18T19:15:00+00:00
6984,13.029152,77.585901,pm25,9.0,2019-07-18T19:30:00+00:00
6984,13.029152,77.585901,pm25,9.0,2019-07-18T19:45:00+00:00
6984,13.029152,77.585901,pm25,9.0,2019-07-18T20:00:00+00:00
6984,13.029152,77.585901,pm25,5.0,2019-07-18T20:15:00+00:00
6984,13.029152,77.585901,pm25,5.0,2019-07-18T20:30:00+00:00
6984,13.029152,77.585901,pm25,5.0,2019-07-18T20:45:00+00:00
6984,13.029152,77.585901,pm25,5.0,2019-07-18T21:00:00+00:00
6984,13.029152,77.585901,pm25,6.0,2019-07-18T21:15:00+00:00
6984,13.029152,77.585901,pm25,6.0,2019-07-18T21:30:00+00:00
6984,13.029152,77.585901,pm25,6.0,2019-07-18T21:45:00+00:00
6984,13.029152,77.585901,pm25,6.0,2019-07-18T22:00:00+00:00
6984,13.029152,77.585901,pm25,8.0,2019-07-18T22:15:00+00:00
6984,13.029152,77.585901,pm25,8.0,2019-07-18T22:30:00+00:00
6984,13.029152,77.585901,pm25,8.0,2019-07-18T22:45:00+00:00
6984,13.029152,77.585901,pm25,8.0,2019-07-18T23:00:00+00:00
6984,13.029152,77.585901,pm25,8.0,2019-07-18T23:15:00+00:00
6984,13.029152,77.585901,pm25,8.0,2019-07-18T23:30:00+00:00
6984,13.029152,77.585901,pm25,8.0,2019-07-18T23:45:00+00:00
6984,13.029152,77.585901,pm25,8.0,2019-07-19T00:00:00+00:00
6984,13.029152,77.585901,pm25,7.0,2019-07-19T00:15:00+00:00
6984,13.029152,77.585901,pm25,7.0,2019-07-19T00:30:00+00:00
6984,13.029152,77.585901,pm25,7.0,2019-07-19T00:45:00+00:00
6984,13.029152,77.585901,pm25,7.0,2019-07-19T01:00:00+00:00
6984,13.029152,77.585901,pm25,12.0,2019-07-19T01:15:00+00:00
6984,13.029152,77.585901,pm25,12.0,2019-07-19T01:30:00+00:00
6984,13.029152,77.585901,pm25,12.0,2019-07-19T01:45:00+00:00
6984,13.029152,77.585901,pm25,12.0,2019-07-19T02:00:00+00:00
6984,13.029152,77.585901,pm25,16.0,2019-07-19T02:15:00+00:00
6984,13.029152,77.585901,pm25,16.0,2019-07-19T02:30:00+00:00
6984,13.029152,77.585901,pm25,16.0,2019-07-19T02:45:00+00:00
6984,13.029152,77.585901,pm25,16.0,2019-07-19T03:00:00+00:00
6984,13.029152,77.585901,pm25,20.0,2019-07-19T03:15:00+00:00
6984,13.029152,77.585901,pm25,20.0,2019-07-19T03:30:00+00:00
6984,13.029152,77.585901,pm25,20.0,2019-07-19T03:45:00+00:00
6984,13.029152,77.585901,pm25,20.0,2019-07-19T04:00:00+00:00
6984,13.029152,77.585901,pm25,19.0,2019-07-19T04:15:00+00:00
6984,13.029152,77.585901,pm25,19.0,2019-07-19T04:30:00+00:00
6984,13.029152,77.585901,pm25,19.0,2019-07-19T04:45:00+00:00
6984,13.029152,77.585901,pm25,19.0,2019-07-19T05:00:00+00:00
6984,13.029152,77.585901,pm25,13.0,2019-07-19T05:15:00+00:00
6984,13.029152,77.585901,pm25,13.0,2019-07-19T05:30:00+00:00
6984,13.029152,77.585901,pm25,13.0,2019-07-19T05:45:00+00:00
6984,13.029152,77.585901,pm25,13.0,2019-07-19T06:00:00+00:00
6984,13.029152,77.585901,pm25,12.0,2019-07-19T06:15:00+00:00
6984,13.029152,77.585901,pm25,12.0,2019-07-19T06:30:00+00:00
6984,13.029152,77.585901,pm25,12.0,2019-07-19T06:45:00+00:00
6984,13.029152,77.585901,pm25,12.0,2019-07-19T07:00:00+00:00
6984,13.029152,77.585901,pm25,18.0,2019-07-19T07:15:00+00:00
6984,13.029152,77.585901,pm25,18.0,2019-07-19T07:30:00+00:00
6984,13.029152,77.585901,pm25,18.0,2019-07-19T07:45:00+00:00
6984,13.029152,77.585901,pm25,18.0,2019-07-19T08:00:00+00:00
6984,13.029152,77.585901,pm25,18.0,2019-07-19T08:15:00+00:00
6984,13.029152,77.585901,pm25,18.0,2019-07-19T08:30:00+00:00
6984,13.029152,77.585901,pm25,18.0,2019-07-19T08:45:00+00:00
6984,13.029152,77.585901,pm25,18.0,2019-07-19T09:00:00+00:00
6984,13.029152,77.585901,pm25,13.0,2019-07-19T09:15:00+00:00
6984,13.029152,77.585901,pm25,13.0,2019-07-19T09:30:00+00:00
6984,13.029152,77.585901,pm25,13.0,2019-07-19T09:45:00+00:00
6984,13.029152,77.585901,pm25,13.0,2019-07-19T10:00:00+00:00
6984,13.029152,77.585901,pm25,13.0,2019-07-19T10:15:00+00:00
6984,13.029152,77.585901,pm25,13.0,2019-07-19T10:30:00+00:00
6984,13.029152,77.585901,pm25,13.0,2019-07-19T10:45:00+00:00
6984,13.029152,77.585901,pm25,13.0,2019-07-19T11:00:00+00:00
6984,13.029152,77.585901,pm25,7.0,2019-07-19T11:15:00+00:00
6984,13.029152,77.585901,pm25,7.0,2019-07-19T11:30:00+00:00
6984,13.029152,77.585901,pm25,7.0,2019-07-19T11:45:00+00:00
6984,13.029152,77.585901,pm25,7.0,2019-07-19T12:00:00+00:00
6984,13.029152,77.585901,pm25,15.0,2019-07-19T12:15:00+00:00
6984,13.029152,77.585901,pm25,15.0,2019-07-19T12:30:00+00:00
6984,13.029152,77.585901,pm25,15.0,2019-07-19T12:45:00+00:00
6984,13.029152,77.585901,pm25,15.0,2019-07-19T13:00:00+00:00
6984,13.029152,77.585901,pm25,15.0,2019-07-19T13:15:00+00:00
6984,13.029152,77.585901,pm25,15.0,2019-07-19T13:45:00+00:00
6984,13.029152,77.585901,pm25,15.0,2019-07-19T14:00:00+00:00
6984,13.029152,77.585901,pm25,2.0,2019-07-19T14:15:00+00:00
6984,13.029152,77.585901,pm25,2.0,2019-07-19T14:30:00+00:00
6984,13.029152,77.585901,pm25,2.0,2019-07-19T14:45:00+00:00
6984,13.029152,77.585901,pm25,2.0,2019-07-19T15:00:00+00:00
6984,13.029152,77.585901,pm25,5.0,2019-07-19T15:15:00+00:00
6984,13.029152,77.585901,pm25,5.0,2019-07-19T15:30:00+00:00
6984,13.029152,77.585901,pm25,5.0,2019-07-19T15:45:00+00:00
6984,13.029152,77.585901,pm25,5.0,2019-07-19T16:00:00+00:00
6984,13.029152,77.585901,pm25,5.0,2019-07-19T16:15:00+00:00
6984,13.029152,77.585901,pm25,5.0,2019-07-19T16:30:00+00:00
6984,13.029152,77.585901,pm25,5.0,2019-07-19T16:45:00+00:00
6984,13.029152,77.585901,pm25,5.0,2019-07-19T17:00:00+00:00
6984,13.029152,77.585901,pm25,6.0,2019-07-19T17:15:00+00:00
6984,13.029152,77.585901,pm25,6.0,2019-07-19T17:30:00+00:00
6984,13.029152,77.585901,pm25,6.0,2019-07-19T17:45:00+00:00
6984,13.029152,77.585901,pm25,6.0,2019-07-19T18:00:00+00:00
6984,13.029152,77.585901,pm25,5.0,2019-07-19T18:15:00+00:00
6984,13.029152,77.585901,pm25,5.0,2019-07-19T18:30:00+00:00
6984,13.029152,77.585901,co,0.1,2019-07-18T18:45:00+00:00
6984,13.029152,77.585901,co,0.14,2019-07-18T19:15:00+00:00
6984,13.029152,77.585901,co,0.11,2019-07-18T19:30:00+00:00
6984,13.029152,77.585901,co,0.15,2019-07-18T19:45:00+00:00
6984,13.029152,77.585901,co,0.13,2019-07-18T20:00:00+00:00
6984,13.029152,77.585901,co,0.15,2019-07-18T20:15:00+00:00
6984,13.029152,77.585901,co,0.16,2019-07-18T20:30:00+00:00
6984,13.029152,77.585901,co,0.16,2019-07-18T20:45:00+00:00
6984,13.029152,77.585901,co,0.16,2019-07-18T21:00:00+00:00
6984,13.029152,77.585901,co,0.14,2019-07-18T21:15:00+00:00
6984,13.029152,77.585901,co,0.1,2019-07-18T21:30:00+00:00
6984,13.029152,77.585901,co,0.13,2019-07-18T21:45:00+00:00
6984,13.029152,77.585901,co,0.1,2019-07-18T22:00:00+00:00
6984,13.029152,77.585901,co,0.08,2019-07-18T22:15:00+00:00
6984,13.029152,77.585901,co,0.09,2019-07-18T22:30:00+00:00
6984,13.029152,77.585901,co,0.06,2019-07-18T23:30:00+00:00
6984,13.029152,77.585901,co,0.05,2019-07-18T23:45:00+00:00
6984,13.029152,77.585901,co,0.09,2019-07-19T00:00:00+00:00
6984,13.029152,77.585901,co,0.17,2019-07-19T00:15:00+00:00
6984,13.029152,77.585901,co,0.13,2019-07-19T00:30:00+00:00
6984,13.029152,77.585901,co,0.21,2019-07-19T00:45:00+00:00
6984,13.029152,77.585901,co,0.02,2019-07-19T01:00:00+00:00
6984,13.029152,77.585901,co,0.24,2019-07-19T01:15:00+00:00
6984,13.029152,77.585901,co,0.29,2019-07-19T01:30:00+00:00
6984,13.029152,77.585901,co,0.3,2019-07-19T01:45:00+00:00
6984,13.029152,77.585901,co,0.27,2019-07-19T02:00:00+00:00
6984,13.029152,77.585901,co,0.35,2019-07-19T02:15:00+00:00
6984,13.029152,77.585901,co,0.33,2019-07-19T02:30:00+00:00
6984,13.029152,77.585901,co,0.38,2019-07-19T02:45:00+00:00
6984,13.029152,77.585901,co,0.41,2019-07-19T03:00:00+00:00
6984,13.029152,77.585901,co,0.47,2019-07-19T03:15:00+00:00
6984,13.029152,77.585901,co,0.4,2019-07-19T03:30:00+00:00
6984,13.029152,77.585901,co,0.35,2019-07-19T03:45:00+00:00
6984,13.029152,77.585901,co,0.39,2019-07-19T04:00:00+00:00
6984,13.029152,77.585901,co,0.33,2019-07-19T04:15:00+00:00
6984,13.029152,77.585901,co,0.29,2019-07-19T04:30:00+00:00
6984,13.029152,77.585901,co,0.17,2019-07-19T04:45:00+00:00
6984,13.029152,77.585901,co,0.09,2019-07-19T05:00:00+00:00
6984,13.029152,77.585901,co,0.18,2019-07-19T05:15:00+00:00
6984,13.029152,77.585901,co,0.18,2019-07-19T05:30:00+00:00
6984,13.029152,77.585901,co,0.21,2019-07-19T06:00:00+00:00
6984,13.029152,77.585901,co,0.16,2019-07-19T06:30:00+00:00
6984,13.029152,77.585901,co,0.11,2019-07-19T06:45:00+00:00
6984,13.029152,77.585901,co,0.13,2019-07-19T07:00:00+00:00
6984,13.029152,77.585901,co,0.1,2019-07-19T07:15:00+00:00
6984,13.029152,77.585901,co,0.11,2019-07-19T07:30:00+00:00
6984,13.029152,77.585901,co,0.23,2019-07-19T07:45:00+00:00
6984,13.029152,77.585901,co,0.15,2019-07-19T08:00:00+00:00
6984,13.029152,77.585901,co,0.07,2019-07-19T08:15:00+00:00
6984,13.029152,77.585901,co,0.21,2019-07-19T08:45:00+00:00
6984,13.029152,77.585901,co,0.44,2019-07-19T09:00:00+00:00
6984,13.029152,77.585901,co,0.44,2019-07-19T09:15:00+00:00
6984,13.029152,77.585901,co,0.39,2019-07-19T09:30:00+00:00
6984,13.029152,77.585901,co,0.4,2019-07-19T09:45:00+00:00
6984,13.029152,77.585901,co,0.47,2019-07-19T10:00:00+00:00
6984,13.029152,77.585901,co,0.48,2019-07-19T10:15:00+00:00
6984,13.029152,77.585901,co,0.46,2019-07-19T10:30:00+00:00
6984,13.029152,77.585901,co,0.42,2019-07-19T10:45:00+00:00
6984,13.029152,77.585901,co,0.5,2019-07-19T11:00:00+00:00
6984,13.029152,77.585901,co,0.42,2019-07-19T11:15:00+00:00
6984,13.029152,77.585901,co,0.62,2019-07-19T11:30:00+00:00
6984,13.029152,77.585901,co,0.65,2019-07-19T11:45:00+00:00
6984,13.029152,77.585901,co,0.73,2019-07-19T12:00:00+00:00
6984,13.029152,77.585901,co,0.77,2019-07-19T12:15:00+00:00
6984,13.029152,77.585901,co,0.74,2019-07-19T12:30:00+00:00
6984,13.029152,77.585901,co,0.82,2019-07-19T12:45:00+00:00
6984,13.029152,77.585901,co,0.87,2019-07-19T13:00:00+00:00
6984,13.029152,77.585901,co,1.01,2019-07-19T13:15:00+00:00
6984,13.029152,77.585901,co,0.73,2019-07-19T13:45:00+00:00
6984,13.029152,77.585901,co,0.65,2019-07-19T14:00:00+00:00
6984,13.029152,77.585901,co,0.76,2019-07-19T14:15:00+00:00
6984,13.029152,77.585901,co,0.79,2019-07-19T14:30:00+00:00
6984,13.029152,77.585901,co,0.74,2019-07-19T14:45:00+00:00
6984,13.029152,77.585901,co,0.82,2019-07-19T15:00:00+00:00
6984,13.029152,77.585901,co,0.78,2019-07-19T15:15:00+00:00
6984,13.029152,77.585901,co,0.68,2019-07-19T15:30:00+00:00
6984,13.029152,77.585901,co,0.77,2019-07-19T15:45:00+00:00
6984,13.029152,77.585901,co,0.7,2019-07-19T16:00:00+00:00
6984,13.029152,77.585901,co,0.65,2019-07-19T16:15:00+00:00
6984,13.029152,77.585901,co,0.55,2019-07-19T16:30:00+00:00
6984,13.029152,77.585901,co,0.52,2019-07-19T16:45:00+00:00
6984,13.029152,77.585901,co,0.55,2019-07-19T17:00:00+00:00
6984,13.029152,77.585901,co,0.55,2019-07-19T17:15:00+00:00
6984,13.029152,77.585901,co,0.49,2019-07-19T17:30:00+00:00
6984,13.029152,77.585901,co,0.49,2019-07-19T17:45:00+00:00
6984,13.029152,77.585901,co,0.45,2019-07-19T18:00:00+00:00
6984,13.029152,77.585901,co,0.49,2019-07-19T18:30:00+00:00
6984,13.029152,77.585901,no2,6.3,2019-07-18T18:45:00+00:00
6984,13.029152,77.585901,no2,6.2,2019-07-18T19:00:00+00:00
6984,13.029152,77.585901,no2,5.8,2019-07-18T19:15:00+00:00
6984,13.029152,77.585901,no2,5.2,2019-07-18T19:30:00+00:00
6984,13.029152,77.585901,no2,4.8,2019-07-18T19:45:00+00:00
6984,13.029152,77.585901,no2,4.9,2019-07-18T20:00:00+00:00
6984,13.029152,77.585901,no2,4.6,2019-07-18T20:15:00+00:00
6984,13.029152,77.585901,no2,4.6,2019-07-18T20:30:00+00:00
6984,13.029152,77.585901,no2,5.2,2019-07-18T20:45:00+00:00
6984,13.029152,77.585901,no2,5.4,2019-07-18T21:00:00+00:00
6984,13.029152,77.585901,no2,4.9,2019-07-18T21:15:00+00:00
6984,13.029152,77.585901,no2,4.1,2019-07-18T21:30:00+00:00
6984,13.029152,77.585901,no2,3.7,2019-07-18T21:45:00+00:00
6984,13.029152,77.585901,no2,4.0,2019-07-18T22:00:00+00:00
6984,13.029152,77.585901,no2,4.3,2019-07-18T22:15:00+00:00
6984,13.029152,77.585901,no2,4.7,2019-07-18T22:30:00+00:00
6984,13.029152,77.585901,no2,5.0,2019-07-18T22:45:00+00:00
6984,13.029152,77.585901,no2,5.2,2019-07-18T23:00:00+00:00
6984,13.029152,77.585901,no2,4.7,2019-07-18T23:15:00+00:00
6984,13.029152,77.585901,no2,4.8,2019-07-18T23:30:00+00:00
6984,13.029152,77.585901,no2,9.3,2019-07-19T00:30:00+00:00
6984,13.029152,77.585901,no2,8.8,2019-07-19T00:45:00+00:00
6984,13.029152,77.585901,no2,9.3,2019-07-19T01:00:00+00:00
6984,13.029152,77.585901,no2,9.7,2019-07-19T01:15:00+00:00
6984,13.029152,77.585901,no2,10.6,2019-07-19T01:30:00+00:00
6984,13.029152,77.585901,no2,11.5,2019-07-19T01:45:00+00:00
6984,13.029152,77.585901,no2,11.7,2019-07-19T02:00:00+00:00
6984,13.029152,77.585901,no2,11.9,2019-07-19T02:15:00+00:00
6984,13.029152,77.585901,no2,12.2,2019-07-19T02:30:00+00:00
6984,13.029152,77.585901,no2,11.9,2019-07-19T02:45:00+00:00
6984,13.029152,77.585901,no2,12.6,2019-07-19T03:00:00+00:00
6984,13.029152,77.585901,no2,14.2,2019-07-19T03:15:00+00:00
6984,13.029152,77.585901,no2,14.4,2019-07-19T03:30:00+00:00
6984,13.029152,77.585901,no2,14.1,2019-07-19T03:45:00+00:00
6984,13.029152,77.585901,no2,13.9,2019-07-19T04:00:00+00:00
6984,13.029152,77.585901,no2,13.6,2019-07-19T04:15:00+00:00
6984,13.029152,77.585901,no2,13.7,2019-07-19T04:30:00+00:00
6984,13.029152,77.585901,no2,12.7,2019-07-19T04:45:00+00:00
6984,13.029152,77.585901,no2,11.4,2019-07-19T05:00:00+00:00
6984,13.029152,77.585901,no2,10.9,2019-07-19T05:15:00+00:00
6984,13.029152,77.585901,no2,14.5,2019-07-19T05:30:00+00:00
6984,13.029152,77.585901,no2,14.4,2019-07-19T05:45:00+00:00
6984,13.029152,77.585901,no2,11.1,2019-07-19T06:00:00+00:00
6984,13.029152,77.585901,no2,11.4,2019-07-19T06:15:00+00:00
6984,13.029152,77.585901,no2,9.9,2019-07-19T06:30:00+00:00
6984,13.029152,77.585901,no2,8.8,2019-07-19T06:45:00+00:00
6984,13.029152,77.585901,no2,8.4,2019-07-19T07:00:00+00:00
6984,13.029152,77.585901,no2,8.7,2019-07-19T07:15:00+00:00
6984,13.029152,77.585901,no2,8.4,2019-07-19T07:30:00+00:00
6984,13.029152,77.585901,no2,9.1,2019-07-19T07:45:00+00:00
6984,13.029152,77.585901,no2,9.5,2019-07-19T08:00:00+00:00
6984,13.029152,77.585901,no2,8.1,2019-07-19T08:15:00+00:00
6984,13.029152,77.585901,no2,9.0,2019-07-19T08:30:00+00:00
6984,13.029152,77.585901,no2,9.7,2019-07-19T08:45:00+00:00
6984,13.029152,77.585901,no2,9.1,2019-07-19T09:00:00+00:00
6984,13.029152,77.585901,no2,9.2,2019-07-19T09:15:00+00:00
6984,13.029152,77.585901,no2,9.0,2019-07-19T09:30:00+00:00
6984,13.029152,77.585901,no2,9.5,2019-07-19T09:45:00+00:00
6984,13.029152,77.585901,no2,8.0,2019-07-19T10:00:00+00:00
6984,13.029152,77.585901,no2,8.4,2019-07-19T10:15:00+00:00
6984,13.029152,77.585901,no2,8.9,2019-07-19T10:30:00+00:00
6984,13.029152,77.585901,no2,8.2,2019-07-19T10:45:00+00:00
6984,13.029152,77.585901,no2,7.9,2019-07-19T11:00:00+00:00
6984,13.029152,77.585901,no2,7.3,2019-07-19T11:15:00+00:00
6984,13.029152,77.585901,no2,7.2,2019-07-19T11:30:00+00:00
6984,13.029152,77.585901,no2,10.6,2019-07-19T11:45:00+00:00
6984,13.029152,77.585901,no2,15.4,2019-07-19T12:00:00+00:00
6984,13.029152,77.585901,no2,18.4,2019-07-19T12:15:00+00:00
6984,13.029152,77.585901,no2,20.7,2019-07-19T12:30:00+00:00
6984,13.029152,77.585901,no2,22.6,2019-07-19T12:45:00+00:00
6984,13.029152,77.585901,no2,26.4,2019-07-19T13:00:00+00:00
6984,13.029152,77.585901,no2,28.5,2019-07-19T13:15:00+00:00
6984,13.029152,77.585901,no2,19.5,2019-07-19T13:45:00+00:00
6984,13.029152,77.585901,no2,15.0,2019-07-19T14:00:00+00:00
6984,13.029152,77.585901,no2,13.8,2019-07-19T14:15:00+00:00
6984,13.029152,77.585901,no2,15.3,2019-07-19T14:30:00+00:00
6984,13.029152,77.585901,no2,14.8,2019-07-19T14:45:00+00:00
6984,13.029152,77.585901,no2,16.2,2019-07-19T15:00:00+00:00
6984,13.029152,77.585901,no2,16.9,2019-07-19T15:15:00+00:00
6984,13.029152,77.585901,no2,16.7,2019-07-19T15:30:00+00:00
6984,13.029152,77.585901,no2,14.4,2019-07-19T15:45:00+00:00
6984,13.029152,77.585901,no2,12.8,2019-07-19T16:00:00+00:00
6984,13.029152,77.585901,no2,12.4,2019-07-19T16:15:00+00:00
6984,13.029152,77.585901,no2,11.4,2019-07-19T16:30:00+00:00
6984,13.029152,77.585901,no2,10.4,2019-07-19T16:45:00+00:00
6984,13.029152,77.585901,no2,9.5,2019-07-19T17:00:00+00:00
6984,13.029152,77.585901,no2,8.2,2019-07-19T17:15:00+00:00
6984,13.029152,77.585901,no2,7.2,2019-07-19T17:30:00+00:00
6984,13.029152,77.585901,no2,6.3,2019-07-19T17:45:00+00:00
6984,13.029152,77.585901,no2,5.9,2019-07-19T18:00:00+00:00
6984,13.029152,77.585901,no2,5.4,2019-07-19T18:15:00+00:00
6984,13.029152,77.585901,no2,5.3,2019-07-19T18:30:00+00:00
6984,13.029152,77.585901,so2,3.6,2019-07-18T18:45:00+00:00
6984,13.029152,77.585901,so2,1.2,2019-07-18T19:00:00+00:00
6984,13.029152,77.585901,so2,2.7,2019-07-18T19:15:00+00:00
6984,13.029152,77.585901,so2,0.4,2019-07-18T19:30:00+00:00
6984,13.029152,77.585901,so2,3.3,2019-07-18T20:15:00+00:00
6984,13.029152,77.585901,so2,3.7,2019-07-18T20:30:00+00:00
6984,13.029152,77.585901,so2,4.6,2019-07-18T20:45:00+00:00
6984,13.029152,77.585901,so2,5.5,2019-07-18T21:00:00+00:00
6984,13.029152,77.585901,so2,5.5,2019-07-18T21:15:00+00:00
6984,13.029152,77.585901,so2,3.8,2019-07-18T21:30:00+00:00
6984,13.029152,77.585901,so2,0.2,2019-07-18T21:45:00+00:00
6984,13.029152,77.585901,so2,3.7,2019-07-18T22:00:00+00:00
6984,13.029152,77.585901,so2,4.1,2019-07-18T22:15:00+00:00
6984,13.029152,77.585901,so2,4.2,2019-07-18T22:30:00+00:00
6984,13.029152,77.585901,so2,4.5,2019-07-18T22:45:00+00:00
6984,13.029152,77.585901,so2,4.4,2019-07-18T23:00:00+00:00
6984,13.029152,77.585901,so2,3.6,2019-07-18T23:15:00+00:00
6984,13.029152,77.585901,so2,3.6,2019-07-18T23:30:00+00:00
6984,13.029152,77.585901,so2,4.1,2019-07-18T23:45:00+00:00
6984,13.029152,77.585901,so2,4.9,2019-07-19T00:00:00+00:00
6984,13.029152,77.585901,so2,4.2,2019-07-19T00:15:00+00:00
6984,13.029152,77.585901,so2,4.0,2019-07-19T00:30:00+00:00
6984,13.029152,77.585901,so2,11.3,2019-07-19T01:30:00+00:00
6984,13.029152,77.585901,so2,6.3,2019-07-19T01:45:00+00:00
6984,13.029152,77.585901,so2,2.2,2019-07-19T02:00:00+00:00
6984,13.029152,77.585901,so2,0.9,2019-07-19T02:15:00+00:00
6984,13.029152,77.585901,so2,1.6,2019-07-19T02:45:00+00:00
6984,13.029152,77.585901,so2,3.5,2019-07-19T03:00:00+00:00
6984,13.029152,77.585901,so2,2.9,2019-07-19T03:15:00+00:00
6984,13.029152,77.585901,so2,0.4,2019-07-19T03:30:00+00:00
6984,13.029152,77.585901,so2,4.0,2019-07-19T03:45:00+00:00
6984,13.029152,77.585901,so2,3.9,2019-07-19T04:00:00+00:00
6984,13.029152,77.585901,so2,0.9,2019-07-19T05:00:00+00:00
6984,13.029152,77.585901,so2,3.0,2019-07-19T06:15:00+00:00
6984,13.029152,77.585901,so2,4.2,2019-07-19T06:30:00+00:00
6984,13.029152,77.585901,so2,2.5,2019-07-19T06:45:00+00:00
6984,13.029152,77.585901,so2,1.9,2019-07-19T07:00:00+00:00
6984,13.029152,77.585901,so2,3.9,2019-07-19T07:15:00+00:00
6984,13.029152,77.585901,so2,2.9,2019-07-19T07:30:00+00:00
6984,13.029152,77.585901,so2,4.1,2019-07-19T07:45:00+00:00
6984,13.029152,77.585901,so2,5.7,2019-07-19T08:00:00+00:00
6984,13.029152,77.585901,so2,5.4,2019-07-19T08:15:00+00:00
6984,13.029152,77.585901,so2,5.5,2019-07-19T08:30:00+00:00
6984,13.029152,77.585901,so2,5.9,2019-07-19T08:45:00+00:00
6984,13.029152,77.585901,so2,5.8,2019-07-19T09:00:00+00:00
6984,13.029152,77.585901,so2,6.0,2019-07-19T09:15:00+00:00
6984,13.029152,77.585901,so2,5.6,2019-07-19T09:30:00+00:00
6984,13.029152,77.585901,so2,4.1,2019-07-19T09:45:00+00:00
6984,13.029152,77.585901,so2,3.8,2019-07-19T10:00:00+00:00
6984,13.029152,77.585901,so2,4.3,2019-07-19T10:15:00+00:00
6984,13.029152,77.585901,so2,4.5,2019-07-19T10:30:00+00:00
6984,13.029152,77.585901,so2,4.6,2019-07-19T10:45:00+00:00
6984,13.029152,77.585901,so2,4.7,2019-07-19T11:00:00+00:00
6984,13.029152,77.585901,so2,4.8,2019-07-19T11:15:00+00:00
6984,13.029152,77.585901,so2,4.9,2019-07-19T11:30:00+00:00
6984,13.029152,77.585901,so2,5.0,2019-07-19T11:45:00+00:00
6984,13.029152,77.585901,so2,5.2,2019-07-19T12:00:00+00:00
6984,13.029152,77.585901,so2,5.2,2019-07-19T12:15:00+00:00
6984,13.029152,77.585901,so2,5.5,2019-07-19T12:30:00+00:00
6984,13.029152,77.585901,so2,5.8,2019-07-19T12:45:00+00:00
6984,13.029152,77.585901,so2,5.2,2019-07-19T13:00:00+00:00
6984,13.029152,77.585901,so2,4.6,2019-07-19T13:15:00+00:00
6984,13.029152,77.585901,so2,4.2,2019-07-19T13:45:00+00:00
6984,13.029152,77.585901,so2,5.1,2019-07-19T14:00:00+00:00
6984,13.029152,77.585901,so2,4.3,2019-07-19T14:15:00+00:00
6984,13.029152,77.585901,so2,3.4,2019-07-19T14:30:00+00:00
6984,13.029152,77.585901,so2,3.3,2019-07-19T14:45:00+00:00
6984,13.029152,77.585901,so2,3.7,2019-07-19T15:00:00+00:00
6984,13.029152,77.585901,so2,4.2,2019-07-19T15:15:00+00:00
6984,13.029152,77.585901,so2,4.3,2019-07-19T15:30:00+00:00
6984,13.029152,77.585901,so2,3.7,2019-07-19T15:45:00+00:00
6984,13.029152,77.585901,so2,3.1,2019-07-19T16:00:00+00:00
6984,13.029152,77.585901,so2,3.3,2019-07-19T16:15:00+00:00
6984,13.029152,77.585901,so2,3.2,2019-07-19T16:30:00+00:00
6984,13.029152,77.585901,so2,3.3,2019-07-19T16:45:00+00:00
6984,13.029152,77.585901,so2,3.2,2019-07-19T17:00:00+00:00
6984,13.029152,77.585901,so2,4.5,2019-07-19T17:15:00+00:00
6984,13.029152,77.585901,so2,5.5,2019-07-19T17:30:00+00:00
6984,13.029152,77.585901,so2,5.5,2019-07-19T17:45:00+00:00
6984,13.029152,77.585901,so2,6.2,2019-07-19T18:00:00+00:00
6984,13.029152,77.585901,so2,5.3,2019-07-19T18:30:00+00:00
6984,13.029152,77.585901,pm10,9.0,2019-07-19T18:45:00+00:00
6984,13.029152,77.585901,pm10,9.0,2019-07-19T19:00:00+00:00
6984,13.029152,77.585901,pm10,15.0,2019-07-19T19:15:00+00:00
6984,13.029152,77.585901,pm10,15.0,2019-07-19T19:30:00+00:00
6984,13.029152,77.585901,pm10,15.0,2019-07-19T19:45:00+00:00
6984,13.029152,77.585901,pm10,15.0,2019-07-19T20:00:00+00:00
6984,13.029152,77.585901,pm10,12.0,2019-07-19T20:15:00+00:00
6984,13.029152,77.585901,pm10,12.0,2019-07-19T20:30:00+00:00
6984,13.029152,77.585901,pm10,12.0,2019-07-19T20:45:00+00:00
6984,13.029152,77.585901,pm10,12.0,2019-07-19T21:00:00+00:00
6984,13.029152,77.585901,pm10,12.0,2019-07-19T21:15:00+00:00
6984,13.029152,77.585901,pm10,12.0,2019-07-19T21:30:00+00:00
6984,13.029152,77.585901,pm10,12.0,2019-07-19T21:45:00+00:00
6984,13.029152,77.585901,pm10,12.0,2019-07-19T22:00:00+00:00
6984,13.029152,77.585901,pm10,8.0,2019-07-19T22:15:00+00:00
6984,13.029152,77.585901,pm10,8.0,2019-07-19T22:30:00+00:00
6984,13.029152,77.585901,pm10,8.0,2019-07-19T22:45:00+00:00
6984,13.029152,77.585901,pm10,7.0,2019-07-19T23:15:00+00:00
6984,13.029152,77.585901,pm10,7.0,2019-07-19T23:30:00+00:00
6984,13.029152,77.585901,pm10,7.0,2019-07-19T23:45:00+00:00
6984,13.029152,77.585901,pm10,7.0,2019-07-20T00:00:00+00:00
6984,13.029152,77.585901,pm10,5.0,2019-07-20T00:15:00+00:00
6984,13.029152,77.585901,pm10,5.0,2019-07-20T00:30:00+00:00
6984,13.029152,77.585901,pm10,5.0,2019-07-20T00:45:00+00:00
6984,13.029152,77.585901,pm10,5.0,2019-07-20T01:00:00+00:00
6984,13.029152,77.585901,pm10,16.0,2019-07-20T01:15:00+00:00
6984,13.029152,77.585901,pm10,16.0,2019-07-20T01:30:00+00:00
6984,13.029152,77.585901,pm10,16.0,2019-07-20T01:45:00+00:00
6984,13.029152,77.585901,pm10,16.0,2019-07-20T02:00:00+00:00
6984,13.029152,77.585901,pm10,21.0,2019-07-20T02:15:00+00:00
6984,13.029152,77.585901,pm10,21.0,2019-07-20T02:30:00+00:00
6984,13.029152,77.585901,pm10,21.0,2019-07-20T02:45:00+00:00
6984,13.029152,77.585901,pm10,21.0,2019-07-20T03:00:00+00:00
6984,13.029152,77.585901,pm10,26.0,2019-07-20T03:15:00+00:00
6984,13.029152,77.585901,pm10,26.0,2019-07-20T03:30:00+00:00
6984,13.029152,77.585901,pm10,26.0,2019-07-20T03:45:00+00:00
6984,13.029152,77.585901,pm10,26.0,2019-07-20T04:00:00+00:00
6984,13.029152,77.585901,pm10,20.0,2019-07-20T04:15:00+00:00
6984,13.029152,77.585901,pm10,20.0,2019-07-20T04:30:00+00:00
6984,13.029152,77.585901,pm10,20.0,2019-07-20T04:45:00+00:00
6984,13.029152,77.585901,pm10,20.0,2019-07-20T05:00:00+00:00
6984,13.029152,77.585901,pm10,25.0,2019-07-20T05:15:00+00:00
6984,13.029152,77.585901,pm10,25.0,2019-07-20T05:45:00+00:00
6984,13.029152,77.585901,pm10,25.0,2019-07-20T06:00:00+00:00
6984,13.029152,77.585901,pm10,22.0,2019-07-20T06:15:00+00:00
6984,13.029152,77.585901,pm10,22.0,2019-07-20T06:30:00+00:00
6984,13.029152,77.585901,pm10,22.0,2019-07-20T06:45:00+00:00
6984,13.029152,77.585901,pm10,22.0,2019-07-20T07:00:00+00:00
6984,13.029152,77.585901,pm10,22.0,2019-07-20T07:15:00+00:00
6984,13.029152,77.585901,pm10,22.0,2019-07-20T07:30:00+00:00
6984,13.029152,77.585901,pm10,22.0,2019-07-20T07:45:00+00:00
6984,13.029152,77.585901,pm10,22.0,2019-07-20T08:00:00+00:00
6984,13.029152,77.585901,pm10,17.0,2019-07-20T08:15:00+00:00
6984,13.029152,77.585901,pm10,17.0,2019-07-20T08:45:00+00:00
6984,13.029152,77.585901,pm10,17.0,2019-07-20T09:00:00+00:00
6984,13.029152,77.585901,pm10,21.0,2019-07-20T09:15:00+00:00
6984,13.029152,77.585901,pm10,21.0,2019-07-20T09:30:00+00:00
6984,13.029152,77.585901,pm10,21.0,2019-07-20T09:45:00+00:00
6984,13.029152,77.585901,pm10,21.0,2019-07-20T10:00:00+00:00
6984,13.029152,77.585901,pm10,21.0,2019-07-20T10:15:00+00:00
6984,13.029152,77.585901,pm10,21.0,2019-07-20T10:30:00+00:00
6984,13.029152,77.585901,pm10,21.0,2019-07-20T10:45:00+00:00
6984,13.029152,77.585901,pm10,21.0,2019-07-20T11:00:00+00:00
6984,13.029152,77.585901,pm10,22.0,2019-07-20T11:15:00+00:00
6984,13.029152,77.585901,pm10,22.0,2019-07-20T11:30:00+00:00
6984,13.029152,77.585901,pm10,22.0,2019-07-20T11:45:00+00:00
6984,13.029152,77.585901,pm10,22.0,2019-07-20T12:00:00+00:00
6984,13.029152,77.585901,pm10,26.0,2019-07-20T12:15:00+00:00
6984,13.029152,77.585901,pm10,26.0,2019-07-20T12:30:00+00:00
6984,13.029152,77.585901,pm10,26.0,2019-07-20T12:45:00+00:00
6984,13.029152,77.585901,pm10,26.0,2019-07-20T13:00:00+00:00
6984,13.029152,77.585901,pm10,30.0,2019-07-20T13:15:00+00:00
6984,13.029152,77.585901,pm10,30.0,2019-07-20T13:30:00+00:00
6984,13.029152,77.585901,pm10,30.0,2019-07-20T13:45:00+00:00
6984,13.029152,77.585901,pm10,30.0,2019-07-20T14:00:00+00:00
6984,13.029152,77.585901,pm10,20.0,2019-07-20T14:15:00+00:00
6984,13.029152,77.585901,pm10,20.0,2019-07-20T14:30:00+00:00
6984,13.029152,77.585901,pm10,20.0,2019-07-20T14:45:00+00:00
6984,13.029152,77.585901,pm10,20.0,2019-07-20T15:00:00+00:00
6984,13.029152,77.585901,pm10,25.0,2019-07-20T15:15:00+00:00
6984,13.029152,77.585901,pm10,25.0,2019-07-20T15:30:00+00:00
6984,13.029152,77.585901,pm10,25.0,2019-07-20T15:45:00+00:00
6984,13.029152,77.585901,pm10,25.0,2019-07-20T16:00:00+00:00
6984,13.029152,77.585901,pm10,18.0,2019-07-20T16:15:00+00:00
6984,13.029152,77.585901,pm10,18.0,2019-07-20T16:30:00+00:00
6984,13.029152,77.585901,pm10,18.0,2019-07-20T16:45:00+00:00
6984,13.029152,77.585901,pm10,18.0,2019-07-20T17:00:00+00:00
6984,13.029152,77.585901,pm10,13.0,2019-07-20T17:15:00+00:00
6984,13.029152,77.585901,pm10,13.0,2019-07-20T17:30:00+00:00
6984,13.029152,77.585901,pm10,13.0,2019-07-20T17:45:00+00:00
6984,13.029152,77.585901,pm10,13.0,2019-07-20T18:00:00+00:00
6984,13.029152,77.585901,pm10,11.0,2019-07-20T18:15:00+00:00
6984,13.029152,77.585901,pm25,5.0,2019-07-19T18:45:00+00:00
6984,13.029152,77.585901,pm25,5.0,2019-07-19T19:00:00+00:00
6984,13.029152,77.585901,pm25,2.0,2019-07-19T19:15:00+00:00
6984,13.029152,77.585901,pm25,2.0,2019-07-19T19:30:00+00:00
6984,13.029152,77.585901,pm25,2.0,2019-07-19T19:45:00+00:00
6984,13.029152,77.585901,pm25,2.0,2019-07-19T20:00:00+00:00
6984,13.029152,77.585901,pm25,5.0,2019-07-19T20:15:00+00:00
6984,13.029152,77.585901,pm25,5.0,2019-07-19T20:30:00+00:00
6984,13.029152,77.585901,pm25,5.0,2019-07-19T20:45:00+00:00
6984,13.029152,77.585901,pm25,5.0,2019-07-19T21:00:00+00:00
6984,13.029152,77.585901,pm25,4.0,2019-07-19T21:15:00+00:00
6984,13.029152,77.585901,pm25,4.0,2019-07-19T21:30:00+00:00
6984,13.029152,77.585901,pm25,4.0,2019-07-19T21:45:00+00:00
6984,13.029152,77.585901,pm25,4.0,2019-07-19T22:00:00+00:00
6984,13.029152,77.585901,pm25,2.0,2019-07-19T23:15:00+00:00
6984,13.029152,77.585901,pm25,2.0,2019-07-19T23:30:00+00:00
6984,13.029152,77.585901,pm25,2.0,2019-07-19T23:45:00+00:00
6984,13.029152,77.585901,pm25,2.0,2019-07-20T00:00:00+00:00
6984,13.029152,77.585901,pm25,5.0,2019-07-20T00:15:00+00:00
6984,13.029152,77.585901,pm25,5.0,2019-07-20T00:30:00+00:00
6984,13.029152,77.585901,pm25,5.0,2019-07-20T00:45:00+00:00
6984,13.029152,77.585901,pm25,5.0,2019-07-20T01:00:00+00:00
6984,13.029152,77.585901,pm25,8.0,2019-07-20T01:15:00+00:00
6984,13.029152,77.585901,pm25,8.0,2019-07-20T01:30:00+00:00
6984,13.029152,77.585901,pm25,8.0,2019-07-20T01:45:00+00:00
6984,13.029152,77.585901,pm25,8.0,2019-07-20T02:00:00+00:00
6984,13.029152,77.585901,pm25,9.0,2019-07-20T02:15:00+00:00
6984,13.029152,77.585901,pm25,9.0,2019-07-20T02:30:00+00:00
6984,13.029152,77.585901,pm25,9.0,2019-07-20T02:45:00+00:00
6984,13.029152,77.585901,pm25,9.0,2019-07-20T03:00:00+00:00
6984,13.029152,77.585901,pm25,15.0,2019-07-20T03:15:00+00:00
6984,13.029152,77.585901,pm25,15.0,2019-07-20T03:30:00+00:00
6984,13.029152,77.585901,pm25,15.0,2019-07-20T03:45:00+00:00
6984,13.029152,77.585901,pm25,15.0,2019-07-20T04:00:00+00:00
6984,13.029152,77.585901,pm25,12.0,2019-07-20T04:15:00+00:00
6984,13.029152,77.585901,pm25,12.0,2019-07-20T04:30:00+00:00
6984,13.029152,77.585901,pm25,12.0,2019-07-20T04:45:00+00:00
6984,13.029152,77.585901,pm25,12.0,2019-07-20T05:00:00+00:00
6984,13.029152,77.585901,pm25,11.0,2019-07-20T05:15:00+00:00
6984,13.029152,77.585901,pm25,11.0,2019-07-20T05:45:00+00:00
6984,13.029152,77.585901,pm25,11.0,2019-07-20T06:00:00+00:00
6984,13.029152,77.585901,pm25,8.0,2019-07-20T06:15:00+00:00
6984,13.029152,77.585901,pm25,8.0,2019-07-20T06:30:00+00:00
6984,13.029152,77.585901,pm25,8.0,2019-07-20T06:45:00+00:00
6984,13.029152,77.585901,pm25,8.0,2019-07-20T07:00:00+00:00
6984,13.029152,77.585901,pm25,10.0,2019-07-20T07:15:00+00:00
6984,13.029152,77.585901,pm25,10.0,2019-07-20T07:30:00+00:00
6984,13.029152,77.585901,pm25,10.0,2019-07-20T07:45:00+00:00
6984,13.029152,77.585901,pm25,10.0,2019-07-20T08:00:00+00:00
6984,13.029152,77.585901,pm25,9.0,2019-07-20T08:15:00+00:00
6984,13.029152,77.585901,pm25,9.0,2019-07-20T08:45:00+00:00
6984,13.029152,77.585901,pm25,9.0,2019-07-20T09:00:00+00:00
6984,13.029152,77.585901,pm25,7.0,2019-07-20T09:15:00+00:00
6984,13.029152,77.585901,pm25,7.0,2019-07-20T09:30:00+00:00
6984,13.029152,77.585901,pm25,7.0,2019-07-20T09:45:00+00:00
6984,13.029152,77.585901,pm25,7.0,2019-07-20T10:00:00+00:00
6984,13.029152,77.585901,pm25,10.0,2019-07-20T10:15:00+00:00
6984,13.029152,77.585901,pm25,10.0,2019-07-20T10:30:00+00:00
6984,13.029152,77.585901,pm25,10.0,2019-07-20T10:45:00+00:00
6984,13.029152,77.585901,pm25,10.0,2019-07-20T11:00:00+00:00
6984,13.029152,77.585901,pm25,8.0,2019-07-20T11:15:00+00:00
6984,13.029152,77.585901,pm25,8.0,2019-07-20T11:30:00+00:00
6984,13.029152,77.585901,pm25,8.0,2019-07-20T11:45:00+00:00
6984,13.029152,77.585901,pm25,8.0,2019-07-20T12:00:00+00:00
6984,13.029152,77.585901,pm25,9.0,2019-07-20T12:15:00+00:00
6984,13.029152,77.585901,pm25,9.0,2019-07-20T12:30:00+00:00
6984,13.029152,77.585901,pm25,9.0,2019-07-20T12:45:00+00:00
6984,13.029152,77.585901,pm25,9.0,2019-07-20T13:00:00+00:00
6984,13.029152,77.585901,pm25,8.0,2019-07-20T13:15:00+00:00
6984,13.029152,77.585901,pm25,8.0,2019-07-20T13:30:00+00:00
6984,13.029152,77.585901,pm25,8.0,2019-07-20T13:45:00+00:00
6984,13.029152,77.585901,pm25,8.0,2019-07-20T14:00:00+00:00
6984,13.029152,77.585901,pm25,6.0,2019-07-20T14:15:00+00:00
6984,13.029152,77.585901,pm25,6.0,2019-07-20T14:30:00+00:00
6984,13.029152,77.585901,pm25,6.0,2019-07-20T14:45:00+00:00
6984,13.029152,77.585901,pm25,6.0,2019-07-20T15:00:00+00:00
6984,13.029152,77.585901,pm25,10.0,2019-07-20T15:15:00+00:00
6984,13.029152,77.585901,pm25,10.0,2019-07-20T15:30:00+00:00
6984,13.029152,77.585901,pm25,10.0,2019-07-20T15:45:00+00:00
6984,13.029152,77.585901,pm25,10.0,2019-07-20T16:00:00+00:00
6984,13.029152,77.585901,pm25,9.0,2019-07-20T16:15:00+00:00
6984,13.029152,77.585901,pm25,9.0,2019-07-20T16:30:00+00:00
6984,13.029152,77.585901,pm25,9.0,2019-07-20T16:45:00+00:00
6984,13.029152,77.585901,pm25,9.0,2019-07-20T17:00:00+00:00
6984,13.029152,77.585901,pm25,5.0,2019-07-20T17:15:00+00:00
6984,13.029152,77.585901,pm25,5.0,2019-07-20T17:30:00+00:00
6984,13.029152,77.585901,pm25,5.0,2019-07-20T17:45:00+00:00
6984,13.029152,77.585901,pm25,5.0,2019-07-20T18:00:00+00:00
6984,13.029152,77.585901,pm25,3.0,2019-07-20T18:15:00+00:00
6984,13.029152,77.585901,co,0.46,2019-07-19T18:45:00+00:00
6984,13.029152,77.585901,co,0.49,2019-07-19T19:00:00+00:00
6984,13.029152,77.585901,co,0.53,2019-07-19T19:15:00+00:00
6984,13.029152,77.585901,co,0.53,2019-07-19T19:30:00+00:00
6984,13.029152,77.585901,co,0.54,2019-07-19T19:45:00+00:00
6984,13.029152,77.585901,co,0.52,2019-07-19T20:00:00+00:00
6984,13.029152,77.585901,co,0.52,2019-07-19T20:15:00+00:00
6984,13.029152,77.585901,co,0.47,2019-07-19T20:30:00+00:00
6984,13.029152,77.585901,co,0.53,2019-07-19T20:45:00+00:00
6984,13.029152,77.585901,co,0.44,2019-07-19T21:00:00+00:00
6984,13.029152,77.585901,co,0.39,2019-07-19T21:15:00+00:00
6984,13.029152,77.585901,co,0.35,2019-07-19T21:30:00+00:00
6984,13.029152,77.585901,co,0.35,2019-07-19T21:45:00+00:00
6984,13.029152,77.585901,co,0.37,2019-07-19T22:00:00+00:00
6984,13.029152,77.585901,co,0.35,2019-07-19T22:15:00+00:00
6984,13.029152,77.585901,co,0.33,2019-07-19T22:30:00+00:00
6984,13.029152,77.585901,co,0.4,2019-07-19T23:30:00+00:00
6984,13.029152,77.585901,co,0.49,2019-07-19T23:45:00+00:00
6984,13.029152,77.585901,co,0.44,2019-07-20T00:00:00+00:00
6984,13.029152,77.585901,co,0.47,2019-07-20T00:15:00+00:00
6984,13.029152,77.585901,co,0.48,2019-07-20T00:30:00+00:00
6984,13.029152,77.585901,co,0.46,2019-07-20T00:45:00+00:00
6984,13.029152,77.585901,co,0.47,2019-07-20T01:00:00+00:00
6984,13.029152,77.585901,co,0.53,2019-07-20T01:15:00+00:00
6984,13.029152,77.585901,co,0.58,2019-07-20T01:30:00+00:00
6984,13.029152,77.585901,co,0.64,2019-07-20T01:45:00+00:00
6984,13.029152,77.585901,co,0.65,2019-07-20T02:00:00+00:00
6984,13.029152,77.585901,co,0.63,2019-07-20T02:15:00+00:00
6984,13.029152,77.585901,co,0.6,2019-07-20T02:30:00+00:00
6984,13.029152,77.585901,co,0.61,2019-07-20T02:45:00+00:00
6984,13.029152,77.585901,co,0.65,2019-07-20T03:00:00+00:00
6984,13.029152,77.585901,co,0.63,2019-07-20T03:15:00+00:00
6984,13.029152,77.585901,co,0.64,2019-07-20T03:30:00+00:00
6984,13.029152,77.585901,co,0.6,2019-07-20T03:45:00+00:00
6984,13.029152,77.585901,co,0.57,2019-07-20T04:00:00+00:00
6984,13.029152,77.585901,co,0.56,2019-07-20T04:15:00+00:00
6984,13.029152,77.585901,co,0.52,2019-07-20T04:30:00+00:00
6984,13.029152,77.585901,co,0.52,2019-07-20T04:45:00+00:00
6984,13.029152,77.585901,co,0.5,2019-07-20T05:00:00+00:00
6984,13.029152,77.585901,co,0.53,2019-07-20T05:15:00+00:00
6984,13.029152,77.585901,co,0.34,2019-07-20T05:45:00+00:00
6984,13.029152,77.585901,co,0.38,2019-07-20T06:00:00+00:00
6984,13.029152,77.585901,co,0.42,2019-07-20T06:15:00+00:00
6984,13.029152,77.585901,co,0.46,2019-07-20T06:30:00+00:00
6984,13.029152,77.585901,co,0.39,2019-07-20T06:45:00+00:00
6984,13.029152,77.585901,co,0.39,2019-07-20T07:00:00+00:00
6984,13.029152,77.585901,co,0.44,2019-07-20T07:15:00+00:00
6984,13.029152,77.585901,co,0.41,2019-07-20T07:30:00+00:00
6984,13.029152,77.585901,co,0.41,2019-07-20T07:45:00+00:00
6984,13.029152,77.585901,co,0.38,2019-07-20T08:00:00+00:00
6984,13.029152,77.585901,co,0.33,2019-07-20T08:15:00+00:00
6984,13.029152,77.585901,co,0.32,2019-07-20T08:45:00+00:00
6984,13.029152,77.585901,co,0.32,2019-07-20T09:00:00+00:00
6984,13.029152,77.585901,co,0.38,2019-07-20T09:15:00+00:00
6984,13.029152,77.585901,co,0.38,2019-07-20T09:30:00+00:00
6984,13.029152,77.585901,co,0.37,2019-07-20T09:45:00+00:00
6984,13.029152,77.585901,co,0.42,2019-07-20T10:00:00+00:00
6984,13.029152,77.585901,co,0.35,2019-07-20T10:15:00+00:00
6984,13.029152,77.585901,co,0.38,2019-07-20T10:30:00+00:00
6984,13.029152,77.585901,co,0.39,2019-07-20T10:45:00+00:00
6984,13.029152,77.585901,co,0.44,2019-07-20T11:00:00+00:00
6984,13.029152,77.585901,co,0.65,2019-07-20T11:15:00+00:00
6984,13.029152,77.585901,co,0.63,2019-07-20T11:30:00+00:00
6984,13.029152,77.585901,co,0.62,2019-07-20T11:45:00+00:00
6984,13.029152,77.585901,co,0.63,2019-07-20T12:00:00+00:00
6984,13.029152,77.585901,co,0.53,2019-07-20T12:15:00+00:00
6984,13.029152,77.585901,co,0.58,2019-07-20T12:30:00+00:00
6984,13.029152,77.585901,co,0.71,2019-07-20T12:45:00+00:00
6984,13.029152,77.585901,co,0.62,2019-07-20T13:00:00+00:00
6984,13.029152,77.585901,co,0.49,2019-07-20T13:15:00+00:00
6984,13.029152,77.585901,co,0.58,2019-07-20T13:30:00+00:00
6984,13.029152,77.585901,co,0.58,2019-07-20T13:45:00+00:00
6984,13.029152,77.585901,co,0.61,2019-07-20T14:00:00+00:00
6984,13.029152,77.585901,co,0.61,2019-07-20T14:15:00+00:00
6984,13.029152,77.585901,co,0.62,2019-07-20T14:30:00+00:00
6984,13.029152,77.585901,co,0.66,2019-07-20T14:45:00+00:00
6984,13.029152,77.585901,co,0.69,2019-07-20T15:00:00+00:00
6984,13.029152,77.585901,co,0.6,2019-07-20T15:15:00+00:00
6984,13.029152,77.585901,co,0.6,2019-07-20T15:30:00+00:00
6984,13.029152,77.585901,co,0.56,2019-07-20T15:45:00+00:00
6984,13.029152,77.585901,co,0.53,2019-07-20T16:00:00+00:00
6984,13.029152,77.585901,co,0.53,2019-07-20T16:15:00+00:00
6984,13.029152,77.585901,co,0.5,2019-07-20T16:30:00+00:00
6984,13.029152,77.585901,co,0.55,2019-07-20T16:45:00+00:00
6984,13.029152,77.585901,co,0.54,2019-07-20T17:00:00+00:00
6984,13.029152,77.585901,co,0.49,2019-07-20T17:15:00+00:00
6984,13.029152,77.585901,co,0.54,2019-07-20T17:30:00+00:00
6984,13.029152,77.585901,co,0.53,2019-07-20T17:45:00+00:00
6984,13.029152,77.585901,co,0.57,2019-07-20T18:00:00+00:00
6984,13.029152,77.585901,no2,5.1,2019-07-19T18:45:00+00:00
6984,13.029152,77.585901,no2,4.2,2019-07-19T19:00:00+00:00
6984,13.029152,77.585901,no2,3.9,2019-07-19T19:15:00+00:00
6984,13.029152,77.585901,no2,3.8,2019-07-19T19:30:00+00:00
6984,13.029152,77.585901,no2,3.6,2019-07-19T19:45:00+00:00
6984,13.029152,77.585901,no2,3.6,2019-07-19T20:00:00+00:00
6984,13.029152,77.585901,no2,3.1,2019-07-19T20:15:00+00:00
6984,13.029152,77.585901,no2,2.9,2019-07-19T20:30:00+00:00
6984,13.029152,77.585901,no2,2.4,2019-07-19T20:45:00+00:00
6984,13.029152,77.585901,no2,1.9,2019-07-19T21:00:00+00:00
6984,13.029152,77.585901,no2,1.5,2019-07-19T21:15:00+00:00
6984,13.029152,77.585901,no2,1.5,2019-07-19T21:30:00+00:00
6984,13.029152,77.585901,no2,1.9,2019-07-19T21:45:00+00:00
6984,13.029152,77.585901,no2,1.6,2019-07-19T22:00:00+00:00
6984,13.029152,77.585901,no2,1.4,2019-07-19T22:15:00+00:00
6984,13.029152,77.585901,no2,1.8,2019-07-19T22:30:00+00:00
6984,13.029152,77.585901,no2,2.0,2019-07-19T22:45:00+00:00
6984,13.029152,77.585901,no2,2.2,2019-07-19T23:15:00+00:00
6984,13.029152,77.585901,no2,2.3,2019-07-19T23:30:00+00:00
6984,13.029152,77.585901,no2,4.0,2019-07-20T00:30:00+00:00
6984,13.029152,77.585901,no2,4.0,2019-07-20T00:45:00+00:00
6984,13.029152,77.585901,no2,5.3,2019-07-20T01:00:00+00:00
6984,13.029152,77.585901,no2,6.7,2019-07-20T01:15:00+00:00
6984,13.029152,77.585901,no2,7.6,2019-07-20T01:30:00+00:00
6984,13.029152,77.585901,no2,7.3,2019-07-20T01:45:00+00:00
6984,13.029152,77.585901,no2,7.7,2019-07-20T02:00:00+00:00
6984,13.029152,77.585901,no2,8.5,2019-07-20T02:15:00+00:00
6984,13.029152,77.585901,no2,8.7,2019-07-20T02:30:00+00:00
6984,13.029152,77.585901,no2,8.4,2019-07-20T02:45:00+00:00
6984,13.029152,77.585901,no2,8.2,2019-07-20T03:00:00+00:00
6984,13.029152,77.585901,no2,9.2,2019-07-20T03:15:00+00:00
6984,13.029152,77.585901,no2,9.1,2019-07-20T03:30:00+00:00
6984,13.029152,77.585901,no2,8.9,2019-07-20T03:45:00+00:00
6984,13.029152,77.585901,no2,8.5,2019-07-20T04:00:00+00:00
6984,13.029152,77.585901,no2,8.1,2019-07-20T04:15:00+00:00
6984,13.029152,77.585901,no2,7.9,2019-07-20T04:30:00+00:00
6984,13.029152,77.585901,no2,7.5,2019-07-20T04:45:00+00:00
6984,13.029152,77.585901,no2,8.1,2019-07-20T05:00:00+00:00
6984,13.029152,77.585901,no2,8.4,2019-07-20T05:15:00+00:00
6984,13.029152,77.585901,no2,7.8,2019-07-20T05:45:00+00:00
6984,13.029152,77.585901,no2,8.0,2019-07-20T06:00:00+00:00
6984,13.029152,77.585901,no2,8.5,2019-07-20T06:15:00+00:00
6984,13.029152,77.585901,no2,8.9,2019-07-20T06:30:00+00:00
6984,13.029152,77.585901,no2,7.7,2019-07-20T06:45:00+00:00
6984,13.029152,77.585901,no2,6.5,2019-07-20T07:00:00+00:00
6984,13.029152,77.585901,no2,7.2,2019-07-20T07:15:00+00:00
6984,13.029152,77.585901,no2,8.5,2019-07-20T07:30:00+00:00
6984,13.029152,77.585901,no2,9.8,2019-07-20T07:45:00+00:00
6984,13.029152,77.585901,no2,11.4,2019-07-20T08:00:00+00:00
6984,13.029152,77.585901,no2,10.3,2019-07-20T08:15:00+00:00
6984,13.029152,77.585901,no2,9.3,2019-07-20T08:45:00+00:00
6984,13.029152,77.585901,no2,8.5,2019-07-20T09:00:00+00:00
6984,13.029152,77.585901,no2,9.8,2019-07-20T09:15:00+00:00
6984,13.029152,77.585901,no2,9.9,2019-07-20T09:30:00+00:00
6984,13.029152,77.585901,no2,8.9,2019-07-20T09:45:00+00:00
6984,13.029152,77.585901,no2,10.2,2019-07-20T10:00:00+00:00
6984,13.029152,77.585901,no2,8.7,2019-07-20T10:15:00+00:00
6984,13.029152,77.585901,no2,8.4,2019-07-20T10:30:00+00:00
6984,13.029152,77.585901,no2,8.3,2019-07-20T10:45:00+00:00
6984,13.029152,77.585901,no2,9.2,2019-07-20T11:00:00+00:00
6984,13.029152,77.585901,no2,9.9,2019-07-20T11:15:00+00:00
6984,13.029152,77.585901,no2,10.5,2019-07-20T11:30:00+00:00
6984,13.029152,77.585901,no2,9.4,2019-07-20T11:45:00+00:00
6984,13.029152,77.585901,no2,9.6,2019-07-20T12:00:00+00:00
6984,13.029152,77.585901,no2,8.7,2019-07-20T12:15:00+00:00
6984,13.029152,77.585901,no2,9.7,2019-07-20T12:30:00+00:00
6984,13.029152,77.585901,no2,12.3,2019-07-20T12:45:00+00:00
6984,13.029152,77.585901,no2,14.4,2019-07-20T13:00:00+00:00
6984,13.029152,77.585901,no2,13.1,2019-07-20T13:15:00+00:00
6984,13.029152,77.585901,no2,12.6,2019-07-20T13:30:00+00:00
6984,13.029152,77.585901,no2,13.1,2019-07-20T13:45:00+00:00
6984,13.029152,77.585901,no2,12.8,2019-07-20T14:00:00+00:00
6984,13.029152,77.585901,no2,13.2,2019-07-20T14:15:00+00:00
6984,13.029152,77.585901,no2,14.1,2019-07-20T14:30:00+00:00
6984,13.029152,77.585901,no2,15.5,2019-07-20T14:45:00+00:00
6984,13.029152,77.585901,no2,15.3,2019-07-20T15:00:00+00:00
6984,13.029152,77.585901,no2,15.1,2019-07-20T15:15:00+00:00
6984,13.029152,77.585901,no2,14.5,2019-07-20T15:30:00+00:00
6984,13.029152,77.585901,no2,13.5,2019-07-20T15:45:00+00:00
6984,13.029152,77.585901,no2,12.0,2019-07-20T16:00:00+00:00
6984,13.029152,77.585901,no2,10.6,2019-07-20T16:15:00+00:00
6984,13.029152,77.585901,no2,9.4,2019-07-20T16:30:00+00:00
6984,13.029152,77.585901,no2,8.6,2019-07-20T16:45:00+00:00
6984,13.029152,77.585901,no2,7.9,2019-07-20T17:00:00+00:00
6984,13.029152,77.585901,no2,7.7,2019-07-20T17:15:00+00:00
6984,13.029152,77.585901,no2,7.3,2019-07-20T17:30:00+00:00
6984,13.029152,77.585901,no2,6.7,2019-07-20T17:45:00+00:00
6984,13.029152,77.585901,no2,6.2,2019-07-20T18:00:00+00:00
6984,13.029152,77.585901,no2,5.5,2019-07-20T18:15:00+00:00
6984,13.029152,77.585901,so2,3.4,2019-07-19T18:45:00+00:00
6984,13.029152,77.585901,so2,1.0,2019-07-19T19:00:00+00:00
6984,13.029152,77.585901,so2,0.4,2019-07-19T19:15:00+00:00
6984,13.029152,77.585901,so2,0.3,2019-07-19T19:30:00+00:00
6984,13.029152,77.585901,so2,1.3,2019-07-19T19:45:00+00:00
6984,13.029152,77.585901,so2,1.4,2019-07-19T20:00:00+00:00
6984,13.029152,77.585901,so2,0.1,2019-07-19T20:15:00+00:00
6984,13.029152,77.585901,so2,0.2,2019-07-19T20:30:00+00:00
6984,13.029152,77.585901,so2,0.9,2019-07-19T20:45:00+00:00
6984,13.029152,77.585901,so2,1.2,2019-07-19T21:00:00+00:00
6984,13.029152,77.585901,so2,0.2,2019-07-19T21:30:00+00:00
6984,13.029152,77.585901,so2,0.7,2019-07-19T21:45:00+00:00
6984,13.029152,77.585901,so2,0.2,2019-07-19T22:00:00+00:00
6984,13.029152,77.585901,so2,0.4,2019-07-19T22:15:00+00:00
6984,13.029152,77.585901,so2,0.2,2019-07-19T22:30:00+00:00
6984,13.029152,77.585901,so2,1.4,2019-07-19T22:45:00+00:00
6984,13.029152,77.585901,so2,0.6,2019-07-19T23:15:00+00:00
6984,13.029152,77.585901,so2,0.1,2019-07-19T23:30:00+00:00
6984,13.029152,77.585901,so2,0.3,2019-07-19T23:45:00+00:00
6984,13.029152,77.585901,so2,0.3,2019-07-20T00:00:00+00:00
6984,13.029152,77.585901,so2,0.1,2019-07-20T00:15:00+00:00
6984,13.029152,77.585901,so2,5.2,2019-07-20T01:30:00+00:00
6984,13.029152,77.585901,so2,2.1,2019-07-20T01:45:00+00:00
6984,13.029152,77.585901,so2,2.5,2019-07-20T02:00:00+00:00
6984,13.029152,77.585901,so2,1.7,2019-07-20T02:15:00+00:00
6984,13.029152,77.585901,so2,0.8,2019-07-20T02:30:00+00:00
6984,13.029152,77.585901,so2,0.8,2019-07-20T04:15:00+00:00
6984,13.029152,77.585901,so2,0.8,2019-07-20T04:45:00+00:00
6984,13.029152,77.585901,so2,2.1,2019-07-20T05:00:00+00:00
6984,13.029152,77.585901,so2,1.8,2019-07-20T05:45:00+00:00
6984,13.029152,77.585901,so2,1.9,2019-07-20T06:00:00+00:00
6984,13.029152,77.585901,so2,1.5,2019-07-20T06:15:00+00:00
6984,13.029152,77.585901,so2,1.0,2019-07-20T07:15:00+00:00
6984,13.029152,77.585901,so2,3.6,2019-07-20T07:30:00+00:00
6984,13.029152,77.585901,so2,5.0,2019-07-20T07:45:00+00:00
6984,13.029152,77.585901,so2,5.4,2019-07-20T08:00:00+00:00
6984,13.029152,77.585901,so2,5.4,2019-07-20T08:15:00+00:00
6984,13.029152,77.585901,so2,2.7,2019-07-20T08:45:00+00:00
6984,13.029152,77.585901,so2,3.0,2019-07-20T09:15:00+00:00
6984,13.029152,77.585901,so2,6.3,2019-07-20T09:30:00+00:00
6984,13.029152,77.585901,so2,6.6,2019-07-20T09:45:00+00:00
6984,13.029152,77.585901,so2,6.3,2019-07-20T10:00:00+00:00
6984,13.029152,77.585901,so2,5.9,2019-07-20T10:15:00+00:00
6984,13.029152,77.585901,so2,5.5,2019-07-20T10:30:00+00:00
6984,13.029152,77.585901,so2,5.4,2019-07-20T10:45:00+00:00
6984,13.029152,77.585901,so2,5.8,2019-07-20T11:00:00+00:00
6984,13.029152,77.585901,so2,6.1,2019-07-20T11:15:00+00:00
6984,13.029152,77.585901,so2,6.3,2019-07-20T11:30:00+00:00
6984,13.029152,77.585901,so2,6.1,2019-07-20T11:45:00+00:00
6984,13.029152,77.585901,so2,6.3,2019-07-20T12:00:00+00:00
6984,13.029152,77.585901,so2,6.6,2019-07-20T12:15:00+00:00
6984,13.029152,77.585901,so2,6.8,2019-07-20T12:30:00+00:00
6984,13.029152,77.585901,so2,6.5,2019-07-20T12:45:00+00:00
6984,13.029152,77.585901,so2,6.8,2019-07-20T13:00:00+00:00
6984,13.029152,77.585901,so2,6.3,2019-07-20T13:15:00+00:00
6984,13.029152,77.585901,so2,6.2,2019-07-20T13:30:00+00:00
6984,13.029152,77.585901,so2,6.8,2019-07-20T13:45:00+00:00
6984,13.029152,77.585901,so2,6.9,2019-07-20T14:00:00+00:00
6984,13.029152,77.585901,so2,6.3,2019-07-20T14:15:00+00:00
6984,13.029152,77.585901,so2,5.7,2019-07-20T14:30:00+00:00
6984,13.029152,77.585901,so2,7.6,2019-07-20T14:45:00+00:00
6984,13.029152,77.585901,so2,6.7,2019-07-20T15:00:00+00:00
6984,13.029152,77.585901,so2,5.4,2019-07-20T15:15:00+00:00
6984,13.029152,77.585901,so2,5.9,2019-07-20T15:30:00+00:00
6984,13.029152,77.585901,so2,7.3,2019-07-20T15:45:00+00:00
6984,13.029152,77.585901,so2,6.2,2019-07-20T16:00:00+00:00
6984,13.029152,77.585901,so2,5.3,2019-07-20T16:15:00+00:00
6984,13.029152,77.585901,so2,5.5,2019-07-20T16:30:00+00:00
6984,13.029152,77.585901,so2,5.3,2019-07-20T16:45:00+00:00
6984,13.029152,77.585901,so2,5.6,2019-07-20T17:00:00+00:00
6984,13.029152,77.585901,so2,6.5,2019-07-20T17:15:00+00:00
6984,13.029152,77.585901,so2,6.8,2019-07-20T17:30:00+00:00
6984,13.029152,77.585901,so2,6.5,2019-07-20T17:45:00+00:00
6984,13.029152,77.585901,so2,6.7,2019-07-20T18:00:00+00:00
6984,13.029152,77.585901,pm10,11.0,2019-07-20T18:45:00+00:00
6984,13.029152,77.585901,so2,2.6,2019-07-20T18:45:00+00:00
6984,13.029152,77.585901,so2,1.8,2019-07-20T19:15:00+00:00
6984,13.029152,77.585901,so2,0.6,2019-07-20T19:30:00+00:00
6984,13.029152,77.585901,so2,0.1,2019-07-20T20:00:00+00:00
6984,13.029152,77.585901,so2,0.6,2019-07-20T20:15:00+00:00
6984,13.029152,77.585901,so2,0.1,2019-07-20T20:30:00+00:00
6984,13.029152,77.585901,so2,1.0,2019-07-20T21:15:00+00:00
6984,13.029152,77.585901,so2,0.2,2019-07-20T21:30:00+00:00
6984,13.029152,77.585901,so2,0.9,2019-07-20T22:00:00+00:00
6984,13.029152,77.585901,so2,1.1,2019-07-20T22:15:00+00:00
6984,13.029152,77.585901,so2,0.5,2019-07-20T22:30:00+00:00
6984,13.029152,77.585901,so2,1.7,2019-07-20T22:45:00+00:00
6984,13.029152,77.585901,so2,1.8,2019-07-20T23:00:00+00:00
6984,13.029152,77.585901,so2,1.4,2019-07-20T23:15:00+00:00
6984,13.029152,77.585901,so2,1.0,2019-07-20T23:30:00+00:00
6984,13.029152,77.585901,so2,2.0,2019-07-20T23:45:00+00:00
6984,13.029152,77.585901,so2,2.3,2019-07-21T00:00:00+00:00
6984,13.029152,77.585901,so2,1.3,2019-07-21T00:15:00+00:00
6984,13.029152,77.585901,so2,1.2,2019-07-21T00:30:00+00:00
6984,13.029152,77.585901,so2,7.2,2019-07-21T01:30:00+00:00
6984,13.029152,77.585901,so2,2.1,2019-07-21T01:45:00+00:00
6984,13.029152,77.585901,so2,2.5,2019-07-21T02:00:00+00:00
6984,13.029152,77.585901,so2,2.8,2019-07-21T02:15:00+00:00
6984,13.029152,77.585901,so2,1.8,2019-07-21T02:45:00+00:00
6984,13.029152,77.585901,so2,1.8,2019-07-21T03:00:00+00:00
6984,13.029152,77.585901,so2,0.9,2019-07-21T03:15:00+00:00
6984,13.029152,77.585901,so2,0.8,2019-07-21T03:30:00+00:00
6984,13.029152,77.585901,so2,1.4,2019-07-21T03:45:00+00:00
6984,13.029152,77.585901,so2,2.0,2019-07-21T04:00:00+00:00
6984,13.029152,77.585901,so2,1.3,2019-07-21T04:15:00+00:00
6984,13.029152,77.585901,so2,1.7,2019-07-21T04:30:00+00:00
6984,13.029152,77.585901,so2,2.7,2019-07-21T04:45:00+00:00
6984,13.029152,77.585901,so2,2.5,2019-07-21T05:00:00+00:00
6984,13.029152,77.585901,so2,2.3,2019-07-21T05:15:00+00:00
6984,13.029152,77.585901,so2,1.9,2019-07-21T05:30:00+00:00
6984,13.029152,77.585901,so2,1.9,2019-07-21T06:15:00+00:00
6984,13.029152,77.585901,so2,1.8,2019-07-21T07:00:00+00:00
6984,13.029152,77.585901,so2,1.9,2019-07-21T07:15:00+00:00
6984,13.029152,77.585901,so2,2.0,2019-07-21T07:30:00+00:00
6984,13.029152,77.585901,so2,1.9,2019-07-21T07:45:00+00:00
6984,13.029152,77.585901,so2,1.8,2019-07-21T08:00:00+00:00
6984,13.029152,77.585901,so2,1.5,2019-07-21T08:15:00+00:00
6984,13.029152,77.585901,so2,2.3,2019-07-21T08:30:00+00:00
6984,13.029152,77.585901,so2,1.6,2019-07-21T08:45:00+00:00
6984,13.029152,77.585901,so2,1.8,2019-07-21T09:00:00+00:00
6984,13.029152,77.585901,so2,1.9,2019-07-21T09:15:00+00:00
6984,13.029152,77.585901,so2,2.1,2019-07-21T09:30:00+00:00
6984,13.029152,77.585901,so2,2.2,2019-07-21T09:45:00+00:00
6984,13.029152,77.585901,so2,2.0,2019-07-21T10:00:00+00:00
6984,13.029152,77.585901,so2,1.8,2019-07-21T10:15:00+00:00
6984,13.029152,77.585901,so2,1.0,2019-07-21T10:30:00+00:00
6984,13.029152,77.585901,so2,1.3,2019-07-21T10:45:00+00:00
6984,13.029152,77.585901,so2,2.1,2019-07-21T11:00:00+00:00
6984,13.029152,77.585901,so2,1.6,2019-07-21T11:15:00+00:00
6984,13.029152,77.585901,so2,1.1,2019-07-21T11:30:00+00:00
6984,13.029152,77.585901,so2,1.3,2019-07-21T11:45:00+00:00
6984,13.029152,77.585901,so2,1.9,2019-07-21T12:00:00+00:00
6984,13.029152,77.585901,so2,1.7,2019-07-21T12:15:00+00:00
6984,13.029152,77.585901,so2,1.2,2019-07-21T12:30:00+00:00
6984,13.029152,77.585901,so2,2.0,2019-07-21T12:45:00+00:00
6984,13.029152,77.585901,so2,2.0,2019-07-21T13:00:00+00:00
6984,13.029152,77.585901,so2,1.8,2019-07-21T13:15:00+00:00
6984,13.029152,77.585901,so2,2.0,2019-07-21T13:30:00+00:00
6984,13.029152,77.585901,so2,2.4,2019-07-21T13:45:00+00:00
6984,13.029152,77.585901,pm10,17.0,2019-07-20T19:15:00+00:00
6984,13.029152,77.585901,pm10,17.0,2019-07-20T19:30:00+00:00
6984,13.029152,77.585901,pm10,17.0,2019-07-20T19:45:00+00:00
6984,13.029152,77.585901,pm10,17.0,2019-07-20T20:00:00+00:00
6984,13.029152,77.585901,pm10,13.0,2019-07-20T20:15:00+00:00
6984,13.029152,77.585901,pm10,13.0,2019-07-20T20:30:00+00:00
6984,13.029152,77.585901,pm10,13.0,2019-07-20T20:45:00+00:00
6984,13.029152,77.585901,pm10,16.0,2019-07-20T21:15:00+00:00
6984,13.029152,77.585901,pm10,16.0,2019-07-20T21:30:00+00:00
6984,13.029152,77.585901,pm10,16.0,2019-07-20T21:45:00+00:00
6984,13.029152,77.585901,pm10,16.0,2019-07-20T22:00:00+00:00
6984,13.029152,77.585901,pm10,16.0,2019-07-20T22:15:00+00:00
6984,13.029152,77.585901,so2,2.5,2019-07-21T14:00:00+00:00
6984,13.029152,77.585901,so2,2.2,2019-07-21T14:15:00+00:00
6984,13.029152,77.585901,so2,2.6,2019-07-21T14:30:00+00:00
6984,13.029152,77.585901,so2,2.6,2019-07-21T14:45:00+00:00
6984,13.029152,77.585901,so2,2.7,2019-07-21T15:00:00+00:00
6984,13.029152,77.585901,so2,2.3,2019-07-21T15:15:00+00:00
6984,13.029152,77.585901,so2,2.2,2019-07-21T15:30:00+00:00
6984,13.029152,77.585901,so2,2.4,2019-07-21T15:45:00+00:00
6984,13.029152,77.585901,so2,2.3,2019-07-21T16:00:00+00:00
6984,13.029152,77.585901,so2,1.7,2019-07-21T16:15:00+00:00
6984,13.029152,77.585901,so2,1.2,2019-07-21T16:30:00+00:00
6984,13.029152,77.585901,so2,1.4,2019-07-21T16:45:00+00:00
6984,13.029152,77.585901,so2,1.5,2019-07-21T17:00:00+00:00
6984,13.029152,77.585901,so2,0.7,2019-07-21T17:15:00+00:00
6984,13.029152,77.585901,so2,0.6,2019-07-21T17:30:00+00:00
6984,13.029152,77.585901,so2,1.3,2019-07-21T17:45:00+00:00
6984,13.029152,77.585901,so2,1.3,2019-07-21T18:00:00+00:00
6984,13.029152,77.585901,so2,2.0,2019-07-21T18:30:00+00:00
6984,13.029152,77.585901,pm10,16.0,2019-07-20T22:30:00+00:00
6984,13.029152,77.585901,pm10,16.0,2019-07-20T22:45:00+00:00
6984,13.029152,77.585901,pm10,16.0,2019-07-20T23:00:00+00:00
6984,13.029152,77.585901,pm10,17.0,2019-07-20T23:15:00+00:00
6984,13.029152,77.585901,pm10,17.0,2019-07-20T23:30:00+00:00
6984,13.029152,77.585901,pm10,17.0,2019-07-20T23:45:00+00:00
6984,13.029152,77.585901,pm10,17.0,2019-07-21T00:00:00+00:00
6984,13.029152,77.585901,pm10,19.0,2019-07-21T00:15:00+00:00
6984,13.029152,77.585901,pm10,19.0,2019-07-21T00:30:00+00:00
6984,13.029152,77.585901,pm10,19.0,2019-07-21T00:45:00+00:00
6984,13.029152,77.585901,pm10,19.0,2019-07-21T01:00:00+00:00
6984,13.029152,77.585901,pm10,22.0,2019-07-21T01:15:00+00:00
6984,13.029152,77.585901,pm10,22.0,2019-07-21T01:30:00+00:00
6984,13.029152,77.585901,pm10,22.0,2019-07-21T01:45:00+00:00
6984,13.029152,77.585901,pm10,22.0,2019-07-21T02:00:00+00:00
6984,13.029152,77.585901,pm10,20.0,2019-07-21T02:15:00+00:00
6984,13.029152,77.585901,pm10,20.0,2019-07-21T02:45:00+00:00
6984,13.029152,77.585901,pm10,20.0,2019-07-21T03:00:00+00:00
6984,13.029152,77.585901,pm10,19.0,2019-07-21T03:15:00+00:00
6984,13.029152,77.585901,pm10,19.0,2019-07-21T03:30:00+00:00
6984,13.029152,77.585901,pm10,19.0,2019-07-21T03:45:00+00:00
6984,13.029152,77.585901,pm10,19.0,2019-07-21T04:00:00+00:00
6984,13.029152,77.585901,pm10,29.0,2019-07-21T04:15:00+00:00
6984,13.029152,77.585901,pm10,29.0,2019-07-21T04:30:00+00:00
6984,13.029152,77.585901,pm10,29.0,2019-07-21T04:45:00+00:00
6984,13.029152,77.585901,pm10,29.0,2019-07-21T05:00:00+00:00
6984,13.029152,77.585901,pm10,21.0,2019-07-21T05:15:00+00:00
6984,13.029152,77.585901,pm10,21.0,2019-07-21T05:30:00+00:00
6984,13.029152,77.585901,pm10,27.0,2019-07-21T06:15:00+00:00
6984,13.029152,77.585901,pm10,27.0,2019-07-21T07:00:00+00:00
6984,13.029152,77.585901,pm10,21.0,2019-07-21T07:15:00+00:00
6984,13.029152,77.585901,pm10,21.0,2019-07-21T07:30:00+00:00
6984,13.029152,77.585901,pm10,21.0,2019-07-21T07:45:00+00:00
6984,13.029152,77.585901,pm10,21.0,2019-07-21T08:00:00+00:00
6984,13.029152,77.585901,pm10,18.0,2019-07-21T08:15:00+00:00
6984,13.029152,77.585901,pm10,18.0,2019-07-21T08:30:00+00:00
6984,13.029152,77.585901,pm10,18.0,2019-07-21T08:45:00+00:00
6984,13.029152,77.585901,pm10,18.0,2019-07-21T09:00:00+00:00
6984,13.029152,77.585901,pm10,16.0,2019-07-21T09:15:00+00:00
6984,13.029152,77.585901,pm10,16.0,2019-07-21T09:30:00+00:00
6984,13.029152,77.585901,pm10,16.0,2019-07-21T09:45:00+00:00
6984,13.029152,77.585901,pm10,16.0,2019-07-21T10:00:00+00:00
6984,13.029152,77.585901,pm10,21.0,2019-07-21T10:15:00+00:00
6984,13.029152,77.585901,pm10,21.0,2019-07-21T10:30:00+00:00
6984,13.029152,77.585901,pm10,21.0,2019-07-21T10:45:00+00:00
6984,13.029152,77.585901,pm10,21.0,2019-07-21T11:00:00+00:00
6984,13.029152,77.585901,pm10,9.0,2019-07-21T11:15:00+00:00
6984,13.029152,77.585901,pm10,9.0,2019-07-21T11:30:00+00:00
6984,13.029152,77.585901,pm10,9.0,2019-07-21T11:45:00+00:00
6984,13.029152,77.585901,pm10,9.0,2019-07-21T12:00:00+00:00
6984,13.029152,77.585901,pm10,15.0,2019-07-21T12:15:00+00:00
6984,13.029152,77.585901,pm10,15.0,2019-07-21T12:30:00+00:00
6984,13.029152,77.585901,pm10,15.0,2019-07-21T12:45:00+00:00
6984,13.029152,77.585901,pm10,15.0,2019-07-21T13:00:00+00:00
6984,13.029152,77.585901,pm10,20.0,2019-07-21T13:15:00+00:00
6984,13.029152,77.585901,pm10,20.0,2019-07-21T13:30:00+00:00
6984,13.029152,77.585901,pm10,20.0,2019-07-21T13:45:00+00:00
6984,13.029152,77.585901,pm10,20.0,2019-07-21T14:00:00+00:00
6984,13.029152,77.585901,pm10,16.0,2019-07-21T14:15:00+00:00
6984,13.029152,77.585901,pm10,16.0,2019-07-21T14:30:00+00:00
6984,13.029152,77.585901,pm10,16.0,2019-07-21T14:45:00+00:00
6984,13.029152,77.585901,pm10,16.0,2019-07-21T15:00:00+00:00
6984,13.029152,77.585901,pm10,16.0,2019-07-21T15:15:00+00:00
6984,13.029152,77.585901,pm10,16.0,2019-07-21T15:30:00+00:00
6984,13.029152,77.585901,pm10,16.0,2019-07-21T15:45:00+00:00
6984,13.029152,77.585901,pm10,16.0,2019-07-21T16:00:00+00:00
6984,13.029152,77.585901,pm10,17.0,2019-07-21T16:15:00+00:00
6984,13.029152,77.585901,pm10,17.0,2019-07-21T16:30:00+00:00
6984,13.029152,77.585901,pm10,17.0,2019-07-21T16:45:00+00:00
6984,13.029152,77.585901,pm10,17.0,2019-07-21T17:00:00+00:00
6984,13.029152,77.585901,pm10,16.0,2019-07-21T17:15:00+00:00
6984,13.029152,77.585901,pm10,16.0,2019-07-21T17:30:00+00:00
6984,13.029152,77.585901,pm10,16.0,2019-07-21T17:45:00+00:00
6984,13.029152,77.585901,pm10,16.0,2019-07-21T18:00:00+00:00
6984,13.029152,77.585901,pm10,10.0,2019-07-21T18:15:00+00:00
6984,13.029152,77.585901,pm10,10.0,2019-07-21T18:30:00+00:00
6984,13.029152,77.585901,pm25,3.0,2019-07-20T18:45:00+00:00
6984,13.029152,77.585901,pm25,7.0,2019-07-20T19:15:00+00:00
6984,13.029152,77.585901,pm25,7.0,2019-07-20T19:30:00+00:00
6984,13.029152,77.585901,pm25,7.0,2019-07-20T19:45:00+00:00
6984,13.029152,77.585901,pm25,7.0,2019-07-20T20:00:00+00:00
6984,13.029152,77.585901,pm25,7.0,2019-07-20T20:15:00+00:00
6984,13.029152,77.585901,pm25,7.0,2019-07-20T20:30:00+00:00
6984,13.029152,77.585901,pm25,7.0,2019-07-20T20:45:00+00:00
6984,13.029152,77.585901,pm25,5.0,2019-07-20T21:15:00+00:00
6984,13.029152,77.585901,pm25,5.0,2019-07-20T21:30:00+00:00
6984,13.029152,77.585901,pm25,5.0,2019-07-20T21:45:00+00:00
6984,13.029152,77.585901,pm25,5.0,2019-07-20T22:00:00+00:00
6984,13.029152,77.585901,pm25,8.0,2019-07-20T22:15:00+00:00
6984,13.029152,77.585901,pm25,8.0,2019-07-20T22:30:00+00:00
6984,13.029152,77.585901,pm25,8.0,2019-07-20T22:45:00+00:00
6984,13.029152,77.585901,pm25,8.0,2019-07-20T23:00:00+00:00
6984,13.029152,77.585901,pm25,9.0,2019-07-20T23:15:00+00:00
6984,13.029152,77.585901,pm25,9.0,2019-07-20T23:30:00+00:00
6984,13.029152,77.585901,pm25,9.0,2019-07-20T23:45:00+00:00
6984,13.029152,77.585901,pm25,9.0,2019-07-21T00:00:00+00:00
6984,13.029152,77.585901,pm25,12.0,2019-07-21T00:15:00+00:00
6984,13.029152,77.585901,pm25,12.0,2019-07-21T00:30:00+00:00
6984,13.029152,77.585901,pm25,12.0,2019-07-21T00:45:00+00:00
6984,13.029152,77.585901,pm25,12.0,2019-07-21T01:00:00+00:00
6984,13.029152,77.585901,pm25,9.0,2019-07-21T01:15:00+00:00
6984,13.029152,77.585901,pm25,9.0,2019-07-21T01:30:00+00:00
6984,13.029152,77.585901,pm25,9.0,2019-07-21T01:45:00+00:00
6984,13.029152,77.585901,pm25,9.0,2019-07-21T02:00:00+00:00
6984,13.029152,77.585901,pm25,9.0,2019-07-21T02:15:00+00:00
6984,13.029152,77.585901,pm25,9.0,2019-07-21T02:45:00+00:00
6984,13.029152,77.585901,pm25,9.0,2019-07-21T03:00:00+00:00
6984,13.029152,77.585901,pm25,9.0,2019-07-21T03:15:00+00:00
6984,13.029152,77.585901,pm25,9.0,2019-07-21T03:30:00+00:00
6984,13.029152,77.585901,pm25,9.0,2019-07-21T03:45:00+00:00
6984,13.029152,77.585901,pm25,9.0,2019-07-21T04:00:00+00:00
6984,13.029152,77.585901,pm25,6.0,2019-07-21T04:15:00+00:00
6984,13.029152,77.585901,pm25,6.0,2019-07-21T04:30:00+00:00
6984,13.029152,77.585901,pm25,6.0,2019-07-21T04:45:00+00:00
6984,13.029152,77.585901,pm25,6.0,2019-07-21T05:00:00+00:00
6984,13.029152,77.585901,pm25,13.0,2019-07-21T05:15:00+00:00
6984,13.029152,77.585901,pm25,13.0,2019-07-21T05:30:00+00:00
6984,13.029152,77.585901,pm25,10.0,2019-07-21T06:15:00+00:00
6984,13.029152,77.585901,pm25,10.0,2019-07-21T07:00:00+00:00
6984,13.029152,77.585901,pm25,8.0,2019-07-21T07:15:00+00:00
6984,13.029152,77.585901,pm25,8.0,2019-07-21T07:30:00+00:00
6984,13.029152,77.585901,pm25,8.0,2019-07-21T07:45:00+00:00
6984,13.029152,77.585901,pm25,8.0,2019-07-21T08:00:00+00:00
6984,13.029152,77.585901,pm25,6.0,2019-07-21T08:15:00+00:00
6984,13.029152,77.585901,pm25,6.0,2019-07-21T08:30:00+00:00
6984,13.029152,77.585901,pm25,6.0,2019-07-21T08:45:00+00:00
6984,13.029152,77.585901,pm25,6.0,2019-07-21T09:00:00+00:00
6984,13.029152,77.585901,pm25,4.0,2019-07-21T09:15:00+00:00
6984,13.029152,77.585901,pm25,4.0,2019-07-21T09:30:00+00:00
6984,13.029152,77.585901,pm25,4.0,2019-07-21T09:45:00+00:00
6984,13.029152,77.585901,pm25,4.0,2019-07-21T10:00:00+00:00
6984,13.029152,77.585901,pm25,4.0,2019-07-21T10:15:00+00:00
6984,13.029152,77.585901,pm25,4.0,2019-07-21T10:30:00+00:00
6984,13.029152,77.585901,pm25,4.0,2019-07-21T10:45:00+00:00
6984,13.029152,77.585901,pm25,4.0,2019-07-21T11:00:00+00:00
6984,13.029152,77.585901,pm25,6.0,2019-07-21T11:15:00+00:00
6984,13.029152,77.585901,pm25,6.0,2019-07-21T11:30:00+00:00
6984,13.029152,77.585901,pm25,6.0,2019-07-21T11:45:00+00:00
6984,13.029152,77.585901,pm25,6.0,2019-07-21T12:00:00+00:00
6984,13.029152,77.585901,pm25,8.0,2019-07-21T12:15:00+00:00
6984,13.029152,77.585901,pm25,8.0,2019-07-21T12:30:00+00:00
6984,13.029152,77.585901,pm25,8.0,2019-07-21T12:45:00+00:00
6984,13.029152,77.585901,pm25,8.0,2019-07-21T13:00:00+00:00
6984,13.029152,77.585901,pm25,8.0,2019-07-21T14:15:00+00:00
6984,13.029152,77.585901,pm25,8.0,2019-07-21T14:30:00+00:00
6984,13.029152,77.585901,pm25,8.0,2019-07-21T14:45:00+00:00
6984,13.029152,77.585901,pm25,8.0,2019-07-21T15:00:00+00:00
6984,13.029152,77.585901,pm25,8.0,2019-07-21T15:15:00+00:00
6984,13.029152,77.585901,pm25,8.0,2019-07-21T15:30:00+00:00
6984,13.029152,77.585901,pm25,8.0,2019-07-21T15:45:00+00:00
6984,13.029152,77.585901,pm25,8.0,2019-07-21T16:00:00+00:00
6984,13.029152,77.585901,pm25,6.0,2019-07-21T16:15:00+00:00
6984,13.029152,77.585901,pm25,6.0,2019-07-21T16:30:00+00:00
6984,13.029152,77.585901,pm25,6.0,2019-07-21T16:45:00+00:00
6984,13.029152,77.585901,pm25,6.0,2019-07-21T17:00:00+00:00
6984,13.029152,77.585901,pm25,8.0,2019-07-21T17:15:00+00:00
6984,13.029152,77.585901,pm25,8.0,2019-07-21T17:30:00+00:00
6984,13.029152,77.585901,pm25,8.0,2019-07-21T17:45:00+00:00
6984,13.029152,77.585901,pm25,8.0,2019-07-21T18:00:00+00:00
6984,13.029152,77.585901,pm25,8.0,2019-07-21T18:15:00+00:00
6984,13.029152,77.585901,pm25,8.0,2019-07-21T18:30:00+00:00
6984,13.029152,77.585901,co,0.35,2019-07-20T18:45:00+00:00
6984,13.029152,77.585901,co,0.3,2019-07-20T19:15:00+00:00
6984,13.029152,77.585901,co,0.31,2019-07-20T19:30:00+00:00
6984,13.029152,77.585901,co,0.32,2019-07-20T19:45:00+00:00
6984,13.029152,77.585901,co,0.32,2019-07-20T20:00:00+00:00
6984,13.029152,77.585901,co,0.32,2019-07-20T20:15:00+00:00
6984,13.029152,77.585901,co,0.25,2019-07-20T20:30:00+00:00
6984,13.029152,77.585901,co,0.3,2019-07-20T20:45:00+00:00
6984,13.029152,77.585901,co,0.25,2019-07-20T21:15:00+00:00
6984,13.029152,77.585901,co,0.26,2019-07-20T21:30:00+00:00
6984,13.029152,77.585901,co,0.26,2019-07-20T21:45:00+00:00
6984,13.029152,77.585901,co,0.26,2019-07-20T22:00:00+00:00
6984,13.029152,77.585901,co,0.31,2019-07-20T22:15:00+00:00
6984,13.029152,77.585901,co,0.3,2019-07-20T22:30:00+00:00
6984,13.029152,77.585901,co,0.18,2019-07-20T23:30:00+00:00
6984,13.029152,77.585901,co,0.13,2019-07-20T23:45:00+00:00
6984,13.029152,77.585901,co,0.1,2019-07-21T00:00:00+00:00
6984,13.029152,77.585901,co,0.19,2019-07-21T00:15:00+00:00
6984,13.029152,77.585901,co,0.15,2019-07-21T00:30:00+00:00
6984,13.029152,77.585901,co,0.21,2019-07-21T00:45:00+00:00
6984,13.029152,77.585901,co,0.14,2019-07-21T01:00:00+00:00
6984,13.029152,77.585901,co,0.23,2019-07-21T01:15:00+00:00
6984,13.029152,77.585901,co,0.25,2019-07-21T01:30:00+00:00
6984,13.029152,77.585901,co,0.22,2019-07-21T01:45:00+00:00
6984,13.029152,77.585901,co,0.31,2019-07-21T02:00:00+00:00
6984,13.029152,77.585901,co,0.24,2019-07-21T02:15:00+00:00
6984,13.029152,77.585901,co,0.23,2019-07-21T02:45:00+00:00
6984,13.029152,77.585901,co,0.16,2019-07-21T03:00:00+00:00
6984,13.029152,77.585901,co,0.1,2019-07-21T03:15:00+00:00
6984,13.029152,77.585901,co,0.19,2019-07-21T03:30:00+00:00
6984,13.029152,77.585901,co,0.21,2019-07-21T03:45:00+00:00
6984,13.029152,77.585901,co,0.26,2019-07-21T04:00:00+00:00
6984,13.029152,77.585901,co,0.23,2019-07-21T04:15:00+00:00
6984,13.029152,77.585901,co,0.24,2019-07-21T04:30:00+00:00
6984,13.029152,77.585901,co,0.22,2019-07-21T04:45:00+00:00
6984,13.029152,77.585901,co,0.29,2019-07-21T05:00:00+00:00
6984,13.029152,77.585901,co,0.34,2019-07-21T05:15:00+00:00
6984,13.029152,77.585901,co,0.4,2019-07-21T05:30:00+00:00
6984,13.029152,77.585901,co,0.52,2019-07-21T06:15:00+00:00
6984,13.029152,77.585901,co,0.46,2019-07-21T07:00:00+00:00
6984,13.029152,77.585901,co,0.37,2019-07-21T07:15:00+00:00
6984,13.029152,77.585901,co,0.41,2019-07-21T07:30:00+00:00
6984,13.029152,77.585901,co,0.4,2019-07-21T07:45:00+00:00
6984,13.029152,77.585901,co,0.47,2019-07-21T08:00:00+00:00
6984,13.029152,77.585901,co,0.41,2019-07-21T08:15:00+00:00
6984,13.029152,77.585901,co,0.46,2019-07-21T08:30:00+00:00
6984,13.029152,77.585901,co,0.42,2019-07-21T08:45:00+00:00
6984,13.029152,77.585901,co,0.41,2019-07-21T09:00:00+00:00
6984,13.029152,77.585901,co,0.5,2019-07-21T09:15:00+00:00
6984,13.029152,77.585901,co,0.57,2019-07-21T09:30:00+00:00
6984,13.029152,77.585901,co,0.54,2019-07-21T09:45:00+00:00
6984,13.029152,77.585901,co,0.54,2019-07-21T10:00:00+00:00
6984,13.029152,77.585901,co,0.57,2019-07-21T10:15:00+00:00
6984,13.029152,77.585901,co,0.63,2019-07-21T10:30:00+00:00
6984,13.029152,77.585901,co,0.69,2019-07-21T10:45:00+00:00
6984,13.029152,77.585901,co,0.7,2019-07-21T11:00:00+00:00
6984,13.029152,77.585901,co,0.69,2019-07-21T11:15:00+00:00
6984,13.029152,77.585901,co,0.76,2019-07-21T11:30:00+00:00
6984,13.029152,77.585901,co,0.73,2019-07-21T11:45:00+00:00
6984,13.029152,77.585901,co,0.71,2019-07-21T12:00:00+00:00
6984,13.029152,77.585901,co,0.57,2019-07-21T12:15:00+00:00
6984,13.029152,77.585901,co,0.58,2019-07-21T12:30:00+00:00
6984,13.029152,77.585901,co,0.58,2019-07-21T12:45:00+00:00
6984,13.029152,77.585901,co,0.57,2019-07-21T13:00:00+00:00
6984,13.029152,77.585901,co,0.86,2019-07-21T13:15:00+00:00
6984,13.029152,77.585901,co,0.85,2019-07-21T13:30:00+00:00
6984,13.029152,77.585901,co,0.95,2019-07-21T13:45:00+00:00
6984,13.029152,77.585901,co,0.9,2019-07-21T14:00:00+00:00
6984,13.029152,77.585901,co,0.89,2019-07-21T14:15:00+00:00
6984,13.029152,77.585901,co,0.81,2019-07-21T14:30:00+00:00
6984,13.029152,77.585901,co,0.74,2019-07-21T14:45:00+00:00
6984,13.029152,77.585901,co,0.7,2019-07-21T15:00:00+00:00
6984,13.029152,77.585901,co,0.61,2019-07-21T15:15:00+00:00
6984,13.029152,77.585901,co,0.55,2019-07-21T15:30:00+00:00
6984,13.029152,77.585901,co,0.41,2019-07-21T15:45:00+00:00
6984,13.029152,77.585901,co,0.56,2019-07-21T16:00:00+00:00
6984,13.029152,77.585901,co,0.64,2019-07-21T16:15:00+00:00
6984,13.029152,77.585901,co,0.64,2019-07-21T16:30:00+00:00
6984,13.029152,77.585901,co,0.65,2019-07-21T16:45:00+00:00
6984,13.029152,77.585901,co,0.58,2019-07-21T17:00:00+00:00
6984,13.029152,77.585901,co,0.62,2019-07-21T17:15:00+00:00
6984,13.029152,77.585901,co,0.56,2019-07-21T17:30:00+00:00
6984,13.029152,77.585901,co,0.57,2019-07-21T17:45:00+00:00
6984,13.029152,77.585901,co,0.53,2019-07-21T18:00:00+00:00
6984,13.029152,77.585901,co,0.5,2019-07-21T18:30:00+00:00
6984,13.029152,77.585901,no2,5.4,2019-07-20T18:45:00+00:00
6984,13.029152,77.585901,no2,2.9,2019-07-20T19:15:00+00:00
6984,13.029152,77.585901,no2,2.3,2019-07-20T19:30:00+00:00
6984,13.029152,77.585901,no2,2.5,2019-07-20T19:45:00+00:00
6984,13.029152,77.585901,no2,2.6,2019-07-20T20:00:00+00:00
6984,13.029152,77.585901,no2,2.6,2019-07-20T20:15:00+00:00
6984,13.029152,77.585901,no2,2.2,2019-07-20T20:30:00+00:00
6984,13.029152,77.585901,no2,2.0,2019-07-20T20:45:00+00:00
6984,13.029152,77.585901,no2,1.7,2019-07-20T21:15:00+00:00
6984,13.029152,77.585901,no2,1.3,2019-07-20T21:30:00+00:00
6984,13.029152,77.585901,no2,1.5,2019-07-20T21:45:00+00:00
6984,13.029152,77.585901,no2,1.3,2019-07-20T22:00:00+00:00
6984,13.029152,77.585901,no2,1.0,2019-07-20T22:15:00+00:00
6984,13.029152,77.585901,no2,1.3,2019-07-20T22:30:00+00:00
6984,13.029152,77.585901,no2,1.9,2019-07-20T22:45:00+00:00
6984,13.029152,77.585901,no2,1.7,2019-07-20T23:00:00+00:00
6984,13.029152,77.585901,no2,1.4,2019-07-20T23:15:00+00:00
6984,13.029152,77.585901,no2,1.4,2019-07-20T23:30:00+00:00
6984,13.029152,77.585901,no2,4.0,2019-07-21T00:30:00+00:00
6984,13.029152,77.585901,no2,2.8,2019-07-21T00:45:00+00:00
6984,13.029152,77.585901,no2,3.3,2019-07-21T01:00:00+00:00
6984,13.029152,77.585901,no2,3.6,2019-07-21T01:15:00+00:00
6984,13.029152,77.585901,no2,4.7,2019-07-21T01:30:00+00:00
6984,13.029152,77.585901,no2,5.6,2019-07-21T01:45:00+00:00
6984,13.029152,77.585901,no2,5.1,2019-07-21T02:00:00+00:00
6984,13.029152,77.585901,no2,5.6,2019-07-21T02:15:00+00:00
6984,13.029152,77.585901,no2,4.5,2019-07-21T02:45:00+00:00
6984,13.029152,77.585901,no2,5.2,2019-07-21T03:00:00+00:00
6984,13.029152,77.585901,no2,5.3,2019-07-21T03:15:00+00:00
6984,13.029152,77.585901,no2,5.4,2019-07-21T03:30:00+00:00
6984,13.029152,77.585901,no2,5.6,2019-07-21T03:45:00+00:00
6984,13.029152,77.585901,no2,5.6,2019-07-21T04:00:00+00:00
6984,13.029152,77.585901,no2,6.4,2019-07-21T04:15:00+00:00
6984,13.029152,77.585901,no2,6.8,2019-07-21T04:30:00+00:00
6984,13.029152,77.585901,no2,6.9,2019-07-21T04:45:00+00:00
6984,13.029152,77.585901,no2,6.1,2019-07-21T05:00:00+00:00
6984,13.029152,77.585901,no2,5.8,2019-07-21T05:15:00+00:00
6984,13.029152,77.585901,no2,5.6,2019-07-21T05:30:00+00:00
6984,13.029152,77.585901,no2,6.0,2019-07-21T06:15:00+00:00
6984,13.029152,77.585901,no2,6.1,2019-07-21T07:00:00+00:00
6984,13.029152,77.585901,no2,6.1,2019-07-21T07:15:00+00:00
6984,13.029152,77.585901,no2,5.7,2019-07-21T07:30:00+00:00
6984,13.029152,77.585901,no2,5.7,2019-07-21T07:45:00+00:00
6984,13.029152,77.585901,no2,6.8,2019-07-21T08:00:00+00:00
6984,13.029152,77.585901,no2,6.5,2019-07-21T08:15:00+00:00
6984,13.029152,77.585901,no2,7.7,2019-07-21T08:30:00+00:00
6984,13.029152,77.585901,no2,7.4,2019-07-21T08:45:00+00:00
6984,13.029152,77.585901,no2,6.3,2019-07-21T09:00:00+00:00
6984,13.029152,77.585901,no2,6.3,2019-07-21T09:15:00+00:00
6984,13.029152,77.585901,no2,7.0,2019-07-21T09:30:00+00:00
6984,13.029152,77.585901,no2,8.1,2019-07-21T09:45:00+00:00
6984,13.029152,77.585901,no2,7.6,2019-07-21T10:00:00+00:00
6984,13.029152,77.585901,no2,8.0,2019-07-21T10:15:00+00:00
6984,13.029152,77.585901,no2,10.1,2019-07-21T10:30:00+00:00
6984,13.029152,77.585901,no2,11.5,2019-07-21T10:45:00+00:00
6984,13.029152,77.585901,no2,12.6,2019-07-21T11:00:00+00:00
6984,13.029152,77.585901,no2,14.3,2019-07-21T11:15:00+00:00
6984,13.029152,77.585901,no2,16.3,2019-07-21T11:30:00+00:00
6984,13.029152,77.585901,no2,16.6,2019-07-21T11:45:00+00:00
6984,13.029152,77.585901,no2,16.6,2019-07-21T12:00:00+00:00
6984,13.029152,77.585901,no2,17.4,2019-07-21T12:15:00+00:00
6984,13.029152,77.585901,no2,17.6,2019-07-21T12:30:00+00:00
6984,13.029152,77.585901,no2,18.4,2019-07-21T12:45:00+00:00
6984,13.029152,77.585901,no2,18.2,2019-07-21T13:00:00+00:00
6984,13.029152,77.585901,no2,20.8,2019-07-21T13:15:00+00:00
6984,13.029152,77.585901,no2,22.4,2019-07-21T13:30:00+00:00
6984,13.029152,77.585901,no2,22.8,2019-07-21T13:45:00+00:00
6984,13.029152,77.585901,no2,23.5,2019-07-21T14:00:00+00:00
6984,13.029152,77.585901,no2,24.9,2019-07-21T14:15:00+00:00
6984,13.029152,77.585901,no2,24.3,2019-07-21T14:30:00+00:00
6984,13.029152,77.585901,no2,20.8,2019-07-21T14:45:00+00:00
6984,13.029152,77.585901,no2,17.6,2019-07-21T15:00:00+00:00
6984,13.029152,77.585901,no2,14.8,2019-07-21T15:15:00+00:00
6984,13.029152,77.585901,no2,13.3,2019-07-21T15:30:00+00:00
6984,13.029152,77.585901,no2,12.4,2019-07-21T15:45:00+00:00
6984,13.029152,77.585901,no2,10.2,2019-07-21T16:00:00+00:00
6984,13.029152,77.585901,no2,10.6,2019-07-21T16:15:00+00:00
6984,13.029152,77.585901,no2,11.1,2019-07-21T16:30:00+00:00
6984,13.029152,77.585901,no2,11.5,2019-07-21T16:45:00+00:00
6984,13.029152,77.585901,no2,11.1,2019-07-21T17:00:00+00:00
6984,13.029152,77.585901,no2,10.2,2019-07-21T17:15:00+00:00
6984,13.029152,77.585901,no2,9.2,2019-07-21T17:30:00+00:00
6984,13.029152,77.585901,no2,7.9,2019-07-21T17:45:00+00:00
6984,13.029152,77.585901,no2,6.5,2019-07-21T18:00:00+00:00
6984,13.029152,77.585901,no2,5.2,2019-07-21T18:15:00+00:00
6984,13.029152,77.585901,no2,4.8,2019-07-21T18:30:00+00:00
6984,13.029152,77.585901,pm10,10.0,2019-07-21T18:45:00+00:00
6984,13.029152,77.585901,pm10,10.0,2019-07-21T19:00:00+00:00
6984,13.029152,77.585901,pm10,12.0,2019-07-21T19:15:00+00:00
6984,13.029152,77.585901,pm10,12.0,2019-07-21T19:30:00+00:00
6984,13.029152,77.585901,pm10,12.0,2019-07-21T19:45:00+00:00
6984,13.029152,77.585901,pm10,12.0,2019-07-21T20:00:00+00:00
6984,13.029152,77.585901,pm10,12.0,2019-07-21T20:15:00+00:00
6984,13.029152,77.585901,pm10,12.0,2019-07-21T20:30:00+00:00
6984,13.029152,77.585901,pm10,12.0,2019-07-21T20:45:00+00:00
6984,13.029152,77.585901,pm10,12.0,2019-07-21T21:00:00+00:00
6984,13.029152,77.585901,pm10,15.0,2019-07-21T21:15:00+00:00
6984,13.029152,77.585901,pm10,15.0,2019-07-21T21:30:00+00:00
6984,13.029152,77.585901,pm10,15.0,2019-07-21T21:45:00+00:00
6984,13.029152,77.585901,pm10,15.0,2019-07-21T22:00:00+00:00
6984,13.029152,77.585901,pm10,12.0,2019-07-21T22:15:00+00:00
6984,13.029152,77.585901,pm10,12.0,2019-07-21T22:30:00+00:00
6984,13.029152,77.585901,pm10,12.0,2019-07-21T22:45:00+00:00
6984,13.029152,77.585901,pm10,12.0,2019-07-21T23:00:00+00:00
6984,13.029152,77.585901,pm10,11.0,2019-07-21T23:15:00+00:00
6984,13.029152,77.585901,pm10,11.0,2019-07-21T23:30:00+00:00
6984,13.029152,77.585901,pm10,11.0,2019-07-21T23:45:00+00:00
6984,13.029152,77.585901,pm10,11.0,2019-07-22T00:00:00+00:00
6984,13.029152,77.585901,pm10,10.0,2019-07-22T00:15:00+00:00
6984,13.029152,77.585901,pm10,10.0,2019-07-22T00:30:00+00:00
6984,13.029152,77.585901,pm10,10.0,2019-07-22T00:45:00+00:00
6984,13.029152,77.585901,pm10,10.0,2019-07-22T01:00:00+00:00
6984,13.029152,77.585901,pm10,19.0,2019-07-22T01:15:00+00:00
6984,13.029152,77.585901,pm10,19.0,2019-07-22T01:30:00+00:00
6984,13.029152,77.585901,pm10,19.0,2019-07-22T01:45:00+00:00
6984,13.029152,77.585901,pm10,19.0,2019-07-22T02:00:00+00:00
6984,13.029152,77.585901,pm10,26.0,2019-07-22T02:15:00+00:00
6984,13.029152,77.585901,pm10,26.0,2019-07-22T02:30:00+00:00
6984,13.029152,77.585901,pm10,26.0,2019-07-22T02:45:00+00:00
6984,13.029152,77.585901,pm10,26.0,2019-07-22T03:00:00+00:00
6984,13.029152,77.585901,pm10,28.0,2019-07-22T03:15:00+00:00
6984,13.029152,77.585901,pm10,28.0,2019-07-22T03:30:00+00:00
6984,13.029152,77.585901,pm10,28.0,2019-07-22T03:45:00+00:00
6984,13.029152,77.585901,pm10,28.0,2019-07-22T04:00:00+00:00
6984,13.029152,77.585901,pm10,31.0,2019-07-22T04:15:00+00:00
6984,13.029152,77.585901,pm10,31.0,2019-07-22T04:30:00+00:00
6984,13.029152,77.585901,pm10,31.0,2019-07-22T08:45:00+00:00
6984,13.029152,77.585901,pm10,31.0,2019-07-22T09:00:00+00:00
6984,13.029152,77.585901,pm10,20.0,2019-07-22T09:15:00+00:00
6984,13.029152,77.585901,pm10,20.0,2019-07-22T09:30:00+00:00
6984,13.029152,77.585901,pm10,20.0,2019-07-22T09:45:00+00:00
6984,13.029152,77.585901,pm10,20.0,2019-07-22T10:00:00+00:00
6984,13.029152,77.585901,pm10,22.0,2019-07-22T10:15:00+00:00
6984,13.029152,77.585901,pm10,22.0,2019-07-22T10:30:00+00:00
6984,13.029152,77.585901,pm10,22.0,2019-07-22T10:45:00+00:00
6984,13.029152,77.585901,pm10,22.0,2019-07-22T11:00:00+00:00
6984,13.029152,77.585901,pm10,13.0,2019-07-22T11:15:00+00:00
6984,13.029152,77.585901,pm10,13.0,2019-07-22T11:30:00+00:00
6984,13.029152,77.585901,pm10,13.0,2019-07-22T11:45:00+00:00
6984,13.029152,77.585901,pm10,13.0,2019-07-22T12:00:00+00:00
6984,13.029152,77.585901,pm10,33.0,2019-07-22T12:15:00+00:00
6984,13.029152,77.585901,pm10,33.0,2019-07-22T12:30:00+00:00
6984,13.029152,77.585901,pm10,33.0,2019-07-22T12:45:00+00:00
6984,13.029152,77.585901,pm10,33.0,2019-07-22T13:00:00+00:00
6984,13.029152,77.585901,pm10,24.0,2019-07-22T13:15:00+00:00
6984,13.029152,77.585901,pm10,24.0,2019-07-22T13:30:00+00:00
6984,13.029152,77.585901,pm10,24.0,2019-07-22T13:45:00+00:00
6984,13.029152,77.585901,pm10,24.0,2019-07-22T14:00:00+00:00
6984,13.029152,77.585901,pm10,30.0,2019-07-22T14:15:00+00:00
6984,13.029152,77.585901,pm10,30.0,2019-07-22T14:30:00+00:00
6984,13.029152,77.585901,pm10,30.0,2019-07-22T14:45:00+00:00
6984,13.029152,77.585901,pm10,30.0,2019-07-22T15:00:00+00:00
6984,13.029152,77.585901,pm10,21.0,2019-07-22T15:15:00+00:00
6984,13.029152,77.585901,pm10,21.0,2019-07-22T15:30:00+00:00
6984,13.029152,77.585901,pm10,21.0,2019-07-22T15:45:00+00:00
6984,13.029152,77.585901,pm10,21.0,2019-07-22T16:00:00+00:00
6984,13.029152,77.585901,pm10,22.0,2019-07-22T16:15:00+00:00
6984,13.029152,77.585901,pm10,22.0,2019-07-22T16:30:00+00:00
6984,13.029152,77.585901,pm10,22.0,2019-07-22T16:45:00+00:00
6984,13.029152,77.585901,pm10,22.0,2019-07-22T17:00:00+00:00
6984,13.029152,77.585901,pm10,5.0,2019-07-22T17:15:00+00:00
6984,13.029152,77.585901,pm10,5.0,2019-07-22T17:30:00+00:00
6984,13.029152,77.585901,pm10,5.0,2019-07-22T17:45:00+00:00
6984,13.029152,77.585901,pm10,5.0,2019-07-22T18:00:00+00:00
6984,13.029152,77.585901,pm10,9.0,2019-07-22T18:15:00+00:00
6984,13.029152,77.585901,pm10,9.0,2019-07-22T18:30:00+00:00
6984,13.029152,77.585901,pm25,8.0,2019-07-21T18:45:00+00:00
6984,13.029152,77.585901,pm25,8.0,2019-07-21T19:00:00+00:00
6984,13.029152,77.585901,pm25,4.0,2019-07-21T19:15:00+00:00
6984,13.029152,77.585901,pm25,4.0,2019-07-21T19:30:00+00:00
6984,13.029152,77.585901,pm25,4.0,2019-07-21T19:45:00+00:00
6984,13.029152,77.585901,pm25,4.0,2019-07-21T20:00:00+00:00
6984,13.029152,77.585901,pm25,6.0,2019-07-21T20:15:00+00:00
6984,13.029152,77.585901,pm25,6.0,2019-07-21T20:30:00+00:00
6984,13.029152,77.585901,pm25,6.0,2019-07-21T20:45:00+00:00
6984,13.029152,77.585901,pm25,6.0,2019-07-21T21:00:00+00:00
6984,13.029152,77.585901,pm25,4.0,2019-07-21T21:15:00+00:00
6984,13.029152,77.585901,pm25,4.0,2019-07-21T21:30:00+00:00
6984,13.029152,77.585901,pm25,4.0,2019-07-21T21:45:00+00:00
6984,13.029152,77.585901,pm25,4.0,2019-07-21T22:00:00+00:00
6984,13.029152,77.585901,pm25,5.0,2019-07-21T22:15:00+00:00
6984,13.029152,77.585901,pm25,5.0,2019-07-21T22:30:00+00:00
6984,13.029152,77.585901,pm25,5.0,2019-07-21T22:45:00+00:00
6984,13.029152,77.585901,pm25,5.0,2019-07-21T23:00:00+00:00
6984,13.029152,77.585901,pm25,8.0,2019-07-21T23:15:00+00:00
6984,13.029152,77.585901,pm25,8.0,2019-07-21T23:30:00+00:00
6984,13.029152,77.585901,pm25,8.0,2019-07-21T23:45:00+00:00
6984,13.029152,77.585901,pm25,8.0,2019-07-22T00:00:00+00:00
6984,13.029152,77.585901,pm25,8.0,2019-07-22T00:15:00+00:00
6984,13.029152,77.585901,pm25,8.0,2019-07-22T00:30:00+00:00
6984,13.029152,77.585901,pm25,8.0,2019-07-22T00:45:00+00:00
6984,13.029152,77.585901,pm25,8.0,2019-07-22T01:00:00+00:00
6984,13.029152,77.585901,pm25,10.0,2019-07-22T01:15:00+00:00
6984,13.029152,77.585901,pm25,10.0,2019-07-22T01:30:00+00:00
6984,13.029152,77.585901,pm25,10.0,2019-07-22T01:45:00+00:00
6984,13.029152,77.585901,pm25,10.0,2019-07-22T02:00:00+00:00
6984,13.029152,77.585901,pm25,14.0,2019-07-22T02:15:00+00:00
6984,13.029152,77.585901,pm25,14.0,2019-07-22T02:30:00+00:00
6984,13.029152,77.585901,pm25,14.0,2019-07-22T02:45:00+00:00
6984,13.029152,77.585901,pm25,14.0,2019-07-22T03:00:00+00:00
6984,13.029152,77.585901,pm25,17.0,2019-07-22T03:15:00+00:00
6984,13.029152,77.585901,pm25,17.0,2019-07-22T03:30:00+00:00
6984,13.029152,77.585901,pm25,17.0,2019-07-22T03:45:00+00:00
6984,13.029152,77.585901,pm25,17.0,2019-07-22T04:00:00+00:00
6984,13.029152,77.585901,pm25,15.0,2019-07-22T04:15:00+00:00
6984,13.029152,77.585901,pm25,15.0,2019-07-22T04:30:00+00:00
6984,13.029152,77.585901,pm25,9.0,2019-07-22T08:45:00+00:00
6984,13.029152,77.585901,pm25,9.0,2019-07-22T09:00:00+00:00
6984,13.029152,77.585901,pm25,9.0,2019-07-22T09:15:00+00:00
6984,13.029152,77.585901,pm25,9.0,2019-07-22T09:30:00+00:00
6984,13.029152,77.585901,pm25,9.0,2019-07-22T09:45:00+00:00
6984,13.029152,77.585901,pm25,9.0,2019-07-22T10:00:00+00:00
6984,13.029152,77.585901,pm25,10.0,2019-07-22T10:15:00+00:00
6984,13.029152,77.585901,pm25,10.0,2019-07-22T10:30:00+00:00
6984,13.029152,77.585901,pm25,10.0,2019-07-22T10:45:00+00:00
6984,13.029152,77.585901,pm25,10.0,2019-07-22T11:00:00+00:00
6984,13.029152,77.585901,pm25,5.0,2019-07-22T11:15:00+00:00
6984,13.029152,77.585901,pm25,5.0,2019-07-22T11:30:00+00:00
6984,13.029152,77.585901,pm25,5.0,2019-07-22T11:45:00+00:00
6984,13.029152,77.585901,pm25,5.0,2019-07-22T12:00:00+00:00
6984,13.029152,77.585901,pm25,9.0,2019-07-22T12:15:00+00:00
6984,13.029152,77.585901,pm25,9.0,2019-07-22T12:30:00+00:00
6984,13.029152,77.585901,pm25,9.0,2019-07-22T12:45:00+00:00
6984,13.029152,77.585901,pm25,9.0,2019-07-22T13:00:00+00:00
6984,13.029152,77.585901,pm25,9.0,2019-07-22T13:15:00+00:00
6984,13.029152,77.585901,pm25,9.0,2019-07-22T13:30:00+00:00
6984,13.029152,77.585901,pm25,9.0,2019-07-22T13:45:00+00:00
6984,13.029152,77.585901,pm25,9.0,2019-07-22T14:00:00+00:00
6984,13.029152,77.585901,pm25,11.0,2019-07-22T14:15:00+00:00
6984,13.029152,77.585901,pm25,11.0,2019-07-22T14:30:00+00:00
6984,13.029152,77.585901,pm25,11.0,2019-07-22T14:45:00+00:00
6984,13.029152,77.585901,pm25,11.0,2019-07-22T15:00:00+00:00
6984,13.029152,77.585901,pm25,11.0,2019-07-22T15:15:00+00:00
6984,13.029152,77.585901,pm25,11.0,2019-07-22T15:30:00+00:00
6984,13.029152,77.585901,pm25,11.0,2019-07-22T15:45:00+00:00
6984,13.029152,77.585901,pm25,11.0,2019-07-22T16:00:00+00:00
6984,13.029152,77.585901,pm25,7.0,2019-07-22T16:15:00+00:00
6984,13.029152,77.585901,pm25,7.0,2019-07-22T16:30:00+00:00
6984,13.029152,77.585901,pm25,7.0,2019-07-22T16:45:00+00:00
6984,13.029152,77.585901,pm25,7.0,2019-07-22T17:00:00+00:00
6984,13.029152,77.585901,pm25,4.0,2019-07-22T17:15:00+00:00
6984,13.029152,77.585901,pm25,4.0,2019-07-22T17:30:00+00:00
6984,13.029152,77.585901,pm25,4.0,2019-07-22T17:45:00+00:00
6984,13.029152,77.585901,pm25,4.0,2019-07-22T18:00:00+00:00
6984,13.029152,77.585901,pm25,1.0,2019-07-22T18:15:00+00:00
6984,13.029152,77.585901,pm25,1.0,2019-07-22T18:30:00+00:00
6984,13.029152,77.585901,co,0.41,2019-07-21T18:45:00+00:00
6984,13.029152,77.585901,co,0.47,2019-07-21T19:00:00+00:00
6984,13.029152,77.585901,co,0.4,2019-07-21T19:15:00+00:00
6984,13.029152,77.585901,co,0.55,2019-07-21T19:30:00+00:00
6984,13.029152,77.585901,co,0.52,2019-07-21T19:45:00+00:00
6984,13.029152,77.585901,co,0.5,2019-07-21T20:00:00+00:00
6984,13.029152,77.585901,co,0.5,2019-07-21T20:15:00+00:00
6984,13.029152,77.585901,co,0.5,2019-07-21T20:30:00+00:00
6984,13.029152,77.585901,co,0.5,2019-07-21T20:45:00+00:00
6984,13.029152,77.585901,co,0.49,2019-07-21T21:00:00+00:00
6984,13.029152,77.585901,co,0.42,2019-07-21T21:15:00+00:00
6984,13.029152,77.585901,co,0.4,2019-07-21T21:30:00+00:00
6984,13.029152,77.585901,co,0.44,2019-07-21T21:45:00+00:00
6984,13.029152,77.585901,co,0.48,2019-07-21T22:00:00+00:00
6984,13.029152,77.585901,co,0.53,2019-07-21T22:15:00+00:00
6984,13.029152,77.585901,co,0.54,2019-07-21T22:30:00+00:00
6984,13.029152,77.585901,co,0.42,2019-07-21T23:30:00+00:00
6984,13.029152,77.585901,co,0.42,2019-07-21T23:45:00+00:00
6984,13.029152,77.585901,co,0.41,2019-07-22T00:00:00+00:00
6984,13.029152,77.585901,co,0.39,2019-07-22T00:15:00+00:00
6984,13.029152,77.585901,co,0.4,2019-07-22T00:30:00+00:00
6984,13.029152,77.585901,co,0.4,2019-07-22T00:45:00+00:00
6984,13.029152,77.585901,co,0.48,2019-07-22T01:00:00+00:00
6984,13.029152,77.585901,co,0.46,2019-07-22T01:15:00+00:00
6984,13.029152,77.585901,co,0.35,2019-07-22T01:30:00+00:00
6984,13.029152,77.585901,co,0.4,2019-07-22T01:45:00+00:00
6984,13.029152,77.585901,co,0.47,2019-07-22T02:00:00+00:00
6984,13.029152,77.585901,co,0.5,2019-07-22T02:15:00+00:00
6984,13.029152,77.585901,co,0.63,2019-07-22T02:30:00+00:00
6984,13.029152,77.585901,co,0.56,2019-07-22T02:45:00+00:00
6984,13.029152,77.585901,co,0.55,2019-07-22T03:00:00+00:00
6984,13.029152,77.585901,co,0.63,2019-07-22T03:15:00+00:00
6984,13.029152,77.585901,co,0.72,2019-07-22T03:30:00+00:00
6984,13.029152,77.585901,co,0.7,2019-07-22T03:45:00+00:00
6984,13.029152,77.585901,co,0.7,2019-07-22T04:00:00+00:00
6984,13.029152,77.585901,co,0.71,2019-07-22T04:15:00+00:00
6984,13.029152,77.585901,co,0.64,2019-07-22T04:30:00+00:00
6984,13.029152,77.585901,co,0.48,2019-07-22T08:45:00+00:00
6984,13.029152,77.585901,co,0.49,2019-07-22T09:00:00+00:00
6984,13.029152,77.585901,co,0.53,2019-07-22T09:15:00+00:00
6984,13.029152,77.585901,co,0.61,2019-07-22T09:30:00+00:00
6984,13.029152,77.585901,co,0.61,2019-07-22T09:45:00+00:00
6984,13.029152,77.585901,co,0.66,2019-07-22T10:00:00+00:00
6984,13.029152,77.585901,co,0.71,2019-07-22T10:15:00+00:00
6984,13.029152,77.585901,co,0.68,2019-07-22T10:30:00+00:00
6984,13.029152,77.585901,co,0.63,2019-07-22T10:45:00+00:00
6984,13.029152,77.585901,co,0.63,2019-07-22T11:00:00+00:00
6984,13.029152,77.585901,co,0.64,2019-07-22T11:15:00+00:00
6984,13.029152,77.585901,co,0.7,2019-07-22T11:30:00+00:00
6984,13.029152,77.585901,co,0.68,2019-07-22T11:45:00+00:00
6984,13.029152,77.585901,co,0.72,2019-07-22T12:00:00+00:00
6984,13.029152,77.585901,co,0.79,2019-07-22T12:15:00+00:00
6984,13.029152,77.585901,co,0.78,2019-07-22T12:30:00+00:00
6984,13.029152,77.585901,co,0.62,2019-07-22T12:45:00+00:00
6984,13.029152,77.585901,co,0.64,2019-07-22T13:00:00+00:00
6984,13.029152,77.585901,co,0.74,2019-07-22T13:15:00+00:00
6984,13.029152,77.585901,co,0.74,2019-07-22T13:30:00+00:00
6984,13.029152,77.585901,co,0.73,2019-07-22T13:45:00+00:00
6984,13.029152,77.585901,co,0.72,2019-07-22T14:00:00+00:00
6984,13.029152,77.585901,co,0.73,2019-07-22T14:15:00+00:00
6984,13.029152,77.585901,co,0.61,2019-07-22T14:30:00+00:00
6984,13.029152,77.585901,co,0.55,2019-07-22T14:45:00+00:00
6984,13.029152,77.585901,co,0.52,2019-07-22T15:00:00+00:00
6984,13.029152,77.585901,co,0.72,2019-07-22T15:15:00+00:00
6984,13.029152,77.585901,co,0.69,2019-07-22T15:30:00+00:00
6984,13.029152,77.585901,co,0.69,2019-07-22T15:45:00+00:00
6984,13.029152,77.585901,co,0.62,2019-07-22T16:00:00+00:00
6984,13.029152,77.585901,co,0.58,2019-07-22T16:15:00+00:00
6984,13.029152,77.585901,co,0.6,2019-07-22T16:30:00+00:00
6984,13.029152,77.585901,co,0.54,2019-07-22T16:45:00+00:00
6984,13.029152,77.585901,co,0.47,2019-07-22T17:00:00+00:00
6984,13.029152,77.585901,co,0.45,2019-07-22T17:15:00+00:00
6984,13.029152,77.585901,co,0.46,2019-07-22T17:30:00+00:00
6984,13.029152,77.585901,co,0.47,2019-07-22T17:45:00+00:00
6984,13.029152,77.585901,co,0.46,2019-07-22T18:00:00+00:00
6984,13.029152,77.585901,co,0.4,2019-07-22T18:30:00+00:00
6984,13.029152,77.585901,no2,3.8,2019-07-21T18:45:00+00:00
6984,13.029152,77.585901,no2,3.5,2019-07-21T19:00:00+00:00
6984,13.029152,77.585901,no2,2.6,2019-07-21T19:15:00+00:00
6984,13.029152,77.585901,no2,2.5,2019-07-21T19:30:00+00:00
6984,13.029152,77.585901,no2,2.3,2019-07-21T19:45:00+00:00
6984,13.029152,77.585901,no2,2.3,2019-07-21T20:00:00+00:00
6984,13.029152,77.585901,no2,2.3,2019-07-21T20:15:00+00:00
6984,13.029152,77.585901,no2,2.3,2019-07-21T20:30:00+00:00
6984,13.029152,77.585901,no2,2.0,2019-07-21T20:45:00+00:00
6984,13.029152,77.585901,no2,2.0,2019-07-21T21:00:00+00:00
6984,13.029152,77.585901,no2,1.9,2019-07-21T21:15:00+00:00
6984,13.029152,77.585901,no2,1.3,2019-07-21T21:30:00+00:00
6984,13.029152,77.585901,no2,0.9,2019-07-21T21:45:00+00:00
6984,13.029152,77.585901,no2,1.1,2019-07-21T22:00:00+00:00
6984,13.029152,77.585901,no2,1.1,2019-07-21T22:15:00+00:00
6984,13.029152,77.585901,no2,1.3,2019-07-21T22:30:00+00:00
6984,13.029152,77.585901,no2,1.1,2019-07-21T22:45:00+00:00
6984,13.029152,77.585901,no2,1.5,2019-07-21T23:00:00+00:00
6984,13.029152,77.585901,no2,2.0,2019-07-21T23:15:00+00:00
6984,13.029152,77.585901,no2,2.6,2019-07-21T23:30:00+00:00
6984,13.029152,77.585901,no2,4.6,2019-07-22T00:30:00+00:00
6984,13.029152,77.585901,no2,4.5,2019-07-22T00:45:00+00:00
6984,13.029152,77.585901,no2,5.4,2019-07-22T01:00:00+00:00
6984,13.029152,77.585901,no2,6.8,2019-07-22T01:15:00+00:00
6984,13.029152,77.585901,no2,7.4,2019-07-22T01:30:00+00:00
6984,13.029152,77.585901,no2,7.5,2019-07-22T01:45:00+00:00
6984,13.029152,77.585901,no2,8.6,2019-07-22T02:00:00+00:00
6984,13.029152,77.585901,no2,10.2,2019-07-22T02:15:00+00:00
6984,13.029152,77.585901,no2,11.5,2019-07-22T02:30:00+00:00
6984,13.029152,77.585901,no2,11.5,2019-07-22T02:45:00+00:00
6984,13.029152,77.585901,no2,10.7,2019-07-22T03:00:00+00:00
6984,13.029152,77.585901,no2,10.1,2019-07-22T03:15:00+00:00
6984,13.029152,77.585901,no2,9.9,2019-07-22T03:30:00+00:00
6984,13.029152,77.585901,no2,9.5,2019-07-22T03:45:00+00:00
6984,13.029152,77.585901,no2,9.1,2019-07-22T04:00:00+00:00
6984,13.029152,77.585901,no2,8.7,2019-07-22T04:15:00+00:00
6984,13.029152,77.585901,no2,9.6,2019-07-22T04:30:00+00:00
6984,13.029152,77.585901,no2,8.6,2019-07-22T08:45:00+00:00
6984,13.029152,77.585901,no2,8.4,2019-07-22T09:00:00+00:00
6984,13.029152,77.585901,no2,8.3,2019-07-22T09:15:00+00:00
6984,13.029152,77.585901,no2,7.4,2019-07-22T09:30:00+00:00
6984,13.029152,77.585901,no2,8.8,2019-07-22T09:45:00+00:00
6984,13.029152,77.585901,no2,9.4,2019-07-22T10:00:00+00:00
6984,13.029152,77.585901,no2,12.4,2019-07-22T10:15:00+00:00
6984,13.029152,77.585901,no2,13.1,2019-07-22T10:30:00+00:00
6984,13.029152,77.585901,no2,13.5,2019-07-22T10:45:00+00:00
6984,13.029152,77.585901,no2,11.3,2019-07-22T11:00:00+00:00
6984,13.029152,77.585901,no2,10.6,2019-07-22T11:15:00+00:00
6984,13.029152,77.585901,no2,11.9,2019-07-22T11:30:00+00:00
6984,13.029152,77.585901,no2,12.9,2019-07-22T11:45:00+00:00
6984,13.029152,77.585901,no2,13.7,2019-07-22T12:00:00+00:00
6984,13.029152,77.585901,no2,16.1,2019-07-22T12:15:00+00:00
6984,13.029152,77.585901,no2,17.6,2019-07-22T12:30:00+00:00
6984,13.029152,77.585901,no2,17.8,2019-07-22T12:45:00+00:00
6984,13.029152,77.585901,no2,19.2,2019-07-22T13:00:00+00:00
6984,13.029152,77.585901,no2,18.5,2019-07-22T13:15:00+00:00
6984,13.029152,77.585901,no2,18.4,2019-07-22T13:30:00+00:00
6984,13.029152,77.585901,no2,17.5,2019-07-22T13:45:00+00:00
6984,13.029152,77.585901,no2,17.5,2019-07-22T14:00:00+00:00
6984,13.029152,77.585901,no2,18.2,2019-07-22T14:15:00+00:00
6984,13.029152,77.585901,no2,18.4,2019-07-22T14:30:00+00:00
6984,13.029152,77.585901,no2,17.7,2019-07-22T14:45:00+00:00
6984,13.029152,77.585901,no2,15.1,2019-07-22T15:00:00+00:00
6984,13.029152,77.585901,no2,14.3,2019-07-22T15:15:00+00:00
6984,13.029152,77.585901,no2,13.2,2019-07-22T15:30:00+00:00
6984,13.029152,77.585901,no2,12.5,2019-07-22T15:45:00+00:00
6984,13.029152,77.585901,no2,11.7,2019-07-22T16:00:00+00:00
6984,13.029152,77.585901,no2,10.8,2019-07-22T16:15:00+00:00
6984,13.029152,77.585901,no2,9.8,2019-07-22T16:30:00+00:00
6984,13.029152,77.585901,no2,9.3,2019-07-22T16:45:00+00:00
6984,13.029152,77.585901,no2,9.3,2019-07-22T17:00:00+00:00
6984,13.029152,77.585901,no2,8.3,2019-07-22T17:15:00+00:00
6984,13.029152,77.585901,no2,8.4,2019-07-22T17:30:00+00:00
6984,13.029152,77.585901,no2,8.1,2019-07-22T17:45:00+00:00
6984,13.029152,77.585901,no2,7.8,2019-07-22T18:00:00+00:00
6984,13.029152,77.585901,no2,7.7,2019-07-22T18:15:00+00:00
6984,13.029152,77.585901,no2,6.5,2019-07-22T18:30:00+00:00
6984,13.029152,77.585901,so2,3.1,2019-07-21T18:45:00+00:00
6984,13.029152,77.585901,so2,3.7,2019-07-21T19:00:00+00:00
6984,13.029152,77.585901,so2,3.7,2019-07-21T19:15:00+00:00
6984,13.029152,77.585901,so2,3.5,2019-07-21T19:30:00+00:00
6984,13.029152,77.585901,so2,3.6,2019-07-21T19:45:00+00:00
6984,13.029152,77.585901,so2,3.7,2019-07-21T20:00:00+00:00
6984,13.029152,77.585901,so2,3.6,2019-07-21T20:15:00+00:00
6984,13.029152,77.585901,so2,4.1,2019-07-21T20:30:00+00:00
6984,13.029152,77.585901,so2,4.6,2019-07-21T20:45:00+00:00
6984,13.029152,77.585901,so2,4.5,2019-07-21T21:00:00+00:00
6984,13.029152,77.585901,so2,4.3,2019-07-21T21:15:00+00:00
6984,13.029152,77.585901,so2,4.2,2019-07-21T21:30:00+00:00
6984,13.029152,77.585901,so2,4.3,2019-07-21T21:45:00+00:00
6984,13.029152,77.585901,so2,4.3,2019-07-21T22:00:00+00:00
6984,13.029152,77.585901,so2,4.0,2019-07-21T22:15:00+00:00
6984,13.029152,77.585901,so2,3.5,2019-07-21T22:30:00+00:00
6984,13.029152,77.585901,so2,3.7,2019-07-21T22:45:00+00:00
6984,13.029152,77.585901,so2,4.1,2019-07-21T23:00:00+00:00
6984,13.029152,77.585901,so2,3.9,2019-07-21T23:15:00+00:00
6984,13.029152,77.585901,so2,3.4,2019-07-21T23:30:00+00:00
6984,13.029152,77.585901,so2,3.5,2019-07-21T23:45:00+00:00
6984,13.029152,77.585901,so2,3.8,2019-07-22T00:00:00+00:00
6984,13.029152,77.585901,so2,3.6,2019-07-22T00:15:00+00:00
6984,13.029152,77.585901,so2,3.6,2019-07-22T00:30:00+00:00
6984,13.029152,77.585901,so2,11.5,2019-07-22T01:30:00+00:00
6984,13.029152,77.585901,so2,6.3,2019-07-22T01:45:00+00:00
6984,13.029152,77.585901,so2,5.8,2019-07-22T02:00:00+00:00
6984,13.029152,77.585901,so2,5.0,2019-07-22T02:15:00+00:00
6984,13.029152,77.585901,so2,3.9,2019-07-22T02:30:00+00:00
6984,13.029152,77.585901,so2,4.1,2019-07-22T02:45:00+00:00
6984,13.029152,77.585901,so2,3.9,2019-07-22T03:00:00+00:00
6984,13.029152,77.585901,so2,3.8,2019-07-22T03:15:00+00:00
6984,13.029152,77.585901,so2,3.8,2019-07-22T03:30:00+00:00
6984,13.029152,77.585901,so2,4.6,2019-07-22T03:45:00+00:00
6984,13.029152,77.585901,so2,4.6,2019-07-22T04:00:00+00:00
6984,13.029152,77.585901,so2,4.1,2019-07-22T04:15:00+00:00
6984,13.029152,77.585901,so2,3.7,2019-07-22T04:30:00+00:00
6984,13.029152,77.585901,so2,4.0,2019-07-22T08:45:00+00:00
6984,13.029152,77.585901,so2,5.1,2019-07-22T09:00:00+00:00
6984,13.029152,77.585901,so2,4.8,2019-07-22T09:15:00+00:00
6984,13.029152,77.585901,so2,3.8,2019-07-22T09:30:00+00:00
6984,13.029152,77.585901,so2,2.5,2019-07-22T09:45:00+00:00
6984,13.029152,77.585901,so2,3.1,2019-07-22T10:00:00+00:00
6984,13.029152,77.585901,so2,4.0,2019-07-22T10:15:00+00:00
6984,13.029152,77.585901,so2,3.1,2019-07-22T10:30:00+00:00
6984,13.029152,77.585901,so2,3.2,2019-07-22T10:45:00+00:00
6984,13.029152,77.585901,so2,3.3,2019-07-22T11:00:00+00:00
6984,13.029152,77.585901,so2,2.9,2019-07-22T11:15:00+00:00
6984,13.029152,77.585901,so2,3.1,2019-07-22T11:30:00+00:00
6984,13.029152,77.585901,so2,3.4,2019-07-22T11:45:00+00:00
6984,13.029152,77.585901,so2,3.4,2019-07-22T12:00:00+00:00
6984,13.029152,77.585901,so2,3.2,2019-07-22T12:15:00+00:00
6984,13.029152,77.585901,so2,3.2,2019-07-22T12:30:00+00:00
6984,13.029152,77.585901,so2,3.6,2019-07-22T12:45:00+00:00
6984,13.029152,77.585901,so2,4.3,2019-07-22T13:00:00+00:00
6984,13.029152,77.585901,so2,4.5,2019-07-22T13:15:00+00:00
6984,13.029152,77.585901,so2,4.7,2019-07-22T13:30:00+00:00
6984,13.029152,77.585901,so2,4.5,2019-07-22T13:45:00+00:00
6984,13.029152,77.585901,so2,5.0,2019-07-22T14:00:00+00:00
6984,13.029152,77.585901,so2,4.6,2019-07-22T14:15:00+00:00
6984,13.029152,77.585901,so2,3.7,2019-07-22T14:30:00+00:00
6984,13.029152,77.585901,so2,3.3,2019-07-22T14:45:00+00:00
6984,13.029152,77.585901,so2,2.9,2019-07-22T15:00:00+00:00
6984,13.029152,77.585901,so2,3.6,2019-07-22T15:15:00+00:00
6984,13.029152,77.585901,so2,4.3,2019-07-22T15:30:00+00:00
6984,13.029152,77.585901,so2,3.6,2019-07-22T15:45:00+00:00
6984,13.029152,77.585901,so2,3.7,2019-07-22T16:00:00+00:00
6984,13.029152,77.585901,so2,3.9,2019-07-22T16:15:00+00:00
6984,13.029152,77.585901,so2,4.1,2019-07-22T16:30:00+00:00
6984,13.029152,77.585901,so2,4.3,2019-07-22T16:45:00+00:00
6984,13.029152,77.585901,so2,4.0,2019-07-22T17:00:00+00:00
6984,13.029152,77.585901,so2,4.1,2019-07-22T17:15:00+00:00
6984,13.029152,77.585901,so2,5.1,2019-07-22T17:30:00+00:00
6984,13.029152,77.585901,so2,5.6,2019-07-22T17:45:00+00:00
6984,13.029152,77.585901,so2,5.1,2019-07-22T18:00:00+00:00
6984,13.029152,77.585901,so2,4.7,2019-07-22T18:30:00+00:00
6984,13.029152,77.585901,pm10,9.0,2019-07-22T18:45:00+00:00
6984,13.029152,77.585901,pm10,9.0,2019-07-22T19:00:00+00:00
6984,13.029152,77.585901,pm10,6.0,2019-07-22T19:15:00+00:00
6984,13.029152,77.585901,pm10,6.0,2019-07-22T19:30:00+00:00
6984,13.029152,77.585901,pm10,6.0,2019-07-22T19:45:00+00:00
6984,13.029152,77.585901,pm10,6.0,2019-07-22T20:00:00+00:00
6984,13.029152,77.585901,pm10,5.0,2019-07-22T20:15:00+00:00
6984,13.029152,77.585901,pm10,5.0,2019-07-22T20:30:00+00:00
6984,13.029152,77.585901,pm10,5.0,2019-07-22T20:45:00+00:00
6984,13.029152,77.585901,pm10,5.0,2019-07-22T21:00:00+00:00
6984,13.029152,77.585901,pm10,15.0,2019-07-22T21:15:00+00:00
6984,13.029152,77.585901,pm10,15.0,2019-07-22T21:30:00+00:00
6984,13.029152,77.585901,pm10,15.0,2019-07-22T21:45:00+00:00
6984,13.029152,77.585901,pm10,15.0,2019-07-22T22:00:00+00:00
6984,13.029152,77.585901,pm10,19.0,2019-07-22T22:15:00+00:00
6984,13.029152,77.585901,pm10,19.0,2019-07-22T22:30:00+00:00
6984,13.029152,77.585901,pm10,19.0,2019-07-22T22:45:00+00:00
6984,13.029152,77.585901,pm10,19.0,2019-07-22T23:00:00+00:00
6984,13.029152,77.585901,pm10,18.0,2019-07-22T23:15:00+00:00
6984,13.029152,77.585901,pm10,18.0,2019-07-22T23:30:00+00:00
6984,13.029152,77.585901,pm10,18.0,2019-07-22T23:45:00+00:00
6984,13.029152,77.585901,pm10,18.0,2019-07-23T00:00:00+00:00
6984,13.029152,77.585901,pm10,19.0,2019-07-23T00:15:00+00:00
6984,13.029152,77.585901,pm10,19.0,2019-07-23T00:30:00+00:00
6984,13.029152,77.585901,pm10,19.0,2019-07-23T00:45:00+00:00
6984,13.029152,77.585901,pm10,19.0,2019-07-23T01:00:00+00:00
6984,13.029152,77.585901,pm10,14.0,2019-07-23T01:15:00+00:00
6984,13.029152,77.585901,pm10,14.0,2019-07-23T01:30:00+00:00
6984,13.029152,77.585901,pm10,14.0,2019-07-23T01:45:00+00:00
6984,13.029152,77.585901,pm10,14.0,2019-07-23T02:00:00+00:00
6984,13.029152,77.585901,pm10,25.0,2019-07-23T02:15:00+00:00
6984,13.029152,77.585901,pm10,25.0,2019-07-23T02:30:00+00:00
6984,13.029152,77.585901,pm10,25.0,2019-07-23T02:45:00+00:00
6984,13.029152,77.585901,pm10,25.0,2019-07-23T03:00:00+00:00
6984,13.029152,77.585901,pm10,37.0,2019-07-23T03:15:00+00:00
6984,13.029152,77.585901,pm10,37.0,2019-07-23T03:30:00+00:00
6984,13.029152,77.585901,pm10,37.0,2019-07-23T03:45:00+00:00
6984,13.029152,77.585901,pm10,37.0,2019-07-23T04:00:00+00:00
6984,13.029152,77.585901,pm10,16.0,2019-07-23T04:15:00+00:00
6984,13.029152,77.585901,pm10,16.0,2019-07-23T04:30:00+00:00
6984,13.029152,77.585901,pm10,16.0,2019-07-23T04:45:00+00:00
6984,13.029152,77.585901,pm10,16.0,2019-07-23T05:00:00+00:00
6984,13.029152,77.585901,pm10,24.0,2019-07-23T05:15:00+00:00
6984,13.029152,77.585901,pm10,24.0,2019-07-23T05:30:00+00:00
6984,13.029152,77.585901,pm10,24.0,2019-07-23T05:45:00+00:00
6984,13.029152,77.585901,pm10,24.0,2019-07-23T06:00:00+00:00
6984,13.029152,77.585901,pm10,21.0,2019-07-23T06:15:00+00:00
6984,13.029152,77.585901,pm10,21.0,2019-07-23T06:30:00+00:00
6984,13.029152,77.585901,pm10,21.0,2019-07-23T06:45:00+00:00
6984,13.029152,77.585901,pm10,21.0,2019-07-23T07:00:00+00:00
6984,13.029152,77.585901,pm10,27.0,2019-07-23T07:15:00+00:00
6984,13.029152,77.585901,pm10,27.0,2019-07-23T07:30:00+00:00
6984,13.029152,77.585901,pm10,27.0,2019-07-23T07:45:00+00:00
6984,13.029152,77.585901,pm10,27.0,2019-07-23T08:00:00+00:00
6984,13.029152,77.585901,pm10,29.0,2019-07-23T08:15:00+00:00
6984,13.029152,77.585901,pm10,29.0,2019-07-23T08:30:00+00:00
6984,13.029152,77.585901,pm10,29.0,2019-07-23T08:45:00+00:00
6984,13.029152,77.585901,pm10,29.0,2019-07-23T09:00:00+00:00
6984,13.029152,77.585901,pm10,37.0,2019-07-23T09:15:00+00:00
6984,13.029152,77.585901,pm10,37.0,2019-07-23T09:30:00+00:00
6984,13.029152,77.585901,pm10,37.0,2019-07-23T09:45:00+00:00
6984,13.029152,77.585901,pm10,37.0,2019-07-23T10:00:00+00:00
6984,13.029152,77.585901,pm10,42.0,2019-07-23T10:15:00+00:00
6984,13.029152,77.585901,pm10,42.0,2019-07-23T10:30:00+00:00
6984,13.029152,77.585901,pm10,42.0,2019-07-23T10:45:00+00:00
6984,13.029152,77.585901,pm10,42.0,2019-07-23T11:00:00+00:00
6984,13.029152,77.585901,pm10,25.0,2019-07-23T11:15:00+00:00
6984,13.029152,77.585901,pm10,25.0,2019-07-23T11:45:00+00:00
6984,13.029152,77.585901,pm10,25.0,2019-07-23T12:00:00+00:00
6984,13.029152,77.585901,pm10,39.0,2019-07-23T12:15:00+00:00
6984,13.029152,77.585901,pm10,39.0,2019-07-23T12:30:00+00:00
6984,13.029152,77.585901,pm10,39.0,2019-07-23T12:45:00+00:00
6984,13.029152,77.585901,pm10,39.0,2019-07-23T13:00:00+00:00
6984,13.029152,77.585901,pm10,33.0,2019-07-23T13:15:00+00:00
6984,13.029152,77.585901,pm10,33.0,2019-07-23T13:30:00+00:00
6984,13.029152,77.585901,pm10,33.0,2019-07-23T13:45:00+00:00
6984,13.029152,77.585901,pm10,33.0,2019-07-23T14:00:00+00:00
6984,13.029152,77.585901,pm10,33.0,2019-07-23T14:15:00+00:00
6984,13.029152,77.585901,pm10,33.0,2019-07-23T14:30:00+00:00
6984,13.029152,77.585901,pm10,33.0,2019-07-23T14:45:00+00:00
6984,13.029152,77.585901,pm10,33.0,2019-07-23T15:00:00+00:00
6984,13.029152,77.585901,pm10,38.0,2019-07-23T15:15:00+00:00
6984,13.029152,77.585901,pm10,38.0,2019-07-23T15:30:00+00:00
6984,13.029152,77.585901,pm10,38.0,2019-07-23T15:45:00+00:00
6984,13.029152,77.585901,pm10,38.0,2019-07-23T16:00:00+00:00
6984,13.029152,77.585901,pm10,24.0,2019-07-23T16:15:00+00:00
6984,13.029152,77.585901,pm10,24.0,2019-07-23T16:30:00+00:00
6984,13.029152,77.585901,pm10,24.0,2019-07-23T16:45:00+00:00
6984,13.029152,77.585901,pm10,24.0,2019-07-23T17:00:00+00:00
6984,13.029152,77.585901,pm10,23.0,2019-07-23T17:15:00+00:00
6984,13.029152,77.585901,pm10,23.0,2019-07-23T17:30:00+00:00
6984,13.029152,77.585901,pm10,23.0,2019-07-23T17:45:00+00:00
6984,13.029152,77.585901,pm10,23.0,2019-07-23T18:00:00+00:00
6984,13.029152,77.585901,pm10,23.0,2019-07-23T18:15:00+00:00
6984,13.029152,77.585901,pm10,23.0,2019-07-23T18:30:00+00:00
6984,13.029152,77.585901,pm25,1.0,2019-07-22T18:45:00+00:00
6984,13.029152,77.585901,pm25,1.0,2019-07-22T19:00:00+00:00
6984,13.029152,77.585901,pm25,1.0,2019-07-22T19:15:00+00:00
6984,13.029152,77.585901,pm25,1.0,2019-07-22T19:30:00+00:00
6984,13.029152,77.585901,pm25,1.0,2019-07-22T19:45:00+00:00
6984,13.029152,77.585901,pm25,1.0,2019-07-22T20:00:00+00:00
6984,13.029152,77.585901,pm25,3.0,2019-07-22T20:15:00+00:00
6984,13.029152,77.585901,pm25,3.0,2019-07-22T20:30:00+00:00
6984,13.029152,77.585901,pm25,3.0,2019-07-22T20:45:00+00:00
6984,13.029152,77.585901,pm25,3.0,2019-07-22T21:00:00+00:00
6984,13.029152,77.585901,pm25,5.0,2019-07-22T21:15:00+00:00
6984,13.029152,77.585901,pm25,5.0,2019-07-22T21:30:00+00:00
6984,13.029152,77.585901,pm25,5.0,2019-07-22T21:45:00+00:00
6984,13.029152,77.585901,pm25,5.0,2019-07-22T22:00:00+00:00
6984,13.029152,77.585901,pm25,5.0,2019-07-22T22:15:00+00:00
6984,13.029152,77.585901,pm25,5.0,2019-07-22T22:30:00+00:00
6984,13.029152,77.585901,pm25,5.0,2019-07-22T22:45:00+00:00
6984,13.029152,77.585901,pm25,5.0,2019-07-22T23:00:00+00:00
6984,13.029152,77.585901,pm25,2.0,2019-07-22T23:15:00+00:00
6984,13.029152,77.585901,pm25,2.0,2019-07-22T23:30:00+00:00
6984,13.029152,77.585901,pm25,2.0,2019-07-22T23:45:00+00:00
6984,13.029152,77.585901,pm25,2.0,2019-07-23T00:00:00+00:00
6984,13.029152,77.585901,pm25,1.0,2019-07-23T00:15:00+00:00
6984,13.029152,77.585901,pm25,1.0,2019-07-23T00:30:00+00:00
6984,13.029152,77.585901,pm25,1.0,2019-07-23T00:45:00+00:00
6984,13.029152,77.585901,pm25,1.0,2019-07-23T01:00:00+00:00
6984,13.029152,77.585901,pm25,7.0,2019-07-23T01:15:00+00:00
6984,13.029152,77.585901,pm25,7.0,2019-07-23T01:30:00+00:00
6984,13.029152,77.585901,pm25,7.0,2019-07-23T01:45:00+00:00
6984,13.029152,77.585901,pm25,7.0,2019-07-23T02:00:00+00:00
6984,13.029152,77.585901,pm25,9.0,2019-07-23T02:15:00+00:00
6984,13.029152,77.585901,pm25,9.0,2019-07-23T02:30:00+00:00
6984,13.029152,77.585901,pm25,9.0,2019-07-23T02:45:00+00:00
6984,13.029152,77.585901,pm25,9.0,2019-07-23T03:00:00+00:00
6984,13.029152,77.585901,pm25,14.0,2019-07-23T03:15:00+00:00
6984,13.029152,77.585901,pm25,14.0,2019-07-23T03:30:00+00:00
6984,13.029152,77.585901,pm25,14.0,2019-07-23T03:45:00+00:00
6984,13.029152,77.585901,pm25,14.0,2019-07-23T04:00:00+00:00
6984,13.029152,77.585901,pm25,11.0,2019-07-23T04:15:00+00:00
6984,13.029152,77.585901,pm25,11.0,2019-07-23T04:30:00+00:00
6984,13.029152,77.585901,pm25,11.0,2019-07-23T04:45:00+00:00
6984,13.029152,77.585901,pm25,11.0,2019-07-23T05:00:00+00:00
6984,13.029152,77.585901,pm25,11.0,2019-07-23T05:15:00+00:00
6984,13.029152,77.585901,pm25,11.0,2019-07-23T05:30:00+00:00
6984,13.029152,77.585901,pm25,11.0,2019-07-23T05:45:00+00:00
6984,13.029152,77.585901,pm25,11.0,2019-07-23T06:00:00+00:00
6984,13.029152,77.585901,pm25,12.0,2019-07-23T06:15:00+00:00
6984,13.029152,77.585901,pm25,12.0,2019-07-23T06:30:00+00:00
6984,13.029152,77.585901,pm25,12.0,2019-07-23T06:45:00+00:00
6984,13.029152,77.585901,pm25,12.0,2019-07-23T07:00:00+00:00
6984,13.029152,77.585901,pm25,8.0,2019-07-23T07:15:00+00:00
6984,13.029152,77.585901,pm25,8.0,2019-07-23T07:30:00+00:00
6984,13.029152,77.585901,pm25,8.0,2019-07-23T07:45:00+00:00
6984,13.029152,77.585901,pm25,8.0,2019-07-23T08:00:00+00:00
6984,13.029152,77.585901,pm25,13.0,2019-07-23T08:15:00+00:00
6984,13.029152,77.585901,pm25,13.0,2019-07-23T08:30:00+00:00
6984,13.029152,77.585901,pm25,13.0,2019-07-23T08:45:00+00:00
6984,13.029152,77.585901,pm25,13.0,2019-07-23T09:00:00+00:00
6984,13.029152,77.585901,pm25,13.0,2019-07-23T09:15:00+00:00
6984,13.029152,77.585901,pm25,13.0,2019-07-23T09:30:00+00:00
6984,13.029152,77.585901,pm25,13.0,2019-07-23T09:45:00+00:00
6984,13.029152,77.585901,pm25,13.0,2019-07-23T10:00:00+00:00
6984,13.029152,77.585901,pm25,10.0,2019-07-23T10:15:00+00:00
6984,13.029152,77.585901,pm25,10.0,2019-07-23T10:30:00+00:00
6984,13.029152,77.585901,pm25,10.0,2019-07-23T10:45:00+00:00
6984,13.029152,77.585901,pm25,10.0,2019-07-23T11:00:00+00:00
6984,13.029152,77.585901,pm25,15.0,2019-07-23T11:15:00+00:00
6984,13.029152,77.585901,pm25,15.0,2019-07-23T11:45:00+00:00
6984,13.029152,77.585901,pm25,15.0,2019-07-23T12:00:00+00:00
6984,13.029152,77.585901,pm25,11.0,2019-07-23T12:15:00+00:00
6984,13.029152,77.585901,pm25,11.0,2019-07-23T12:30:00+00:00
6984,13.029152,77.585901,pm25,11.0,2019-07-23T12:45:00+00:00
6984,13.029152,77.585901,pm25,11.0,2019-07-23T13:00:00+00:00
6984,13.029152,77.585901,pm25,16.0,2019-07-23T13:15:00+00:00
6984,13.029152,77.585901,pm25,16.0,2019-07-23T13:30:00+00:00
6984,13.029152,77.585901,pm25,16.0,2019-07-23T13:45:00+00:00
6984,13.029152,77.585901,pm25,16.0,2019-07-23T14:00:00+00:00
6984,13.029152,77.585901,pm25,5.0,2019-07-23T14:15:00+00:00
6984,13.029152,77.585901,pm25,5.0,2019-07-23T14:30:00+00:00
6984,13.029152,77.585901,pm25,5.0,2019-07-23T14:45:00+00:00
6984,13.029152,77.585901,pm25,5.0,2019-07-23T15:00:00+00:00
6984,13.029152,77.585901,pm25,10.0,2019-07-23T15:15:00+00:00
6984,13.029152,77.585901,pm25,10.0,2019-07-23T15:30:00+00:00
6984,13.029152,77.585901,pm25,10.0,2019-07-23T15:45:00+00:00
6984,13.029152,77.585901,pm25,10.0,2019-07-23T16:00:00+00:00
6984,13.029152,77.585901,pm25,13.0,2019-07-23T16:15:00+00:00
6984,13.029152,77.585901,pm25,13.0,2019-07-23T16:30:00+00:00
6984,13.029152,77.585901,pm25,13.0,2019-07-23T16:45:00+00:00
6984,13.029152,77.585901,pm25,13.0,2019-07-23T17:00:00+00:00
6984,13.029152,77.585901,pm25,9.0,2019-07-23T17:15:00+00:00
6984,13.029152,77.585901,pm25,9.0,2019-07-23T17:30:00+00:00
6984,13.029152,77.585901,pm25,9.0,2019-07-23T17:45:00+00:00
6984,13.029152,77.585901,pm25,9.0,2019-07-23T18:00:00+00:00
6984,13.029152,77.585901,pm25,8.0,2019-07-23T18:15:00+00:00
6984,13.029152,77.585901,pm25,8.0,2019-07-23T18:30:00+00:00
6984,13.029152,77.585901,co,0.34,2019-07-22T18:45:00+00:00
6984,13.029152,77.585901,co,0.32,2019-07-22T19:00:00+00:00
6984,13.029152,77.585901,co,0.32,2019-07-22T19:15:00+00:00
6984,13.029152,77.585901,co,0.32,2019-07-22T19:30:00+00:00
6984,13.029152,77.585901,co,0.31,2019-07-22T19:45:00+00:00
6984,13.029152,77.585901,co,0.1,2019-07-22T20:00:00+00:00
6984,13.029152,77.585901,co,0.37,2019-07-22T20:15:00+00:00
6984,13.029152,77.585901,co,0.35,2019-07-22T20:30:00+00:00
6984,13.029152,77.585901,co,0.45,2019-07-22T20:45:00+00:00
6984,13.029152,77.585901,co,0.35,2019-07-22T21:00:00+00:00
6984,13.029152,77.585901,co,0.26,2019-07-22T21:15:00+00:00
6984,13.029152,77.585901,co,0.23,2019-07-22T21:30:00+00:00
6984,13.029152,77.585901,co,0.3,2019-07-22T21:45:00+00:00
6984,13.029152,77.585901,co,0.41,2019-07-22T22:00:00+00:00
6984,13.029152,77.585901,co,0.33,2019-07-22T22:15:00+00:00
6984,13.029152,77.585901,co,0.35,2019-07-22T22:30:00+00:00
6984,13.029152,77.585901,co,0.35,2019-07-22T23:30:00+00:00
6984,13.029152,77.585901,co,0.29,2019-07-22T23:45:00+00:00
6984,13.029152,77.585901,co,0.29,2019-07-23T00:00:00+00:00
6984,13.029152,77.585901,co,0.33,2019-07-23T00:15:00+00:00
6984,13.029152,77.585901,co,0.45,2019-07-23T00:30:00+00:00
6984,13.029152,77.585901,co,0.22,2019-07-23T00:45:00+00:00
6984,13.029152,77.585901,co,0.34,2019-07-23T01:00:00+00:00
6984,13.029152,77.585901,co,0.44,2019-07-23T01:15:00+00:00
6984,13.029152,77.585901,co,0.44,2019-07-23T01:30:00+00:00
6984,13.029152,77.585901,co,0.42,2019-07-23T01:45:00+00:00
6984,13.029152,77.585901,co,0.42,2019-07-23T02:00:00+00:00
6984,13.029152,77.585901,co,0.26,2019-07-23T02:15:00+00:00
6984,13.029152,77.585901,co,0.42,2019-07-23T02:30:00+00:00
6984,13.029152,77.585901,co,0.47,2019-07-23T02:45:00+00:00
6984,13.029152,77.585901,co,0.24,2019-07-23T03:00:00+00:00
6984,13.029152,77.585901,co,0.45,2019-07-23T03:15:00+00:00
6984,13.029152,77.585901,co,0.54,2019-07-23T03:30:00+00:00
6984,13.029152,77.585901,co,0.77,2019-07-23T03:45:00+00:00
6984,13.029152,77.585901,co,0.68,2019-07-23T04:00:00+00:00
6984,13.029152,77.585901,co,0.6,2019-07-23T04:15:00+00:00
6984,13.029152,77.585901,co,0.73,2019-07-23T04:45:00+00:00
6984,13.029152,77.585901,co,0.72,2019-07-23T05:00:00+00:00
6984,13.029152,77.585901,co,0.54,2019-07-23T05:15:00+00:00
6984,13.029152,77.585901,co,0.49,2019-07-23T05:30:00+00:00
6984,13.029152,77.585901,co,0.63,2019-07-23T05:45:00+00:00
6984,13.029152,77.585901,co,0.47,2019-07-23T06:00:00+00:00
6984,13.029152,77.585901,co,0.52,2019-07-23T06:15:00+00:00
6984,13.029152,77.585901,co,0.6,2019-07-23T06:30:00+00:00
6984,13.029152,77.585901,co,0.6,2019-07-23T06:45:00+00:00
6984,13.029152,77.585901,co,0.61,2019-07-23T07:00:00+00:00
6984,13.029152,77.585901,co,0.48,2019-07-23T07:30:00+00:00
6984,13.029152,77.585901,co,0.58,2019-07-23T07:45:00+00:00
6984,13.029152,77.585901,co,0.62,2019-07-23T08:00:00+00:00
6984,13.029152,77.585901,co,0.63,2019-07-23T08:15:00+00:00
6984,13.029152,77.585901,co,0.52,2019-07-23T08:30:00+00:00
6984,13.029152,77.585901,co,0.46,2019-07-23T08:45:00+00:00
6984,13.029152,77.585901,co,0.42,2019-07-23T09:00:00+00:00
6984,13.029152,77.585901,co,0.47,2019-07-23T09:15:00+00:00
6984,13.029152,77.585901,co,0.54,2019-07-23T09:30:00+00:00
6984,13.029152,77.585901,co,0.53,2019-07-23T09:45:00+00:00
6984,13.029152,77.585901,co,0.56,2019-07-23T10:00:00+00:00
6984,13.029152,77.585901,co,0.38,2019-07-23T10:15:00+00:00
6984,13.029152,77.585901,co,0.34,2019-07-23T10:30:00+00:00
6984,13.029152,77.585901,co,0.57,2019-07-23T10:45:00+00:00
6984,13.029152,77.585901,co,0.61,2019-07-23T11:00:00+00:00
6984,13.029152,77.585901,co,0.6,2019-07-23T11:15:00+00:00
6984,13.029152,77.585901,co,0.68,2019-07-23T11:45:00+00:00
6984,13.029152,77.585901,co,0.7,2019-07-23T12:00:00+00:00
6984,13.029152,77.585901,co,0.61,2019-07-23T12:15:00+00:00
6984,13.029152,77.585901,co,0.72,2019-07-23T12:30:00+00:00
6984,13.029152,77.585901,co,0.69,2019-07-23T12:45:00+00:00
6984,13.029152,77.585901,co,0.71,2019-07-23T13:00:00+00:00
6984,13.029152,77.585901,co,0.78,2019-07-23T13:15:00+00:00
6984,13.029152,77.585901,co,0.78,2019-07-23T13:30:00+00:00
6984,13.029152,77.585901,co,0.69,2019-07-23T13:45:00+00:00
6984,13.029152,77.585901,co,0.7,2019-07-23T14:00:00+00:00
6984,13.029152,77.585901,co,0.68,2019-07-23T14:15:00+00:00
6984,13.029152,77.585901,co,0.82,2019-07-23T14:30:00+00:00
6984,13.029152,77.585901,co,0.89,2019-07-23T14:45:00+00:00
6984,13.029152,77.585901,co,0.77,2019-07-23T15:00:00+00:00
6984,13.029152,77.585901,co,0.87,2019-07-23T15:15:00+00:00
6984,13.029152,77.585901,co,0.9,2019-07-23T15:30:00+00:00
6984,13.029152,77.585901,co,0.7,2019-07-23T15:45:00+00:00
6984,13.029152,77.585901,co,0.63,2019-07-23T16:00:00+00:00
6984,13.029152,77.585901,co,0.61,2019-07-23T16:15:00+00:00
6984,13.029152,77.585901,co,0.62,2019-07-23T16:30:00+00:00
6984,13.029152,77.585901,co,0.69,2019-07-23T16:45:00+00:00
6984,13.029152,77.585901,co,0.63,2019-07-23T17:00:00+00:00
6984,13.029152,77.585901,co,0.56,2019-07-23T17:15:00+00:00
6984,13.029152,77.585901,co,0.52,2019-07-23T17:30:00+00:00
6984,13.029152,77.585901,co,0.47,2019-07-23T17:45:00+00:00
6984,13.029152,77.585901,co,0.55,2019-07-23T18:00:00+00:00
6984,13.029152,77.585901,co,0.35,2019-07-23T18:30:00+00:00
6984,13.029152,77.585901,no2,6.1,2019-07-22T18:45:00+00:00
6984,13.029152,77.585901,no2,5.4,2019-07-22T19:00:00+00:00
6984,13.029152,77.585901,no2,4.2,2019-07-22T19:15:00+00:00
6984,13.029152,77.585901,no2,3.6,2019-07-22T19:30:00+00:00
6984,13.029152,77.585901,no2,3.3,2019-07-22T19:45:00+00:00
6984,13.029152,77.585901,no2,2.7,2019-07-22T20:00:00+00:00
6984,13.029152,77.585901,no2,2.0,2019-07-22T20:15:00+00:00
6984,13.029152,77.585901,no2,1.4,2019-07-22T20:30:00+00:00
6984,13.029152,77.585901,no2,1.2,2019-07-22T20:45:00+00:00
6984,13.029152,77.585901,no2,1.3,2019-07-22T21:00:00+00:00
6984,13.029152,77.585901,no2,1.2,2019-07-22T21:15:00+00:00
6984,13.029152,77.585901,no2,1.4,2019-07-22T21:30:00+00:00
6984,13.029152,77.585901,no2,1.2,2019-07-22T21:45:00+00:00
6984,13.029152,77.585901,no2,1.1,2019-07-22T22:00:00+00:00
6984,13.029152,77.585901,no2,1.0,2019-07-22T22:15:00+00:00
6984,13.029152,77.585901,no2,1.0,2019-07-22T22:30:00+00:00
6984,13.029152,77.585901,no2,1.0,2019-07-22T22:45:00+00:00
6984,13.029152,77.585901,no2,1.5,2019-07-22T23:00:00+00:00
6984,13.029152,77.585901,no2,2.0,2019-07-22T23:15:00+00:00
6984,13.029152,77.585901,no2,3.0,2019-07-22T23:30:00+00:00
6984,13.029152,77.585901,no2,6.1,2019-07-23T00:30:00+00:00
6984,13.029152,77.585901,no2,6.3,2019-07-23T00:45:00+00:00
6984,13.029152,77.585901,no2,7.0,2019-07-23T01:00:00+00:00
6984,13.029152,77.585901,no2,8.2,2019-07-23T01:15:00+00:00
6984,13.029152,77.585901,no2,9.4,2019-07-23T01:30:00+00:00
6984,13.029152,77.585901,no2,9.6,2019-07-23T01:45:00+00:00
6984,13.029152,77.585901,no2,9.5,2019-07-23T02:00:00+00:00
6984,13.029152,77.585901,no2,9.7,2019-07-23T02:15:00+00:00
6984,13.029152,77.585901,no2,10.3,2019-07-23T02:30:00+00:00
6984,13.029152,77.585901,no2,11.6,2019-07-23T02:45:00+00:00
6984,13.029152,77.585901,no2,12.2,2019-07-23T03:00:00+00:00
6984,13.029152,77.585901,no2,12.2,2019-07-23T03:15:00+00:00
6984,13.029152,77.585901,no2,12.5,2019-07-23T03:30:00+00:00
6984,13.029152,77.585901,no2,14.7,2019-07-23T03:45:00+00:00
6984,13.029152,77.585901,no2,16.4,2019-07-23T04:00:00+00:00
6984,13.029152,77.585901,no2,15.8,2019-07-23T04:15:00+00:00
6984,13.029152,77.585901,no2,14.0,2019-07-23T04:30:00+00:00
6984,13.029152,77.585901,no2,13.0,2019-07-23T04:45:00+00:00
6984,13.029152,77.585901,no2,11.6,2019-07-23T05:00:00+00:00
6984,13.029152,77.585901,no2,10.3,2019-07-23T05:15:00+00:00
6984,13.029152,77.585901,no2,9.3,2019-07-23T05:30:00+00:00
6984,13.029152,77.585901,no2,8.8,2019-07-23T05:45:00+00:00
6984,13.029152,77.585901,no2,8.3,2019-07-23T06:00:00+00:00
6984,13.029152,77.585901,no2,7.7,2019-07-23T06:15:00+00:00
6984,13.029152,77.585901,no2,7.6,2019-07-23T06:30:00+00:00
6984,13.029152,77.585901,no2,6.5,2019-07-23T06:45:00+00:00
6984,13.029152,77.585901,no2,5.5,2019-07-23T07:00:00+00:00
6984,13.029152,77.585901,no2,6.2,2019-07-23T07:15:00+00:00
6984,13.029152,77.585901,no2,7.4,2019-07-23T07:30:00+00:00
6984,13.029152,77.585901,no2,7.7,2019-07-23T07:45:00+00:00
6984,13.029152,77.585901,no2,7.6,2019-07-23T08:00:00+00:00
6984,13.029152,77.585901,no2,7.7,2019-07-23T08:15:00+00:00
6984,13.029152,77.585901,no2,7.8,2019-07-23T08:30:00+00:00
6984,13.029152,77.585901,no2,7.2,2019-07-23T08:45:00+00:00
6984,13.029152,77.585901,no2,6.7,2019-07-23T09:00:00+00:00
6984,13.029152,77.585901,no2,7.3,2019-07-23T09:15:00+00:00
6984,13.029152,77.585901,no2,9.7,2019-07-23T09:30:00+00:00
6984,13.029152,77.585901,no2,11.2,2019-07-23T09:45:00+00:00
6984,13.029152,77.585901,no2,11.7,2019-07-23T10:00:00+00:00
6984,13.029152,77.585901,no2,11.3,2019-07-23T10:15:00+00:00
6984,13.029152,77.585901,no2,10.0,2019-07-23T10:30:00+00:00
6984,13.029152,77.585901,no2,8.9,2019-07-23T10:45:00+00:00
6984,13.029152,77.585901,no2,8.6,2019-07-23T11:00:00+00:00
6984,13.029152,77.585901,no2,7.8,2019-07-23T11:15:00+00:00
6984,13.029152,77.585901,no2,10.2,2019-07-23T11:45:00+00:00
6984,13.029152,77.585901,no2,13.7,2019-07-23T12:00:00+00:00
6984,13.029152,77.585901,no2,15.4,2019-07-23T12:15:00+00:00
6984,13.029152,77.585901,no2,16.7,2019-07-23T12:30:00+00:00
6984,13.029152,77.585901,no2,18.3,2019-07-23T12:45:00+00:00
6984,13.029152,77.585901,no2,19.3,2019-07-23T13:00:00+00:00
6984,13.029152,77.585901,no2,22.2,2019-07-23T13:15:00+00:00
6984,13.029152,77.585901,no2,25.3,2019-07-23T13:30:00+00:00
6984,13.029152,77.585901,no2,25.3,2019-07-23T13:45:00+00:00
6984,13.029152,77.585901,no2,23.3,2019-07-23T14:00:00+00:00
6984,13.029152,77.585901,no2,21.5,2019-07-23T14:15:00+00:00
6984,13.029152,77.585901,no2,21.5,2019-07-23T14:30:00+00:00
6984,13.029152,77.585901,no2,23.9,2019-07-23T14:45:00+00:00
6984,13.029152,77.585901,no2,24.9,2019-07-23T15:00:00+00:00
6984,13.029152,77.585901,no2,25.8,2019-07-23T15:15:00+00:00
6984,13.029152,77.585901,no2,25.7,2019-07-23T15:30:00+00:00
6984,13.029152,77.585901,no2,24.7,2019-07-23T15:45:00+00:00
6984,13.029152,77.585901,no2,22.8,2019-07-23T16:00:00+00:00
6984,13.029152,77.585901,no2,20.2,2019-07-23T16:15:00+00:00
6984,13.029152,77.585901,no2,17.3,2019-07-23T16:30:00+00:00
6984,13.029152,77.585901,no2,16.3,2019-07-23T16:45:00+00:00
6984,13.029152,77.585901,no2,16.0,2019-07-23T17:00:00+00:00
6984,13.029152,77.585901,no2,14.6,2019-07-23T17:15:00+00:00
6984,13.029152,77.585901,no2,12.6,2019-07-23T17:30:00+00:00
6984,13.029152,77.585901,no2,11.3,2019-07-23T17:45:00+00:00
6984,13.029152,77.585901,no2,10.4,2019-07-23T18:00:00+00:00
6984,13.029152,77.585901,no2,9.7,2019-07-23T18:15:00+00:00
6984,13.029152,77.585901,no2,8.6,2019-07-23T18:30:00+00:00
6984,13.029152,77.585901,so2,4.0,2019-07-22T18:45:00+00:00
6984,13.029152,77.585901,so2,3.4,2019-07-22T19:00:00+00:00
6984,13.029152,77.585901,so2,2.8,2019-07-22T19:15:00+00:00
6984,13.029152,77.585901,so2,2.4,2019-07-22T19:30:00+00:00
6984,13.029152,77.585901,so2,2.0,2019-07-22T19:45:00+00:00
6984,13.029152,77.585901,so2,1.8,2019-07-22T20:00:00+00:00
6984,13.029152,77.585901,so2,1.8,2019-07-22T20:15:00+00:00
6984,13.029152,77.585901,so2,2.0,2019-07-22T20:30:00+00:00
6984,13.029152,77.585901,so2,1.9,2019-07-22T20:45:00+00:00
6984,13.029152,77.585901,so2,2.0,2019-07-22T21:00:00+00:00
6984,13.029152,77.585901,so2,2.1,2019-07-22T21:15:00+00:00
6984,13.029152,77.585901,so2,2.1,2019-07-22T21:30:00+00:00
6984,13.029152,77.585901,so2,2.3,2019-07-22T21:45:00+00:00
6984,13.029152,77.585901,so2,2.1,2019-07-22T22:00:00+00:00
6984,13.029152,77.585901,so2,2.4,2019-07-22T22:15:00+00:00
6984,13.029152,77.585901,so2,2.7,2019-07-22T22:30:00+00:00
6984,13.029152,77.585901,so2,2.5,2019-07-22T22:45:00+00:00
6984,13.029152,77.585901,so2,2.4,2019-07-22T23:00:00+00:00
6984,13.029152,77.585901,so2,2.4,2019-07-22T23:15:00+00:00
6984,13.029152,77.585901,so2,2.3,2019-07-22T23:30:00+00:00
6984,13.029152,77.585901,so2,2.6,2019-07-22T23:45:00+00:00
6984,13.029152,77.585901,so2,2.5,2019-07-23T00:00:00+00:00
6984,13.029152,77.585901,so2,2.4,2019-07-23T00:15:00+00:00
6984,13.029152,77.585901,so2,2.7,2019-07-23T00:30:00+00:00
6984,13.029152,77.585901,so2,14.2,2019-07-23T01:30:00+00:00
6984,13.029152,77.585901,so2,5.1,2019-07-23T01:45:00+00:00
6984,13.029152,77.585901,so2,3.5,2019-07-23T02:00:00+00:00
6984,13.029152,77.585901,so2,3.4,2019-07-23T02:15:00+00:00
6984,13.029152,77.585901,so2,2.8,2019-07-23T02:30:00+00:00
6984,13.029152,77.585901,so2,2.3,2019-07-23T02:45:00+00:00
6984,13.029152,77.585901,so2,2.1,2019-07-23T03:00:00+00:00
6984,13.029152,77.585901,so2,2.7,2019-07-23T03:15:00+00:00
6984,13.029152,77.585901,so2,2.8,2019-07-23T03:30:00+00:00
6984,13.029152,77.585901,so2,2.5,2019-07-23T03:45:00+00:00
6984,13.029152,77.585901,so2,2.7,2019-07-23T04:00:00+00:00
6984,13.029152,77.585901,so2,2.5,2019-07-23T04:15:00+00:00
6984,13.029152,77.585901,so2,2.9,2019-07-23T04:30:00+00:00
6984,13.029152,77.585901,so2,2.6,2019-07-23T04:45:00+00:00
6984,13.029152,77.585901,so2,2.1,2019-07-23T05:00:00+00:00
6984,13.029152,77.585901,so2,2.4,2019-07-23T05:15:00+00:00
6984,13.029152,77.585901,so2,2.6,2019-07-23T05:30:00+00:00
6984,13.029152,77.585901,so2,2.4,2019-07-23T05:45:00+00:00
6984,13.029152,77.585901,so2,2.4,2019-07-23T06:00:00+00:00
6984,13.029152,77.585901,so2,2.7,2019-07-23T06:15:00+00:00
6984,13.029152,77.585901,so2,2.5,2019-07-23T06:30:00+00:00
6984,13.029152,77.585901,so2,2.6,2019-07-23T06:45:00+00:00
6984,13.029152,77.585901,so2,2.8,2019-07-23T07:00:00+00:00
6984,13.029152,77.585901,so2,2.5,2019-07-23T07:15:00+00:00
6984,13.029152,77.585901,so2,2.4,2019-07-23T07:30:00+00:00
6984,13.029152,77.585901,so2,2.6,2019-07-23T07:45:00+00:00
6984,13.029152,77.585901,so2,2.9,2019-07-23T08:00:00+00:00
6984,13.029152,77.585901,so2,2.8,2019-07-23T08:15:00+00:00
6984,13.029152,77.585901,so2,3.2,2019-07-23T08:30:00+00:00
6984,13.029152,77.585901,so2,3.2,2019-07-23T08:45:00+00:00
6984,13.029152,77.585901,so2,3.0,2019-07-23T09:00:00+00:00
6984,13.029152,77.585901,so2,2.6,2019-07-23T09:15:00+00:00
6984,13.029152,77.585901,so2,2.4,2019-07-23T09:30:00+00:00
6984,13.029152,77.585901,so2,2.8,2019-07-23T09:45:00+00:00
6984,13.029152,77.585901,so2,2.6,2019-07-23T10:00:00+00:00
6984,13.029152,77.585901,so2,2.4,2019-07-23T10:15:00+00:00
6984,13.029152,77.585901,so2,2.7,2019-07-23T10:30:00+00:00
6984,13.029152,77.585901,so2,3.2,2019-07-23T10:45:00+00:00
6984,13.029152,77.585901,so2,2.9,2019-07-23T11:00:00+00:00
6984,13.029152,77.585901,so2,2.9,2019-07-23T11:15:00+00:00
6984,13.029152,77.585901,so2,2.9,2019-07-23T11:45:00+00:00
6984,13.029152,77.585901,so2,3.1,2019-07-23T12:00:00+00:00
6984,13.029152,77.585901,so2,3.1,2019-07-23T12:15:00+00:00
6984,13.029152,77.585901,so2,2.8,2019-07-23T12:30:00+00:00
6984,13.029152,77.585901,so2,2.8,2019-07-23T12:45:00+00:00
6984,13.029152,77.585901,so2,3.2,2019-07-23T13:00:00+00:00
6984,13.029152,77.585901,so2,2.9,2019-07-23T13:15:00+00:00
6984,13.029152,77.585901,so2,3.1,2019-07-23T13:30:00+00:00
6984,13.029152,77.585901,so2,3.4,2019-07-23T13:45:00+00:00
6984,13.029152,77.585901,so2,3.7,2019-07-23T14:00:00+00:00
6984,13.029152,77.585901,so2,3.3,2019-07-23T14:15:00+00:00
6984,13.029152,77.585901,so2,3.4,2019-07-23T14:30:00+00:00
6984,13.029152,77.585901,so2,3.6,2019-07-23T14:45:00+00:00
6984,13.029152,77.585901,so2,3.8,2019-07-23T15:00:00+00:00
6984,13.029152,77.585901,so2,3.6,2019-07-23T15:15:00+00:00
6984,13.029152,77.585901,so2,3.2,2019-07-23T15:30:00+00:00
6984,13.029152,77.585901,so2,2.9,2019-07-23T15:45:00+00:00
6984,13.029152,77.585901,so2,3.0,2019-07-23T16:00:00+00:00
6984,13.029152,77.585901,so2,3.3,2019-07-23T16:15:00+00:00
6984,13.029152,77.585901,so2,3.5,2019-07-23T16:30:00+00:00
6984,13.029152,77.585901,so2,3.7,2019-07-23T16:45:00+00:00
6984,13.029152,77.585901,so2,3.3,2019-07-23T17:00:00+00:00
6984,13.029152,77.585901,so2,3.2,2019-07-23T17:15:00+00:00
6984,13.029152,77.585901,so2,3.3,2019-07-23T17:30:00+00:00
6984,13.029152,77.585901,so2,3.4,2019-07-23T17:45:00+00:00
6984,13.029152,77.585901,so2,3.5,2019-07-23T18:00:00+00:00
6984,13.029152,77.585901,so2,2.8,2019-07-23T18:30:00+00:00
